name,lastName,uri,imageUri,worthChange,source,industry,gender,country,timestamp,headquarters,state,realTimeWorth,realTimeRank,realTimePosition,age,squareImage,position,rank,worth,title,government,pay,managementAssets,salary,endorsements
Amjad Masad,Masad,amjad-masad,no-pic,0.0,AI software,Technology,M,United States,1777596602659,CA,California,1980.0,2108.0,2108.0,,,,,,,,,,,
Chi Fung Cheng,Cheng,chi-fung-cheng,no-pic,-11.934,Semiconductors,Technology,M,United States,1777596602659,CA,California,1351.95,2826.0,2826.0,57.0,,,,,,,,,,
Guillermo Rauch,Rauch,guillermo-rauch,no-pic,0.0,AI software,Technology,M,United States,1777596602659,CA,California,2100.0,1980.0,1983.0,35.0,,,,,,,,,,
Ho Te Yu,Ho,ho-te-yu,no-pic,-18.219,Electronic connectors,Manufacturing,M,Taiwan,1777596602659,,,1422.163,2731.0,2731.0,60.0,,,,,,,,,,
Jiang Zhaobai,Jiang,jiang-zhaobai,jiang-zhaobai,-5.044,Real estate,Real Estate,M,China,1777596602659,,Shanghai,1253.881,2967.0,2967.0,62.0,//specials-images.forbesimg.com/imageserve/562921a9e4b0ffa7afe6282b/416x416.jpg?background=000000&cropX1=2&cropX2=744&cropY1=13&cropY2=756,,,,,,,,,
Li Guoqing,Li,li-guoqing,no-pic,30.123,Petro Fibre,Manufacturing,M,China,1777596602659,,Zhejiang,1371.008,2804.0,2804.0,56.0,,,,,,,,,,
Peter Salanki,Salanki,peter-salanki,no-pic,-30.904,Data centers,Technology,M,Sweden,1777596602659,NY,New York,1249.455,2976.0,2976.0,39.0,,,,,,,,,,
Ricardo Faria,Faria,ricardo-faria,no-pic,0.0,Eggs,Food & Beverage,M,Brazil,1777596602658,,,6800.0,583.0,583.0,51.0,,,,,,,,,,
Wang Miaotong,Wang,wang-miaotong,no-pic,-249.002,auto parts,Automotive,M,China,1777596602659,,Zhejiang,1918.251,2164.0,2164.0,68.0,,,,,,,,,,
Wang Wenyin,Wang,wang-wenyin,wang-wenyin,0.0,"Mining, copper products",Metals & Mining,M,China,1777596602659,,Guangdong,1361.55,2816.0,2816.0,58.0,https://specials-images.forbesimg.com/imageserve/6182bd42a164f1e8dbe9678e/416x416.jpg?background=000000&cropX1=281&cropX2=1717&cropY1=66&cropY2=1502,,,,,,,,,
Xia Xinde,Xia,xia-xinde,no-pic,95.907,Batteries,Manufacturing,M,China,1777596602659,,Guangdong,1620.01,2484.0,2484.0,61.0,,,,,,,,,,
Xu Yingtong,Xu,xu-yingtong,no-pic,-45.45,Energy storage,Energy,M,China,1777596602659,,,1727.114,2379.0,2379.0,52.0,,,,,,,,,,
Xue Jiping,Xue,xue-jiping,no-pic,-85.423,Cable,Telecom,M,China,1777596602658,,Jiangsu,2482.564,1679.0,1679.0,75.0,,,,,,,,,,
Ye Shanqun & family,Ye,ye-shanqun,no-pic,30.795,manufactured goods,Manufacturing,M,China,1777596602659,,Zhejiang,1249.734,2974.0,2974.0,77.0,,,,,,,,,,
Zhang Xingang,Zhang,zhang-xingang,no-pic,87.206,Semiconductors,Technology,M,United States,1777596602658,,Shaanxi,2446.44,1707.0,1707.0,,,,,,,,,,,
Zhao Jianhui,Zhao,zhao-jianhui,no-pic,-8.924,Silicon carbide wafers,Manufacturing,M,United States,1777596602659,,Fujian,1540.866,2576.0,2576.0,66.0,,,,,,,,,,
Zhu Xingliang,Zhu,zhu-xingliang,zhu-xingliang,89.616,Construction,Construction & Engineering,M,China,1777596602659,,Jiangsu,1310.461,2885.0,2885.0,67.0,//specials-images.forbesimg.com/imageserve/f893b3ba5dfb8226119a6f70602a1477/416x416.jpg?background=000000&cropX1=0&cropX2=744&cropY1=121&cropY2=865,,,,,,,,,
Zong Yanmin,Zong,zong-yanmin,no-pic,-79.853,Semiconductor materials,Manufacturing,M,China,1777596602659,,Shandong,1911.154,2172.0,2172.0,61.0,,,,,,,,,,
Elon Musk,Musk,elon-musk,elon-musk,6332.105,"Tesla, SpaceX",Technology,M,United States,1777596602657,TX,Texas,782105.303,1.0,1.0,54.0,https://specials-images.forbesimg.com/imageserve/62d700cd6094d2c180f269b9/416x416.jpg?background=000000&cropX1=0&cropX2=959&cropY1=0&cropY2=959,1.0,1.0,839000.0,"CEO, Tesla",False,,,,
Larry Page,Page,larry-page,larry-page,27168.281,Google,Technology,M,United States,1777596602657,CA,California,313201.182,2.0,2.0,53.0,//specials-images.forbesimg.com/imageserve/5c76bcaaa7ea43100043c836/416x416.jpg?background=000000&cropX1=227&cropX2=2022&cropY1=22&cropY2=1817,2.0,2.0,257000.0,"Cofounder and board member, Alphabet",False,,,,
Sergey Brin,Brin,sergey-brin,sergey-brin,24976.898,Google,Technology,M,United States,1777596602657,CA,California,288827.666,3.0,3.0,52.0,//specials-images.forbesimg.com/imageserve/5c7d7c254bbe6f78090d831f/416x416.jpg?background=000000&cropX1=475&cropX2=2887&cropY1=168&cropY2=2582,3.0,3.0,237000.0,"Cofounder and board member, Alphabet",False,,,,
Jeff Bezos,Bezos,jeff-bezos,jeff-bezos,1782.048,Amazon,Technology,M,United States,1777596602657,FL,Florida,272316.062,4.0,4.0,62.0,https://specials-images.forbesimg.com/imageserve/67531eb2b5f7c9e191f632d7/416x416.jpg?background=000000&cropX1=316&cropX2=1027&cropY1=125&cropY2=838,4.0,4.0,224000.0,"Chairman and Founder, Amazon",False,,,,
Mark Zuckerberg,Zuckerberg,mark-zuckerberg,mark-zuckerberg,-19397.984,Facebook,Technology,M,United States,1777596602657,CA,California,210003.071,5.0,5.0,41.0,//specials-images.forbesimg.com/imageserve/5c76b7d331358e35dd2773a9/416x416.jpg?background=000000&cropX1=0&cropX2=4401&cropY1=0&cropY2=4401,5.0,5.0,222000.0,"Cofounder, Meta Platforms",False,,,,
Larry Ellison,Ellison,larry-ellison,larry-ellison,-2351.417,Oracle,Technology,M,United States,1777596602657,FL,Florida,204997.255,6.0,6.0,81.0,//specials-images.forbesimg.com/imageserve/5e8b62cfc095010007bffea0/416x416.jpg?background=000000&cropX1=0&cropX2=4529&cropY1=652&cropY2=5184,6.0,6.0,190000.0,"CTO and Founder, Oracle",False,,,,
Bernard Arnault,Arnault,bernard-arnault,bernard-arnault,890.656,LVMH,Fashion & Retail,M,France,1777596602657,,,142149.134,11.0,11.0,77.0,//specials-images.forbesimg.com/imageserve/5dc05518ca425400079c659f/416x416.jpg?background=000000&cropX1=0&cropX2=4000&cropY1=1209&cropY2=5212,7.0,7.0,171000.0,"Chairman and CEO, LVMH Moet Hennessy Louis Vuitton",False,,,,
Jensen Huang,Huang,jensen-huang,no-pic,-8233.884,Semiconductors,Technology,M,United States,1777596602657,CA,California,172598.663,8.0,8.0,63.0,https://specials-images.forbesimg.com/imageserve/68750a2d250de42ce7c5301b/416x416.jpg?background=000000&cropX1=832&cropX2=2632&cropY1=152&cropY2=1951,8.0,8.0,154000.0,"CEO & President, NVIDIA",False,,,,
Warren Buffett,Buffett,warren-buffett,warren-buffett,-215.971,Berkshire Hathaway,Finance & Investments,M,United States,1777596602657,NE,Nebraska,140503.112,12.0,12.0,95.0,//specials-images.forbesimg.com/imageserve/5babb7f1a7ea4342a948b79a/416x416.jpg?background=000000&cropX1=748&cropX2=3075&cropY1=1753&cropY2=4082,9.0,9.0,149000.0,"CEO, Berkshire Hathaway Inc. (Cl A)",False,,,,
Amancio Ortega,Ortega,amancio-ortega,amancio-ortega,-124.821,Zara,Fashion & Retail,M,Spain,1777596602657,,,133121.642,14.0,14.0,90.0,//specials-images.forbesimg.com/imageserve/5c76b94131358e35dd27748e/416x416.jpg?background=000000&cropX1=179&cropX2=2232&cropY1=216&cropY2=2269,10.0,10.0,148000.0,,,,,,
Rob Walton,Walton,rob-walton,rob-walton,3593.605,Walmart,Fashion & Retail,M,United States,1777596602657,AR,Arkansas,149702.318,9.0,9.0,81.0,//specials-images.forbesimg.com/imageserve/59d50a9e4bbe6f37dd9ff712/416x416.jpg?background=000000&cropX1=244&cropX2=1841&cropY1=60&cropY2=1658,11.0,11.0,146000.0,,,,,,
Jim Walton,Walton,jim-walton,jim-walton,3585.361,Walmart,Fashion & Retail,M,United States,1777596602657,AR,Arkansas,146967.124,10.0,10.0,77.0,//specials-images.forbesimg.com/imageserve/5c7ef2fea7ea434b351bca5a/416x416.jpg?background=000000&cropX1=49&cropX2=934&cropY1=65&cropY2=951,12.0,12.0,143000.0,"Chairman, Arvest Bank Group, Inc.",False,,,,
Michael Dell,Dell,michael-dell,michael-dell,3176.802,Dell Technologies,Technology,M,United States,1777596602657,TX,Texas,176619.171,7.0,7.0,61.0,https://specials-images.forbesimg.com/imageserve/615c93f9da61f2ff5b9ecf9b/416x416.jpg?background=000000&cropX1=0&cropX2=1678&cropY1=118&cropY2=1797,13.0,13.0,141000.0,"Chairman and CEO, Dell Technologies",False,,,,
Alice Walton,Walton,alice-walton,alice-walton,3502.35,Walmart,Fashion & Retail,F,United States,1777596602657,TX,Texas,137693.215,13.0,13.0,76.0,//specials-images.forbesimg.com/imageserve/5c7ef270a7ea434b351bca52/416x416.jpg?background=000000&cropX1=232&cropX2=998&cropY1=222&cropY2=988,14.0,14.0,134000.0,,,,,,
Steve Ballmer,Ballmer,steve-ballmer,steve-ballmer,-4217.004,Microsoft,Technology,M,United States,1777596602657,WA,Washington,130142.651,15.0,15.0,70.0,//specials-images.forbesimg.com/imageserve/59d50c47a7ea436b47b36d66/416x416.jpg?background=000000&cropX1=553&cropX2=2940&cropY1=322&cropY2=2708,15.0,15.0,126000.0,"Owner, Los Angeles Clippers",False,,,,
Carlos Slim Helu,Slim Helu,carlos-slim-helu,carlos-slim-helu,918.635,Telecom,Telecom,M,Mexico,1777596602657,,,124039.582,16.0,16.0,86.0,//specials-images.forbesimg.com/imageserve/5c76ba144bbe6f24ad99c613/416x416.jpg?background=000000&cropX1=0&cropX2=3005&cropY1=389&cropY2=3395,16.0,16.0,125000.0,"Honorary Chairman, América Móvil",False,,,,
Changpeng Zhao,Zhao,changpeng-zhao,no-pic,0.0,Cryptocurrency exchange,Finance & Investments,M,Canada,1777596602657,,,109919.1,17.0,17.0,49.0,https://specials-images.forbesimg.com/imageserve/61115ac5b4c5d23845419c4e/416x416.jpg?background=000000&cropX1=0&cropX2=911&cropY1=0&cropY2=911,17.0,17.0,110000.0,,,,,,
Michael Bloomberg,Bloomberg,michael-bloomberg,michael-bloomberg,0.0,Bloomberg LP,Finance & Investments,M,United States,1777596602657,NY,New York,109419.0,18.0,18.0,84.0,//specials-images.forbesimg.com/imageserve/5c76b4104bbe6f24ad99c35d/416x416.jpg?background=000000&cropX1=165&cropX2=5613&cropY1=321&cropY2=5769,18.0,18.0,109000.0,,,,,,
Bill Gates,Gates,bill-gates,bill-gates,667.689,Microsoft,Technology,M,United States,1777596602657,WA,Washington,103787.4,19.0,19.0,70.0,https://specials-images.forbesimg.com/imageserve/62d599ede3ff49f348f9b9b4/416x416.jpg?background=000000&cropX1=155&cropX2=976&cropY1=340&cropY2=1161,19.0,19.0,108000.0,"Chairman, The Gates Foundation",False,,,,
Francoise Bettencourt Meyers,Bettencourt Meyers,francoise-bettencourt-meyers,no-pic-female,97.785,L'Oréal,Fashion & Retail,F,France,1777596602657,,,92423.534,21.0,21.0,72.0,https://specials-images.forbesimg.com/imageserve/605e26e3c65f7c2596bd3e15/416x416.jpg?background=000000&cropX1=0&cropX2=1080&cropY1=0&cropY2=1080,20.0,20.0,100000.0,,,,,,
Mukesh Ambani,Ambani,mukesh-ambani,mukesh-ambani,150.728,Diversified,Diversified,M,India,1777596602657,,,97584.544,20.0,20.0,69.0,//specials-images.forbesimg.com/imageserve/5c7d7829a7ea434b351ba0b6/416x416.jpg?background=000000&cropX1=206&cropX2=2043&cropY1=250&cropY2=2089,21.0,21.0,99700.0,"Chairman and managing director, Reliance Industries",False,,,,
Giancarlo Devasini,Devasini,giancarlo-devasini,no-pic,0.0,Cryptocurrency,Finance & Investments,M,Italy,1777596602657,,,89300.0,23.0,23.0,62.0,,22.0,22.0,89300.0,,,,,,
Thomas Peterffy,Peterffy,thomas-peterffy,thomas-peterffy,2679.246,Discount brokerage,Finance & Investments,M,United States,1777596602657,FL,Florida,91922.613,22.0,22.0,81.0,//specials-images.forbesimg.com/imageserve/5d8a5c6218444200084e6532/416x416.jpg?background=000000&cropX1=466&cropX2=1132&cropY1=297&cropY2=962,23.0,23.0,82900.0,,,,,,
Julia Koch,Koch,julia-koch,no-pic-female,0.0,"Koch, Inc.",Diversified,F,United States,1777596602657,NY,New York,81190.0,24.0,24.0,64.0,https://specials-images.forbesimg.com/imageserve/6601ce61b79552a97c9e786c/416x416.jpg?background=000000&cropX1=0&cropX2=2583&cropY1=522&cropY2=3106,24.0,24.0,81200.0,,,,,,
Charles Koch,Koch,charles-koch,charles-koch,0.0,"Koch, Inc.",Diversified,M,United States,1777596602657,KS,Kansas,73790.0,26.0,26.0,90.0,https://specials-images.forbesimg.com/imageserve/615c94bd2aac2936a52682d1/416x416.jpg?background=000000&cropX1=286&cropX2=848&cropY1=110&cropY2=672,25.0,25.0,73800.0,,,,,,
Zhang Yiming,Zhang,zhang-yiming,no-pic,0.0,TikTok,Technology,M,China,1777596602657,,,69300.0,27.0,27.0,42.0,https://specials-images.forbesimg.com/imageserve/618e91e427fcd6441f93c0c6/416x416.jpg?background=000000&cropX1=227&cropX2=1294&cropY1=14&cropY2=1080,26.0,26.0,69300.0,,,,,,
Zhong Shanshan,Zhong,zhong-shanshan,no-pic,-1632.985,"Beverages, pharmaceuticals",Food & Beverage,M,China,1777596602657,,,67030.356,30.0,30.0,71.0,https://specials-images.forbesimg.com/imageserve/60380e390357bc1fbfc0bc32/416x416.jpg?background=000000&cropX1=116&cropX2=1327&cropY1=201&cropY2=1413,27.0,27.0,68100.0,,,,,,
Jeff Yass,Yass,jeff-yass,no-pic,0.0,"Trading, investments",Finance & Investments,M,United States,1777596602657,PA,Pennsylvania,67435.0,29.0,29.0,67.0,https://specials-images.forbesimg.com/imageserve/60649a21472ae5b09dad20b1/416x416.jpg?background=000000&cropX1=3&cropX2=819&cropY1=0&cropY2=816,28.0,28.0,67400.0,,,,,,
Dieter Schwarz,Schwarz,dieter-schwarz,no-pic,0.0,Retail,Fashion & Retail,M,Germany,1777596602657,,,59172.012,33.0,33.0,86.0,https://specials-images.forbesimg.com/imageserve/6050f48ca1ab099ed6e290cc/416x416.jpg?background=000000&cropX1=0&cropX2=800&cropY1=0&cropY2=800,29.0,29.0,67200.0,,,,,,
Germán Larrea Mota Velasco,Larrea Mota Velasco,german-larrea-mota-velasco,no-pic,289.313,Mining,Metals & Mining,M,Mexico,1777596602657,,,58647.244,34.0,34.0,72.0,//specials-images.forbesimg.com/imageserve/597a47174bbe6f3eb800b6b8/416x416.jpg?background=000000&cropX1=1901&cropX2=3603&cropY1=368&cropY2=2069,30.0,30.0,67100.0,,,,,,
Gautam Adani,Adani,gautam-adani-1,no-pic,-767.753,"Infrastructure, commodities",Diversified,M,India,1777596602657,,,77501.684,25.0,25.0,63.0,https://specials-images.forbesimg.com/imageserve/68e693f20b749254082e47fe/416x416.jpg?background=000000&cropX1=0&cropX2=2041&cropY1=161&cropY2=2203,31.0,31.0,63800.0,,,,,,
Tadashi Yanai,Yanai,tadashi-yanai,tadashi-yanai,-38.439,Fashion retail,Fashion & Retail,M,Japan,1777596602657,,,63404.016,32.0,32.0,77.0,https://specials-images.forbesimg.com/imageserve/66560a756b74351d5b0711e8/416x416.jpg?background=000000&cropX1=689&cropX2=1604&cropY1=78&cropY2=992,32.0,32.0,61800.0,,,,,,
Ma Huateng,Ma,ma-huateng,ma-huateng,-1010.74,Online games,Technology,M,China,1777596602657,,,49343.326,37.0,37.0,54.0,https://specials-images.forbesimg.com/imageserve/605e23c0f0986f688fbd3e15/416x416.jpg?background=000000&cropX1=0&cropX2=1080&cropY1=0&cropY2=1080,33.0,33.0,53800.0,,,,,,
Robin Zeng,Zeng,robin-zeng,no-pic,-1349.637,Batteries,Energy,M,Hong Kong,1777596602657,,,67511.105,28.0,28.0,57.0,https://specials-images.forbesimg.com/imageserve/690239904c2185472de3db28/416x416.jpg?background=000000&cropX1=305&cropX2=1307&cropY1=145&cropY2=1147,34.0,34.0,53200.0,,,,,,
Iris Fontbona,Fontbona,iris-fontbona,no-pic-female,1192.843,Mining,Metals & Mining,F,Chile,1777596602657,,,46231.024,42.0,42.0,83.0,//specials-images.forbesimg.com/imageserve/5c6db2974bbe6f0ec75418f0/416x416.jpg?background=000000&cropX1=124&cropX2=491&cropY1=0&cropY2=367,35.0,35.0,52600.0,,,,,,
Masayoshi Son,Son,masayoshi-son,masayoshi-son,1054.88,"Telecom, Investments",Finance & Investments,M,Japan,1777596602657,,,64240.356,31.0,31.0,68.0,//specials-images.forbesimg.com/imageserve/5e8b632801879f000703e485/416x416.jpg?background=000000&cropX1=0&cropX2=4500&cropY1=833&cropY2=5330,36.0,36.0,51500.0,"CEO, Softbank",False,,,,
Ken Griffin,Griffin,ken-griffin,ken-griffin,0.0,Hedge funds,Finance & Investments,M,United States,1777596602657,FL,Florida,49995.581,36.0,36.0,57.0,https://specials-images.forbesimg.com/imageserve/6247575a5af6af682d503f2f/416x416.jpg?background=000000&cropX1=0&cropX2=1966&cropY1=0&cropY2=1966,37.0,37.0,49800.0,"Founder & CEO, Citadel LLC",False,870.0,,,
Jacqueline Mars,Mars,jacqueline-mars,jacqueline-mars,0.0,"Candy, pet food",Food & Beverage,F,United States,1777596602657,VA,Virginia,46373.229,40.0,40.0,86.0,//specials-images.forbesimg.com/imageserve/59d50d06a7ea436b47b36d84/416x416.jpg?background=000000&cropX1=147&cropX2=1649&cropY1=377&cropY2=1879,38.0,38.0,49100.0,,,,,,
John Mars,Mars,john-mars,no-pic,0.0,"Candy, pet food",Food & Beverage,M,United States,1777596602657,WY,Wyoming,46373.229,40.0,41.0,90.0,//specials-images.forbesimg.com/imageserve/5ba41e08a7ea434e4c6948eb/416x416.jpg?background=000000&cropX1=53&cropX2=1401&cropY1=9&cropY2=1357,39.0,38.0,49100.0,,,,,,
Lukas Walton,Walton,lukas-walton,no-pic,1186.282,Walmart,Fashion & Retail,M,United States,1777596602657,IL,Illinois,50120.0,35.0,35.0,39.0,//specials-images.forbesimg.com/imageserve/5d89f3c36de3150009a4e5bd/416x416.jpg?background=000000&cropX1=122&cropX2=576&cropY1=26&cropY2=480,40.0,40.0,48900.0,,,,,,
Giovanni Ferrero,Ferrero,giovanni-ferrero,no-pic,0.0,"Nutella, chocolates",Food & Beverage,M,Italy,1777596602657,,,48312.858,39.0,39.0,61.0,https://specials-images.forbesimg.com/imageserve/5b11bc5ca7ea436b547f29cb/416x416.jpg?background=000000&cropX1=622&cropX2=1844&cropY1=361&cropY2=1582,41.0,41.0,48800.0,,,,,,
Li Ka-shing,Li,li-ka-shing,li-ka-shing,-85.306,Diversified,Diversified,M,Hong Kong,1777596602657,,,48536.493,38.0,38.0,97.0,https://specials-images.forbesimg.com/imageserve/65d4c4432a6eece8368e841b/416x416.jpg?background=000000&cropX1=250&cropX2=1494&cropY1=226&cropY2=1471,42.0,42.0,47000.0,"Senior Advisor, CK Hutchison Holdings",False,,,,
Mark Mateschitz,Mateschitz,mark-mateschitz,no-pic,0.0,Red Bull,Food & Beverage,M,Austria,1777596602657,,,45373.815,43.0,43.0,33.0,https://specials-images.forbesimg.com/imageserve/642b2ae09caa113a6ce1c15e/416x416.jpg?background=000000&cropX1=898&cropX2=3376&cropY1=239&cropY2=2714,43.0,43.0,45800.0,,,,,,
Gianluigi Aponte,Aponte,gianluigi-aponte,no-pic,-0.869,Shipping,Logistics,M,Switzerland,1777596602657,,,43601.545,44.0,44.0,85.0,//specials-images.forbesimg.com/imageserve/5e77ceeac7b02d000666de20/416x416.jpg?background=000000&cropX1=1096&cropX2=5302&cropY1=46&cropY2=4249,44.0,44.0,44500.0,,,,,,
Rafaela Aponte-Diamant,Aponte-Diamant,rafaela-aponte-diamant,no-pic-female,-0.869,Shipping,Logistics,F,Switzerland,1777596602657,,,43601.545,44.0,45.0,81.0,,45.0,44.0,44500.0,,,,,,
Andrea Pignataro,Pignataro,andrea-pignataro,no-pic,0.0,Financial software,Finance & Investments,M,Italy,1777596602657,,,42239.967,46.0,46.0,55.0,https://specials-images.forbesimg.com/imageserve/660c251294ad0b108cfcdf06/416x416.jpg?background=000000&cropX1=711&cropX2=2015&cropY1=56&cropY2=1360,46.0,46.0,42600.0,,,,,,
Klaus-Michael Kuehne,Kuehne,klaus-michael-kuehne,klaus-michael-kuehne,236.659,Shipping,Logistics,M,Germany,1777596602657,,,39941.129,49.0,49.0,88.0,//specials-images.forbesimg.com/imageserve/5e762e4fc7b02d000666c89b/416x416.jpg?background=000000&cropX1=792&cropX2=4141&cropY1=0&cropY2=3347,47.0,47.0,41900.0,,,,,,
"Thomas Frist, Jr.",Frist,thomas-frist-jr,thomas-frist-jr,-22.875,Hospitals,Healthcare,M,United States,1777596602657,TN,Tennessee,34518.205,64.0,64.0,87.0,//specials-images.forbesimg.com/imageserve/ee825ff539047091cda533423b10d65b/416x416.jpg?background=000000&cropX1=16&cropX2=947&cropY1=153&cropY2=1084,48.0,48.0,41100.0,,,,,,
Alain Wertheimer,Wertheimer,alain-wertheimer,alain-wertheimer,0.0,Chanel,Fashion & Retail,M,France,1777596602657,NY,New York,39424.001,51.0,51.0,77.0,https://specials-images.forbesimg.com/imageserve/645d0add2a0a83a54a9aa149/416x416.jpg?background=000000&cropX1=0&cropX2=2730&cropY1=100&cropY2=2831,49.0,49.0,39400.0,,,,,,
Gerard Wertheimer,Wertheimer,gerard-wertheimer-1,gerard-wertheimer-1,0.0,Chanel,Fashion & Retail,M,France,1777596602657,NY,New York,39424.001,51.0,52.0,75.0,https://specials-images.forbesimg.com/imageserve/645d02e2c7d39022642796dd/416x416.jpg?background=000000&cropX1=1150&cropX2=4216&cropY1=0&cropY2=3068,50.0,49.0,39400.0,,,,,,
Savitri Jindal,Jindal,savitri-jindal,savitri-jindal,-293.057,Steel,Metals & Mining,F,India,1777596602657,,,38567.432,55.0,55.0,76.0,//specials-images.forbesimg.com/imageserve/55f77874e4b0ffa7afe4940e/416x416.jpg?background=000000&cropX1=90&cropX2=676&cropY1=53&cropY2=640,51.0,51.0,39100.0,,,,,,
Stephen Schwarzman,Schwarzman,stephen-schwarzman,stephen-schwarzman,1337.556,Investments,Finance & Investments,M,United States,1777596602657,NY,New York,41161.765,48.0,48.0,79.0,//specials-images.forbesimg.com/imageserve/5d89f4d318444200084e5265/416x416.jpg?background=000000&cropX1=1911&cropX2=5305&cropY1=26&cropY2=3418,52.0,52.0,38300.0,,,,,,
Paolo Ardoino,Ardoino,paolo-ardoino,no-pic,0.0,Cryptocurrency,Finance & Investments,M,Italy,1777596602657,,,38000.0,56.0,57.0,41.0,https://specials-images.forbesimg.com/imageserve/661827e969e40f255f3c6d0a/416x416.jpg?background=000000&cropX1=941&cropX2=1761&cropY1=336&cropY2=1156,53.0,53.0,38000.0,,,,,,
Jean-Louis van der Velde,van der Velde,jean-louis-van-der-velde,no-pic,0.0,Cryptocurrency,Finance & Investments,M,Netherlands,1777596602657,,,38000.0,56.0,56.0,62.0,,54.0,53.0,38000.0,,,,,,
William Ding,Ding,william-ding,william-ding,1166.202,Online games,Technology,M,China,1777596602657,,,38633.151,54.0,54.0,54.0,https://specials-images.forbesimg.com/imageserve/65496210455fdb2807b461fc/416x416.jpg?background=000000&cropX1=376&cropX2=1713&cropY1=341&cropY2=1679,55.0,55.0,37900.0,,,,,,
Miriam Adelson,Adelson,miriam-adelson,no-pic-female,344.277,Casinos,Gambling & Casinos,F,United States,1777596602657,NV,Nevada,36687.202,59.0,59.0,80.0,https://specials-images.forbesimg.com/imageserve/6488d2e2af4e79d11875c367/416x416.jpg?background=000000&cropX1=741&cropX2=1624&cropY1=351&cropY2=1233,56.0,56.0,37500.0,,,,,,
Alexey Mordashov,Mordashov,alexey-mordashov,alexey-mordashov,12.266,"Steel, investments",Metals & Mining,M,Russia,1777596602657,,,36887.793,58.0,58.0,60.0,//specials-images.forbesimg.com/imageserve/5e87b07fbf94c200067fcf57/416x416.jpg?background=000000&cropX1=1002&cropX2=4157&cropY1=163&cropY2=3318,57.0,57.0,37000.0,,,,,,
Colin Huang,Huang,colin-huang,no-pic,778.884,E-commerce,Technology,M,China,1777596602657,,,35201.308,62.0,62.0,46.0,https://specials-images.forbesimg.com/imageserve/5dc0500b3195ed0007eab3f7/416x416.jpg?background=000000&cropX1=1059&cropX2=3699&cropY1=45&cropY2=2683,58.0,58.0,36600.0,,,,,,
Eduardo Saverin,Saverin,eduardo-saverin,eduardo-saverin,-3058.619,Facebook,Technology,M,Brazil,1777596602657,,,33953.719,67.0,67.0,44.0,https://specials-images.forbesimg.com/imageserve/61114d7c57eb065321419c4e/416x416.jpg?background=000000&cropX1=0&cropX2=2236&cropY1=0&cropY2=2235,59.0,59.0,35900.0,"Cofounder, Meta Platforms",False,,,,
Eric Schmidt,Schmidt,eric-schmidt,eric-schmidt,3092.896,Google,Technology,M,United States,1777596602657,CA,California,41923.73,47.0,47.0,71.0,//specials-images.forbesimg.com/imageserve/5f4526a6f048a75b8e14e6b2/416x416.jpg?background=000000&cropX1=0&cropX2=3235&cropY1=381&cropY2=3615,60.0,60.0,35500.0,,,,,,
Idan Ofer,Ofer,idan-ofer,idan-ofer,60.783,Shipping,Diversified,M,Israel,1777596602657,,,35500.187,60.0,60.0,70.0,//specials-images.forbesimg.com/imageserve/5e76cd8010380d0006fbb808/416x416.jpg?background=000000&cropX1=25&cropX2=1096&cropY1=93&cropY2=1164,61.0,61.0,34600.0,,,,,,
Eyal Ofer,Ofer,eyal-ofer,eyal-ofer,132.078,"Real estate, shipping",Diversified,M,Israel,1777596602657,,,34300.601,66.0,66.0,75.0,https://specials-images.forbesimg.com/imageserve/660c1a1c7931863e499fb8c4/416x416.jpg?background=000000&cropX1=137&cropX2=1211&cropY1=52&cropY2=1127,62.0,62.0,33600.0,,,,,,
He Xiangjian,He,he-xiangjian,he-xiangjian,-172.92,Home appliances,Manufacturing,M,China,1777596602657,,,34828.15,63.0,63.0,83.0,https://specials-images.forbesimg.com/imageserve/5f88aa3c6e0f7a6ca036fc64/416x416.jpg?background=000000&cropX1=1462&cropX2=2567&cropY1=1200&cropY2=2305,63.0,63.0,33200.0,,,,,,
Abigail Johnson,Johnson,abigail-johnson,abigail-johnson,0.0,Fidelity,Finance & Investments,F,United States,1777596602657,,,39473.252,50.0,50.0,64.0,https://specials-images.forbesimg.com/imageserve/6333a5b13de1fff2da377afb/416x416.jpg?background=000000&cropX1=0&cropX2=1077&cropY1=3&cropY2=1080,64.0,63.0,33200.0,"Chairman & CEO, Fidelity Investments",False,,1900000.0,,
Zheng Shuliang,Zheng,zheng-shuliang,no-pic-female,-1245.166,Aluminum products,Metals & Mining,F,China,1777596602657,,,30940.511,73.0,73.0,80.0,https://specials-images.forbesimg.com/imageserve/6724f9cdf203631b720a86fe/416x416.jpg?background=000000&cropX1=2&cropX2=800&cropY1=1&cropY2=799,65.0,63.0,33200.0,,,,,,
Marilyn Simons,Simons,marilyn-simons,no-pic-female,0.0,Hedge funds,Finance & Investments,F,United States,1777596602657,NY,New York,32548.96,70.0,70.0,75.0,https://specials-images.forbesimg.com/imageserve/66fb374ccc56f1359fc8a29f/416x416.jpg?background=000000&cropX1=415&cropX2=1146&cropY1=156&cropY2=886,66.0,66.0,32500.0,,,,,,
Robert Pera,Pera,robert-pera,robert-pera,0.0,Wireless networking,Technology,M,United States,1777596602657,CA,California,31674.244,72.0,72.0,48.0,//specials-images.forbesimg.com/imageserve/5f1f2df0e0da1e7313d9879a/416x416.jpg?background=000000&cropX1=217&cropX2=1125&cropY1=71&cropY2=980,67.0,67.0,31700.0,"Chief Executive Officer, Ubiquiti",False,,,,
Phil Knight,Knight,phil-knight,phil-knight,-9.144,Nike,Fashion & Retail,M,United States,1777596602657,OR,Oregon,25686.795,97.0,97.0,88.0,https://specials-images.forbesimg.com/imageserve/6488d5874961598251b12f50/416x416.jpg?background=000000&cropX1=598&cropX2=3344&cropY1=0&cropY2=2747,68.0,68.0,31100.0,"Cofounder, Nike",False,,,,
Michal Strnad,Strnad,michal-strnad,no-pic,0.0,Defense Contracting,Manufacturing,M,Czech Republic,1777596602657,,,30829.891,76.0,76.0,33.0,,69.0,68.0,31100.0,,,,,,
Lakshmi Mittal,Mittal,lakshmi-mittal,lakshmi-mittal,237.255,Steel,Metals & Mining,M,India,1777596602657,,,28238.526,84.0,84.0,75.0,https://specials-images.forbesimg.com/imageserve/65256679cd4895fa7365b15a/416x416.jpg?background=000000&cropX1=672&cropX2=1309&cropY1=40&cropY2=678,70.0,70.0,31000.0,,,,,,
Elaine Marshall,Marshall,elaine-marshall,elaine-marshall,0.0,Koch Inc.,Diversified,F,United States,1777596602657,TX,Texas,30930.0,74.0,74.0,83.0,,71.0,71.0,30900.0,,,,,,
Shiv Nadar,Nadar,shiv-nadar,shiv-nadar,-13.288,Software services,Technology,M,India,1777596602657,,,26501.598,90.0,90.0,80.0,https://specials-images.forbesimg.com/imageserve/68e696c624e6cebf6aa2b00a/416x416.jpg?background=000000&cropX1=693&cropX2=1633&cropY1=144&cropY2=1083,72.0,71.0,30900.0,,,,,,
Henry Samueli,Samueli,henry-samueli,henry-samueli,1025.003,Semiconductors,Technology,M,United States,1777596602657,CA,California,39172.816,53.0,53.0,71.0,//specials-images.forbesimg.com/imageserve/5d8aa0fd6de3150009a5030b/416x416.jpg?background=000000&cropX1=376&cropX2=1438&cropY1=38&cropY2=1100,73.0,73.0,30800.0,,,,,,
Melinda French Gates,French Gates,melinda-french-gates,no-pic-female,210.22,Microsoft,Technology,F,United States,1777596602657,WA,Washington,30105.91,78.0,78.0,61.0,https://specials-images.forbesimg.com/imageserve/667c353f73ede9cb9df2aefe/416x416.jpg?background=000000&cropX1=371&cropX2=1022&cropY1=145&cropY2=796,74.0,74.0,30300.0,"Founder, Pivotal Philanthropies Foundation",False,,,,
Stefan Quandt,Quandt,stefan-quandt,stefan-quandt,71.37,BMW,Automotive,M,Germany,1777596602657,,,27716.453,89.0,89.0,59.0,https://specials-images.forbesimg.com/imageserve/f257c2f96ce1171be43e685e6d8f9fa3/416x416.jpg?background=000000&cropX1=124&cropX2=725&cropY1=92&cropY2=693,75.0,75.0,30100.0,,,,,,
Reinhold Wuerth,Wuerth,reinhold-wuerth,reinhold-wuerth,0.0,Fasteners,Manufacturing,M,Germany,1777596602657,,,27722.551,88.0,88.0,91.0,//specials-images.forbesimg.com/imageserve/5e76350710380d0006fbadf8/416x416.jpg?background=000000&cropX1=2132&cropX2=5568&cropY1=0&cropY2=3434,76.0,75.0,30100.0,,,,,,
Lyndal Stephens Greth,Greth,lyndal-stephens-greth,no-pic-female,32.257,Oil & gas,Energy,F,United States,1777596602657,TX,Texas,33277.324,68.0,68.0,51.0,https://specials-images.forbesimg.com/imageserve/66fb2bd596806737569ab7ef/416x416.jpg?background=000000&cropX1=0&cropX2=2143&cropY1=180&cropY2=2323,77.0,77.0,30000.0,,,,,,
Len Blavatnik,Blavatnik,len-blavatnik,len-blavatnik,207.458,"Music, chemicals",Diversified,M,United States,1777596602657,,,31937.888,71.0,71.0,68.0,//specials-images.forbesimg.com/imageserve/5c745d7b4bbe6f072958dac9/416x416.jpg?background=000000&cropX1=473&cropX2=2103&cropY1=123&cropY2=1753,78.0,78.0,29900.0,,,,,,
Susanne Klatten,Klatten,susanne-klatten,susanne-klatten,52.707,"BMW, pharmaceuticals",Automotive,F,Germany,1777596602657,,,27817.215,87.0,87.0,64.0,https://specials-images.forbesimg.com/imageserve/605e281e4f49584f571c9c42/416x416.jpg?background=000000&cropX1=0&cropX2=1080&cropY1=0&cropY2=1080,79.0,79.0,29700.0,,,,,,
Vladimir Potanin,Potanin,vladimir-potanin,vladimir-potanin,0.0,Metals,Metals & Mining,M,Russia,1777596602657,,,29740.299,80.0,80.0,65.0,//specials-images.forbesimg.com/imageserve/5e87ae86582b5d00068ce78c/416x416.jpg?background=000000&cropX1=1187&cropX2=4259&cropY1=272&cropY2=3347,80.0,79.0,29700.0,,,,,,
Vagit Alekperov,Alekperov,vagit-alekperov,vagit-alekperov,0.0,Oil,Energy,M,Russia,1777596602657,,,29475.064,81.0,81.0,75.0,https://specials-images.forbesimg.com/imageserve/62291dbe5c22ffeaf37a7528/416x416.jpg?background=000000&cropX1=232&cropX2=1762&cropY1=83&cropY2=1614,81.0,81.0,29500.0,,,,,,
François Pinault,Pinault,francois-pinault,francois-pinault,70.956,Luxury goods,Fashion & Retail,M,France,1777596602657,,,26257.988,91.0,91.0,89.0,//specials-images.forbesimg.com/imageserve/5f1eeca8e77f92a058fb1a81/416x416.jpg?background=000000&cropX1=1806&cropX2=3901&cropY1=36&cropY2=2133,82.0,81.0,29500.0,,,,,,
Jack Ma,Ma,jack-ma,jack-ma,124.268,E-commerce,Technology,M,China,1777596602657,,,28029.507,86.0,86.0,61.0,https://specials-images.forbesimg.com/imageserve/69023fd7dbc29e6c2ee6b085/416x416.jpg?background=000000&cropX1=151&cropX2=1610&cropY1=279&cropY2=1737,83.0,83.0,29100.0,,,,,,
Prajogo Pangestu,Pangestu,prajogo-pangestu,prajogo-pangestu,-1186.745,"Petrochemicals, energy",Diversified,M,Indonesia,1777596602657,,,20978.074,129.0,129.0,81.0,https://specials-images.forbesimg.com/imageserve/656f8476e94e04b7e93336c8/416x416.jpg?background=000000&cropX1=0&cropX2=2961&cropY1=0&cropY2=2961,84.0,84.0,28600.0,,,,,,
MacKenzie Scott,Scott,mackenzie-scott,no-pic-female,163.786,Amazon,Technology,F,United States,1777596602657,WA,Washington,33036.595,69.0,69.0,56.0,https://specials-images.forbesimg.com/imageserve/63325f33de0e387de2dd5389/416x416.jpg?background=000000&cropX1=0&cropX2=1080&cropY1=0&cropY2=1080,85.0,84.0,28600.0,"Philanthropist, Yield Giving",False,,,,
Aliko Dangote,Dangote,aliko-dangote,aliko-dangote,4.622,"Cement, sugar",Manufacturing,M,Nigeria,1777596602657,,,30399.938,77.0,77.0,69.0,https://specials-images.forbesimg.com/imageserve/5c33a1554bbe6f7020fb2fd2/416x416.jpg?background=000000&cropX1=865&cropX2=2774&cropY1=206&cropY2=2115,86.0,86.0,28500.0,"CEO, Dangote Group",False,,,,
Peter Thiel,Thiel,peter-thiel,peter-thiel,111.35,"Facebook, investments",Finance & Investments,M,United States,1777596602657,CA,California,28610.708,82.0,82.0,58.0,//specials-images.forbesimg.com/imageserve/5a836fff31358e4955ad6549/416x416.jpg?background=000000&cropX1=234&cropX2=790&cropY1=7&cropY2=563,87.0,87.0,28400.0,"Investor, Founders Fund",False,,,,
Emmanuel Besnier,Besnier,emmanuel-besnier,emmanuel-besnier,0.0,Cheese,Food & Beverage,M,France,1777596602657,,,25601.386,101.0,101.0,55.0,https://specials-images.forbesimg.com/imageserve/5e759e31c7b02d000666c445/416x416.jpg?background=000000&cropX1=283&cropX2=1696&cropY1=1002&cropY2=2414,88.0,88.0,28300.0,,,,,,
Leonid Mikhelson,Mikhelson,leonid-mikhelson,leonid-mikhelson,0.0,"Gas, chemicals",Energy,M,Russia,1777596602657,,,28301.37,83.0,83.0,70.0,https://specials-images.forbesimg.com/imageserve/6229141941920264022edc8a/416x416.jpg?background=000000&cropX1=81&cropX2=3456&cropY1=941&cropY2=4318,89.0,88.0,28300.0,,,,,,
Daniel Gilbert,Gilbert,daniel-gilbert,daniel-gilbert,250.171,Rocket Mortgage,Finance & Investments,M,United States,1777596602657,MI,Michigan,23815.264,111.0,111.0,64.0,//specials-images.forbesimg.com/imageserve/5e444fcb112160000621ed4c/416x416.jpg?background=000000&cropX1=0&cropX2=2000&cropY1=307&cropY2=2307,90.0,90.0,27900.0,,,,,,
Lei Jun,Lei,lei-jun,lei-jun,-860.729,"Smartphones, automobiles",Technology,M,China,1777596602657,,,23236.329,117.0,117.0,56.0,https://specials-images.forbesimg.com/imageserve/69023e83755dddf7584780f9/416x416.jpg?background=000000&cropX1=527&cropX2=2213&cropY1=170&cropY2=1856,91.0,90.0,27900.0,"Founder and CEO, Xiaomi",False,,,,
Andreas von Bechtolsheim,von Bechtolsheim,andreas-von-bechtolsheim,andreas-von-bechtolsheim,865.382,Google,Technology,M,Germany,1777596602657,CA,California,35406.082,61.0,61.0,70.0,//specials-images.forbesimg.com/imageserve/5e761636d8e1ae0007b718e0/416x416.jpg?background=000000&cropX1=240&cropX2=1726&cropY1=407&cropY2=1894,92.0,90.0,27900.0,"Cofounder, Chief Development Officer and Chairman, Arista Networks",False,,,,
Pham Nhat Vuong,Pham,pham-nhat-vuong,pham-nhat-vuong,170.178,Diversified,Diversified,M,Vietnam,1777596602657,,,34309.449,65.0,65.0,57.0,https://specials-images.forbesimg.com/imageserve/64e7640cfb10a26d2f4af6bf/416x416.jpg?background=000000&cropX1=389&cropX2=1225&cropY1=106&cropY2=944,93.0,93.0,27700.0,,,,,,
Vicky Safra,Safra,vicky-safra,no-pic-female,0.0,Banking,Finance & Investments,F,Greece,1777596602657,,,26153.241,94.0,94.0,73.0,,94.0,94.0,27100.0,,,,,,
Jay Y. Lee,Lee,jay-y-lee,jay-y-lee,-609.064,Samsung,Technology,M,South Korea,1777596602657,,,25771.017,95.0,95.0,57.0,https://specials-images.forbesimg.com/imageserve/69d92071f818bcd1553283ed/416x416.jpg?background=000000&cropX1=141&cropX2=1440&cropY1=78&cropY2=1378,95.0,95.0,27000.0,,,,,,
Cyrus Poonawalla,Poonawalla,cyrus-poonawalla,cyrus-poonawalla,-24.918,Vaccines,Healthcare,M,India,1777596602657,,,26195.335,93.0,93.0,84.0,https://specials-images.forbesimg.com/imageserve/6345b0f307bca24e9e6bc226/416x416.jpg?background=000000&cropX1=303&cropX2=2284&cropY1=451&cropY2=2434,96.0,95.0,27000.0,,,,,,
Rick Cohen,Cohen,rick-cohen,no-pic,702.793,Warehouse automation,Technology,M,United States,1777596602657,NH,New Hampshire,28051.324,85.0,85.0,73.0,https://specials-images.forbesimg.com/imageserve/632cd1f8e06f3f48e97d2c34/416x416.jpg?background=000000&cropX1=1133&cropX2=2085&cropY1=255&cropY2=1207,97.0,97.0,26300.0,,,,,,
Israel Englander,Englander,israel-englander,israel-englander,0.0,Hedge funds,Finance & Investments,M,United States,1777596602657,NY,New York,25766.5,96.0,96.0,77.0,//specials-images.forbesimg.com/imageserve/5d8a74d16de3150009a4fafc/416x416.jpg?background=000000&cropX1=0&cropX2=770&cropY1=122&cropY2=892,98.0,98.0,25800.0,"Founder, Millennium Management, L.L.C.",False,500.0,,,
Suleiman Kerimov,Kerimov & family,suleiman-kerimov-family,no-pic,0.0,Gold,Finance & Investments,M,Russia,1777596602657,,,25662.204,98.0,98.0,60.0,https://specials-images.forbesimg.com/imageserve/62471d5c3ff014e6ce2b15f6/416x416.jpg?background=000000&cropX1=146&cropX2=2785&cropY1=0&cropY2=2639,99.0,99.0,25700.0,,,,,,
Dilip Shanghvi,Shanghvi,dilip-shanghvi,dilip-shanghvi,373.842,Pharmaceuticals,Healthcare,M,India,1777596602657,,,25610.121,100.0,100.0,70.0,https://specials-images.forbesimg.com/imageserve/68e6977871d3d968e2192572/416x416.jpg?background=000000&cropX1=441&cropX2=1576&cropY1=630&cropY2=1766,100.0,100.0,25600.0,,,,,,
Vladimir Lisin,Lisin,vladimir-lisin,vladimir-lisin,0.0,"Steel, transport",Metals & Mining,M,Russia,1777596602657,,,25532.466,102.0,102.0,69.0,//specials-images.forbesimg.com/imageserve/5e77914ec7b02d000666d900/416x416.jpg?background=000000&cropX1=825&cropX2=3235&cropY1=50&cropY2=2459,101.0,101.0,25500.0,,,,,,
Gina Rinehart,Rinehart,gina-rinehart,gina-rinehart,0.0,Mining,Metals & Mining,F,Australia,1777596602657,,,25525.345,103.0,103.0,72.0,https://specials-images.forbesimg.com/imageserve/67aa659166c227f5f4d5062f/416x416.jpg?background=000000&cropX1=102&cropX2=1428&cropY1=416&cropY2=1744,102.0,101.0,25500.0,"Executive Chairman, Hancock Prospecting",False,,,,
Yu Yong,Yu,yu-yong,no-pic,-481.198,Mining,Finance & Investments,M,China,1777596602657,,,21689.783,123.0,123.0,65.0,https://specials-images.forbesimg.com/imageserve/6724fbb693c9f0eb0822547c/416x416.jpg?background=000000&cropX1=2&cropX2=797&cropY1=5&cropY2=800,103.0,103.0,25400.0,,,,,,
Stuart Hoegner,Hoegner,stuart-hoegner,no-pic,0.0,Cryptocurrency,Finance & Investments,M,Canada,1777596602657,,,24700.0,106.0,106.0,,,104.0,104.0,24700.0,,,,,,
Huang Shilin,Huang,huang-shilin,no-pic,-613.796,Batteries,Energy,M,China,1777596602657,,,30896.674,75.0,75.0,59.0,https://specials-images.forbesimg.com/imageserve/6724f66a677dfa37e85e605f/416x416.jpg?background=000000&cropX1=2&cropX2=800&cropY1=2&cropY2=800,105.0,105.0,24400.0,,,,,,
Christy Walton,Walton,christy-walton,christy-walton,598.896,Walmart,Fashion & Retail,F,United States,1777596602657,WY,Wyoming,24870.178,105.0,105.0,77.0,//specials-images.forbesimg.com/imageserve/f12075ee278b0ce676c90b51cc5e60d6/416x416.jpg?background=000000&cropX1=13&cropX2=744&cropY1=29&cropY2=761,106.0,106.0,24300.0,,,,,,
Stefan Persson,Persson,stefan-persson,stefan-persson,-47.971,H&M,Fashion & Retail,M,Sweden,1777596602657,,,21577.885,125.0,125.0,78.0,https://specials-images.forbesimg.com/imageserve/5c721cd64bbe6f51818ab844/416x416.jpg?background=000000&cropX1=1176&cropX2=2731&cropY1=522&cropY2=2076,107.0,107.0,24200.0,"Chairman, Hennes & Mauritz Unsponsored ADR",False,,,,
Gennady Timchenko,Timchenko,gennady-timchenko,gennady-timchenko,0.0,"Oil, gas",Energy,M,Russia,1777596602657,,,24165.649,109.0,109.0,73.0,https://specials-images.forbesimg.com/imageserve/622b778d7c4aefebd5cbea11/416x416.jpg?background=000000&cropX1=0&cropX2=2317&cropY1=426&cropY2=2744,108.0,107.0,24200.0,,,,,,
David Tepper,Tepper,david-tepper,david-tepper,0.0,Hedge funds,Finance & Investments,M,United States,1777596602657,FL,Florida,23687.0,112.0,112.0,68.0,https://specials-images.forbesimg.com/imageserve/5f4e9ddf5539e4341ae861af/416x416.jpg?background=000000&cropX1=1423&cropX2=4003&cropY1=121&cropY2=2699,109.0,109.0,23700.0,"President and Founder, Appaloosa Management",False,,,,
Harry Triguboff,Triguboff,harry-triguboff,harry-triguboff,0.0,Real estate,Real Estate,M,Australia,1777596602657,,,23428.408,115.0,115.0,93.0,https://specials-images.forbesimg.com/imageserve/63ea5408a2141a8698e3c457/416x416.jpg?background=000000&cropX1=0&cropX2=1080&cropY1=0&cropY2=1079,110.0,110.0,23400.0,,,,,,
Steve Cohen,Cohen,steve-cohen,steve-cohen,0.204,Hedge funds,Finance & Investments,M,United States,1777596602657,CT,Connecticut,22977.646,118.0,118.0,69.0,https://specials-images.forbesimg.com/imageserve/5a8d946e4bbe6f2652f61ca6/416x416.jpg?background=000000&cropX1=703&cropX2=3292&cropY1=80&cropY2=2667,111.0,111.0,23000.0,"Founder, Point72 Asset Management",False,,,,
Rupert Murdoch,Murdoch,rupert-murdoch,rupert-murdoch,177.489,"Newspapers, TV network",Media & Entertainment,M,United States,1777596602657,NY,New York,23405.769,116.0,116.0,95.0,https://specials-images.forbesimg.com/imageserve/6067bf2f800a3f1324d4c89c/416x416.jpg?background=000000&cropX1=0&cropX2=1080&cropY1=0&cropY2=1080,112.0,112.0,22700.0,,,,,,
Diane Hendricks,Hendricks,diane-hendricks,diane-hendricks,0.0,Building supplies,Construction & Engineering,F,United States,1777596602657,WI,Wisconsin,22332.9,119.0,119.0,79.0,https://specials-images.forbesimg.com/imageserve/64a853a98e6fe5954491cf23/416x416.jpg?background=000000&cropX1=319&cropX2=1470&cropY1=22&cropY2=1174,113.0,113.0,22300.0,"Cofounder, ABC Supply",False,,,,
Stanley Kroenke,Kroenke,stanley-kroenke,stanley-kroenke,0.0,"Sports, real estate",Sports,M,United States,1777596602657,TX,Texas,22238.497,121.0,121.0,78.0,//specials-images.forbesimg.com/imageserve/5d8a620422254b0008e15a49/416x416.jpg?background=000000&cropX1=401&cropX2=2960&cropY1=0&cropY2=2557,114.0,114.0,22200.0,,,,,,
Todd Graves,Graves,todd-graves,no-pic,0.0,Fast food,Food & Beverage,M,United States,1777596602657,LA,Louisiana,21983.0,122.0,122.0,54.0,https://specials-images.forbesimg.com/imageserve/661036f84ba410f780e6ff8c/416x416.jpg?background=000000&cropX1=1086&cropX2=1758&cropY1=39&cropY2=711,115.0,115.0,22000.0,,,,,,
"Ernest Garcia, II.",Garcia,ernest-garcia-ii,no-pic,-34.542,Used cars,Automotive,M,United States,1777596602657,AZ,Arizona,24156.563,110.0,110.0,68.0,//specials-images.forbesimg.com/imageserve/5ba3dab8a7ea434e4c693d17/416x416.jpg?background=000000&cropX1=263&cropX2=600&cropY1=192&cropY2=529,116.0,116.0,21500.0,,,,,,
Wang Chuanfu,Wang,wang-chuanfu,wang-chuanfu,-551.99,"Batteries, automobiles",Automotive,M,China,1777596602657,,,24682.699,107.0,107.0,60.0,https://specials-images.forbesimg.com/imageserve/6902404b2ffc12e03e0d702e/416x416.jpg?background=000000&cropX1=201&cropX2=1643&cropY1=58&cropY2=1500,117.0,116.0,21500.0,,,,,,
John Fredriksen,Fredriksen,john-fredriksen,john-fredriksen,77.783,Shipping,Logistics,M,Cyprus,1777596602657,,,21409.855,127.0,127.0,81.0,//specials-images.forbesimg.com/imageserve/5e7587f4d8e1ae0007b7161f/416x416.jpg?background=000000&cropX1=169&cropX2=817&cropY1=7&cropY2=655,118.0,118.0,21200.0,,,,,,
Kumar Birla,Birla,kumar-birla,kumar-birla,-307.828,Diversified,Diversified,M,India,1777596602657,,,21010.492,128.0,128.0,58.0,https://specials-images.forbesimg.com/imageserve/68e6984ce57eab8e6daf6a24/416x416.jpg?background=000000&cropX1=191&cropX2=1156&cropY1=241&cropY2=1207,119.0,119.0,21100.0,,,,,,
Michael Platt,Platt,michael-platt,michael-platt,0.0,Hedge funds,Finance & Investments,M,United Kingdom,1777596602657,,,20901.0,130.0,130.0,58.0,https://specials-images.forbesimg.com/imageserve/5c726aa34bbe6f51818abcd5/416x416.jpg?background=000000&cropX1=1450&cropX2=3510&cropY1=309&cropY2=2368,120.0,120.0,20900.0,"Founder, BlueCrest Capital Management",False,1200.0,,,
Vinod Adani,Adani,vinod-adani,no-pic,-271.356,"Infrastructure, commodities",Diversified,M,Cyprus,1777596602657,,,26202.996,92.0,92.0,77.0,,121.0,121.0,20800.0,,,,,,
Qin Yinglin,Qin,qin-yinglin,qin-yinglin,32.236,Pig breeding,Food & Beverage,M,China,1777596602657,,,19992.921,134.0,134.0,61.0,//specials-images.forbesimg.com/imageserve/a3722ff48b63420aa857d7c876d5c521/416x416.jpg?background=000000&cropX1=18&cropX2=744&cropY1=34&cropY2=761,122.0,121.0,20800.0,,,,,,
Chen Tianshi,Chen,chen-tianshi,no-pic,4983.941,Semiconductors,Technology,M,China,1777596602657,,,29900.859,79.0,79.0,41.0,https://specials-images.forbesimg.com/imageserve/690240ad85f168b25a40e248/416x416.jpg?background=000000&cropX1=316&cropX2=1020&cropY1=54&cropY2=758,123.0,123.0,20700.0,,,,,,
Dang Yanbao,Dang,dang-yanbao,no-pic,-310.794,Coal,Metals & Mining,M,China,1777596602657,,,25617.182,99.0,99.0,53.0,https://specials-images.forbesimg.com/imageserve/6182bfc1fb85e417104d179a/416x416.jpg?background=000000&cropX1=1515&cropX2=2926&cropY1=166&cropY2=1576,124.0,123.0,20700.0,,,,,,
Kwong Siu-hing,Kwong,kwong-siu-hing,no-pic-female,-436.686,Real estate,Real Estate,F,Hong Kong,1777596602657,,,19638.642,140.0,140.0,96.0,https://specials-images.forbesimg.com/imageserve/603522f7a9db4e55a215df75/416x416.jpg?background=000000&cropX1=144&cropX2=656&cropY1=1&cropY2=513,125.0,123.0,20700.0,,,,,,
"Henry Nicholas, III.",Nicholas,henry-nicholas-iii,henry-nicholas-iii,546.647,Semiconductors,Technology,M,United States,1777596602657,CA,California,25060.378,104.0,104.0,66.0,https://specials-images.forbesimg.com/imageserve/5f49795b4ab4bd09fe628b58/416x416.jpg?background=000000&cropX1=208&cropX2=1476&cropY1=88&cropY2=1355,126.0,126.0,20600.0,"Cofounder, Broadcom",False,,,,
Andrey Melnichenko,Melnichenko,andrey-melnichenko,andrey-melnichenko,0.0,"Fertilizers, coal",Metals & Mining,M,Russia,1777596602657,,,20422.087,133.0,133.0,54.0,//specials-images.forbesimg.com/imageserve/5c7eb6524bbe6f42abffe4ca/416x416.jpg?background=000000&cropX1=665&cropX2=2917&cropY1=100&cropY2=2353,127.0,127.0,20400.0,,,,,,
Andrew Forrest,Forrest,andrew-forrest,andrew-forrest,-190.577,Mining,Metals & Mining,M,Australia,1777596602657,,,19455.057,142.0,142.0,64.0,https://specials-images.forbesimg.com/imageserve/65ca49b8ad26e48437eb62c6/416x416.jpg?background=000000&cropX1=224&cropX2=890&cropY1=0&cropY2=666,128.0,128.0,20300.0,,,,,,
Jerry Jones,Jones,jerry-jones,jerry-jones,-10.415,Dallas Cowboys,Sports,M,United States,1777596602657,TX,Texas,19844.444,137.0,137.0,83.0,//specials-images.forbesimg.com/imageserve/5d8a639e6de3150009a4f883/416x416.jpg?background=000000&cropX1=943&cropX2=2577&cropY1=0&cropY2=1633,129.0,128.0,20300.0,"President and General Manager, Dallas Cowboys",False,,,,
Takemitsu Takizaki,Takizaki,takemitsu-takizaki,takemitsu-takizaki,295.542,Sensors,Manufacturing,M,Japan,1777596602657,,,22250.283,120.0,120.0,80.0,//specials-images.forbesimg.com/imageserve/5eaa4141ed706b0007e62bd7/416x416.jpg?background=000000&cropX1=1310&cropX2=2754&cropY1=224&cropY2=1667,130.0,128.0,20300.0,,,,,,
Andre Esteves,Esteves,andre-esteves,andre-esteves,227.129,Banking,Finance & Investments,M,Brazil,1777596602657,,,12877.061,241.0,241.0,57.0,//specials-images.forbesimg.com/imageserve/5c6cc7434bbe6f3a74231dba/416x416.jpg?background=000000&cropX1=238&cropX2=3600&cropY1=0&cropY2=3360,131.0,131.0,20200.0,,,,,,
Renata Kellnerova,Kellnerova,renata-kellnerova,no-pic-female,-0.734,"Finance, telecommunications",Finance & Investments,F,Czech Republic,1777596602657,,,19912.1,136.0,136.0,58.0,,132.0,131.0,20200.0,,,,,,
Low Tuck Kwong,Low Tuck,low-tuck-kwong,low-tuck-kwong,-124.552,Coal,Energy,M,Indonesia,1777596602657,,,16510.028,169.0,169.0,78.0,https://specials-images.forbesimg.com/imageserve/638e24ef7ed4f1a8cd55d457/416x416.jpg?background=000000&cropX1=0&cropX2=1080&cropY1=212&cropY2=1292,133.0,131.0,20200.0,,,,,,
Nancy Walton Laurie,Laurie,nancy-walton-laurie,nancy-walton-laurie,554.512,Walmart,Fashion & Retail,F,United States,1777596602657,NV,Nevada,20571.955,131.0,131.0,74.0,https://specials-images.forbesimg.com/imageserve/669e75a291732d69b35c2ab2/416x416.jpg?background=000000&cropX1=0&cropX2=370&cropY1=21&cropY2=392,134.0,134.0,20000.0,,,,,,
Prince Alwaleed Bin Talal Alsaud,Alsaud,prince-alwaleed-bin-talal-alsaud,prince-alwaleed-bin-talal-alsaud,-104.415,investments,Finance & Investments,M,Saudi Arabia,1777596602657,,,21678.602,124.0,124.0,71.0,//specials-images.forbesimg.com/imageserve/5e779508d8e1ae0007b72f3e/416x416.jpg?background=000000&cropX1=950&cropX2=4271&cropY1=14&cropY2=3334,135.0,135.0,19900.0,,,,,,
Dhanin Chearavanont,Chearavanont,dhanin-chearavanont,dhanin-chearavanont,-177.619,Diversified,Diversified,M,Thailand,1777596602657,,,18472.651,149.0,149.0,87.0,https://specials-images.forbesimg.com/imageserve/64a6e56a5b21dc15ce4c321c/416x416.jpg?background=000000&cropX1=5&cropX2=1894&cropY1=0&cropY2=1889,136.0,135.0,19900.0,,,,,,
John Doerr,Doerr,john-doerr,john-doerr,1353.751,Venture capital,Finance & Investments,M,United States,1777596602657,CA,California,24343.176,108.0,108.0,74.0,//specials-images.forbesimg.com/imageserve/5c9d17e74bbe6f277fd241e6/416x416.jpg?background=000000&cropX1=151&cropX2=1830&cropY1=6&cropY2=1685,137.0,137.0,19800.0,"Chairman, Kleiner Perkins",False,,,,
Jorge Paulo Lemann,Lemann,jorge-paulo-lemann,jorge-paulo-lemann,423.367,Beer,Food & Beverage,M,Brazil,1777596602657,,,18906.132,147.0,147.0,86.0,https://specials-images.forbesimg.com/imageserve/5c6cc0bfa7ea437e33f375c1/416x416.jpg?background=000000&cropX1=1589&cropX2=3189&cropY1=0&cropY2=1599,138.0,137.0,19800.0,,,,,,
R. Budi Hartono,Hartono,r-budi-hartono,r-budi-hartono,-263.691,"Banking, tobacco",Finance & Investments,M,Indonesia,1777596602657,,,15878.604,178.0,178.0,86.0,https://specials-images.forbesimg.com/imageserve/6050f48ca1ab099ed6e290cc/416x416.jpg?background=000000&cropX1=0&cropX2=800&cropY1=0&cropY2=800,139.0,139.0,19600.0,,,,,,
Alejandro Baillères Gual,Baillères Gual,alejandro-bailleres-gual,no-pic,-44.922,Diversified,Diversified,M,Mexico,1777596602657,,,16654.932,167.0,167.0,64.0,https://specials-images.forbesimg.com/imageserve/62443652a45fa465e7b19281/416x416.jpg?background=000000&cropX1=1765&cropX2=2862&cropY1=434&cropY2=1530,140.0,140.0,19500.0,,,,,,
Philip Anschutz,Anschutz,philip-anschutz,philip-anschutz,0.0,"Energy, sports, entertainment",Finance & Investments,M,United States,1777596602657,CO,Colorado,19401.0,143.0,143.0,86.0,https://specials-images.forbesimg.com/imageserve/5efa16915f1126000639e990/416x416.jpg?background=000000&cropX1=522&cropX2=4000&cropY1=840&cropY2=4320,141.0,141.0,19400.0,,,,,,
"John Menard, Jr.",Menard,john-menard-jr,john-menard-jr,-0.022,Home improvement stores,Fashion & Retail,M,United States,1777596602657,WI,Wisconsin,16452.711,170.0,170.0,86.0,//specials-images.forbesimg.com/imageserve/5f0f870a933def00067666de/416x416.jpg?background=000000&cropX1=223&cropX2=1909&cropY1=133&cropY2=1820,142.0,141.0,19400.0,"Founder, Menard, Inc.",False,,,,
Chen Jianhua,Chen,chen-jianhua,chen-jianhua,370.974,Chemicals,Manufacturing,M,China,1777596602657,,,20567.636,132.0,132.0,55.0,https://specials-images.forbesimg.com/imageserve/6050f48ca1ab099ed6e290cc/416x416.jpg?background=000000&cropX1=0&cropX2=800&cropY1=0&cropY2=800,143.0,143.0,19300.0,,,,,,
Donald Bren,Bren,donald-bren,donald-bren,0.0,Real estate,Real Estate,M,United States,1777596602657,CA,California,19212.086,145.0,145.0,93.0,//specials-images.forbesimg.com/imageserve/5d9b6d9867dd830006a2db41/416x416.jpg?background=000000&cropX1=513&cropX2=1983&cropY1=80&cropY2=1551,144.0,144.0,19200.0,"Chairman, Irvine Company",False,,,,
Georg Schaeffler,Schaeffler,georg-schaeffler,georg-schaeffler,311.091,Auto parts,Automotive,M,Germany,1777596602657,,,16773.39,165.0,165.0,61.0,//specials-images.forbesimg.com/imageserve/5e762609c7b02d000666c810/416x416.jpg?background=000000&cropX1=605&cropX2=1884&cropY1=0&cropY2=1279,145.0,144.0,19200.0,,,,,,
Brett Adcock,Adcock,brett-adcock,no-pic,1.515,Robots,Technology,M,United States,1777596602657,CA,California,19108.107,146.0,146.0,40.0,https://specials-images.forbesimg.com/imageserve/660c21fad6a07497a1384c08/416x416.jpg?background=000000&cropX1=312&cropX2=1301&cropY1=58&cropY2=1048,146.0,146.0,19100.0,"CEO & founder, Figure AI",False,,,,
Karl Albrecht Jr.,Albrecht Jr.,karl-albrecht-jr,no-pic,0.0,Supermarkets,Fashion & Retail,M,Germany,1777596602657,,,18210.408,151.0,152.0,78.0,https://specials-images.forbesimg.com/imageserve/6050f48ca1ab099ed6e290cc/416x416.jpg?background=000000&cropX1=0&cropX2=800&cropY1=0&cropY2=800,147.0,146.0,19100.0,,,,,,
Beate Heister,Heister,beate-heister,no-pic-female,0.0,Supermarkets,Fashion & Retail,F,Germany,1777596602657,,,18210.408,151.0,151.0,75.0,,148.0,146.0,19100.0,,,,,,
Michael Hartono,Hartono,michael-hartono,no-pic,,"Banking, tobacco",Manufacturing,M,Indonesia,1773911208856,,,,,,86.0,https://specials-images.forbesimg.com/imageserve/5c70b46c4bbe6f79c5473f84/416x416.jpg?background=000000&cropX1=286&cropX2=2548&cropY1=78&cropY2=2340,149.0,149.0,18900.0,,,,,,
Nik Storonsky,Storonsky,nik-storonsky,no-pic,0.0,Fintech,Finance & Investments,M,United Kingdom,1777596602657,,,18750.0,148.0,148.0,41.0,//specials-images.forbesimg.com/imageserve/5e7781e910380d0006fbbec0/416x416.jpg?background=000000&cropX1=565&cropX2=3221&cropY1=11&cropY2=2667,150.0,150.0,18800.0,,,,,,
Eric Li,Li,eric-li,no-pic,414.274,Automobiles,Automotive,M,China,1777596602657,,,19980.888,135.0,135.0,62.0,https://specials-images.forbesimg.com/imageserve/69024198a0a2a4f9d2933da7/416x416.jpg?background=000000&cropX1=129&cropX2=1047&cropY1=7&cropY2=925,151.0,151.0,18700.0,,,,,,
Zhong Huijuan,Zhong,zhong-huijuan,no-pic-female,101.512,Pharmaceuticals,Healthcare,F,China,1777596602657,,,19734.746,139.0,139.0,65.0,//specials-images.forbesimg.com/imageserve/5e9f5b3df0b8cf0006295fec/416x416.jpg?background=000000&cropX1=1080&cropX2=1674&cropY1=936&cropY2=1530,152.0,151.0,18700.0,,,,,,
Torstein Hagen,Hagen,torstein-hagen,no-pic,796.122,Cruises,Service,M,Norway,1777596602657,,,19350.255,144.0,144.0,83.0,//specials-images.forbesimg.com/imageserve/5e7b9a2c15b23e00065239fc/416x416.jpg?background=000000&cropX1=735&cropX2=2850&cropY1=0&cropY2=2114,153.0,153.0,18400.0,,,,,,
James Ratcliffe,Ratcliffe,james-ratcliffe,james-ratcliffe,0.0,Chemicals,Manufacturing,M,United Kingdom,1777596602657,,,18246.948,150.0,150.0,73.0,https://specials-images.forbesimg.com/imageserve/5c726a0f31358e35dd2701e3/416x416.jpg?background=000000&cropX1=715&cropX2=2215&cropY1=115&cropY2=1614,154.0,153.0,18400.0,,,,,,
Wang Ning,Wang,wang-ning,no-pic,31.533,Toys,Media & Entertainment,M,China,1777596602657,,,12681.451,248.0,248.0,39.0,https://specials-images.forbesimg.com/imageserve/606c82db99e962b0d731e4a3/416x416.jpg?background=000000&cropX1=585&cropX2=2019&cropY1=265&cropY2=1700,155.0,153.0,18400.0,,,,,,
Ludwig Merckle,Merckle,ludwig-merckle,ludwig-merckle,129.008,Pharmaceuticals,Finance & Investments,M,Germany,1777596602657,,,18032.678,153.0,153.0,61.0,//specials-images.forbesimg.com/imageserve/58a1dd824bbe6f0e5586a942/416x416.jpg?background=000000&cropX1=0&cropX2=744&cropY1=256&cropY2=1000,156.0,156.0,18300.0,,,,,,
Sarath Ratanavadi,Ratanavadi,sarath-ratanavadi,no-pic,-68.181,Energy,Energy,M,Thailand,1777596602657,,,16015.521,176.0,176.0,60.0,https://specials-images.forbesimg.com/imageserve/6863fb67c048d4c3b9daafa2/416x416.jpg?background=000000&cropX1=348&cropX2=994&cropY1=298&cropY2=945,157.0,157.0,18100.0,,,,,,
"Theo Albrecht, Jr.",Albrecht,theo-albrecht-jr,no-pic,0.0,"Aldi, Trader Joe's",Fashion & Retail,M,Germany,1777596602657,,,17126.522,161.0,161.0,75.0,https://specials-images.forbesimg.com/imageserve/6050f48ca1ab099ed6e290cc/416x416.jpg?background=000000&cropX1=0&cropX2=800&cropY1=0&cropY2=800,158.0,158.0,18000.0,,,,,,
Edwin Chen,Chen,edwin-chen,no-pic,0.0,Artificial intelligence,Technology,M,United States,1777596602657,NY,New York,18000.0,154.0,154.0,38.0,https://specials-images.forbesimg.com/imageserve/68e3f4a2b481719999b5b19c/416x416.jpg?background=000000&cropX1=7&cropX2=3699&cropY1=281&cropY2=3975,159.0,158.0,18000.0,,,,,,
Charlene de Carvalho-Heineken,de Carvalho-Heineken,charlene-de-carvalho-heineken,charlene-de-carvalho-heineken,190.171,Heineken,Food & Beverage,F,Netherlands,1777596602657,,,15508.231,183.0,183.0,71.0,//specials-images.forbesimg.com/imageserve/5e76fd5fd8e1ae0007b72836/416x416.jpg?background=000000&cropX1=40&cropX2=1122&cropY1=61&cropY2=1144,160.0,160.0,17900.0,,,,,,
Eric Smidt,Smidt,eric-smidt,no-pic,0.0,Hardware stores,Fashion & Retail,M,United States,1777596602657,CA,California,17923.0,155.0,155.0,66.0,https://specials-images.forbesimg.com/imageserve/68b7220cad0392b745d27d34/416x416.jpg?background=000000&cropX1=0&cropX2=589&cropY1=77&cropY2=666,161.0,160.0,17900.0,,,,,,
John Collison,Collison,john-collison,john-collison,0.0,Payment software,Technology,M,Ireland,1777596602657,CA,California,17490.0,158.0,158.0,35.0,//specials-images.forbesimg.com/imageserve/5e76c91ed8e1ae0007b725d7/416x416.jpg?background=000000&cropX1=389&cropX2=1167&cropY1=132&cropY2=910,162.0,162.0,17500.0,"Cofounder, Stripe",False,,,,
Patrick Collison,Collison,patrick-collison,patrick-collison,0.0,Payment software,Technology,M,Ireland,1777596602657,CA,California,17490.0,158.0,159.0,37.0,https://specials-images.forbesimg.com/imageserve/619e651e6b47f0c29e025b72/416x416.jpg?background=000000&cropX1=0&cropX2=1080&cropY1=0&cropY2=1080,163.0,162.0,17500.0,"Cofounder, Stripe",False,,,,
David Sun,Sun,david-sun,david-sun,0.0,Computer hardware,Technology,M,United States,1777596602657,CA,California,23606.359,114.0,114.0,74.0,//specials-images.forbesimg.com/imageserve/56dbf33ff9a34972aa0637c95ea9c36b/416x416.jpg?background=000000&cropX1=0&cropX2=744&cropY1=85&cropY2=829,164.0,164.0,17400.0,"COO, Kingston Technology Corporation",False,,,,
John Tu,Tu,john-tu,john-tu,0.0,Computer hardware,Technology,M,United States,1777596602657,CA,California,23630.149,113.0,113.0,84.0,//specials-images.forbesimg.com/imageserve/a8e97df48d0b22d58aa783577ec6c714/416x416.jpg?background=000000&cropX1=3&cropX2=744&cropY1=63&cropY2=804,165.0,164.0,17400.0,"President, Kingston Technology Corporation",False,,,,
Brad Jacobs,Jacobs,brad-jacobs,no-pic,193.663,Logistics,Logistics,M,United States,1777596602657,CT,Connecticut,15580.583,181.0,181.0,69.0,//specials-images.forbesimg.com/imageserve/5d92021b6de3150009a58b52/416x416.jpg?background=000000&cropX1=525&cropX2=1914&cropY1=812&cropY2=2203,166.0,166.0,17100.0,,,,,,
Jan Koum,Koum,jan-koum,jan-koum,-212.455,WhatsApp,Technology,M,United States,1777596602657,CA,California,16956.388,163.0,163.0,50.0,//specials-images.forbesimg.com/imageserve/5d8a61aa22254b0008e15a3f/416x416.jpg?background=000000&cropX1=46&cropX2=1310&cropY1=63&cropY2=1329,167.0,166.0,17100.0,,,,,,
Zhou Qunfei,Zhou,zhou-qunfei,zhou-qunfei,-58.899,Smartphone screens,Technology,F,Hong Kong,1777596602657,,,12811.82,243.0,243.0,,https://specials-images.forbesimg.com/imageserve/6724fc55963e6ec9e66025bc/416x416.jpg?background=000000&cropX1=366&cropX2=1023&cropY1=221&cropY2=878,168.0,166.0,17100.0,,,,,,
Lu Xiangyang,Lu,lu-xiangyang,lu-xiangyang,-306.044,"Automobiles, batteries",Automotive,M,China,1777596602657,,,19811.486,138.0,138.0,63.0,https://specials-images.forbesimg.com/imageserve/6050f48ca1ab099ed6e290cc/416x416.jpg?background=000000&cropX1=0&cropX2=800&cropY1=0&cropY2=800,169.0,169.0,17000.0,,,,,,
Stephen Ross,Ross,stephen-ross,stephen-ross,0.0,Real estate,Real Estate,M,United States,1777596602657,FL,Florida,16982.712,162.0,162.0,85.0,https://specials-images.forbesimg.com/imageserve/6155d324dc08886dde5040d8/416x416.jpg?background=000000&cropX1=811&cropX2=2999&cropY1=83&cropY2=2268,170.0,169.0,17000.0,,,,,,
Arthur Dantchik,Dantchik,arthur-dantchik,no-pic,0.0,"Trading, investments",Finance & Investments,M,United States,1777596602657,PA,Pennsylvania,16877.0,164.0,164.0,68.0,,171.0,171.0,16900.0,,,,,,
Li Shuirong,Li,li-shuirong,li-shuirong,284.374,Petrochemicals,Manufacturing,M,China,1777596602657,,,15479.679,184.0,184.0,69.0,https://specials-images.forbesimg.com/imageserve/61a52212402ed8086d7a1ac9/416x416.jpg?background=000000&cropX1=0&cropX2=800&cropY1=0&cropY2=800,172.0,171.0,16900.0,,,,,,
Anders Holch Povlsen,Povlsen,anders-holch-povlsen,anders-holch-povlsen,6.066,Fashion retail,Fashion & Retail,M,Denmark,1777596602657,,,16708.057,166.0,166.0,53.0,//specials-images.forbesimg.com/imageserve/5e75908fc7b02d000666c3be/416x416.jpg?background=000000&cropX1=329&cropX2=1870&cropY1=44&cropY2=1585,173.0,171.0,16900.0,,,,,,
Wang Wei,Wang,wang-wei,wang-wei,89.12,Package delivery,Service,M,China,1777596602657,,,16410.455,171.0,171.0,55.0,https://specials-images.forbesimg.com/imageserve/6902420314aab20d2b740f5e/416x416.jpg?background=000000&cropX1=55&cropX2=1136&cropY1=0&cropY2=1080,174.0,174.0,16600.0,,,,,,
Mikhail Fridman,Fridman,mikhail-fridman,mikhail-fridman,21.725,"Oil, banking, telecom",Energy,M,Russia,1777596602657,,,16353.268,172.0,172.0,62.0,https://specials-images.forbesimg.com/imageserve/622a4eacebc226db357a752a/416x416.jpg?background=000000&cropX1=228&cropX2=1253&cropY1=0&cropY2=1025,175.0,175.0,16500.0,,,,,,
Enrique Razon Jr.,Razon Jr.,enrique-razon-jr,enrique-razon-jr,-186.018,Ports,Logistics,M,Philippines,1777596602657,,,15345.88,186.0,186.0,66.0,https://specials-images.forbesimg.com/imageserve/64cbd17ca2ba31d32cc6f9a3/416x416.jpg?background=000000&cropX1=531&cropX2=1354&cropY1=17&cropY2=840,176.0,175.0,16500.0,,,,,,
George Kaiser,Kaiser,george-kaiser,george-kaiser,166.699,"Oil & gas, banking",Energy,M,United States,1777596602657,OK,Oklahoma,16079.854,175.0,175.0,83.0,//specials-images.forbesimg.com/imageserve/5ba439ef31358e5690cd9d73/416x416.jpg?background=000000&cropX1=2031&cropX2=5125&cropY1=15&cropY2=3107,177.0,177.0,16200.0,"Chairman, Bank of Oklahoma",False,,,,
Charles Ergen,Ergen,charles-ergen,charles-ergen,488.777,Satellite TV,Media & Entertainment,M,United States,1777596602657,CO,Colorado,17216.096,160.0,160.0,73.0,https://specials-images.forbesimg.com/imageserve/5f4e9b86504b236199de396e/416x416.jpg?background=000000&cropX1=655&cropX2=2985&cropY1=0&cropY2=2328,178.0,178.0,16100.0,,,,,,
Peter Mallouk,Mallouk,peter-mallouk,no-pic,0.0,Wealth planning,Finance & Investments,M,United States,1777596602657,KS,Kansas,16082.0,174.0,174.0,56.0,//specials-images.forbesimg.com/imageserve/5ab944eda7ea432fbc1d2d9c/416x416.jpg?background=000000&cropX1=0&cropX2=400&cropY1=0&cropY2=400,179.0,178.0,16100.0,"Wealth Advisor, Creative Planning",False,,,,
Johann Rupert,Rupert,johann-rupert,johann-rupert,207.897,Luxury goods,Fashion & Retail,M,South Africa,1777596602657,,,15078.696,192.0,192.0,75.0,//specials-images.forbesimg.com/imageserve/5e77abf210380d0006fbc437/416x416.jpg?background=000000&cropX1=69&cropX2=901&cropY1=177&cropY2=1009,180.0,178.0,16100.0,,,,,,
Zhang Zhidong,Zhang,zhang-zhidong,zhang-zhidong,-288.444,Online games,Technology,M,China,1777596602657,,,14789.143,197.0,197.0,54.0,//specials-images.forbesimg.com/imageserve/5bcf8eec31358e5b4334465b/416x416.jpg?background=000000&cropX1=249&cropX2=943&cropY1=98&cropY2=793,181.0,178.0,16100.0,,,,,,
Harold Hamm,Hamm,harold-hamm,harold-hamm,0.0,Oil & gas,Energy,M,United States,1777596602657,OK,Oklahoma,16000.0,177.0,177.0,80.0,//specials-images.forbesimg.com/imageserve/5d8a634322254b0008e15a64/416x416.jpg?background=000000&cropX1=880&cropX2=1549&cropY1=0&cropY2=668,182.0,182.0,16000.0,"Chairman and CEO, Continental Resources",False,,,,
Zou Zhinong,Zou,zou-zhinong,no-pic,-154.986,Telecom equipment,Manufacturing,M,China,1777596602657,,,13339.358,223.0,223.0,58.0,https://specials-images.forbesimg.com/imageserve/6902486ac275c8fc3cb0ddcb/416x416.jpg?background=000000&cropX1=0&cropX2=800&cropY1=0&cropY2=800,183.0,183.0,15900.0,,,,,,
Adam Foroughi,Foroughi,adam-foroughi,no-pic,104.108,advertising technology,Technology,M,United States,1777596602657,CA,California,16170.763,173.0,173.0,45.0,https://specials-images.forbesimg.com/imageserve/66cf593d5bf6b6d6d4ab3206/416x416.jpg?background=000000&cropX1=231&cropX2=823&cropY1=14&cropY2=606,184.0,184.0,15800.0,,,,,,
Radhakishan Damani,Damani,radhakishan-damani-1,no-pic,-12.055,"Retail, investments",Fashion & Retail,M,India,1777596602657,,,17761.22,156.0,156.0,71.0,,185.0,185.0,15700.0,,,,,,
Friedhelm Loh,Loh,friedhelm-loh,friedhelm-loh,0.0,Manufacturing,Manufacturing,M,Germany,1777596602657,,,15312.975,187.0,187.0,79.0,//specials-images.forbesimg.com/imageserve/5e76256710380d0006fbacf3/416x416.jpg?background=000000&cropX1=359&cropX2=1453&cropY1=0&cropY2=1092,186.0,186.0,15500.0,,,,,,
Peter Woo,Woo,peter-woo,peter-woo,453.299,Real estate,Real Estate,M,Hong Kong,1777596602657,,,14661.184,199.0,199.0,79.0,https://specials-images.forbesimg.com/imageserve/620d2693995b45d70b8590b0/416x416.jpg?background=000000&cropX1=806&cropX2=1851&cropY1=642&cropY2=1687,187.0,186.0,15500.0,,,,,,
Ray Dalio,Dalio,ray-dalio,ray-dalio,0.0,Hedge funds,Finance & Investments,M,United States,1777596602657,CT,Connecticut,15383.97,185.0,185.0,76.0,https://specials-images.forbesimg.com/imageserve/5ac959f74bbe6f2310f1e05c/416x416.jpg?background=000000&cropX1=657&cropX2=3206&cropY1=80&cropY2=2627,188.0,188.0,15400.0,"Founder & CIO Mentor, Bridgewater Associates",False,1000.0,,,
Wang Liping,Wang,wang-liping,no-pic,-2.573,Hydraulic machinery,Manufacturing,M,China,1777596602657,,,14430.676,201.0,201.0,60.0,https://specials-images.forbesimg.com/imageserve/6725006e5f4e9e8ea36f7cd7/416x416.jpg?background=000000&cropX1=1&cropX2=800&cropY1=1&cropY2=800,189.0,188.0,15400.0,,,,,,
Terry Gou,Gou,terry-gou,terry-gou,-267.171,Electronics,Technology,M,Taiwan,1777596602657,,,13942.941,211.0,211.0,75.0,https://specials-images.forbesimg.com/imageserve/66560d208c7542387afde2f5/416x416.jpg?background=000000&cropX1=130&cropX2=704&cropY1=15&cropY2=589,190.0,190.0,15300.0,,,,,,
Donald Newhouse,Newhouse,donald-newhouse,donald-newhouse,50.836,Media,Media & Entertainment,M,United States,1777596602657,NY,New York,14410.608,202.0,202.0,96.0,https://specials-images.forbesimg.com/imageserve/5f4e9fd63fe2632db7de396e/416x416.jpg?background=000000&cropX1=421&cropX2=2796&cropY1=63&cropY2=2436,191.0,190.0,15300.0,,,,,,
Hussain Sajwani,Sajwani,hussain-sajwani,hussain-sajwani,0.534,Real estate,Real Estate,M,United Arab Emirates,1777596602657,,,15286.034,188.0,188.0,73.0,https://specials-images.forbesimg.com/imageserve/603d60e6d1100129fa70b050/416x416.jpg?background=000000&cropX1=382&cropX2=1181&cropY1=216&cropY2=1015,192.0,190.0,15300.0,,,,,,
James Dyson,Dyson,james-dyson,james-dyson,0.0,Vacuums,Manufacturing,M,United Kingdom,1777596602657,,,15020.346,193.0,193.0,78.0,//specials-images.forbesimg.com/imageserve/5e77f331d8e1ae0007b738e9/416x416.jpg?background=000000&cropX1=477&cropX2=2227&cropY1=59&cropY2=1808,193.0,193.0,15000.0,,,,,,
Shahid Khan,Khan,shahid-khan,shahid-khan,0.0,"Sports teams, auto parts",Automotive,M,United States,1777596602657,FL,Florida,14914.242,195.0,195.0,75.0,//specials-images.forbesimg.com/imageserve/5d8a654022254b0008e15acc/416x416.jpg?background=000000&cropX1=261&cropX2=2362&cropY1=268&cropY2=2372,194.0,193.0,15000.0,,,,,,
Antonia Ax:son Johnson,Ax:son Johnson,antonia-axson-johnson,no-pic-female,-1.183,Diversified,Diversified,F,Sweden,1777596602657,,,13842.816,215.0,215.0,82.0,//specials-images.forbesimg.com/imageserve/5c721c55a7ea431000435142/416x416.jpg?background=000000&cropX1=624&cropX2=2349&cropY1=0&cropY2=1724,195.0,195.0,14800.0,,,,,,
Jaime Gilinski Bacal,Gilinski Bacal,jaime-gilinski-bacal,jaime-gilinski-bacal,51.0,Banking,Finance & Investments,M,Colombia,1777596602657,,,15213.391,190.0,190.0,68.0,//specials-images.forbesimg.com/imageserve/4f07d582150616600588bf39ab92e054/416x416.jpg?background=000000&cropX1=0&cropX2=744&cropY1=66&cropY2=810,196.0,196.0,14700.0,,,,,,
Ann Walton Kroenke,Kroenke,ann-walton-kroenke,ann-walton-kroenke,235.553,Walmart,Fashion & Retail,F,United States,1777596602657,TX,Texas,14870.796,196.0,196.0,77.0,//specials-images.forbesimg.com/imageserve/5ba4d59031358e5690cda47f/416x416.jpg?background=000000&cropX1=21&cropX2=1217&cropY1=133&cropY2=1329,197.0,197.0,14600.0,,,,,,
Xavier Niel,Niel,xavier-niel,xavier-niel,229.922,"Internet, telecom",Telecom,M,France,1777596602657,,,15254.798,189.0,189.0,58.0,//specials-images.forbesimg.com/imageserve/5e75a6c2d8e1ae0007b716d8/416x416.jpg?background=000000&cropX1=1022&cropX2=3225&cropY1=122&cropY2=2324,198.0,197.0,14600.0,,,,,,
Alisher Usmanov,Usmanov,alisher-usmanov,alisher-usmanov,-58.705,"Steel, telecom, investments",Metals & Mining,M,Russia,1777596602657,,,14169.687,206.0,206.0,72.0,https://specials-images.forbesimg.com/imageserve/607a044ee9910fe868a69505/416x416.jpg?background=000000&cropX1=183&cropX2=812&cropY1=23&cropY2=651,199.0,199.0,14500.0,"Founder, Metalloinvest",False,,,,
David Velez,Velez,david-velez,no-pic,398.455,Fintech,Finance & Investments,M,Colombia,1777596602657,,,14090.003,208.0,208.0,44.0,https://specials-images.forbesimg.com/imageserve/60638457e39799801c5746a7/416x416.jpg?background=000000&cropX1=20&cropX2=1334&cropY1=129&cropY2=1443,200.0,199.0,14500.0,,,,,,
Uday Kotak,Kotak,uday-kotak,uday-kotak,28.359,Banking,Finance & Investments,M,India,1777596602657,,,12970.402,236.0,236.0,67.0,https://specials-images.forbesimg.com/imageserve/652572b911abb7271c0656fe/416x416.jpg?background=000000&cropX1=1401&cropX2=3921&cropY1=88&cropY2=2607,201.0,201.0,14400.0,,,,,,
Jack Dangermond,Dangermond,jack-dangermond,jack-dangermond,0.0,Mapping software,Technology,M,United States,1777596602657,CA,California,15105.48,191.0,191.0,80.0,//specials-images.forbesimg.com/imageserve/5d8aa41f22254b0008e161e8/416x416.jpg?background=000000&cropX1=85&cropX2=443&cropY1=0&cropY2=358,202.0,202.0,14300.0,,,,,,
Joseph Lau,Lau,joseph-lau,joseph-lau,0.0,Real estate,Real Estate,M,Hong Kong,1777596602657,,,14248.799,205.0,205.0,74.0,https://specials-images.forbesimg.com/imageserve/65d4c5dda401ff9cf4b74438/416x416.jpg?background=000000&cropX1=583&cropX2=1313&cropY1=100&cropY2=830,203.0,202.0,14300.0,,,,,,
Jason Chang,Chang,jason-chang,jason-chang,-329.279,Semiconductors,Manufacturing,M,Singapore,1777596602657,,,16606.367,168.0,168.0,82.0,//specials-images.forbesimg.com/imageserve/5fc2a1468e3fa5f7e688c992791f5e72/416x416.jpg?background=000000&cropX1=26&cropX2=698&cropY1=102&cropY2=774,204.0,204.0,14200.0,,,,,,
Robert Kuok,Kuok,robert-kuok,robert-kuok,-70.916,"Palm oil, shipping, property",Diversified,M,Malaysia,1777596602657,,,13915.379,212.0,212.0,102.0,//specials-images.forbesimg.com/imageserve/5c70f2834bbe6f79c547439c/416x416.jpg?background=000000&cropX1=86&cropX2=2585&cropY1=350&cropY2=2851,205.0,204.0,14200.0,,,,,,
Barry Lam,Lam,barry-lam,barry-lam,-315.704,Electronics,Technology,M,Taiwan,1777596602657,,,14778.358,198.0,198.0,77.0,https://specials-images.forbesimg.com/imageserve/56cc32c1e4b062f6b59a4fdd/416x416.jpg?background=000000&cropX1=81&cropX2=596&cropY1=118&cropY2=634,206.0,204.0,14200.0,,,,,,
Sunil Mittal,Mittal,sunil-mittal-1,no-pic,38.98,Telecom,Telecom,M,India,1777596602657,,,13756.409,218.0,218.0,68.0,https://specials-images.forbesimg.com/imageserve/68e69504d678f93a6fd3b32e/416x416.jpg?background=000000&cropX1=343&cropX2=2458&cropY1=259&cropY2=2374,207.0,204.0,14200.0,,,,,,
Ralph Lauren & Family,Lauren & Family,ralph-lauren-family,no-pic,-17.966,Apparel,Fashion & Retail,M,United States,1777596602657,NY,New York,14029.13,209.0,209.0,86.0,https://specials-images.forbesimg.com/imageserve/5f4d624c9203e6bccfc46e87/416x416.jpg?background=000000&cropX1=1084&cropX2=2223&cropY1=371&cropY2=1511,208.0,208.0,14100.0,,,,,,
Pei Zhenhua,Pei,pei-zhenhua-1,no-pic,-299.113,Batteries,Energy,M,China,1777596602657,,,19524.696,141.0,141.0,67.0,https://specials-images.forbesimg.com/imageserve/6724fd2e068e56b31f39b825/416x416.jpg?background=000000&cropX1=2&cropX2=800&cropY1=1&cropY2=799,209.0,208.0,14100.0,,,,,,
Robert Kraft,Kraft,robert-kraft,robert-kraft,0.0,"Manufacturing, New England Patriots",Sports,M,United States,1777596602657,MA,Massachusetts,13841.585,216.0,216.0,84.0,https://specials-images.forbesimg.com/imageserve/64a85309b1ebfd68d09b888d/416x416.jpg?background=000000&cropX1=0&cropX2=898&cropY1=318&cropY2=1219,210.0,210.0,13800.0,"Chairman & CEO, The Kraft Group",False,,,,
Hasso Plattner,Plattner,hasso-plattner,hasso-plattner,-16.453,Software,Technology,M,Germany,1777596602657,,,12556.698,249.0,249.0,82.0,//specials-images.forbesimg.com/imageserve/5e762726d8e1ae0007b71a6b/416x416.jpg?background=000000&cropX1=1757&cropX2=3583&cropY1=0&cropY2=1827,211.0,210.0,13800.0,,,,,,
Bubba Cathy,Cathy,bubba-cathy,bubba-cathy,0.0,Chick-fil-A,Food & Beverage,M,United States,1777596602657,GA,Georgia,13071.496,233.0,233.0,72.0,//specials-images.forbesimg.com/imageserve/5601a7bae4b0ffa7afe4f31b/416x416.jpg?background=000000&cropX1=5&cropX2=744&cropY1=2&cropY2=742,212.0,212.0,13700.0,,,,,,
Dan Cathy,Cathy,dan-cathy,dan-cathy,0.0,Chick-fil-A,Food & Beverage,M,United States,1777596602657,GA,Georgia,13081.369,231.0,231.0,73.0,//specials-images.forbesimg.com/imageserve/5601a7fbe4b0ffa7afe4f321/416x416.jpg?background=000000&cropX1=27&cropX2=678&cropY1=21&cropY2=672,213.0,212.0,13700.0,,,,,,
Trudy Cathy White,Cathy White,trudy-cathy-white,no-pic-female,0.0,Chick-fil-A,Food & Beverage,F,United States,1777596602657,GA,Georgia,13081.369,231.0,232.0,70.0,,214.0,212.0,13700.0,,,,,,
Laurene Powell Jobs,Powell Jobs,laurene-powell-jobs,laurene-powell-jobs,50.858,"Apple, Disney",Technology,F,United States,1777596602657,CA,California,13909.048,213.0,213.0,62.0,//specials-images.forbesimg.com/imageserve/5d8e17856c7c8f0009907ebd/416x416.jpg?background=000000&cropX1=217&cropX2=1524&cropY1=0&cropY2=1308,215.0,212.0,13700.0,"Founder, Emerson Collective",False,,,,
Dmitri Bukhman,Bukhman,dmitri-bukhman,no-pic,4.55,Online games,Media & Entertainment,M,Israel,1777596602657,,,13570.471,220.0,220.0,40.0,//specials-images.forbesimg.com/imageserve/5e77f0e6c7b02d000666e1b2/416x416.jpg?background=000000&cropX1=64&cropX2=671&cropY1=19&cropY2=626,216.0,216.0,13600.0,,,,,,
Igor Bukhman,Bukhman,igor-bukhman,no-pic,4.55,Online games,Media & Entertainment,M,Israel,1777596602657,,,13570.471,220.0,221.0,44.0,https://specials-images.forbesimg.com/imageserve/62475447958a861c14859098/416x416.jpg?background=000000&cropX1=0&cropX2=1743&cropY1=0&cropY2=1743,217.0,216.0,13600.0,,,,,,
"Edward Johnson, IV.",Johnson,edward-johnson-iv,no-pic,0.0,Fidelity,Finance & Investments,M,United States,1777596602657,MA,Massachusetts,15561.695,182.0,182.0,61.0,,218.0,216.0,13600.0,,,,,,
Cao Renxian,Cao,cao-renxian,no-pic,-61.026,Photovoltaic equipment,Energy,M,China,1777596602657,,,12926.65,238.0,238.0,57.0,,219.0,219.0,13500.0,"Chief Executive Officer, Sungrow Power Supply",False,,,,
Hamdi Ulukaya,Ulukaya,hamdi-ulukaya,hamdi-ulukaya,0.0,Greek yogurt,Food & Beverage,M,Turkey,1777596602657,NY,New York,12940.108,237.0,237.0,53.0,//specials-images.forbesimg.com/imageserve/5e77e12210380d0006fbc828/416x416.jpg?background=000000&cropX1=303&cropX2=2947&cropY1=23&cropY2=2667,220.0,219.0,13500.0,"Founder and CEO, Chobani",False,,,,
Ivan Glasenberg,Glasenberg,ivan-glasenberg,ivan-glasenberg,237.254,Mining,Metals & Mining,M,Switzerland,1777596602657,,,14011.533,210.0,210.0,69.0,//specials-images.forbesimg.com/imageserve/5e77d02310380d0006fbc6b6/416x416.jpg?background=000000&cropX1=1345&cropX2=4926&cropY1=255&cropY2=3840,221.0,221.0,13400.0,,,,,,
Wang Weixiu,Wang,wang-weixiu,no-pic,285.603,Machinery,Manufacturing,M,China,1777596602657,,,21457.095,126.0,126.0,75.0,https://specials-images.forbesimg.com/imageserve/67250cfc37fcfbc89abf0fae/416x416.jpg?background=000000&cropX1=1&cropX2=799&cropY1=2&cropY2=800,222.0,221.0,13400.0,,,,,,
David Reuben,Reuben,david-reuben,no-pic,0.0,"Investments, real estate",Real Estate,M,United Kingdom,1777596602657,,,13325.859,224.0,224.0,87.0,//specials-images.forbesimg.com/imageserve/5e77ef2bc7b02d000666e18c/416x416.jpg?background=000000&cropX1=67&cropX2=1744&cropY1=3&cropY2=1680,223.0,223.0,13300.0,,,,,,
Simon Reuben,Reuben,simon-reuben,simon-reuben,0.0,"Real estate, investments",Diversified,M,United Kingdom,1777596602657,,,13325.859,224.0,225.0,85.0,//specials-images.forbesimg.com/imageserve/5e77f9a510380d0006fbc995/416x416.jpg?background=000000&cropX1=922&cropX2=2645&cropY1=72&cropY2=1796,224.0,223.0,13300.0,,,,,,
Joseph Tsai,Tsai,joseph-tsai,joseph-tsai,-154.423,E-commerce,Technology,M,Canada,1777596602657,,,12770.64,244.0,244.0,62.0,https://specials-images.forbesimg.com/imageserve/67be4bab704990dc451c69cc/416x416.jpg?background=000000&cropX1=115&cropX2=1006&cropY1=637&cropY2=1529,225.0,223.0,13300.0,,,,,,
Ken Fisher,Fisher,ken-fisher,ken-fisher,0.0,Money management,Finance & Investments,M,United States,1777596602657,TX,Texas,13154.0,228.0,228.0,75.0,//specials-images.forbesimg.com/imageserve/59dbd16931358e542c038093/416x416.jpg?background=000000&cropX1=119&cropX2=540&cropY1=34&cropY2=455,226.0,226.0,13200.0,,,,,,
Sandra Ortega Mera,Ortega Mera,sandra-ortega-mera,sandra-ortega-mera,-11.026,Zara,Fashion & Retail,F,Spain,1777596602657,,,12057.032,256.0,256.0,57.0,//specials-images.forbesimg.com/imageserve/cf7804ae82275751814f94dc5378387a/416x416.jpg?background=000000&cropX1=31&cropX2=648&cropY1=15&cropY2=632,227.0,226.0,13200.0,,,,,,
Alexander Karp,Karp,alexander-karp,alexander-karp,93.073,Software firm,Technology,M,United States,1777596602657,NH,New Hampshire,13283.091,226.0,226.0,58.0,https://specials-images.forbesimg.com/imageserve/67604f9532a49a6580ba2826/416x416.jpg?background=000000&cropX1=137&cropX2=1882&cropY1=132&cropY2=1875,228.0,228.0,13100.0,"Cofounder and CEO, Palantir Technologies",False,,,,
J. Christopher Reyes,Reyes,j-christopher-reyes,j-christopher-reyes,0.0,Food distribution,Food & Beverage,M,United States,1777596602657,FL,Florida,13100.0,229.0,229.0,72.0,//specials-images.forbesimg.com/imageserve/033ba8ea1f4e0697e1ca957753400dc9/416x416.jpg?background=000000&cropX1=35&cropX2=698&cropY1=3&cropY2=667,229.0,228.0,13100.0,"Co-Chairman, Reyes Holdings",False,,,,
Jude Reyes,Reyes,jude-reyes,no-pic,0.0,Food distribution,Food & Beverage,M,United States,1777596602657,FL,Florida,13100.0,229.0,230.0,70.0,,230.0,228.0,13100.0,"Co-Chairman, Reyes Holdings",False,,,,
Anthoni Salim,Salim,anthoni-salim-1,no-pic,106.052,Diversified,Diversified,M,Indonesia,1777596602657,,,11914.361,261.0,261.0,76.0,,231.0,228.0,13100.0,,,,,,
Richard Kinder,Kinder,richard-kinder,richard-kinder,265.83,Pipelines,Energy,M,United States,1777596602657,TX,Texas,12883.32,240.0,240.0,81.0,//specials-images.forbesimg.com/imageserve/5c76d0e4a7ea43100043cdf2/416x416.jpg?background=000000&cropX1=995&cropX2=3185&cropY1=56&cropY2=2245,232.0,232.0,13000.0,,,,,,
Charles Schwab,Schwab,charles-schwab,charles-schwab,45.289,Discount brokerage,Finance & Investments,M,United States,1777596602657,CA,California,12691.15,247.0,247.0,88.0,//specials-images.forbesimg.com/imageserve/5d8a66976de3150009a4f8e6/416x416.jpg?background=000000&cropX1=1827&cropX2=4378&cropY1=8&cropY2=2557,233.0,232.0,13000.0,"Chairman and Founder, Charles Schwab",False,,,,
Orlando Bravo,Bravo,orlando-bravo,no-pic,0.0,Private equity,Finance & Investments,M,United States,1777596602657,FL,Florida,12834.129,242.0,242.0,55.0,https://specials-images.forbesimg.com/imageserve/651c892b7ccfc59471da164f/416x416.jpg?background=000000&cropX1=291&cropX2=1674&cropY1=0&cropY2=1383,234.0,234.0,12800.0,,,,,,
Lin Muqin,Lin,lin-muqin,no-pic,-221.228,Beverages,Food & Beverage,M,China,1777596602657,,,10960.692,297.0,297.0,62.0,https://specials-images.forbesimg.com/imageserve/6182ccfed143a6cc30e9678c/416x416.jpg?background=000000&cropX1=513&cropX2=2230&cropY1=0&cropY2=1718,235.0,234.0,12800.0,,,,,,
Anthony Pratt,Pratt,anthony-pratt,anthony-pratt,0.0,Manufacturing,Manufacturing,M,Australia,1777596602657,,,10434.501,319.0,319.0,66.0,https://specials-images.forbesimg.com/imageserve/65ca4afebb8e952eca596533/416x416.jpg?background=000000&cropX1=160&cropX2=729&cropY1=34&cropY2=602,236.0,234.0,12800.0,,,,,,
Kushal Pal Singh,Singh,kushal-pal-singh,kushal-pal-singh,-132.419,Real estate,Real Estate,M,India,1777596602657,,,11847.49,264.0,264.0,94.0,//specials-images.forbesimg.com/imageserve/56ca6a42e4b062f6b59a3447/416x416.jpg?background=000000&cropX1=8&cropX2=744&cropY1=232&cropY2=968,237.0,237.0,12700.0,,,,,,
Andrew Beal,Beal,andrew-beal,andrew-beal,0.0,"Banks, real estate",Finance & Investments,M,United States,1777596602657,TX,Texas,12314.112,251.0,251.0,73.0,//specials-images.forbesimg.com/imageserve/572275fc31358e1869e2bbb5/416x416.jpg?background=000000&cropX1=23&cropX2=651&cropY1=24&cropY2=652,238.0,238.0,12600.0,,,,,,
James Goodnight,Goodnight,james-goodnight,james-goodnight,0.0,Software,Technology,M,United States,1777596602657,NC,North Carolina,13213.983,227.0,227.0,83.0,//specials-images.forbesimg.com/imageserve/5d8a6ffb22254b0008e15c68/416x416.jpg?background=000000&cropX1=754&cropX2=2040&cropY1=4&cropY2=1290,239.0,238.0,12600.0,"CEO, SAS Institute",False,,,,
Vikram Lal,Lal,vikram-lal,vikram-lal,-109.378,Motorcycles,Automotive,M,India,1777596602657,,,10780.915,304.0,304.0,84.0,https://specials-images.forbesimg.com/imageserve/652573bee77af2ae13ff5846/416x416.jpg?background=000000&cropX1=0&cropX2=744&cropY1=48&cropY2=792,240.0,238.0,12600.0,,,,,,
Qi Shi,Qi,qi-shi,qi-shi,60.823,Financial information,Technology,M,China,1777596602657,,,11412.806,281.0,281.0,56.0,https://specials-images.forbesimg.com/imageserve/6050f48ca1ab099ed6e290cc/416x416.jpg?background=000000&cropX1=0&cropX2=800&cropY1=0&cropY2=800,241.0,241.0,12500.0,,,,,,
George Roberts,Roberts,george-roberts,george-roberts,419.035,Private equity,Finance & Investments,M,United States,1777596602657,CA,California,13852.473,214.0,214.0,82.0,//specials-images.forbesimg.com/imageserve/5d8a8a0b6de3150009a500b5/416x416.jpg?background=000000&cropX1=743&cropX2=1994&cropY1=9&cropY2=1259,242.0,241.0,12500.0,,,,,,
David Steward,Steward,david-steward,no-pic,0.0,IT provider,Technology,M,United States,1777596602657,MO,Missouri,12412.195,250.0,250.0,74.0,https://specials-images.forbesimg.com/imageserve/67605d074446df854f71c662/416x416.jpg?background=000000&cropX1=135&cropX2=1497&cropY1=191&cropY2=1554,243.0,243.0,12400.0,,,,,,
Sun Piaoyang,Sun,sun-piaoyang,sun-piaoyang,-231.789,Pharmaceuticals,Healthcare,M,China,1777596602657,,,11867.643,263.0,263.0,67.0,//specials-images.forbesimg.com/imageserve/5bcf9178a7ea43705914d65b/416x416.jpg?background=000000&cropX1=724&cropX2=3557&cropY1=0&cropY2=2832,244.0,243.0,12400.0,,,,,,
Chris Larsen,Larsen,chris-larsen,no-pic,0.0,Cryptocurrency,Finance & Investments,M,United States,1777596602657,CA,California,12278.044,253.0,253.0,65.0,//specials-images.forbesimg.com/imageserve/5b9fb5e531358e5690cd26ce/416x416.jpg?background=000000&cropX1=1216&cropX2=4560&cropY1=384&cropY2=3725,245.0,245.0,12300.0,,,,,,
Marijke Mars,Mars,marijke-mars,no-pic-female,0.0,"Candy, pet food",Food & Beverage,F,United States,1777596602657,CA,California,11599.805,270.0,270.0,61.0,,246.0,245.0,12300.0,,,,,,
Pamela Mars,Mars,pamela-mars,no-pic-female,0.0,"Candy, pet food",Food & Beverage,F,United States,1777596602657,VA,Virginia,11599.805,270.0,271.0,65.0,https://specials-images.forbesimg.com/imageserve/5c891b0231358e35dd28dcf5/416x416.jpg?background=000000&cropX1=408&cropX2=734&cropY1=64&cropY2=390,247.0,245.0,12300.0,,,,,,
Valerie Mars,Mars,valerie-mars,no-pic-female,0.0,"Candy, pet food",Food & Beverage,F,United States,1777596602657,NY,New York,11599.805,270.0,272.0,67.0,//specials-images.forbesimg.com/imageserve/5d8a6ef16de3150009a4fa7c/416x416.jpg?background=000000&cropX1=3&cropX2=422&cropY1=4&cropY2=423,248.0,245.0,12300.0,,,,,,
Victoria Mars,Mars,victoria-mars,no-pic-female,0.0,"Candy, pet food",Food & Beverage,F,United States,1777596602657,PA,Pennsylvania,11599.805,270.0,273.0,69.0,//specials-images.forbesimg.com/imageserve/59d593da4bbe6f37dda0048f/416x416.jpg?background=000000&cropX1=0&cropX2=682&cropY1=82&cropY2=764,249.0,245.0,12300.0,,,,,,
Francine von Finck,von Finck,francine-von-finck,no-pic-female,4.719,Investments,Finance & Investments,F,Germany,1777596602657,,,12036.426,257.0,257.0,81.0,,250.0,245.0,12300.0,,,,,,
Leon Black,Black,leon-black,leon-black,339.227,Private equity,Finance & Investments,M,United States,1777596602657,NY,New York,13429.392,222.0,222.0,74.0,//specials-images.forbesimg.com/imageserve/5d8a65cc22254b0008e15ad5/416x416.jpg?background=000000&cropX1=679&cropX2=1781&cropY1=23&cropY2=1124,251.0,251.0,12200.0,,,,,,
Charoen Sirivadhanabhakdi,Sirivadhanabhakdi,charoen-sirivadhanabhakdi,charoen-sirivadhanabhakdi,-39.862,"Beverage, Real Estate",Food & Beverage,M,Thailand,1777596602657,,,11055.17,294.0,294.0,81.0,https://specials-images.forbesimg.com/imageserve/60d9ed504bb9397d72570f0a/416x416.jpg?background=000000&cropX1=0&cropX2=600&cropY1=0&cropY2=600,252.0,251.0,12200.0,,,,,,
Zhou Chaonan,Zhou,zhou-chaonan,no-pic-female,-160.198,Manufacturing,Manufacturing,F,China,1777596602657,,,10562.435,313.0,313.0,65.0,https://specials-images.forbesimg.com/imageserve/6902491ab51a552b5ef877bf/416x416.jpg?background=000000&cropX1=0&cropX2=800&cropY1=0&cropY2=800,253.0,251.0,12200.0,,,,,,
Vinod Khosla,Khosla,vinod-khosla,vinod-khosla,938.424,"Sun Microsystems, venture capital",Technology,M,United States,1777596602657,CA,California,14153.19,207.0,207.0,71.0,https://specials-images.forbesimg.com/imageserve/66609d7995eeeeab2e41fba9/416x416.jpg?background=000000&cropX1=466&cropX2=1179&cropY1=52&cropY2=765,254.0,254.0,12100.0,"Founder, Khosla Ventures",False,,,,
Alexander Gerko,Gerko,alexander-gerko,no-pic,0.0,Trading,Finance & Investments,M,United Kingdom,1777596602657,,,12019.711,258.0,258.0,46.0,,255.0,255.0,12000.0,,,,,,
Viatcheslav Kantor,Kantor,viatcheslav-kantor,viatcheslav-kantor,0.0,"Fertilizer, real estate",Manufacturing,M,Russia,1777596602657,,,11953.658,260.0,260.0,72.0,https://specials-images.forbesimg.com/imageserve/62471e214fd8b86f962b15f6/416x416.jpg?background=000000&cropX1=0&cropX2=1018&cropY1=516&cropY2=1534,256.0,255.0,12000.0,,,,,,
Jim Pattison,Pattison,jim-pattison,jim-pattison,13.72,Diversified,Diversified,M,Canada,1777596602657,,,11880.498,262.0,262.0,97.0,//specials-images.forbesimg.com/imageserve/5e74463d2a573300068fcd8d/416x416.jpg?background=000000&cropX1=411&cropX2=2016&cropY1=97&cropY2=1702,257.0,255.0,12000.0,"Founder, Chairman and CEO, Jim Pattison Group",False,,,,
Andreas Struengmann,Struengmann,andreas-struengmann,andreas-struengmann,95.75,Pharmaceuticals,Healthcare,M,Germany,1777596602657,,,11618.688,268.0,268.0,76.0,//specials-images.forbesimg.com/imageserve/6a78176d9c8ceafa3994533f92281f82/416x416.jpg?background=000000&cropX1=61&cropX2=553&cropY1=4&cropY2=496,258.0,255.0,12000.0,,,,,,
Thomas Struengmann,Struengmann,thomas-struengmann,thomas-struengmann,95.75,Pharmaceuticals,Healthcare,M,Germany,1777596602657,,,11618.688,268.0,269.0,76.0,//specials-images.forbesimg.com/imageserve/5a7e557831358e4955ad137a/416x416.jpg?background=000000&cropX1=0&cropX2=2573&cropY1=5&cropY2=2580,259.0,255.0,12000.0,,,,,,
Ravi Jaipuria,Jaipuria,ravi-jaipuria,ravi-jaipuria,-222.952,"Soft drinks, fast food",Food & Beverage,M,India,1777596602657,,,12705.432,246.0,246.0,71.0,https://specials-images.forbesimg.com/imageserve/68e6994fbd67526e968398eb/416x416.jpg?background=000000&cropX1=300&cropX2=1740&cropY1=74&cropY2=1515,260.0,260.0,11900.0,,,,,,
Nadia Thiele,Thiele,nadia-thiele,no-pic-female,105.877,Investments,Finance & Investments,F,Germany,1777596602657,,,10725.319,307.0,307.0,50.0,,261.0,260.0,11900.0,,,,,,
Rafael Del Pino,Del Pino,rafael-del-pino-1,no-pic,265.656,Construction,Construction & Engineering,M,Spain,1777596602657,,,10804.957,301.0,301.0,67.0,//specials-images.forbesimg.com/imageserve/5c720d0d4bbe6f51818ab7e5/416x416.jpg?background=000000&cropX1=206&cropX2=2875&cropY1=0&cropY2=2667,262.0,262.0,11800.0,,,,,,
Christopher Hohn,Hohn,christopher-hohn,christopher-hohn,0.0,Hedge funds,Finance & Investments,M,United Kingdom,1777596602657,,,11830.0,265.0,265.0,59.0,//specials-images.forbesimg.com/imageserve/5c7273624bbe6f51818abd52/416x416.jpg?background=000000&cropX1=263&cropX2=1878&cropY1=304&cropY2=1921,263.0,262.0,11800.0,"Founder, The Children's Investment Fund Management",False,,,,
Pierre Omidyar,Omidyar,pierre-omidyar,pierre-omidyar,-24.913,"EBay, PayPal",Technology,M,United States,1777596602657,HI,Hawaii,12285.474,252.0,252.0,58.0,//specials-images.forbesimg.com/imageserve/5f11f5931c59f70008546278/416x416.jpg?background=000000&cropX1=317&cropX2=854&cropY1=226&cropY2=763,264.0,262.0,11800.0,"Founder, eBay",False,,,,
Finn Rausing,Rausing,finn-rausing,no-pic,66.704,Packaging,Food & Beverage,M,Sweden,1777596602657,,,11530.468,275.0,275.0,71.0,//specials-images.forbesimg.com/imageserve/58a285984bbe6f0e5586bbff/416x416.jpg?background=000000&cropX1=0&cropX2=744&cropY1=61&cropY2=805,265.0,262.0,11800.0,,,,,,
Jorn Rausing,Rausing,jorn-rausing,no-pic,66.704,Packaging,Food & Beverage,M,Sweden,1777596602657,,,11521.995,277.0,277.0,66.0,//specials-images.forbesimg.com/imageserve/58a2883b31358e1a35ab540d/416x416.jpg?background=000000&cropX1=0&cropX2=744&cropY1=50&cropY2=794,266.0,262.0,11800.0,,,,,,
Kirsten Rausing,Rausing,kirsten-rausing,kirsten-rausing,66.704,Packaging,Food & Beverage,F,Sweden,1777596602657,,,11521.995,277.0,278.0,73.0,//specials-images.forbesimg.com/imageserve/58a2898531358e1a35ab5427/416x416.jpg?background=000000&cropX1=2&cropX2=744&cropY1=0&cropY2=743,267.0,262.0,11800.0,,,,,,
Chung Yong-ji,Chung,chung-yong-ji,no-pic,-11.617,Biotech,Healthcare,M,South Korea,1777596602658,,,2526.144,1648.0,1648.0,56.0,,268.0,268.0,11700.0,,,,,,
Carl Cook,Cook,carl-cook,carl-cook,0.0,Medical devices,Healthcare,M,United States,1777596602657,IN,Indiana,10214.51,327.0,327.0,63.0,//specials-images.forbesimg.com/imageserve/25d1399bdf56ecfab4f15f040e20fbe0/416x416.jpg?background=000000&cropX1=13&cropX2=744&cropY1=53&cropY2=785,269.0,268.0,11700.0,,,,,,
Tilman Fertitta,Fertitta,tilman-fertitta,tilman-fertitta,39.39,"Entertainment, Houston Rockets",Food & Beverage,M,United States,1777596602657,TX,Texas,11296.825,286.0,286.0,68.0,https://specials-images.forbesimg.com/imageserve/615b17659c4ca3fd706b1a5d/416x416.jpg?background=000000&cropX1=0&cropX2=1877&cropY1=621&cropY2=2499,270.0,268.0,11700.0,"Chairman and CEO, Landry's Inc",False,,,,
Ernesto Bertarelli,Bertarelli,ernesto-bertarelli,ernesto-bertarelli,-1.155,"Biotech, investments",Healthcare,M,Switzerland,1777596602657,,,11539.004,274.0,274.0,60.0,//specials-images.forbesimg.com/imageserve/5e77cdaad8e1ae0007b7364f/416x416.jpg?background=000000&cropX1=906&cropX2=2274&cropY1=354&cropY2=1721,271.0,271.0,11600.0,,,,,,
Robert Duggan,Duggan,robert-duggan,robert-duggan,430.282,Pharmaceuticals,Healthcare,M,United States,1777596602657,FL,Florida,14410.143,203.0,203.0,82.0,https://specials-images.forbesimg.com/imageserve/66918f2a02c6888a8f03c779/416x416.jpg?background=000000&cropX1=167&cropX2=568&cropY1=20&cropY2=421,272.0,271.0,11600.0,,,,,,
Elizabeth Johnson,Johnson,elizabeth-johnson,no-pic-female,0.0,Fidelity,Finance & Investments,F,United States,1777596602657,MA,Massachusetts,13682.575,219.0,219.0,62.0,,273.0,271.0,11600.0,,,,,,
Zhu Yi,Zhu,zhu-yi,no-pic,76.289,Pharmaceuticals,Healthcare,M,China,1777596602657,,,11958.06,259.0,259.0,62.0,https://specials-images.forbesimg.com/imageserve/6724fef938efbe637929ecd1/416x416.jpg?background=000000&cropX1=2&cropX2=800&cropY1=1&cropY2=799,274.0,271.0,11600.0,,,,,,
Sherry Brydson,Brydson,sherry-brydson,no-pic-female,173.175,Thomson Reuters,Media & Entertainment,F,Canada,1777596602657,,,11465.662,280.0,280.0,80.0,,275.0,275.0,11500.0,,,,,,
Henry Kravis,Kravis,henry-kravis,henry-kravis,385.797,Private equity,Finance & Investments,M,United States,1777596602657,NY,New York,12736.938,245.0,245.0,82.0,https://specials-images.forbesimg.com/imageserve/5f4d5f43aea06441f4b331d6/416x416.jpg?background=000000&cropX1=290&cropX2=1212&cropY1=152&cropY2=1074,276.0,275.0,11500.0,"Co-Chair and Co-CEO, KKR",False,,,,
Liang Wenfeng,Liang,liang-wenfeng,no-pic,0.0,"AI, hedge fund",Technology,M,China,1777596602657,,,11500.0,279.0,279.0,41.0,https://specials-images.forbesimg.com/imageserve/67e5dca4efa69302e39783b9/416x416.jpg?background=000000&cropX1=1196&cropX2=2171&cropY1=293&cropY2=1268,277.0,275.0,11500.0,,,,,,
Wang Laisheng,Wang,wang-laisheng,no-pic,-301.036,Electronics components,Technology,M,Hong Kong,1777596602657,,,14636.029,200.0,200.0,61.0,https://specials-images.forbesimg.com/imageserve/6050f48ca1ab099ed6e290cc/416x416.jpg?background=000000&cropX1=0&cropX2=800&cropY1=0&cropY2=800,278.0,275.0,11500.0,,,,,,
Dan Friedkin,Friedkin,dan-friedkin,dan-friedkin,0.0,Toyota dealerships,Automotive,M,United States,1777596602657,TX,Texas,11246.799,288.0,288.0,61.0,//specials-images.forbesimg.com/imageserve/5d8ad21f22254b0008e1646d/416x416.jpg?background=000000&cropX1=874&cropX2=2968&cropY1=508&cropY2=2604,279.0,279.0,11400.0,"owner and ceo, Gulf States Toyota",False,,,,
Charlie Mills,Mills,charlie-mills,no-pic,92.144,Medical supplies,Healthcare,M,United States,1777596602657,IL,Illinois,11178.551,290.0,290.0,64.0,https://specials-images.forbesimg.com/imageserve/69af131349c6d4923c169b3d/416x416.jpg?background=000000&cropX1=435&cropX2=1887&cropY1=192&cropY2=1644,280.0,279.0,11400.0,,,,,,
Juan Carlos Escotet,Escotet,juan-carlos-escotet,juan-carlos-escotet,0.0,Banking,Finance & Investments,M,Venezuela,1777596602657,,,11239.628,289.0,289.0,66.0,//specials-images.forbesimg.com/imageserve/5e77fb7c10380d0006fbc9a3/416x416.jpg?background=000000&cropX1=112&cropX2=1744&cropY1=312&cropY2=1944,281.0,281.0,11300.0,,,,,,
Lin Bin,Lin,lin-bin,lin-bin,-325.733,Smartphones,Technology,M,United States,1777596602657,,,9611.777,347.0,347.0,58.0,https://specials-images.forbesimg.com/imageserve/5c744e7aa7ea431000438504/416x416.jpg?background=000000&cropX1=1694&cropX2=3460&cropY1=485&cropY2=2250,282.0,281.0,11300.0,,,,,,
Wang Laichun,Wang,wang-laichun,no-pic-female,-296.401,Electronics components,Technology,F,Hong Kong,1777596602657,,,14346.314,204.0,204.0,58.0,https://specials-images.forbesimg.com/imageserve/6182c8e9e8b8313ec4e42480/416x416.jpg?background=000000&cropX1=410&cropX2=1685&cropY1=178&cropY2=1454,283.0,281.0,11300.0,"Co-Founder & Chairwoman, Luxshare-ICT",False,,,,
Li Xiting,Li,li-xiting,no-pic,0.0,Medical devices,Healthcare,M,Singapore,1777596602657,,,10363.279,321.0,321.0,75.0,https://specials-images.forbesimg.com/imageserve/61114d1ee2a2505345419c4e/416x416.jpg?background=000000&cropX1=0&cropX2=949&cropY1=0&cropY2=950,284.0,284.0,11200.0,,,,,,
Liu Yongxing,Liu,liu-yongxing,liu-yongxing,0.0,Diversified,Service,M,China,1777596602657,,,11278.757,287.0,287.0,77.0,//specials-images.forbesimg.com/imageserve/5a05f5144bbe6f37dda229ca/416x416.jpg?background=000000&cropX1=543&cropX2=2975&cropY1=49&cropY2=2479,285.0,284.0,11200.0,,,,,,
Martin Lorentzon,Lorentzon,martin-lorentzon,no-pic,56.638,Spotify,Technology,M,Sweden,1777596602657,,,9895.763,336.0,336.0,57.0,//specials-images.forbesimg.com/imageserve/5e77c832c7b02d000666ddee/416x416.jpg?background=000000&cropX1=337&cropX2=4121&cropY1=242&cropY2=4024,286.0,284.0,11200.0,,,,,,
John Malone,Malone,john-malone,john-malone,28.73,Cable television,Media & Entertainment,M,United States,1777596602657,CO,Colorado,11079.335,293.0,293.0,85.0,//specials-images.forbesimg.com/imageserve/5d8a6f7622254b0008e15c5a/416x416.jpg?background=000000&cropX1=184&cropX2=2173&cropY1=13&cropY2=2000,287.0,284.0,11200.0,,,,,,
Abdulsamad Rabiu,Rabiu,abdulsamad-rabiu,abdulsamad-rabiu,613.572,"Cement, sugar",Diversified,M,Nigeria,1777596602657,,,15799.177,179.0,179.0,65.0,https://specials-images.forbesimg.com/imageserve/5ffe1cf7e7d384abb660e55e/416x416.jpg?background=000000&cropX1=0&cropX2=1080&cropY1=0&cropY2=1080,288.0,284.0,11200.0,,,,,,
Arthur Blank,Blank,arthur-blank,arthur-blank,77.87,Home Depot,Sports,M,United States,1777596602657,GA,Georgia,10427.152,320.0,320.0,83.0,//specials-images.forbesimg.com/imageserve/5d8a8cc56de3150009a50133/416x416.jpg?background=000000&cropX1=310&cropX2=4009&cropY1=16&cropY2=3712,289.0,289.0,11100.0,"Chairman, Atlanta Falcons",False,,,,
Charles Butt,Butt,charles-butt,charles-butt,0.0,Supermarkets,Fashion & Retail,M,United States,1777596602657,TX,Texas,11136.6,292.0,292.0,88.0,https://specials-images.forbesimg.com/imageserve/633f36069877ef2945de06ab/416x416.jpg?background=000000&cropX1=101&cropX2=966&cropY1=22&cropY2=886,290.0,289.0,11100.0,,,,,,
Francesco Gaetano Caltagirone,Caltagirone,francesco-gaetano-caltagirone,francesco-gaetano-caltagirone,8.827,"Cement, diversified",Construction & Engineering,M,Italy,1777596602657,,,11303.954,285.0,285.0,83.0,//specials-images.forbesimg.com/imageserve/5e76d3f1c7b02d000666d2fc/416x416.jpg?background=000000&cropX1=865&cropX2=2685&cropY1=125&cropY2=1946,291.0,289.0,11100.0,,,,,,
Thomas Schmidheiny,Schmidheiny,thomas-schmidheiny,thomas-schmidheiny,-116.153,Cement,Construction & Engineering,M,Switzerland,1777596602657,,,10481.32,317.0,317.0,80.0,//specials-images.forbesimg.com/imageserve/5c723437a7ea431000435227/416x416.jpg?background=000000&cropX1=1427&cropX2=2405&cropY1=14&cropY2=991,292.0,289.0,11100.0,,,,,,
Gong Hongjia,Gong,gong-hongjia,gong-hongjia,213.052,Video surveillance,Finance & Investments,M,Hong Kong,1777596602657,,,11767.374,266.0,266.0,61.0,https://specials-images.forbesimg.com/imageserve/5f89c0f2bea0bbe373992b7f/416x416.jpg?background=000000&cropX1=820&cropX2=1800&cropY1=631&cropY2=1612,293.0,293.0,11000.0,,,,,,
Johann Graf,Graf,johann-graf,johann-graf,0.0,Gambling,Gambling & Casinos,M,Austria,1777596602657,,,10879.071,298.0,298.0,79.0,//specials-images.forbesimg.com/imageserve/957d0594c392bd2f95bec45493d2be9c/416x416.jpg?background=000000&cropX1=0&cropX2=744&cropY1=97&cropY2=841,294.0,293.0,11000.0,,,,,,
Gabe Newell,Newell,gabe-newell,gabe-newell,0.0,Video games,Media & Entertainment,M,United States,1777596602657,WA,Washington,11033.6,295.0,295.0,63.0,//specials-images.forbesimg.com/imageserve/5d8aeadb6de3150009a507c4/416x416.jpg?background=000000&cropX1=297&cropX2=1343&cropY1=45&cropY2=1091,295.0,293.0,11000.0,"Cofounder and CEO, Valve Corporation",False,,,,
Mikhail Prokhorov,Prokhorov,mikhail-prokhorov,mikhail-prokhorov,0.0,Investments,Finance & Investments,M,Russia,1777596602657,,,10989.358,296.0,296.0,60.0,https://specials-images.forbesimg.com/imageserve/6229148ba4b9db39c42edc8a/416x416.jpg?background=000000&cropX1=965&cropX2=3404&cropY1=200&cropY2=2639,296.0,293.0,11000.0,,,,,,
Wei Jianjun,Wei,wei-jianjun,wei-jianjun,-28.694,Automobiles,Automotive,M,China,1777596602657,,,10757.328,306.0,306.0,62.0,https://specials-images.forbesimg.com/imageserve/6902427766905d4ef6648810/416x416.jpg?background=000000&cropX1=370&cropX2=1514&cropY1=77&cropY2=1221,297.0,293.0,11000.0,,,,,,
Riley Bechtel,Bechtel,riley-bechtel,riley-bechtel,0.0,"Engineering, construction",Construction & Engineering,M,United States,1777596602657,CA,California,11328.338,284.0,284.0,74.0,//specials-images.forbesimg.com/imageserve/5d8b0ef518444200084e74b7/416x416.jpg?background=000000&cropX1=635&cropX2=2183&cropY1=30&cropY2=1579,298.0,298.0,10800.0,"former Chairman and CEO, Bechtel Corp.",False,,,,
Andrei Guryev,Guryev & family,andrei-guryev-family,no-pic,0.0,Fertilizers,Manufacturing,M,Russia,1777596602657,,,10772.905,305.0,305.0,66.0,https://specials-images.forbesimg.com/imageserve/606c75e71798092c29d2e4c2/416x416.jpg?background=000000&cropX1=437&cropX2=3273&cropY1=67&cropY2=2902,299.0,298.0,10800.0,,,,,,
Liang Wengen,Liang,liang-wengen,liang-wengen,-280.528,Construction equipment,Manufacturing,M,China,1777596602657,,,9274.713,370.0,370.0,69.0,https://specials-images.forbesimg.com/imageserve/5e756a7210380d0006bdcd60/416x416.jpg?background=000000&cropX1=1096&cropX2=2311&cropY1=227&cropY2=1443,300.0,298.0,10800.0,,,,,,
Ramzi Musallam,Musallam,ramzi-musallam,no-pic,0.0,Private equity,Finance & Investments,M,United States,1777596602657,NY,New York,10784.0,303.0,303.0,57.0,https://specials-images.forbesimg.com/imageserve/66fc020a1cbaf70fad8c636b/416x416.jpg?background=000000&cropX1=73&cropX2=1301&cropY1=71&cropY2=1299,301.0,298.0,10800.0,,,,,,
Carl Bennet,Bennet,carl-bennet,no-pic,12.334,Investments,Finance & Investments,M,Sweden,1777596602657,,,9334.039,363.0,363.0,74.0,//specials-images.forbesimg.com/imageserve/5e77c36f10380d0006fbc5ec/416x416.jpg?background=000000&cropX1=560&cropX2=2262&cropY1=63&cropY2=1766,302.0,302.0,10700.0,,,,,,
Tobi Lutke,Lutke,tobi-lutke,no-pic,-9.013,E-commerce,Technology,M,Canada,1777596602657,,,10716.521,308.0,308.0,45.0,https://specials-images.forbesimg.com/imageserve/65e8c56a05c1e4c93a490920/416x416.jpg?background=000000&cropX1=451&cropX2=2685&cropY1=297&cropY2=2530,303.0,302.0,10700.0,,,,,,
German Khan,Khan,german-khan,german-khan,13.991,"Oil, banking, telecom",Energy,M,Russia,1777596602657,,,10550.003,315.0,315.0,64.0,https://specials-images.forbesimg.com/imageserve/62471c96d9d016541f503f31/416x416.jpg?background=000000&cropX1=640&cropX2=3303&cropY1=0&cropY2=2660,304.0,304.0,10600.0,,,,,,
Nicky Oppenheimer,Oppenheimer,nicky-oppenheimer,nicky-oppenheimer,7.812,Diamonds,Metals & Mining,M,South Africa,1777596602657,,,10601.444,312.0,312.0,80.0,https://specials-images.forbesimg.com/imageserve/6009d4608122193e45aeabc9/416x416.jpg?background=000000&cropX1=314&cropX2=2176&cropY1=1006&cropY2=2869,305.0,304.0,10600.0,,,,,,
Mark Stevens,Stevens,mark-stevens,mark-stevens,-347.145,Venture capital,Finance & Investments,M,United States,1777596602657,CO,Colorado,11360.979,283.0,283.0,66.0,//specials-images.forbesimg.com/imageserve/5a8372604bbe6f2652f5804d/416x416.jpg?background=000000&cropX1=422&cropX2=1553&cropY1=69&cropY2=1200,306.0,304.0,10600.0,,,,,,
Tahir,Tahir,tahir,tahir,-39.956,Diversified,Diversified,M,Indonesia,1777596602657,,,9666.792,344.0,344.0,74.0,//specials-images.forbesimg.com/imageserve/5c70b5384bbe6f79c5473f96/416x416.jpg?background=000000&cropX1=247&cropX2=3585&cropY1=469&cropY2=3810,307.0,304.0,10600.0,,,,,,
Pierre Chen,Chen,pierre-chen,pierre-chen,-116.333,Electronics,Technology,M,Taiwan,1777596602657,,,10835.161,299.0,299.0,69.0,https://specials-images.forbesimg.com/imageserve/56cc361be4b062f6b59a4fe9/416x416.jpg?background=000000&cropX1=0&cropX2=744&cropY1=211&cropY2=955,308.0,308.0,10500.0,,,,,,
Chen Tao,Chen,chen-tao,no-pic,-181.087,Hardware,Technology,M,China,1777596602657,,,11390.622,282.0,282.0,54.0,https://specials-images.forbesimg.com/imageserve/690247519db224876df609c0/416x416.jpg?background=000000&cropX1=0&cropX2=800&cropY1=0&cropY2=800,309.0,308.0,10500.0,,,,,,
Antony Ressler,Ressler,antony-ressler,antony-ressler,383.942,Finance,Finance & Investments,M,United States,1777596602657,CA,California,10810.951,300.0,300.0,65.0,//specials-images.forbesimg.com/imageserve/5f036214a694dd0006422271/416x416.jpg?background=000000&cropX1=227&cropX2=1655&cropY1=30&cropY2=1457,310.0,308.0,10500.0,,,,,,
Patrick Soon-Shiong,Soon-Shiong,patrick-soon-shiong,patrick-soon-shiong,118.733,Pharmaceuticals,Healthcare,M,United States,1777596602657,CA,California,8755.857,399.0,399.0,73.0,https://specials-images.forbesimg.com/imageserve/5ba4416731358e5690cd9dd9/416x416.jpg?background=000000&cropX1=1048&cropX2=1735&cropY1=186&cropY2=872,311.0,308.0,10500.0,,,,,,
Wu Jianshu,Wu,wu-jianshu,no-pic,385.788,Auto parts,Automotive,M,Hong Kong,1777596602657,,,9328.958,364.0,364.0,62.0,https://specials-images.forbesimg.com/imageserve/67250326aa071f910ea5495b/416x416.jpg?background=000000&cropX1=1&cropX2=800&cropY1=1&cropY2=800,312.0,308.0,10500.0,,,,,,
Douglas Leone,Leone,douglas-leone,douglas-leone,568.355,Venture capital,Finance & Investments,M,United States,1777596602657,CA,California,11737.037,267.0,267.0,68.0,//specials-images.forbesimg.com/imageserve/5e907d342b720000076d9406/416x416.jpg?background=000000&cropX1=910&cropX2=2570&cropY1=200&cropY2=1859,313.0,313.0,10400.0,Sequoia,False,,,,
Fredrik Lundberg,Lundberg,fredrik-lundberg,fredrik-lundberg,97.035,"Real estate, investments",Real Estate,M,Sweden,1777596602657,,,9346.392,360.0,360.0,74.0,//specials-images.forbesimg.com/imageserve/5c7221af4bbe6f51818ab8bd/416x416.jpg?background=000000&cropX1=8&cropX2=2047&cropY1=0&cropY2=2040,314.0,313.0,10400.0,,,,,,
Theo Mueller,Mueller,theo-mueller,theo-mueller,0.0,Dairy,Food & Beverage,M,Germany,1777596602657,,,10297.18,324.0,324.0,86.0,//specials-images.forbesimg.com/imageserve/56c9c404e4b062f6b59a2a66/416x416.jpg?background=000000&cropX1=45&cropX2=601&cropY1=29&cropY2=585,315.0,313.0,10400.0,,,,,,
Leonid Fedun,Fedun,leonid-fedun,leonid-fedun,0.0,Oil,Energy,M,Russia,1777596602657,,,10330.79,323.0,323.0,70.0,//specials-images.forbesimg.com/imageserve/5e777f8cd8e1ae0007b72d4b/416x416.jpg?background=000000&cropX1=813&cropX2=4013&cropY1=22&cropY2=3225,316.0,316.0,10300.0,,,,,,
Jimmy Haslam,Haslam,jimmy-haslam,jimmy-haslam,0.0,"Gas stations, retail",Fashion & Retail,M,United States,1777596602657,TN,Tennessee,10335.125,322.0,322.0,72.0,https://specials-images.forbesimg.com/imageserve/5f49268c96e697d1cc58e43a/416x416.jpg?background=000000&cropX1=165&cropX2=2860&cropY1=5&cropY2=2700,317.0,316.0,10300.0,,,,,,
Karel Komarek,Komarek,karel-komarek,karel-komarek,0.0,"Oil and gas, IT, lotteries",Gambling & Casinos,M,Czech Republic,1777596602657,,,10202.967,329.0,329.0,57.0,//specials-images.forbesimg.com/imageserve/5c755fe44bbe6f43b0c5cea2/416x416.jpg?background=000000&cropX1=0&cropX2=2366&cropY1=98&cropY2=2465,318.0,316.0,10300.0,,,,,,
Ken Langone,Langone,ken-langone,no-pic,424.05,Investments,Finance & Investments,M,United States,1777596602657,NY,New York,9229.986,373.0,373.0,90.0,https://specials-images.forbesimg.com/imageserve/5f497ada09427da3f7707f50/416x416.jpg?background=000000&cropX1=1020&cropX2=2530&cropY1=718&cropY2=2227,319.0,316.0,10300.0,,,,,,
Magdalena Martullo-Blocher,Martullo-Blocher,magdalena-martullo-blocher,magdalena-martullo-blocher,27.018,Chemicals,Manufacturing,F,Switzerland,1777596602657,,,10220.945,326.0,326.0,57.0,//specials-images.forbesimg.com/imageserve/5e77d0b2d8e1ae0007b73689/416x416.jpg?background=000000&cropX1=786&cropX2=3139&cropY1=195&cropY2=2549,320.0,316.0,10300.0,,,,,,
Dustin Moskovitz,Moskovitz,dustin-moskovitz,dustin-moskovitz,-522.498,Facebook,Technology,M,United States,1777596602657,CA,California,9895.356,337.0,337.0,41.0,https://specials-images.forbesimg.com/imageserve/618e7aa763edefacc10f9cff/416x416.jpg?background=000000&cropX1=0&cropX2=1454&cropY1=75&cropY2=1530,321.0,316.0,10300.0,"Cofounder, Asana",False,,,,
Blair Parry-Okeden,Parry-Okeden,blair-parry-okeden,no-pic-female,0.0,"Media, automotive",Media & Entertainment,F,United States,1777596602657,,,9509.531,352.0,352.0,75.0,,322.0,316.0,10300.0,,,,,,
Sulaiman Al Habib,Al Habib,sulaiman-al-habib,no-pic,44.828,Hospital group,Healthcare,M,Saudi Arabia,1777596602657,,,10625.887,310.0,310.0,74.0,,323.0,323.0,10200.0,,,,,,
Ernest Garcia III,Garcia III,ernest-garcia-iii,no-pic,-23.591,Used cars,Automotive,M,United States,1777596602657,AZ,Arizona,12073.303,255.0,255.0,44.0,https://specials-images.forbesimg.com/imageserve/62546f356d7d243c9c6cbc7c/416x416.jpg?background=000000&cropX1=187&cropX2=2015&cropY1=91&cropY2=1920,324.0,323.0,10200.0,"Founder and Chief Executive Officer, Carvana",False,,,,
Graeme Hart,Hart,graeme-hart,graeme-hart,63.735,Packaging,Finance & Investments,M,New Zealand,1777596602657,,,9632.011,346.0,346.0,70.0,//specials-images.forbesimg.com/imageserve/5c715725a7ea4310004343b5/416x416.jpg?background=000000&cropX1=843&cropX2=3343&cropY1=11&cropY2=2513,325.0,323.0,10200.0,,,,,,
Jim Kennedy,Kennedy,jim-kennedy,jim-kennedy,0.001,"Media, automotive",Media & Entertainment,M,United States,1777596602657,GA,Georgia,9460.788,353.0,353.0,78.0,https://specials-images.forbesimg.com/imageserve/6333228fc5d66e6add90c319/416x416.jpg?background=000000&cropX1=945&cropX2=1363&cropY1=607&cropY2=1025,326.0,323.0,10200.0,"Chairman Emeritus, Cox Enterprises",False,,,,
Daniel Kretinsky,Kretinsky,daniel-kretinsky,no-pic,0.0,"Energy, investments",Energy,M,Czech Republic,1777596602657,,,10061.39,332.0,332.0,50.0,//specials-images.forbesimg.com/imageserve/5e758a55d8e1ae0007b71625/416x416.jpg?background=000000&cropX1=696&cropX2=3299&cropY1=0&cropY2=2601,327.0,323.0,10200.0,,,,,,
Li Ping,Li,li-ping-1,no-pic,-255.254,Batteries,Energy,M,Hong Kong,1777596602657,,,12907.92,239.0,239.0,58.0,https://specials-images.forbesimg.com/imageserve/6182c14679844b6688e9678e/416x416.jpg?background=000000&cropX1=1460&cropX2=2555&cropY1=493&cropY2=1587,328.0,323.0,10200.0,,,,,,
Carrie Perrodo,Perrodo,carrie-perrodo,carrie-perrodo,0.0,Oil,Energy,F,France,1777596602657,,,11526.008,276.0,276.0,75.0,//specials-images.forbesimg.com/imageserve/5ed4563bce65aef57ded29dc3a87eea7/416x416.jpg?background=000000&cropX1=2&cropX2=709&cropY1=5&cropY2=712,329.0,323.0,10200.0,,,,,,
Viktor Vekselberg,Vekselberg,viktor-vekselberg,viktor-vekselberg,37.786,"Metals, investments",Diversified,M,Russia,1777596602657,,,9322.639,365.0,365.0,69.0,https://specials-images.forbesimg.com/imageserve/62471db4daae70f1df2b15f6/416x416.jpg?background=000000&cropX1=537&cropX2=2441&cropY1=13&cropY2=1917,330.0,323.0,10200.0,,,,,,
Randa Duncan Williams,Williams,randa-duncan-williams,no-pic-female,-15.698,Pipelines,Energy,F,United States,1777596602657,TX,Texas,10631.477,309.0,309.0,64.0,//specials-images.forbesimg.com/imageserve/08e1b96a529223a3ac25ca9a21cc8092/416x416.jpg?background=000000&cropX1=0&cropX2=744&cropY1=61&cropY2=805,331.0,323.0,10200.0,"Non-Executive Chairman of the Board, Enterprise GP Holdings",False,,,,
Micky Arison,Arison,micky-arison,micky-arison,78.109,Carnival Cruises,Service,M,United States,1777596602657,FL,Florida,9692.022,343.0,343.0,76.0,//specials-images.forbesimg.com/imageserve/5d8a649a22254b0008e15a7a/416x416.jpg?background=000000&cropX1=306&cropX2=2019&cropY1=4&cropY2=1716,332.0,332.0,10100.0,,,,,,
Dannine Avara,Avara,dannine-avara,no-pic-female,-15.579,Pipelines,Energy,F,United States,1777596602657,TX,Texas,10557.738,314.0,314.0,62.0,,333.0,332.0,10100.0,,,,,,
Bruce Cheng,Cheng,bruce-cheng,bruce-cheng,0.0,Electronics,Technology,M,Taiwan,1777596602657,,,14962.714,194.0,194.0,89.0,//specials-images.forbesimg.com/imageserve/5e1e4ee9735f8c000799df1d/416x416.jpg?background=000000&cropX1=510&cropX2=1775&cropY1=299&cropY2=1564,334.0,332.0,10100.0,,,,,,
Murali Divi,Divi,murali-divi,murali-divi,-43.001,Pharmaceuticals,Healthcare,M,India,1777596602657,,,9782.65,340.0,340.0,75.0,//specials-images.forbesimg.com/imageserve/5c79ad2d31358e35dd27cd1a/416x416.jpg?background=000000&cropX1=1161&cropX2=2628&cropY1=804&cropY2=2271,335.0,332.0,10100.0,,,,,,
Michael Federmann,Federmann,michael-federmann,michael-federmann,41.496,"Defense, hotels",Technology,M,Israel,1777596602657,,,10603.33,311.0,311.0,82.0,//specials-images.forbesimg.com/imageserve/5c70c75931358e35dd26ecc7/416x416.jpg?background=000000&cropX1=378&cropX2=1419&cropY1=97&cropY2=1138,336.0,332.0,10100.0,,,,,,
Milane Frantz,Frantz,milane-frantz,milane-frantz,-15.579,Pipelines,Energy,F,United States,1777596602657,TX,Texas,10544.595,316.0,316.0,56.0,//specials-images.forbesimg.com/imageserve/087ea54ecfa62609c6cafe4bd4410588/416x416.jpg?background=000000&cropX1=1&cropX2=548&cropY1=9&cropY2=556,337.0,332.0,10100.0,,,,,,
Tom Gores,Gores,tom-gores,tom-gores,0.0,Private equity,Finance & Investments,M,United States,1777596602657,CA,California,10055.6,333.0,333.0,61.0,//specials-images.forbesimg.com/imageserve/5d8a8c6f22254b0008e16078/416x416.jpg?background=000000&cropX1=561&cropX2=3030&cropY1=99&cropY2=2566,338.0,332.0,10100.0,,,,,,
Juan Roig,Roig,juan-roig,juan-roig,0.0,Supermarkets,Fashion & Retail,M,Spain,1777596602657,,,9365.098,357.0,357.0,76.0,//specials-images.forbesimg.com/imageserve/5e77be9b10380d0006fbc5c4/416x416.jpg?background=000000&cropX1=483&cropX2=2323&cropY1=258&cropY2=2097,339.0,332.0,10100.0,,,,,,
You Xiaoping,You,you-xiaoping,you-xiaoping,39.065,Polyurethanes,Manufacturing,M,China,1777596602657,,,9068.039,377.0,377.0,68.0,https://specials-images.forbesimg.com/imageserve/6182e727ddb3f1de7de42480/416x416.jpg?background=000000&cropX1=600&cropX2=2620&cropY1=326&cropY2=2345,340.0,332.0,10100.0,,,,,,
Anthony Bamford,Bamford,anthony-bamford,anthony-bamford,0.0,Construction equipment,Construction & Engineering,M,United Kingdom,1777596602657,,,9192.114,375.0,375.0,80.0,//specials-images.forbesimg.com/imageserve/5e77eb8e10380d0006fbc8c3/416x416.jpg?background=000000&cropX1=18&cropX2=210&cropY1=5&cropY2=197,341.0,341.0,10000.0,,,,,,
Josh Harris,Harris,josh-harris,no-pic,220.975,Private equity,Finance & Investments,M,United States,1777596602657,FL,Florida,10785.769,302.0,302.0,61.0,//specials-images.forbesimg.com/imageserve/5d8ab5026de3150009a50431/416x416.jpg?background=000000&cropX1=743&cropX2=3412&cropY1=0&cropY2=2667,342.0,341.0,10000.0,,,,,,
Jeffery Hildebrand,Hildebrand,jeffery-hildebrand,jeffery-hildebrand,0.0,Oil & gas,Energy,M,United States,1777596602657,TX,Texas,11161.512,291.0,291.0,67.0,https://specials-images.forbesimg.com/imageserve/5d8addf818444200084e726c/416x416.jpg?background=000000&cropX1=802&cropX2=1319&cropY1=710&cropY2=1228,343.0,341.0,10000.0,,,,,,
Luis Carlos Sarmiento,Sarmiento,luis-carlos-sarmiento,luis-carlos-sarmiento,-0.813,Banking,Finance & Investments,M,Colombia,1777596602657,,,10132.005,331.0,331.0,93.0,//specials-images.forbesimg.com/imageserve/5e758645c7b02d000666c32a/416x416.jpg?background=000000&cropX1=947&cropX2=2066&cropY1=21&cropY2=1139,344.0,341.0,10000.0,,,,,,
Robert F. Smith,Smith,robert-f-smith,no-pic,0.0,Private equity,Finance & Investments,M,United States,1777596602657,TX,Texas,10044.7,334.0,334.0,63.0,https://specials-images.forbesimg.com/imageserve/6996192e40f21f6905c2329f/416x416.jpg?background=000000&cropX1=367&cropX2=1678&cropY1=628&cropY2=1938,345.0,341.0,10000.0,,,,,,
Jean-Michel Besnier,Besnier,jean-michel-besnier,jean-michel-besnier,0.0,Cheese,Food & Beverage,M,France,1777596602657,,,8950.338,390.0,390.0,58.0,//specials-images.forbesimg.com/imageserve/5a953ea1a7ea434a0c275f32/416x416.jpg?background=000000&cropX1=756&cropX2=2664&cropY1=0&cropY2=1906,346.0,346.0,9900.0,,,,,,
Marie Besnier Beauvalot,Besnier Beauvalot,marie-besnier-beauvalot,no-pic-female,0.0,Cheese,Food & Beverage,F,France,1777596602657,,,8950.338,390.0,391.0,45.0,,347.0,346.0,9900.0,,,,,,
Daniel Ek,Ek,daniel-ek,daniel-ek,35.739,Spotify,Technology,M,Sweden,1777596602657,,,9045.963,380.0,380.0,43.0,https://specials-images.forbesimg.com/imageserve/619e6309d734b7239959f54f/416x416.jpg?background=000000&cropX1=607&cropX2=2136&cropY1=186&cropY2=1716,348.0,346.0,9900.0,"CEO, Spotify",False,,,,
Michael Kim,Kim,michael-kim,no-pic,0.0,Private equity,Finance & Investments,M,United States,1777596602657,,,9948.45,335.0,335.0,62.0,https://specials-images.forbesimg.com/imageserve/69d92129882041208af195e8/416x416.jpg?background=000000&cropX1=723&cropX2=1735&cropY1=67&cropY2=1078,349.0,346.0,9900.0,MBK Partners,False,,,,
Fernando Roberto Moreira Salles,Moreira Salles,fernando-roberto-moreira-salles,no-pic,126.177,"Banking, minerals",Diversified,M,Brazil,1777596602657,,,10140.686,330.0,330.0,79.0,https://specials-images.forbesimg.com/imageserve/61a52212402ed8086d7a1ac9/416x416.jpg?background=000000&cropX1=0&cropX2=800&cropY1=0&cropY2=800,350.0,346.0,9900.0,,,,,,
Seo Jung-jin,Seo,seo-jung-jin,seo-jung-jin,-149.394,Biotech,Healthcare,M,South Korea,1777596602658,,,8049.38,442.0,442.0,68.0,https://specials-images.forbesimg.com/imageserve/69d92194910c9d357f5cd980/416x416.jpg?background=000000&cropX1=434&cropX2=1781&cropY1=143&cropY2=1490,351.0,346.0,9900.0,Celltrion Inc.,False,,,,
Harry Stine,Stine,harry-stine,harry-stine,0.0,Agriculture,Food & Beverage,M,United States,1777596602657,IA,Iowa,9891.0,338.0,338.0,84.0,https://specials-images.forbesimg.com/imageserve/59d7ff5531358e542c036ed6/416x416.jpg?background=000000&cropX1=324&cropX2=1197&cropY1=116&cropY2=989,352.0,346.0,9900.0,,,,,,
Vincent Bolloré,Bolloré,vincent-bollore,vincent-bollore,-142.916,Investments,Finance & Investments,M,France,1777596602657,,,10441.142,318.0,318.0,74.0,//specials-images.forbesimg.com/imageserve/5e75a67c10380d0006fbaa27/416x416.jpg?background=000000&cropX1=71&cropX2=963&cropY1=65&cropY2=958,353.0,353.0,9800.0,,,,,,
David Cheriton,Cheriton,david-cheriton,david-cheriton,38.559,Google,Technology,M,Canada,1777596602657,CA,California,10209.489,328.0,328.0,75.0,//specials-images.forbesimg.com/imageserve/5a676a6331358e4955ab6cf1/416x416.jpg?background=000000&cropX1=67&cropX2=347&cropY1=0&cropY2=280,354.0,353.0,9800.0,"Professor, Stanford University",False,,,,
Scott Duncan,Duncan,scott-duncan,no-pic,-14.947,Pipelines,Energy,M,United States,1777596602657,TX,Texas,10252.423,325.0,325.0,43.0,,355.0,353.0,9800.0,,,,,,
Lee Boo-jin,Lee,lee-boo-jin,lee-boo-jin,-211.229,Samsung,Technology,F,South Korea,1777596602657,,,9523.065,350.0,350.0,55.0,https://specials-images.forbesimg.com/imageserve/69d921f73dac12a59d55c038/416x416.jpg?background=000000&cropX1=474&cropX2=2035&cropY1=181&cropY2=1743,356.0,353.0,9800.0,"President and CEO, Hotel Shilla",False,,,,
Yi Zheng,Yi,yi-zheng,no-pic,61.678,Software,Technology,M,China,1777596602657,,,9743.233,341.0,341.0,55.0,https://specials-images.forbesimg.com/imageserve/672504ad7e2e968487e04adb/416x416.jpg?background=000000&cropX1=1&cropX2=800&cropY1=0&cropY2=799,357.0,353.0,9800.0,,,,,,
Zeng Fangqin,Zeng,zeng-fangqin,no-pic-female,18.532,Smartphone components,Technology,F,Hong Kong,1777596602657,,,9048.713,379.0,379.0,60.0,https://specials-images.forbesimg.com/imageserve/672507afcd0a31fe0c9be723/416x416.jpg?background=000000&cropX1=1&cropX2=800&cropY1=1&cropY2=800,358.0,353.0,9800.0,,,,,,
Mong-Koo Chung,Chung,mong-koo-chung,mong-koo-chung,-291.02,Hyundai,Automotive,M,South Korea,1777596602658,,,7854.092,463.0,463.0,88.0,https://specials-images.forbesimg.com/imageserve/625f1307e00af37ba126f9f0/416x416.jpg?background=000000&cropX1=37&cropX2=578&cropY1=7&cropY2=548,359.0,359.0,9700.0,,,,,,
Iskander Makhmudov,Makhmudov,iskander-makhmudov,iskander-makhmudov,0.0,"Mining, metals, machinery",Metals & Mining,M,Russia,1777596602657,,,9733.566,342.0,342.0,62.0,//specials-images.forbesimg.com/imageserve/5c71a2faa7ea4310004348d4/416x416.jpg?background=000000&cropX1=457&cropX2=1515&cropY1=80&cropY2=1139,360.0,359.0,9700.0,,,,,,
Georg Stumpf,Stumpf,georg-stumpf,no-pic,4.316,"Real estate, construction",Diversified,M,Austria,1777596602657,,,9517.648,351.0,351.0,53.0,https://specials-images.forbesimg.com/imageserve/624cbc33807cbaccbcea5453/416x416.jpg?background=000000&cropX1=568&cropX2=1380&cropY1=224&cropY2=1037,361.0,359.0,9700.0,,,,,,
Michael Rubin,Rubin,michael-rubin,michael-rubin,0.0,Online retail,Fashion & Retail,M,United States,1777596602657,PA,Pennsylvania,9592.384,348.0,348.0,53.0,https://specials-images.forbesimg.com/imageserve/67ec413e45b2db3ea5d64b54/416x416.jpg?background=000000&cropX1=122&cropX2=2740&cropY1=138&cropY2=2756,362.0,362.0,9600.0,,,,,,
Nassef Sawiris,Sawiris,nassef-sawiris,nassef-sawiris,-34.257,"Construction, investments",Construction & Engineering,M,Egypt,1777596602657,,,9451.996,354.0,354.0,65.0,https://specials-images.forbesimg.com/imageserve/6009d55aa6075e42a1124d7e/416x416.jpg?background=000000&cropX1=526&cropX2=1546&cropY1=29&cropY2=1049,363.0,362.0,9600.0,,,,,,
Brian Chesky,Chesky,brian-chesky,brian-chesky,5.353,Airbnb,Technology,M,United States,1777596602657,CA,California,9876.37,339.0,339.0,44.0,//specials-images.forbesimg.com/imageserve/5d8ac4ab22254b0008e16383/416x416.jpg?background=000000&cropX1=719&cropX2=3126&cropY1=857&cropY2=3266,364.0,364.0,9500.0,"CEO and Cofounder, AirBnB",False,,,,
Pauline MacMillan Keinath,Keinath,pauline-macmillan-keinath,no-pic-female,0.0,Cargill,Food & Beverage,F,United States,1777596602657,MO,Missouri,9658.354,345.0,345.0,92.0,,365.0,364.0,9500.0,,,,,,
Lee Seo-hyun,Lee,lee-seo-hyun,lee-seo-hyun,-224.738,Samsung,Technology,F,South Korea,1777596602657,,,9030.718,382.0,382.0,52.0,https://specials-images.forbesimg.com/imageserve/643e99ad9a44d7e60d1e5605/416x416.jpg?background=000000&cropX1=101&cropX2=676&cropY1=195&cropY2=770,366.0,364.0,9500.0,,,,,,
Robert Pender,Pender,robert-pender,no-pic,108.274,oil & gas,Energy,M,United States,1777596602657,VA,Virginia,13061.688,235.0,235.0,72.0,https://specials-images.forbesimg.com/imageserve/68c05da18b02ba02bde9d34f/416x416.jpg?background=000000&cropX1=40&cropX2=2504&cropY1=132&cropY2=2603,367.0,364.0,9500.0,,,,,,
Michael Sabel,Sabel,michael-sabel,no-pic,108.274,oil & gas,Energy,M,United States,1777596602657,DC,District of Columbia,13061.691,234.0,234.0,59.0,https://specials-images.forbesimg.com/imageserve/68c05be45406b448f99637c6/416x416.jpg?background=000000&cropX1=355&cropX2=1610&cropY1=43&cropY2=1297,368.0,364.0,9500.0,,,,,,
Xu Gaoming,Xu,xu-gaoming,no-pic,-248.15,Gold and jewelry,Fashion & Retail,M,China,1777596602658,,,7290.279,525.0,525.0,61.0,https://specials-images.forbesimg.com/imageserve/67e435f9bf49bbb3700c758f/416x416.jpg?background=000000&cropX1=627&cropX2=2091&cropY1=14&cropY2=1479,369.0,364.0,9500.0,,,,,,
Law Kar Po,Law,law-kar-po,law-kar-po,0.0,Real estate,Real Estate,M,Hong Kong,1777596602657,,,9350.52,359.0,359.0,77.0,https://specials-images.forbesimg.com/imageserve/60352d6353fe983e44f83a36/416x416.jpg?background=000000&cropX1=93&cropX2=909&cropY1=78&cropY2=894,370.0,370.0,9400.0,,,,,,
Otto Toto Sugiri,Sugiri,otto-toto-sugiri,no-pic,-20.625,Data centers,Technology,M,Indonesia,1777596602658,,,8384.032,417.0,417.0,72.0,https://specials-images.forbesimg.com/imageserve/61ae60d615d0f02296b90539/416x416.jpg?background=000000&cropX1=0&cropX2=1438&cropY1=265&cropY2=1704,371.0,370.0,9400.0,,,,,,
Roman Abramovich,Abramovich,roman-abramovich,roman-abramovich,0.0,"Steel, investments",Diversified,M,Russia,1777596602657,,,9345.624,361.0,361.0,59.0,https://specials-images.forbesimg.com/imageserve/62291a5d0ec641a4c77a7528/416x416.jpg?background=000000&cropX1=615&cropX2=2814&cropY1=7&cropY2=2205,372.0,372.0,9300.0,,,,,,
Maria Asuncion Aramburuzabala,Aramburuzabala,maria-asuncion-aramburuzabala,maria-asuncion-aramburuzabala,51.66,"Beer, investments",Food & Beverage,F,Mexico,1777596602657,,,9203.48,374.0,374.0,62.0,//specials-images.forbesimg.com/imageserve/5e76f7b2d8e1ae0007b727e2/416x416.jpg?background=000000&cropX1=1710&cropX2=3155&cropY1=282&cropY2=1726,373.0,372.0,9300.0,,,,,,
Todd Boehly,Boehly,todd-boehly,no-pic,0.0,Finance,Finance & Investments,M,United States,1777596602657,FL,Florida,9254.0,371.0,371.0,52.0,https://specials-images.forbesimg.com/imageserve/67aa4bc60699bdb1be5e9ced/416x416.jpg?background=000000&cropX1=0&cropX2=600&cropY1=0&cropY2=600,374.0,372.0,9300.0,,,,,,
David Geffen,Geffen,david-geffen,david-geffen,7.6,"Movies, record labels",Media & Entertainment,M,United States,1777596602657,CA,California,9245.1,372.0,372.0,83.0,https://specials-images.forbesimg.com/imageserve/5a8d9c39a7ea43169014044f/416x416.jpg?background=000000&cropX1=0&cropX2=1996&cropY1=356&cropY2=2353,375.0,372.0,9300.0,"Cofounder, DreamWorks Animation",False,,,,
Rajan Mittal,Mittal,rajan-mittal,no-pic,25.551,Telecom,Telecom,M,India,1777596602657,,,9001.023,385.0,385.0,66.0,,376.0,372.0,9300.0,,,,,,
Rakesh Mittal,Mittal,rakesh-mittal,no-pic,25.55,Telecom,Telecom,M,India,1777596602657,,,8977.657,389.0,389.0,70.0,,377.0,372.0,9300.0,,,,,,
Terrence Pegula,Pegula,terrence-pegula,terrence-pegula,12.847,Natural gas,Energy,M,United States,1777596602657,FL,Florida,9303.549,368.0,368.0,75.0,//specials-images.forbesimg.com/imageserve/5d8a9e3022254b0008e16181/416x416.jpg?background=000000&cropX1=0&cropX2=3110&cropY1=24&cropY2=3132,378.0,372.0,9300.0,"Owner, Buffalo Sabres",False,,,,
Viktor Rashnikov,Rashnikov,viktor-rashnikov,viktor-rashnikov,0.0,Steel,Manufacturing,M,Russia,1777596602657,,,9307.796,366.0,366.0,77.0,//specials-images.forbesimg.com/imageserve/5e77906c10380d0006fbc0ec/416x416.jpg?background=000000&cropX1=534&cropX2=1689&cropY1=53&cropY2=1208,379.0,372.0,9300.0,,,,,,
Zhang Xuexin,Zhang,zhang-xuexin,no-pic,0.0,Aluminum,Metals & Mining,M,China,1777596602657,,,9287.01,369.0,369.0,78.0,https://specials-images.forbesimg.com/imageserve/6050f48ca1ab099ed6e290cc/416x416.jpg?background=000000&cropX1=0&cropX2=800&cropY1=0&cropY2=800,380.0,372.0,9300.0,,,,,,
Massimiliana Landini Aleotti,Landini Aleotti,massimiliana-landini-aleotti,no-pic-female,0.0,Pharmaceuticals,Healthcare,F,Italy,1777596602658,,,8082.745,439.0,439.0,83.0,,381.0,381.0,9200.0,,,,,,
Lin Li,Lin,lin-li,no-pic,23.927,Investments,Finance & Investments,M,China,1777596602658,,,8561.813,408.0,408.0,63.0,//specials-images.forbesimg.com/imageserve/58c338ac4bbe6f0e55885d28/416x416.jpg?background=000000&cropX1=0&cropX2=744&cropY1=118&cropY2=862,382.0,381.0,9200.0,,,,,,
William Ackman,Ackman,william-ackman,william-ackman,10.202,Hedge funds,Finance & Investments,M,United States,1777596602657,NY,New York,9024.096,384.0,384.0,59.0,//specials-images.forbesimg.com/imageserve/5e88e40d9d77ca0007ba9dcd/416x416.jpg?background=000000&cropX1=1451&cropX2=3824&cropY1=404&cropY2=2775,383.0,383.0,9100.0,"Founder, CEO, Pershing Square Capital Management, L.P.",False,0.0,,,
Cho Jung-ho,Cho,cho-jung-ho,cho-jung-ho,-145.457,Finance,Finance & Investments,M,South Korea,1777596602658,,,7846.773,465.0,465.0,67.0,https://specials-images.forbesimg.com/imageserve/60b1254d310af4072bd1fb5d/416x416.jpg?background=000000&cropX1=135&cropX2=1128&cropY1=247&cropY2=1239,384.0,383.0,9100.0,Meritz Financial Group,False,,,,
Mat Ishbia,Ishbia,mat-ishbia,no-pic,69.072,Mortgage lender,Finance & Investments,M,United States,1777596602658,MI,Michigan,8204.764,433.0,433.0,46.0,https://specials-images.forbesimg.com/imageserve/6063b90cb83e69231f4ae7fc/416x416.jpg?background=000000&cropX1=579&cropX2=1683&cropY1=343&cropY2=1447,385.0,383.0,9100.0,,,,,,
Nathan Kirsh,Kirsh,nathan-kirsh,nathan-kirsh,3.19,"Retail, real estate",Fashion & Retail,M,Eswatini (Swaziland),1777596602657,,,17687.151,157.0,157.0,94.0,//specials-images.forbesimg.com/imageserve/5e77c1dad8e1ae0007b73529/416x416.jpg?background=000000&cropX1=0&cropX2=2666&cropY1=320&cropY2=2989,386.0,383.0,9100.0,,,,,,
Liu Debing,Liu,liu-debing,no-pic,816.572,AI,Technology,M,China,1777596602657,,,13762.799,217.0,217.0,50.0,https://specials-images.forbesimg.com/imageserve/69af13cf35ce876fefe219c9/416x416.jpg?background=000000&cropX1=440&cropX2=1437&cropY1=0&cropY2=996,387.0,383.0,9100.0,,,,,,
Pedro Moreira Salles,Moreira Salles,pedro-moreira-salles,pedro-moreira-salles,111.828,"Banking, minerals",Diversified,M,Brazil,1777596602657,,,9377.174,356.0,356.0,66.0,//specials-images.forbesimg.com/imageserve/5e7437fd2a573300068fccbf/416x416.jpg?background=000000&cropX1=1022&cropX2=2667&cropY1=0&cropY2=1644,388.0,383.0,9100.0,,,,,,
Odd Reitan,Reitan,odd-reitan,odd-reitan,0.0,"Retail, real estate",Fashion & Retail,M,Norway,1777596602657,,,8949.903,392.0,392.0,74.0,//specials-images.forbesimg.com/imageserve/5c715d574bbe6f79c54746f9/416x416.jpg?background=000000&cropX1=2485&cropX2=4872&cropY1=21&cropY2=2407,389.0,383.0,9100.0,,,,,,
Alexandra Schoerghuber,Schoerghuber,alexandra-schoerghuber,no-pic-female,0.0,Real estate,Real Estate,F,Germany,1777596602658,,,8345.023,421.0,421.0,67.0,//specials-images.forbesimg.com/imageserve/5e76149cc7b02d000666c682/416x416.jpg?background=000000&cropX1=0&cropX2=1878&cropY1=139&cropY2=2017,390.0,383.0,9100.0,,,,,,
Pavel Tykac,Tykac,pavel-tykac,pavel-tykac,-1.415,Coal mines,Metals & Mining,M,Czech Republic,1777596602657,,,8902.66,394.0,394.0,61.0,//specials-images.forbesimg.com/imageserve/5a7dd4e9a7ea431690131787/416x416.jpg?background=000000&cropX1=1134&cropX2=2843&cropY1=0&cropY2=1710,391.0,383.0,9100.0,,,,,,
Nathan Blecharczyk,Blecharczyk,nathan-blecharczyk,nathan-blecharczyk,4.983,Airbnb,Technology,M,United States,1777596602657,CA,California,9350.895,358.0,358.0,42.0,//specials-images.forbesimg.com/imageserve/5d8ac4346de3150009a50571/416x416.jpg?background=000000&cropX1=1760&cropX2=3926&cropY1=172&cropY2=2339,392.0,392.0,9000.0,,,,,,
Chen Dongsheng,Chen,chen-dongsheng,no-pic,0.0,Insurance,Finance & Investments,M,China,1777596602657,,,8983.113,388.0,388.0,68.0,https://specials-images.forbesimg.com/imageserve/690242e98a694acd6c420d51/416x416.jpg?background=000000&cropX1=577&cropX2=3252&cropY1=155&cropY2=2829,393.0,392.0,9000.0,,,,,,
Laurent Dassault,Dassault,laurent-dassault,no-pic,126.45,Diversified,Diversified,M,France,1777596602658,,,8352.631,420.0,420.0,72.0,//specials-images.forbesimg.com/imageserve/5e75a0c1d8e1ae0007b716a3/416x416.jpg?background=000000&cropX1=1483&cropX2=4389&cropY1=26&cropY2=2930,394.0,392.0,9000.0,,,,,,
Thierry Dassault,Dassault,thierry-dassault,no-pic,126.437,Diversified,Diversified,M,France,1777596602658,,,8285.725,424.0,425.0,69.0,//specials-images.forbesimg.com/imageserve/5e75a62ac7b02d000666c473/416x416.jpg?background=000000&cropX1=0&cropX2=3712&cropY1=382&cropY2=4097,395.0,392.0,9000.0,,,,,,
Elisabeth DeLuca,DeLuca,elisabeth-deluca,no-pic-female,0.0,Subway,Food & Beverage,F,United States,1777596602657,FL,Florida,9028.439,383.0,383.0,78.0,,396.0,392.0,9000.0,,,,,,
Jeff Greene,Greene,jeff-greene,jeff-greene,0.0,"Real estate, investments",Real Estate,M,United States,1777596602657,FL,Florida,8995.087,387.0,387.0,71.0,https://specials-images.forbesimg.com/imageserve/5ff75b1157f0e95e19f6ea38/416x416.jpg?background=000000&cropX1=44&cropX2=924&cropY1=18&cropY2=898,397.0,392.0,9000.0,,,,,,
Marie-Hélène Habert-Dassault,Habert-Dassault,marie-helene-habert-dassault,no-pic-female,126.437,Diversified,Diversified,F,France,1777596602658,,,8285.725,424.0,424.0,61.0,//specials-images.forbesimg.com/imageserve/5c6f874da7ea431000431feb/416x416.jpg?background=000000&cropX1=116&cropX2=628&cropY1=96&cropY2=609,398.0,392.0,9000.0,,,,,,
Bruce Kovner,Kovner,bruce-kovner,bruce-kovner,0.0,Hedge funds,Finance & Investments,M,United States,1777596602657,NY,New York,9045.7,381.0,381.0,81.0,//specials-images.forbesimg.com/imageserve/5d8a93eb6de3150009a501d1/416x416.jpg?background=000000&cropX1=9&cropX2=1062&cropY1=80&cropY2=1133,399.0,392.0,9000.0,"Founder, Caxton Associates LP",False,,,,
Eric Wittouck,Wittouck,eric-wittouck,no-pic,0.0,Investments,Finance & Investments,M,Belgium,1777596602657,,,9000.0,386.0,386.0,79.0,,400.0,392.0,9000.0,,,,,,
John Morris,Morris,john-morris,john-morris,0.0,Sporting goods retail,Fashion & Retail,M,United States,1777596602657,MO,Missouri,9054.128,378.0,378.0,78.0,//specials-images.forbesimg.com/imageserve/5d8adeb06de3150009a506bf/416x416.jpg?background=000000&cropX1=0&cropX2=1334&cropY1=383&cropY2=1717,401.0,401.0,8900.0,,,,,,
Hong Ra-hee,Hong,hong-ra-hee,hong-ra-hee,-204.297,Samsung,Technology,F,South Korea,1777596602657,,,8748.342,401.0,401.0,80.0,https://specials-images.forbesimg.com/imageserve/60b1218c43df2efd65e1625c/416x416.jpg?background=000000&cropX1=26&cropX2=744&cropY1=55&cropY2=774,402.0,402.0,8800.0,,,,,,
Frank Lowy,Lowy,frank-lowy,frank-lowy,0.0,Investments,Finance & Investments,M,Australia,1777596602657,,,8750.005,400.0,400.0,95.0,//specials-images.forbesimg.com/imageserve/5e73f5382a573300068fc875/416x416.jpg?background=000000&cropX1=0&cropX2=3271&cropY1=6&cropY2=3280,403.0,402.0,8800.0,,,,,,
Robert Rowling,Rowling,robert-rowling,robert-rowling,0.0,"Hotels, investments",Service,M,United States,1777596602658,TX,Texas,8371.147,419.0,419.0,72.0,//specials-images.forbesimg.com/imageserve/59d6500131358e542c035c5d/416x416.jpg?background=000000&cropX1=64&cropX2=496&cropY1=48&cropY2=480,404.0,402.0,8800.0,,,,,,
David Shaw,Shaw,david-shaw,david-shaw,0.0,Hedge funds,Finance & Investments,M,United States,1777596602657,NY,New York,8823.0,396.0,396.0,75.0,//specials-images.forbesimg.com/imageserve/239960e569e988f52709225581a9680b/416x416.jpg?background=000000&cropX1=0&cropX2=744&cropY1=71&cropY2=815,405.0,402.0,8800.0,"Founder, D. E. Shaw & Co., L.P.",False,500.0,,,
Les Wexner,Wexner,les-wexner,les-wexner,-42.593,Retail,Fashion & Retail,M,United States,1777596602657,OH,Ohio,9409.011,355.0,355.0,88.0,//specials-images.forbesimg.com/imageserve/5d8aba3122254b0008e162f8/416x416.jpg?background=000000&cropX1=475&cropX2=1465&cropY1=22&cropY2=1011,406.0,402.0,8800.0,,,,,,
David Duffield,Duffield,david-duffield,david-duffield,-1.26,Business software,Technology,M,United States,1777596602658,NV,Nevada,8259.76,427.0,427.0,85.0,https://specials-images.forbesimg.com/imageserve/ed18bc09e156f93af21f12d3b3bc2ff2/416x416.jpg?background=000000&cropX1=110&cropX2=646&cropY1=168&cropY2=705,407.0,407.0,8700.0,"Cofounder, Workday",False,,,,
Leo KoGuan,Leo,leo-koguan,no-pic,61.103,IT provider,Technology,M,United States,1777596602657,,,8596.882,406.0,406.0,71.0,https://specials-images.forbesimg.com/imageserve/631761a4d1aaf7cc2fb3ab77/416x416.jpg?background=000000&cropX1=0&cropX2=2041&cropY1=300&cropY2=2340,408.0,407.0,8700.0,,,,,,
Yuri Milner,Milner,yuri-milner,yuri-milner,0.0,Tech investments,Finance & Investments,M,Israel,1777596602657,CA,California,8689.6,403.0,403.0,64.0,//specials-images.forbesimg.com/imageserve/5e7792c5c7b02d000666d919/416x416.jpg?background=000000&cropX1=288&cropX2=2738&cropY1=20&cropY2=2468,409.0,407.0,8700.0,"Partner, DST Global",False,,,,
Azim Premji,Premji,azim-premji,azim-premji,-0.396,Software services,Technology,M,India,1777596602658,,,8389.106,416.0,416.0,80.0,https://specials-images.forbesimg.com/imageserve/67047aef73a93397265261ff/416x416.jpg?background=000000&cropX1=202&cropX2=3328&cropY1=10&cropY2=3134,410.0,407.0,8700.0,"Founder Chairman, Wipro Ltd.",False,,,,
Lynsi Snyder,Snyder,lynsi-snyder,no-pic-female,0.0,In-N-Out Burger,Food & Beverage,F,United States,1777596602657,TN,Tennessee,8665.5,404.0,404.0,43.0,https://specials-images.forbesimg.com/imageserve/64ef8e098e2e0ca193b575a7/416x416.jpg?background=000000&cropX1=760&cropX2=2517&cropY1=2074&cropY2=3831,411.0,407.0,8700.0,,,,,,
Tamara Gustavson,Gustavson,tamara-gustavson,no-pic-female,155.944,Self storage,Service,F,United States,1777596602658,KY,Kentucky,8578.586,407.0,407.0,64.0,https://specials-images.forbesimg.com/imageserve/6488c6b6211dae13437d5722/416x416.jpg?background=000000&cropX1=60&cropX2=809&cropY1=11&cropY2=760,412.0,412.0,8600.0,,,,,,
Sri Prakash Lohia,Lohia,sri-prakash-lohia,sri-prakash-lohia,11.101,Petrochemicals,Manufacturing,M,Indonesia,1777596602657,,,8787.921,397.0,397.0,73.0,https://specials-images.forbesimg.com/imageserve/656f85d85e83bdf14a2797cd/416x416.jpg?background=000000&cropX1=0&cropX2=647&cropY1=0&cropY2=647,413.0,412.0,8600.0,,,,,,
Wang Yusuo,Wang,wang-yusuo,wang-yusuo,-355.167,Natural gas distribution,Energy,M,China,1777596602657,,,8605.777,405.0,405.0,62.0,https://specials-images.forbesimg.com/imageserve/636e8c974fa5680a03fa6445/416x416.jpg?background=000000&cropX1=1035&cropX2=3300&cropY1=296&cropY2=2560,414.0,412.0,8600.0,,,,,,
John Brown,Brown,john-brown,john-brown,-0.068,Medical equipment,Healthcare,M,United States,1777596602658,GA,Georgia,7003.687,551.0,551.0,91.0,//specials-images.forbesimg.com/imageserve/5b7570b5a32f0129b2a24f38d50637f6/416x416.jpg?background=000000&cropX1=65&cropX2=345&cropY1=0&cropY2=280,415.0,415.0,8500.0,,,,,,
Michael Dorrell,Dorrell,michael-dorrell,no-pic,0.0,Investing,Finance & Investments,M,United States,1777596602658,NY,New York,8467.0,411.0,411.0,52.0,,416.0,415.0,8500.0,,,,,,
Pang Kang,Pang,pang-kang,no-pic,-193.466,Soy sauce,Food & Beverage,M,China,1777596602657,,,9307.557,367.0,367.0,70.0,https://specials-images.forbesimg.com/imageserve/61a52212402ed8086d7a1ac9/416x416.jpg?background=000000&cropX1=0&cropX2=800&cropY1=0&cropY2=800,417.0,415.0,8500.0,,,,,,
Ronda Stryker,Stryker,ronda-stryker,ronda-stryker,0.0,Medical equipment,Healthcare,F,United States,1777596602658,MI,Michigan,7273.729,526.0,526.0,72.0,//specials-images.forbesimg.com/imageserve/55fa1ca9e4b0ffa7afe4ad5a/416x416.jpg?background=000000&cropX1=0&cropX2=744&cropY1=81&cropY2=825,418.0,415.0,8500.0,,,,,,
Justin Sun,Sun,justin-sun,no-pic,0.0,Cryptocurrency,Finance & Investments,M,St. Kitts and Nevis,1777596602658,,,8500.0,409.0,409.0,35.0,https://specials-images.forbesimg.com/imageserve/67e434d581231a30e8856236/416x416.jpg?background=000000&cropX1=5&cropX2=2293&cropY1=118&cropY2=2407,419.0,415.0,8500.0,,,,,,
Denise York,York,denise-york,denise-york,0.0,San Francisco 49ers,Sports,F,United States,1777596602658,OH,Ohio,8468.7,410.0,410.0,75.0,//specials-images.forbesimg.com/imageserve/5d890b8522254b0008e134fc/416x416.jpg?background=000000&cropX1=0&cropX2=1500&cropY1=243&cropY2=1743,420.0,415.0,8500.0,"Co-Chairman, San Francisco 49ers",False,,,,
Zhang Hejun,Zhang,zhang-hejun,no-pic,235.059,Electronics,Manufacturing,M,China,1777596602657,,,12162.226,254.0,254.0,74.0,https://specials-images.forbesimg.com/imageserve/672508d61fab53560e675de2/416x416.jpg?background=000000&cropX1=1&cropX2=800&cropY1=0&cropY2=799,421.0,415.0,8500.0,,,,,,
Brian Armstrong,Armstrong,brian-armstrong,no-pic,246.087,Cryptocurrency,Finance & Investments,M,United States,1777596602657,CA,California,8919.823,393.0,393.0,43.0,//specials-images.forbesimg.com/imageserve/5c743ab3a7ea431000438195/416x416.jpg?background=000000&cropX1=263&cropX2=2662&cropY1=131&cropY2=2531,422.0,422.0,8400.0,,,,,,
Stephen Bisciotti,Bisciotti,stephen-bisciotti,stephen-bisciotti,0.0,"Staffing, Baltimore Ravens",Sports,M,United States,1777596602658,FL,Florida,8410.646,414.0,414.0,66.0,//specials-images.forbesimg.com/imageserve/5d8aa1a818444200084e6eb6/416x416.jpg?background=000000&cropX1=524&cropX2=3215&cropY1=11&cropY2=2700,423.0,422.0,8400.0,"Owner, Baltimore Ravens",False,,,,
Neil Bluhm,Bluhm,neil-bluhm,neil-bluhm,13.269,Real estate,Real Estate,M,United States,1777596602657,IL,Illinois,9343.717,362.0,362.0,88.0,//specials-images.forbesimg.com/imageserve/5d8ad87818444200084e723e/416x416.jpg?background=000000&cropX1=0&cropX2=768&cropY1=58&cropY2=826,424.0,422.0,8400.0,,,,,,
Morris Chang,Chang,morris-chang,no-pic,-178.552,Semiconductors,Technology,M,Taiwan,1777596602657,,,8894.93,395.0,395.0,94.0,https://specials-images.forbesimg.com/imageserve/683dc047fe62b9a6de1ae2ed/416x416.jpg?background=000000&cropX1=722&cropX2=1386&cropY1=175&cropY2=840,425.0,422.0,8400.0,,,,,,
Jay Chaudhry,Chaudhry,jay-chaudhry,no-pic,-226.527,Security software,Technology,M,United States,1777596602658,NV,Nevada,7503.973,501.0,501.0,66.0,//specials-images.forbesimg.com/imageserve/5d8ae32622254b0008e1654d/416x416.jpg?background=000000&cropX1=411&cropX2=2457&cropY1=549&cropY2=2596,426.0,422.0,8400.0,,,,,,
Patrick Drahi,Drahi,patrick-drahi,patrick-drahi,105.638,Telecom,Telecom,M,France,1777596602658,,,8416.646,413.0,413.0,62.0,//specials-images.forbesimg.com/imageserve/5e75a44c10380d0006fbaa17/416x416.jpg?background=000000&cropX1=860&cropX2=2080&cropY1=61&cropY2=1280,427.0,422.0,8400.0,,,,,,
J. Joe Ricketts,Ricketts,j-joe-ricketts,j-joe-ricketts,15.891,TD Ameritrade,Finance & Investments,M,United States,1777596602658,WY,Wyoming,8267.854,426.0,426.0,84.0,https://specials-images.forbesimg.com/imageserve/5f46b08d7bc6f82d41a077ad/416x416.jpg?background=000000&cropX1=98&cropX2=2000&cropY1=213&cropY2=2114,428.0,422.0,8400.0,,,,,,
Jean Salata,Salata,jean-salata,no-pic,-71.799,Finance,Finance & Investments,M,Chile,1777596602658,,,8457.798,412.0,412.0,60.0,https://specials-images.forbesimg.com/imageserve/67be4b4e8a7e4f8896f5ab8f/416x416.jpg?background=000000&cropX1=1020&cropX2=3125&cropY1=286&cropY2=2391,429.0,422.0,8400.0,,,,,,
Euisun Chung,Chung,euisun-chung,no-pic,-271.528,Hyundai,Automotive,M,South Korea,1777596602658,,,6578.103,608.0,608.0,55.0,https://specials-images.forbesimg.com/imageserve/69d922569cfaa2ede9b910a0/416x416.jpg?background=000000&cropX1=357&cropX2=2174&cropY1=249&cropY2=2066,430.0,430.0,8300.0,Hyundai Motor Co. Ltd.,False,,,,
Rekha Jhunjhunwala,Jhunjhunwala,rekha-jhunjhunwala,no-pic-female,19.144,Investments,Finance & Investments,F,India,1777596602658,,,8164.335,434.0,434.0,62.0,https://specials-images.forbesimg.com/imageserve/67047cd8ba59691123182ed6/416x416.jpg?background=000000&cropX1=159&cropX2=1768&cropY1=97&cropY2=1708,431.0,430.0,8300.0,,,,,,
Sofie Kirk Kristiansen,Kristiansen,sofie-kirk-kristiansen,no-pic-female,0.0,Lego,Manufacturing,F,Denmark,1777596602658,,,8255.21,428.0,428.0,50.0,https://specials-images.forbesimg.com/imageserve/5b968f964bbe6f30c1b16dd2/416x416.jpg?background=000000&cropX1=0&cropX2=416&cropY1=0&cropY2=416,432.0,430.0,8300.0,,,,,,
Thomas Kirk Kristiansen,Kristiansen,thomas-kirk-kristiansen,no-pic,0.0,Lego,Manufacturing,M,Denmark,1777596602658,,,8255.21,428.0,429.0,47.0,//specials-images.forbesimg.com/imageserve/5a8709334bbe6f2652f5bfdb/416x416.jpg?background=000000&cropX1=86&cropX2=713&cropY1=111&cropY2=737,433.0,430.0,8300.0,,,,,,
Alexei Kuzmichev,Kuzmichev,alexei-kuzmichev,alexei-kuzmichev,10.953,"Oil, banking, telecom",Energy,M,Russia,1777596602658,,,8239.304,431.0,431.0,63.0,https://specials-images.forbesimg.com/imageserve/6230aa328e8bff4b3673de07/416x416.jpg?background=000000&cropX1=594&cropX2=3042&cropY1=0&cropY2=2450,434.0,430.0,8300.0,,,,,,
Steven Rales,Rales,steven-rales,steven-rales,-3.212,"Manufacturing, investments",Manufacturing,M,United States,1777596602658,CA,California,7483.465,506.0,506.0,75.0,https://specials-images.forbesimg.com/imageserve/6596e32bb312f2d7f960b211/416x416.jpg?background=000000&cropX1=4&cropX2=487&cropY1=25&cropY2=508,435.0,430.0,8300.0,"Chairman, Danaher",False,,,,
Leonard Stern,Stern,leonard-stern,leonard-stern,0.0,Real estate,Real Estate,M,United States,1777596602658,NY,New York,8314.6,422.0,422.0,88.0,//specials-images.forbesimg.com/imageserve/5ba51c13a7ea434e4c695a28/416x416.jpg?background=000000&cropX1=192&cropX2=1728&cropY1=164&cropY2=1700,436.0,430.0,8300.0,"Chairman and CEO, Hartz Mountain Industries, Inc.",False,,,,
Agnete Kirk Thinggaard,Thinggaard,agnete-kirk-thinggaard,no-pic-female,0.0,Lego,Manufacturing,F,Denmark,1777596602658,,,8255.053,430.0,430.0,42.0,//specials-images.forbesimg.com/imageserve/5e759038c7b02d000666c3bb/416x416.jpg?background=000000&cropX1=326&cropX2=548&cropY1=107&cropY2=329,437.0,430.0,8300.0,,,,,,
Yitzhak Tshuva,Tshuva,yitzhak-tshuva,yitzhak-tshuva,-34.222,Real estate,Real Estate,M,Israel,1777596602657,,,8762.824,398.0,398.0,77.0,//specials-images.forbesimg.com/imageserve/5c70c47831358e35dd26ecba/416x416.jpg?background=000000&cropX1=2&cropX2=932&cropY1=7&cropY2=936,438.0,430.0,8300.0,,,,,,
Zhang Congyuan,Zhang,zhang-congyuan,no-pic,-2.937,Shoes,Fashion & Retail,M,Taiwan,1777596602658,,,6979.404,561.0,561.0,78.0,https://specials-images.forbesimg.com/imageserve/683db81e216e72c04fed0eed/416x416.jpg?background=000000&cropX1=0&cropX2=800&cropY1=0&cropY2=800,439.0,430.0,8300.0,,,,,,
Joe Gebbia,Gebbia,joe-gebbia,joe-gebbia,3.236,Airbnb,Technology,M,United States,1777596602658,TX,Texas,8392.824,415.0,415.0,44.0,https://specials-images.forbesimg.com/imageserve/66d0e4085e142099122a6ea0/416x416.jpg?background=000000&cropX1=9&cropX2=2207&cropY1=0&cropY2=2198,440.0,440.0,8200.0,,,,,,
Don Hankey,Hankey,don-hankey,don-hankey,0.0,Auto loans,Finance & Investments,M,United States,1777596602658,NV,Nevada,8151.9,435.0,435.0,82.0,//specials-images.forbesimg.com/imageserve/5d8af98622254b0008e166c7/416x416.jpg?background=000000&cropX1=2722&cropX2=4120&cropY1=980&cropY2=2377,441.0,440.0,8200.0,"Chairman, Hankey Group",False,,,,
Pankaj Patel,Patel,pankaj-patel,pankaj-patel,-145.79,Pharmaceuticals,Healthcare,M,India,1777596602658,,,7698.231,482.0,482.0,73.0,//specials-images.forbesimg.com/imageserve/59cc2248a7ea434a34f46dd8/416x416.jpg?background=000000&cropX1=0&cropX2=1200&cropY1=185&cropY2=1386,442.0,440.0,8200.0,,,,,,
Daniel Tsai,Tsai,daniel-tsai,daniel-tsai,-79.191,Finance,Finance & Investments,M,Taiwan,1777596602658,,,7912.882,457.0,457.0,70.0,//specials-images.forbesimg.com/imageserve/5e77d66a10380d0006fbc748/416x416.jpg?background=000000&cropX1=398&cropX2=3648&cropY1=821&cropY2=4073,443.0,440.0,8200.0,,,,,,
Denise Coates,Coates,denise-coates,denise-coates,0.0,Online gambling,Gambling & Casinos,F,United Kingdom,1777596602658,,,8291.544,423.0,423.0,58.0,//specials-images.forbesimg.com/imageserve/5a8157de4bbe6f2652f547d0/416x416.jpg?background=000000&cropX1=360&cropX2=1255&cropY1=134&cropY2=1029,444.0,444.0,8100.0,,,,,,
Michael Herz,Herz,michael-herz,michael-herz,24.404,Coffee,Fashion & Retail,M,Germany,1777596602658,,,5854.772,704.0,704.0,82.0,https://specials-images.forbesimg.com/imageserve/6050f48ca1ab099ed6e290cc/416x416.jpg?background=000000&cropX1=0&cropX2=800&cropY1=0&cropY2=800,445.0,444.0,8100.0,,,,,,
Wolfgang Herz,Herz,wolfgang-herz,no-pic,24.404,Coffee,Fashion & Retail,M,Germany,1777596602658,,,5854.772,704.0,705.0,75.0,https://specials-images.forbesimg.com/imageserve/6050f48ca1ab099ed6e290cc/416x416.jpg?background=000000&cropX1=0&cropX2=800&cropY1=0&cropY2=800,446.0,444.0,8100.0,,,,,,
"Paul Tudor Jones, II.",Jones,paul-tudor-jones-ii,paul-tudor-jones-ii,0.0,Hedge funds,Finance & Investments,M,United States,1777596602658,FL,Florida,8075.0,440.0,440.0,71.0,//specials-images.forbesimg.com/imageserve/5d8a957e22254b0008e160ed/416x416.jpg?background=000000&cropX1=18&cropX2=706&cropY1=32&cropY2=720,447.0,444.0,8100.0,"Founder, Tudor Investment Corporation",False,500.0,,,
Tatyana Kim,Kim,tatyana-kim,no-pic-female,0.0,E-commerce,Fashion & Retail,F,Russia,1777596602658,,,8123.946,437.0,437.0,50.0,//specials-images.forbesimg.com/imageserve/5e778eb510380d0006fbc074/416x416.jpg?background=000000&cropX1=38&cropX2=1872&cropY1=56&cropY2=1891,448.0,444.0,8100.0,,,,,,
Lu Weiding,Lu,lu-weiding,no-pic,68.474,Diversified,Diversified,M,China,1777596602658,,,6844.263,576.0,576.0,55.0,https://specials-images.forbesimg.com/imageserve/690245191eab63bb420157a1/416x416.jpg?background=000000&cropX1=485&cropX2=2509&cropY1=507&cropY2=2530,449.0,444.0,8100.0,,,,,,
Samir Mehta,Mehta,samir-mehta,no-pic,1.813,"Pharmaceuticals, power",Healthcare,M,India,1777596602658,,,7865.829,461.0,461.0,62.0,,450.0,444.0,8100.0,,,,,,
Sudhir Mehta,Mehta,sudhir-mehta,sudhir-mehta,1.816,"Pharmaceuticals, power",Healthcare,M,India,1777596602658,,,7865.993,460.0,460.0,72.0,,451.0,444.0,8100.0,,,,,,
Kerry Stokes,Stokes,kerry-stokes,kerry-stokes,137.771,"Construction equipment, media",Diversified,M,Australia,1777596602658,,,6987.219,560.0,560.0,85.0,https://specials-images.forbesimg.com/imageserve/69823dd8c13c292a8bce2a11/416x416.jpg?background=000000&cropX1=6&cropX2=1970&cropY1=0&cropY2=1964,452.0,444.0,8100.0,,,,,,
Maximilian Viessmann,Viessmann,maximilian-viessmann,no-pic,160.69,"Heating, cooling equipment",Manufacturing,M,Germany,1777596602658,,,8113.888,438.0,438.0,37.0,//specials-images.forbesimg.com/imageserve/5e763207d8e1ae0007b71c19/416x416.jpg?background=000000&cropX1=185&cropX2=1016&cropY1=38&cropY2=869,453.0,444.0,8100.0,,,,,,
Zhang Daocai,Zhang,zhang-daocai,no-pic,272.437,Valves,Diversified,M,China,1777596602658,,,7563.056,494.0,494.0,76.0,https://specials-images.forbesimg.com/imageserve/5c6ef09aa7ea431000431174/416x416.jpg?background=000000&cropX1=325&cropX2=536&cropY1=73&cropY2=284,454.0,444.0,8100.0,,,,,,
Marc Benioff,Benioff,marc-benioff,marc-benioff,-105.712,Business software,Technology,M,United States,1777596602658,CA,California,7580.296,492.0,492.0,61.0,https://specials-images.forbesimg.com/imageserve/5f4e65f2f4c323e07eb167b8/416x416.jpg?background=000000&cropX1=939&cropX2=4439&cropY1=215&cropY2=3712,455.0,455.0,8000.0,"Chairman and CEO, Salesforce",False,,,,
Francis Choi,Choi,francis-choi,francis-choi,-0.992,Real estate,Real Estate,M,Hong Kong,1777596602658,,,7963.301,450.0,450.0,78.0,https://specials-images.forbesimg.com/imageserve/60352c8173054c64f4f83a36/416x416.jpg?background=000000&cropX1=0&cropX2=1638&cropY1=98&cropY2=1736,456.0,455.0,8000.0,,,,,,
Andreas Halvorsen,Halvorsen,andreas-halvorsen,andreas-halvorsen,0.0,Hedge funds,Finance & Investments,M,Norway,1777596602658,CT,Connecticut,7964.49,449.0,449.0,65.0,//specials-images.forbesimg.com/imageserve/5e770248d8e1ae0007b72880/416x416.jpg?background=000000&cropX1=57&cropX2=2601&cropY1=0&cropY2=2543,457.0,455.0,8000.0,"Founding Partner & Chief Executive Officer, Viking Global Investors",False,,,,
Igor Olenicoff,Olenicoff,igor-olenicoff,igor-olenicoff,0.0,Real estate,Real Estate,M,United States,1777596602658,FL,Florida,8000.048,444.0,444.0,83.0,//specials-images.forbesimg.com/imageserve/56d0d880e4b0c144a7f65d89/416x416.jpg?background=000000&cropX1=5&cropX2=744&cropY1=5&cropY2=745,458.0,455.0,8000.0,,,,,,
John Overdeck,Overdeck,john-overdeck,john-overdeck,0.0,Hedge funds,Finance & Investments,M,United States,1777596602658,NJ,New Jersey,7980.0,447.0,448.0,56.0,//specials-images.forbesimg.com/imageserve/5ac958fe4bbe6f2310f1e02b/416x416.jpg?background=000000&cropX1=143&cropX2=936&cropY1=7&cropY2=800,459.0,455.0,8000.0,"Co-Founder & Co-Chairman, Two Sigma",False,700.0,,,
David Siegel,Siegel,david-siegel-1,david-siegel-1,0.0,Hedge funds,Finance & Investments,M,United States,1777596602658,NY,New York,7980.0,447.0,447.0,64.0,//specials-images.forbesimg.com/imageserve/5f2c27c8ab47e40f4e4955ad/416x416.jpg?background=000000&cropX1=0&cropX2=1980&cropY1=293&cropY2=2274,460.0,455.0,8000.0,"Co-Founder & Co-Chairman, Two Sigma",False,700.0,,,
Ron Baron,Baron,ron-baron,ron-baron,0.0,Money management,Finance & Investments,M,United States,1777596602658,NY,New York,7943.278,453.0,453.0,82.0,https://specials-images.forbesimg.com/imageserve/66f5b79951ade8daf235bb85/416x416.jpg?background=000000&cropX1=749&cropX2=2584&cropY1=83&cropY2=1919,461.0,461.0,7900.0,,,,,,
Gayle Benson,Benson,gayle-benson,no-pic-female,0.0,New Orleans Saints,Sports,F,United States,1777596602658,LA,Louisiana,7943.64,452.0,452.0,79.0,https://specials-images.forbesimg.com/imageserve/6488c9622fc379355c7d5722/416x416.jpg?background=000000&cropX1=87&cropX2=1732&cropY1=8&cropY2=1653,462.0,461.0,7900.0,,,,,,
Alain Bouchard,Bouchard,alain-bouchard,alain-bouchard,409.935,Convinience stores,Fashion & Retail,M,Canada,1777596602658,,,7659.668,484.0,484.0,77.0,https://specials-images.forbesimg.com/imageserve/6050f48ca1ab099ed6e290cc/416x416.jpg?background=000000&cropX1=0&cropX2=800&cropY1=0&cropY2=800,463.0,461.0,7900.0,,,,,,
Piero Ferrari,Ferrari,piero-ferrari,piero-ferrari,184.406,Automobiles,Automotive,M,Italy,1777596602658,,,7333.341,520.0,520.0,80.0,//specials-images.forbesimg.com/imageserve/5e76d9e2d8e1ae0007b7266c/416x416.jpg?background=000000&cropX1=1231&cropX2=4241&cropY1=0&cropY2=3008,464.0,461.0,7900.0,,,,,,
Jonathan Gray,Gray,jonathan-gray,jonathan-gray,247.827,Investments,Finance & Investments,M,United States,1777596602658,NY,New York,8383.795,418.0,418.0,56.0,//specials-images.forbesimg.com/imageserve/5d8ae3a822254b0008e16558/416x416.jpg?background=000000&cropX1=446&cropX2=2137&cropY1=240&cropY2=1930,465.0,461.0,7900.0,,,,,,
Viktor Kharitonin,Kharitonin,viktor-kharitonin,no-pic,0.001,Pharmaceuticals,Healthcare,M,Russia,1777596602658,,,7856.399,462.0,462.0,53.0,//specials-images.forbesimg.com/imageserve/5a80c7da31358e4955ad2c92/416x416.jpg?background=000000&cropX1=407&cropX2=1611&cropY1=274&cropY2=1479,466.0,461.0,7900.0,,,,,,
Philippe Laffont,Laffont,philippe-laffont,no-pic,0.0,Hedge fund,Finance & Investments,M,United States,1777596602658,NY,New York,7893.8,458.0,458.0,58.0,//specials-images.forbesimg.com/imageserve/5ac9597e31358e4112b7204d/416x416.jpg?background=000000&cropX1=369&cropX2=2949&cropY1=200&cropY2=2780,467.0,461.0,7900.0,"Founder, Coatue Management",False,,,,
Wolfgang Marguerre,Marguerre,wolfgang-marguerre,wolfgang-marguerre,0.0,Pharmaceuticals,Healthcare,M,Germany,1777596602658,,,7840.178,466.0,466.0,84.0,//specials-images.forbesimg.com/imageserve/d4e1b786bed9a846ef47921e722ebb05/416x416.jpg?background=000000&cropX1=0&cropX2=744&cropY1=102&cropY2=846,468.0,461.0,7900.0,,,,,,
Gary Rollins,Rollins,gary-rollins,no-pic,37.368,Pest control,Service,M,United States,1777596602658,GA,Georgia,7552.22,497.0,497.0,81.0,//specials-images.forbesimg.com/imageserve/57e11eb8a7ea430a8a1a0944/416x416.jpg?background=000000&cropX1=188&cropX2=652&cropY1=114&cropY2=578,469.0,461.0,7900.0,,,,,,
Dirk Rossmann,Rossmann,dirk-rossmann,dirk-rossmann,17.454,Drugstores,Fashion & Retail,M,Germany,1777596602657,,,9183.552,376.0,376.0,79.0,//specials-images.forbesimg.com/imageserve/5e762257d8e1ae0007b71a03/416x416.jpg?background=000000&cropX1=856&cropX2=3693&cropY1=0&cropY2=2835,470.0,461.0,7900.0,,,,,,
Patrick Ryan,Ryan,patrick-ryan,patrick-ryan,-62.437,Insurance,Finance & Investments,M,United States,1777596602658,IL,Illinois,7269.798,527.0,527.0,88.0,//specials-images.forbesimg.com/imageserve/5f0cbe3a6e9cb50006ecd208/416x416.jpg?background=000000&cropX1=249&cropX2=1955&cropY1=26&cropY2=1730,471.0,461.0,7900.0,,,,,,
"Jacques Saadé, Jr.",Saadé,jacques-saade-jr,no-pic,0.0,Shipping,Logistics,M,France,1777596602658,,,7925.743,454.0,454.0,54.0,,472.0,461.0,7900.0,,,,,,
Rodolphe Saadé,Saadé,rodolphe-saade,no-pic,0.0,Shipping,Logistics,M,France,1777596602658,,,7925.743,454.0,455.0,56.0,//specials-images.forbesimg.com/imageserve/5e75a5ce10380d0006fbaa1b/416x416.jpg?background=000000&cropX1=249&cropX2=1628&cropY1=16&cropY2=1394,473.0,461.0,7900.0,"Chairman and CEO, CMA CGM",False,,,,
Tanya Saadé Zeenny,Saadé Zeenny,tanya-saade-zeenny,no-pic-female,0.0,Shipping,Logistics,F,France,1777596602658,,,7925.743,454.0,456.0,58.0,,474.0,461.0,7900.0,,,,,,
Ling Tang,Tang,ling-tang,no-pic-female,50.354,advertising technology,Technology,F,Canada,1777596602658,,,8066.101,441.0,441.0,,,475.0,461.0,7900.0,,,,,,
Richard Tsai,Tsai,richard-tsai,richard-tsai,-73.31,Finance,Finance & Investments,M,Taiwan,1777596602658,,,7623.005,488.0,488.0,68.0,//specials-images.forbesimg.com/imageserve/5e77d797d8e1ae0007b73737/416x416.jpg?background=000000&cropX1=70&cropX2=635&cropY1=31&cropY2=596,476.0,461.0,7900.0,,,,,,
Rinat Akhmetov,Akhmetov,rinat-akhmetov,rinat-akhmetov,0.0,"Steel, coal",Metals & Mining,M,Ukraine,1777596602658,,,7779.0,474.0,474.0,59.0,//specials-images.forbesimg.com/imageserve/5e77e575c7b02d000666e0f4/416x416.jpg?background=000000&cropX1=411&cropX2=3952&cropY1=111&cropY2=3656,477.0,477.0,7800.0,,,,,,
Stanley Druckenmiller,Druckenmiller,stanley-druckenmiller,stanley-druckenmiller,0.0,Hedge funds,Finance & Investments,M,United States,1777596602658,NY,New York,7781.0,473.0,473.0,72.0,//specials-images.forbesimg.com/imageserve/5d8a9ea218444200084e6e8b/416x416.jpg?background=000000&cropX1=1229&cropX2=3892&cropY1=6&cropY2=2667,478.0,477.0,7800.0,"Founder, Duquesne Family Office",False,,,,
Judy Faulkner,Faulkner,judy-faulkner,judy-faulkner,0.0,Healthcare software,Technology,F,United States,1777596602658,,,7812.1,469.0,469.0,82.0,https://specials-images.forbesimg.com/imageserve/63507a42f764049c77c9a295/416x416.jpg?background=000000&cropX1=0&cropX2=1080&cropY1=0&cropY2=1080,479.0,477.0,7800.0,"Founder & CEO, Epic Systems",False,,,,
Vyacheslav Kim,Kim,vyacheslav-kim,no-pic,0.0,Fintech,Finance & Investments,M,Kazakhstan,1777596602658,,,7814.347,468.0,468.0,56.0,,480.0,477.0,7800.0,,,,,,
Sami Mnaymneh,Mnaymneh,sami-mnaymneh,no-pic,0.0,Private equity,Finance & Investments,M,United States,1777596602658,FL,Florida,7797.0,470.0,470.0,64.0,https://specials-images.forbesimg.com/imageserve/61324bc88105eeefe45b41cd/416x416.jpg?background=000000&cropX1=470&cropX2=3062&cropY1=81&cropY2=2675,481.0,477.0,7800.0,,,,,,
Guillaume Pousaz,Pousaz,guillaume-pousaz,no-pic,0.0,Fintech,Finance & Investments,M,Switzerland,1777596602658,,,7823.0,467.0,467.0,44.0,https://specials-images.forbesimg.com/imageserve/6063905ac98d8bbfdbce7e1c/416x416.jpg?background=000000&cropX1=40&cropX2=2632&cropY1=467&cropY2=3058,482.0,477.0,7800.0,,,,,,
Tony Tamer,Tamer,tony-tamer,no-pic,0.0,Private equity,Finance & Investments,M,United States,1777596602658,NY,New York,7797.0,470.0,471.0,68.0,//specials-images.forbesimg.com/imageserve/5e14ef019318b800069376e0/416x416.jpg?background=000000&cropX1=23&cropX2=707&cropY1=209&cropY2=893,483.0,477.0,7800.0,,,,,,
Tse Ping,Tse,tse-ping,tse-ping,-43.417,Pharmaceuticals,Healthcare,M,China,1777596602658,,,7063.735,544.0,544.0,74.0,https://specials-images.forbesimg.com/imageserve/5bcfb7584bbe6f78bda5a116/416x416.jpg?background=000000&cropX1=1225&cropX2=2565&cropY1=163&cropY2=1502,484.0,477.0,7800.0,,,,,,
Kelcy Warren,Warren,kelcy-warren,kelcy-warren,129.913,Pipelines,Energy,M,United States,1777596602658,TX,Texas,8232.405,432.0,432.0,70.0,https://specials-images.forbesimg.com/imageserve/5f517e3eddda7926b1505add/416x416.jpg?background=000000&cropX1=569&cropX2=3400&cropY1=216&cropY2=3050,485.0,477.0,7800.0,,,,,,
Dennis Washington,Washington,dennis-washington,dennis-washington,0.0,"Construction, mining",Logistics,M,United States,1777596602658,MT,Montana,7700.428,481.0,481.0,91.0,//specials-images.forbesimg.com/imageserve/5ba4dae34bbe6f79516f5042/416x416.jpg?background=000000&cropX1=2&cropX2=923&cropY1=2&cropY2=923,486.0,477.0,7800.0,,,,,,
Rahel Blocher,Blocher,rahel-blocher,no-pic-female,26.965,Chemicals,Manufacturing,F,Switzerland,1777596602658,,,7713.271,479.0,479.0,50.0,//specials-images.forbesimg.com/imageserve/5c72351a31358e35dd26ff8a/416x416.jpg?background=000000&cropX1=41&cropX2=532&cropY1=34&cropY2=525,487.0,487.0,7700.0,,,,,,
Andrew Cherng,Cherng,andrew-cherng-1,no-pic,0.0,Fast food,Food & Beverage,M,United States,1777596602658,NV,Nevada,7347.102,517.0,517.0,78.0,https://specials-images.forbesimg.com/imageserve/6515bed632bab4210d8c1944/416x416.jpg?background=000000&cropX1=5&cropX2=1583&cropY1=0&cropY2=1578,488.0,487.0,7700.0,,,,,,
Peggy Cherng,Cherng,peggy-cherng,peggy-cherng,0.0,Fast food,Food & Beverage,F,United States,1777596602658,NV,Nevada,7347.102,517.0,518.0,78.0,https://specials-images.forbesimg.com/imageserve/6515c02bb60321c4d48932a1/416x416.jpg?background=000000&cropX1=493&cropX2=1296&cropY1=687&cropY2=1490,489.0,487.0,7700.0,,,,,,
Peter Gilgan,Gilgan,peter-gilgan,peter-gilgan,0.0,Homebuilding,Construction & Engineering,M,Canada,1777596602658,,,6615.564,603.0,603.0,75.0,//specials-images.forbesimg.com/imageserve/5e74493a10380d0006bdad62/416x416.jpg?background=000000&cropX1=1639&cropX2=2929&cropY1=842&cropY2=2131,490.0,487.0,7700.0,,,,,,
Mikhail Gutseriev,Gutseriev,mikhail-gutseriev,mikhail-gutseriev,0.0,"Oil, coal, real estate",Energy,M,Russia,1777596602658,,,7705.274,480.0,480.0,68.0,https://specials-images.forbesimg.com/imageserve/5a80ad5c4bbe6f2652f53f26/416x416.jpg?background=000000&cropX1=754&cropX2=3423&cropY1=0&cropY2=2667,491.0,487.0,7700.0,,,,,,
Michael Kadoorie,Kadoorie,michael-kadoorie,michael-kadoorie,-52.201,"Hotels, energy",Energy,M,Hong Kong,1777596602658,,,7618.843,490.0,490.0,84.0,https://specials-images.forbesimg.com/imageserve/63efa22f9c825f3107b8d5ae/416x416.jpg?background=000000&cropX1=784&cropX2=1174&cropY1=423&cropY2=813,492.0,487.0,7700.0,,,,,,
Min Kao,Kao,min-kao,min-kao,-35.345,Navigation equipment,Technology,M,United States,1777596602658,KS,Kansas,7693.415,483.0,483.0,77.0,//specials-images.forbesimg.com/imageserve/2fa78ea6d7b94752e196e514f98f2b32/416x416.jpg?background=000000&cropX1=215&cropX2=478&cropY1=121&cropY2=384,493.0,487.0,7700.0,,,,,,
Jim Kavanaugh,Kavanaugh,jim-kavanaugh,no-pic,0.0,IT provider,Technology,M,United States,1777596602658,MO,Missouri,7716.87,478.0,478.0,63.0,//specials-images.forbesimg.com/imageserve/5bbbc451a7ea4342a949d23b/416x416.jpg?background=000000&cropX1=42&cropX2=3312&cropY1=427&cropY2=3695,494.0,487.0,7700.0,,,,,,
Frederik Paulsen,Paulsen,frederik-paulsen,frederik-paulsen,25.884,Health care,Healthcare,M,Sweden,1777596602658,,,7216.979,530.0,530.0,75.0,//specials-images.forbesimg.com/imageserve/5e77c610c7b02d000666ddb2/416x416.jpg?background=000000&cropX1=89&cropX2=1228&cropY1=40&cropY2=1178,495.0,487.0,7700.0,,,,,,
Kjell Inge Rokke,Rokke,kjell-inge-rokke,kjell-inge-rokke,120.015,"Shipping, seafood",Logistics,M,Norway,1777596602657,,,8711.581,402.0,402.0,67.0,//specials-images.forbesimg.com/imageserve/58a244daa7ea431f32197300/416x416.jpg?background=000000&cropX1=167&cropX2=573&cropY1=55&cropY2=461,496.0,487.0,7700.0,,,,,,
Zong Fuli,Zong,zong-fuli,no-pic-female,0.0,Beverages,Food & Beverage,F,China,1777596602658,,,7729.556,476.0,476.0,44.0,https://specials-images.forbesimg.com/imageserve/672506fd31ed3317c2bd4ecb/416x416.jpg?background=000000&cropX1=2331&cropX2=3890&cropY1=138&cropY2=1696,497.0,487.0,7700.0,,,,,,
Maria Fernanda Amorim,Amorim,maria-fernanda-amorim,no-pic-female,3.344,"Energy, investments",Diversified,F,Portugal,1777596602658,,,7790.165,472.0,472.0,91.0,,498.0,498.0,7600.0,,,,,,
Juergen Blickle,Blickle,juergen-blickle,juergen-blickle,0.0,Auto parts,Manufacturing,M,Germany,1777596602658,,,7520.768,500.0,500.0,79.0,//specials-images.forbesimg.com/imageserve/98c126cea0829deac65b48b44ed0e22e/416x416.jpg?background=000000&cropX1=3&cropX2=744&cropY1=55&cropY2=796,499.0,498.0,7600.0,,,,,,
Hasmukh Chudgar,Chudgar,hasmukh-chudgar,no-pic,0.0,Pharmaceuticals,Healthcare,M,India,1777596602658,,,7608.8,491.0,491.0,92.0,https://specials-images.forbesimg.com/imageserve/68e6b1c25881bc6215476bb6/416x416.jpg?background=000000&cropX1=1&cropX2=800&cropY1=0&cropY2=799,500.0,498.0,7600.0,,,,,,
Oleg Deripaska,Deripaska,oleg-deripaska,oleg-deripaska,56.732,"Aluminum, utilities",Metals & Mining,M,Russia,1777596602658,,,7401.117,511.0,511.0,58.0,https://specials-images.forbesimg.com/imageserve/622915346fb19ba3632edc8a/416x416.jpg?background=000000&cropX1=589&cropX2=3252&cropY1=6&cropY2=2667,501.0,498.0,7600.0,,,,,,
Li Ge,Li,li-ge,no-pic,-71.907,Pharmaceuticals,Healthcare,M,United States,1777596602658,,,7950.941,451.0,451.0,59.0,https://specials-images.forbesimg.com/imageserve/5c745e534bbe6f072958dafa/416x416.jpg?background=000000&cropX1=381&cropX2=2000&cropY1=583&cropY2=2203,502.0,498.0,7600.0,,,,,,
Li Hua,Li,li-hua,no-pic,66.632,Financial services,Finance & Investments,M,China,1777596602658,,,7890.41,459.0,459.0,48.0,https://specials-images.forbesimg.com/imageserve/672509907cd5aab092731270/416x416.jpg?background=000000&cropX1=428&cropX2=993&cropY1=118&cropY2=682,503.0,498.0,7600.0,,,,,,
Jeffrey Lurie,Lurie,jeffrey-lurie,jeffrey-lurie,0.0,Philadelphia Eagles,Sports,M,United States,1777596602658,PA,Pennsylvania,7647.0,486.0,486.0,74.0,https://specials-images.forbesimg.com/imageserve/642497f7b160783d8881b689/416x416.jpg?background=000000&cropX1=385&cropX2=2428&cropY1=0&cropY2=2042,504.0,498.0,7600.0,,,,,,
Daniel Nadler,Nadler,daniel-nadler,no-pic,0.0,AI software,Technology,M,Canada,1777596602658,FL,Florida,7619.0,489.0,489.0,42.0,https://specials-images.forbesimg.com/imageserve/6878542c5496a2a20de92b05/416x416.jpg?background=000000&cropX1=260&cropX2=2374&cropY1=51&cropY2=2165,505.0,498.0,7600.0,,,,,,
Cliff Obrecht,Obrecht,cliff-obrecht,no-pic,0.0,Software,Technology,M,Australia,1777596602658,,,7560.0,495.0,495.0,40.0,https://specials-images.forbesimg.com/imageserve/624430fcba07b141424ab6ab/416x416.jpg?background=000000&cropX1=543&cropX2=1057&cropY1=149&cropY2=663,506.0,498.0,7600.0,,,,,,
Melanie Perkins,Perkins,melanie-perkins,melanie-perkins,0.0,Software,Technology,F,Australia,1777596602658,,,7560.0,495.0,496.0,38.0,https://specials-images.forbesimg.com/imageserve/61a4f746e844c5c50c06c32e/416x416.jpg?background=000000&cropX1=0&cropX2=2221&cropY1=268&cropY2=2491,507.0,498.0,7600.0,"Co-Founder & CEO, Canva",False,,,,
Quek Leng Chan,Quek,quek-leng-chan,quek-leng-chan,0.05,"Banking, property",Diversified,M,Malaysia,1777596602658,,,7522.129,499.0,499.0,84.0,//specials-images.forbesimg.com/imageserve/9bbc3bf3ec43d1372354224b2f0c3ae6/416x416.jpg?background=000000&cropX1=2&cropX2=744&cropY1=44&cropY2=787,508.0,498.0,7600.0,,,,,,
Maria Angelicoussis,Angelicoussis,maria-angelicoussis,no-pic-female,0.0,Shipping,Logistics,F,Greece,1777596602658,,,7493.616,504.0,504.0,44.0,,509.0,509.0,7500.0,,,,,,
Dona Bertarelli,Bertarelli,dona-bertarelli,dona-bertarelli,0.0,Biotech and investments,Healthcare,F,Switzerland,1777596602658,,,7450.164,509.0,509.0,58.0,//specials-images.forbesimg.com/imageserve/c1dbd4fa31b702a401ff195c647b54e4/416x416.jpg?background=000000&cropX1=0&cropX2=744&cropY1=73&cropY2=817,510.0,509.0,7500.0,,,,,,
Fan Hongwei,Fan,fan-hongwei,no-pic-female,-28.645,Petrochemicals,Energy,F,China,1777596602658,,,6633.971,599.0,599.0,59.0,https://specials-images.forbesimg.com/imageserve/6050f48ca1ab099ed6e290cc/416x416.jpg?background=000000&cropX1=0&cropX2=800&cropY1=0&cropY2=800,511.0,509.0,7500.0,,,,,,
John Grayken,Grayken,john-grayken,john-grayken,0.0,Private equity,Finance & Investments,M,Ireland,1777596602658,,,7484.0,505.0,505.0,69.0,//specials-images.forbesimg.com/imageserve/56cb6be7e4b062f6b59a3d38/416x416.jpg?background=000000&cropX1=0&cropX2=744&cropY1=5&cropY2=749,512.0,509.0,7500.0,,,,,,
Thai Lee,Lee,thai-lee,thai-lee,0.0,IT provider,Technology,F,United States,1777596602658,TX,Texas,7501.0,502.0,502.0,67.0,//specials-images.forbesimg.com/imageserve/5d8afd6822254b0008e1672a/416x416.jpg?background=000000&cropX1=49&cropX2=3453&cropY1=938&cropY2=4345,513.0,509.0,7500.0,,,,,,
Liu Hanyuan,Liu,liu-hanyuan,no-pic,11.077,"Agribusiness, new energy",Energy,M,China,1777596602658,,,7330.857,521.0,521.0,62.0,https://specials-images.forbesimg.com/imageserve/636e8a40647724a613cb7ea0/416x416.jpg?background=000000&cropX1=73&cropX2=1424&cropY1=111&cropY2=1463,514.0,509.0,7500.0,,,,,,
Michael Milken,Milken,michael-milken,michael-milken,0.0,Investments,Finance & Investments,M,United States,1777596602658,CA,California,7472.0,507.0,507.0,79.0,//specials-images.forbesimg.com/imageserve/5ba54b774bbe6f79516f6035/416x416.jpg?background=000000&cropX1=615&cropX2=2337&cropY1=389&cropY2=2113,515.0,509.0,7500.0,,,,,,
Jorge Moll Filho,Moll Filho,jorge-moll-filho,no-pic,134.699,Hospitals,Healthcare,M,Brazil,1777596602658,,,7269.583,528.0,528.0,81.0,//specials-images.forbesimg.com/imageserve/5c6ccd99a7ea437e33f37640/416x416.jpg?background=000000&cropX1=304&cropX2=987&cropY1=0&cropY2=683,516.0,509.0,7500.0,,,,,,
Vivek Chaand Sehgal,Sehgal,vivek-chaand-sehgal,vivek-chaand-sehgal,-98.372,Auto parts,Automotive,M,Australia,1777596602658,,,6551.165,626.0,626.0,69.0,https://specials-images.forbesimg.com/imageserve/603eab25a5f320822476aba3/416x416.jpg?background=000000&cropX1=1222&cropX2=2117&cropY1=106&cropY2=1001,517.0,509.0,7500.0,,,,,,
George Soros,Soros,george-soros,george-soros,0.0,Hedge funds,Finance & Investments,M,United States,1777596602658,NY,New York,7499.0,503.0,503.0,95.0,https://specials-images.forbesimg.com/imageserve/5f4e72bdd82a882a3012a595/416x416.jpg?background=000000&cropX1=886&cropX2=3035&cropY1=515&cropY2=2664,518.0,509.0,7500.0,"Founder, Soros Fund Management LLC",False,,,,
Yuan Fugen,Yuan,yuan-fugen,no-pic,203.405,Metal processing,Manufacturing,M,China,1777596602657,,,15797.308,180.0,180.0,75.0,https://specials-images.forbesimg.com/imageserve/690249a4cd60fcd96fad99bc/416x416.jpg?background=000000&cropX1=0&cropX2=800&cropY1=0&cropY2=800,519.0,509.0,7500.0,,,,,,
Mike Cannon-Brookes,Cannon-Brookes,mike-cannon-brookes,mike-cannon-brookes,-81.608,Software,Technology,M,Australia,1777596602658,,,7057.837,545.0,545.0,46.0,https://specials-images.forbesimg.com/imageserve/67aa660c09e22c40be7575fa/416x416.jpg?background=000000&cropX1=871&cropX2=3260&cropY1=5&cropY2=2392,520.0,520.0,7400.0,,,,,,
Ding Shizhong,Ding,ding-shizhong,ding-shizhong,-136.481,Sports apparel,Fashion & Retail,M,China,1777596602658,,,7122.767,537.0,537.0,55.0,https://specials-images.forbesimg.com/imageserve/672502277c35e82b5819c53c/416x416.jpg?background=000000&cropX1=588&cropX2=1799&cropY1=119&cropY2=1331,521.0,520.0,7400.0,,,,,,
Kjeld Kirk Kristiansen,Kristiansen,kjeld-kirk-kristiansen,kjeld-kirk-kristiansen,0.0,Lego,Manufacturing,M,Denmark,1777596602658,,,7341.512,519.0,519.0,78.0,//specials-images.forbesimg.com/imageserve/5e75910010380d0006fba934/416x416.jpg?background=000000&cropX1=1367&cropX2=2999&cropY1=0&cropY2=1634,522.0,520.0,7400.0,,,,,,
Robin Li,Li,robin-li,robin-li,312.321,Internet search,Technology,M,China,1777596602658,,,7564.817,493.0,493.0,57.0,https://specials-images.forbesimg.com/imageserve/690243aec4c8f8827596b331/416x416.jpg?background=000000&cropX1=209&cropX2=735&cropY1=159&cropY2=685,523.0,520.0,7400.0,,,,,,
Horst Julius Pudwill,Pudwill,horst-julius-pudwill,horst-julius-pudwill,25.001,Manufacturing,Manufacturing,M,Germany,1777596602658,,,6589.707,607.0,607.0,81.0,https://specials-images.forbesimg.com/imageserve/603527cabc0743d40c71abaa/416x416.jpg?background=000000&cropX1=0&cropX2=1632&cropY1=0&cropY2=1632,524.0,520.0,7400.0,,,,,,
Max Van Hoegaerden Herrmann Telles,Telles,max-van-hoegaerden-herrmann-telles,no-pic,192.1,Beer,Food & Beverage,M,Brazil,1777596602658,NY,New York,6876.178,572.0,572.0,30.0,,525.0,520.0,7400.0,,,,,,
Remon Vos,Vos,remon-vos,no-pic,239.425,Logistics real estate,Real Estate,M,Netherlands,1777596602658,,,6575.107,609.0,609.0,55.0,https://specials-images.forbesimg.com/imageserve/67e43944de34e39d60cba3d9/416x416.jpg?background=000000&cropX1=144&cropX2=933&cropY1=2&cropY2=791,526.0,520.0,7400.0,,,,,,
Xu Shihui,Xu,xu-shihui,xu-shihui,0.0,"Snacks, beverages",Food & Beverage,M,China,1777596602658,,,7457.19,508.0,508.0,68.0,//specials-images.forbesimg.com/imageserve/5a05f0a14bbe6f37dda22921/416x416.jpg?background=000000&cropX1=9&cropX2=4009&cropY1=480&cropY2=4484,527.0,520.0,7400.0,,,,,,
Cen Junda,Cen,cen-junda,no-pic,-126.593,Pharmaceuticals,Healthcare,M,China,1777596602658,,,7227.634,529.0,529.0,61.0,https://specials-images.forbesimg.com/imageserve/672508694b2161e3b563d0cd/416x416.jpg?background=000000&cropX1=1&cropX2=800&cropY1=1&cropY2=800,528.0,528.0,7300.0,,,,,,
Tench Coxe,Coxe,tench-coxe,no-pic,-305.278,Venture capital,Finance & Investments,M,United States,1777596602658,CA,California,7850.48,464.0,464.0,68.0,https://specials-images.forbesimg.com/imageserve/66fb3967f146197fdd68318e/416x416.jpg?background=000000&cropX1=0&cropX2=800&cropY1=0&cropY2=800,529.0,528.0,7300.0,,,,,,
Sumet Jiaravanon,Jiaravanon,sumet-jiaravanon,no-pic,-80.342,Diversified,Diversified,M,Thailand,1777596602658,,,6726.993,588.0,588.0,91.0,//specials-images.forbesimg.com/imageserve/5c724fe5a7ea43100043538d/416x416.jpg?background=000000&cropX1=4&cropX2=473&cropY1=61&cropY2=530,530.0,528.0,7300.0,,,,,,
George Kurtz,Kurtz,george-kurtz,no-pic,-75.9,Security software,Technology,M,United States,1777596602658,AZ,Arizona,8137.446,436.0,436.0,55.0,//specials-images.forbesimg.com/imageserve/5e5eec877d6f2600068e9a81/416x416.jpg?background=000000&cropX1=1192&cropX2=3840&cropY1=2641&cropY2=5291,531.0,528.0,7300.0,,,,,,
Ma Jianrong,Ma,ma-jianrong,ma-jianrong,-107.059,"Textiles, apparel",Fashion & Retail,M,China,1777596602658,,,6115.952,668.0,668.0,62.0,https://specials-images.forbesimg.com/imageserve/6182beec66b7fc26cce9678c/416x416.jpg?background=000000&cropX1=589&cropX2=2634&cropY1=189&cropY2=2234,532.0,528.0,7300.0,,,,,,
Janice McNair,McNair,janice-mcnair,no-pic-female,0.0,"Energy, sports",Sports,F,United States,1777596602658,TX,Texas,7315.359,522.0,522.0,89.0,//specials-images.forbesimg.com/imageserve/5c64893731358e1c187e7e4d/416x416.jpg?background=000000&cropX1=0&cropX2=1500&cropY1=135&cropY2=1635,533.0,528.0,7300.0,,,,,,
Alain Merieux,Merieux,alain-merieux,alain-merieux,172.272,Pharmaceuticals,Healthcare,M,France,1777596602658,,,5871.429,702.0,702.0,88.0,//specials-images.forbesimg.com/imageserve/5e75984410380d0006fba986/416x416.jpg?background=000000&cropX1=1530&cropX2=3561&cropY1=296&cropY2=2326,534.0,528.0,7300.0,,,,,,
Alexander Otto,Otto,alexander-otto,no-pic,-24.734,Real estate,Real Estate,M,Germany,1777596602658,,,6819.949,579.0,579.0,58.0,//specials-images.forbesimg.com/imageserve/5e7611f4c7b02d000666c645/416x416.jpg?background=000000&cropX1=1001&cropX2=5424&cropY1=18&cropY2=4445,535.0,528.0,7300.0,,,,,,
Roger Penske,Penske,roger-penske,roger-penske,-2.049,Cars,Automotive,M,United States,1777596602658,MI,Michigan,7720.61,477.0,477.0,89.0,https://specials-images.forbesimg.com/imageserve/632e0a2ba6e11770e344b126/416x416.jpg?background=000000&cropX1=932&cropX2=1552&cropY1=230&cropY2=850,536.0,528.0,7300.0,,,,,,
Gianfelice Rocca,Rocca,gianfelice-rocca-1,no-pic,55.777,Pipe Manufacturing,Metals & Mining,M,Italy,1777596602658,,,7986.526,446.0,446.0,78.0,,537.0,528.0,7300.0,,,,,,
Paolo Rocca,Rocca,paolo-rocca,paolo-rocca,55.777,Pipe Manufacturing,Metals & Mining,M,Italy,1777596602658,,,7986.776,445.0,445.0,73.0,,538.0,528.0,7300.0,,,,,,
Mark Walter,Walter,mark-walter,mark-walter,0.0,"Finance, asset management",Finance & Investments,M,United States,1777596602658,IL,Illinois,7293.7,523.0,523.0,65.0,//specials-images.forbesimg.com/imageserve/5d8af40922254b0008e16667/416x416.jpg?background=000000&cropX1=490&cropX2=2190&cropY1=80&cropY2=1779,539.0,528.0,7300.0,"CEO, Guggenheim Partners LLC",False,,,,
Wang Xing,Wang,wang-xing,wang-xing,-17.236,Food delivery,Technology,M,China,1777596602658,,,7431.664,510.0,510.0,47.0,https://specials-images.forbesimg.com/imageserve/5dc07c6f5e338c00066231ff/416x416.jpg?background=000000&cropX1=1680&cropX2=3080&cropY1=97&cropY2=1497,540.0,528.0,7300.0,,,,,,
Xu Hang,Xu,xu-hang,no-pic,0.0,Medical devices,Healthcare,M,Hong Kong,1777596602658,,,6863.352,573.0,573.0,63.0,https://specials-images.forbesimg.com/imageserve/6182bb73ac4ca523bf1e3a2c/416x416.jpg?background=000000&cropX1=304&cropX2=1307&cropY1=62&cropY2=1064,541.0,528.0,7300.0,,,,,,
Jaran Chiaravanont,Chiaravanont,jaran-chiaravanont,no-pic,-79.124,Diversified,Diversified,M,Thailand,1777596602658,,,6632.152,600.0,600.0,96.0,//specials-images.forbesimg.com/imageserve/5c7250454bbe6f51818abbbd/416x416.jpg?background=000000&cropX1=64&cropX2=475&cropY1=70&cropY2=481,542.0,542.0,7200.0,,,,,,
James Clark,Clark,james-clark,james-clark,77.086,"Netscape, investments",Technology,M,United States,1777596602658,FL,Florida,7395.329,512.0,512.0,82.0,//specials-images.forbesimg.com/imageserve/59de798131358e542c039ef4/416x416.jpg?background=000000&cropX1=437&cropX2=1424&cropY1=237&cropY2=1224,543.0,542.0,7200.0,"Cofounder, Netscape Communications Corporation",False,,,,
Marcos Galperin,Galperin,marcos-galperin,no-pic,90.916,E-commerce,Technology,M,Argentina,1777596602658,,,7365.837,516.0,516.0,54.0,//specials-images.forbesimg.com/imageserve/5e73d2a007adf00006db9596/416x416.jpg?background=000000&cropX1=760&cropX2=3393&cropY1=11&cropY2=2644,544.0,542.0,7200.0,,,,,,
Daryl Katz,Katz,daryl-katz,daryl-katz,0.815,Pharmacies,Diversified,M,Canada,1777596602658,,,7182.323,535.0,535.0,64.0,https://specials-images.forbesimg.com/imageserve/647dea5e9ae0b2118ad81907/416x416.jpg?background=000000&cropX1=313&cropX2=2067&cropY1=206&cropY2=1961,545.0,542.0,7200.0,"Founder and Chairman, Katz Group",False,,,,
Howard Lutnick,Lutnick,howard-lutnick,no-pic,16.728,Finance,Finance & Investments,M,United States,1777596602658,DC,District of Columbia,7375.275,515.0,515.0,64.0,https://specials-images.forbesimg.com/imageserve/67e45b8eb509800770d5ded8/416x416.jpg?background=000000&cropX1=1226&cropX2=2173&cropY1=154&cropY2=1100,546.0,542.0,7200.0,,,,,,
Michael Moritz,Moritz,michael-moritz,michael-moritz,366.038,Venture capital,Finance & Investments,M,United States,1777596602658,CA,California,8012.748,443.0,443.0,71.0,https://specials-images.forbesimg.com/imageserve/624e03ce0e62ac687c1c1f55/416x416.jpg?background=000000&cropX1=0&cropX2=1200&cropY1=0&cropY2=1200,547.0,542.0,7200.0,"Partner, Sequoia",False,,,,
Philip Ng,Ng,philip-ng,no-pic,-3.085,Real Estate,Real Estate,M,Singapore,1777596602658,,,7096.504,539.0,539.0,67.0,,548.0,542.0,7200.0,,,,,,
Karen Pritzker,Pritzker,karen-pritzker,karen-pritzker,45.794,"Hotels, investments",Finance & Investments,F,United States,1777596602658,CT,Connecticut,7086.773,541.0,541.0,68.0,//specials-images.forbesimg.com/imageserve/83fbe5433dfa59f56151a75692d7107d/416x416.jpg?background=000000&cropX1=0&cropX2=744&cropY1=24&cropY2=768,549.0,542.0,7200.0,,,,,,
"Edward Roski, Jr.",Roski,edward-roski-jr,edward-roski-jr,0.0,Real estate,Real Estate,M,United States,1777596602658,CA,California,7034.309,548.0,548.0,87.0,//specials-images.forbesimg.com/imageserve/5d8a8d0d6de3150009a50173/416x416.jpg?background=000000&cropX1=172&cropX2=1281&cropY1=94&cropY2=1204,550.0,542.0,7200.0,"President and Chairman, Majestic Realty, Co.",False,,,,
Charles Simonyi,Simonyi,charles-simonyi,charles-simonyi,-165.765,Microsoft,Technology,M,United States,1777596602658,WA,Washington,7389.518,514.0,514.0,77.0,//specials-images.forbesimg.com/imageserve/5d8af04618444200084e7329/416x416.jpg?background=000000&cropX1=247&cropX2=1846&cropY1=21&cropY2=1620,551.0,542.0,7200.0,,,,,,
Radovan Vitek,Vitek,radovan-vitek,radovan-vitek,0.0,Real estate,Real Estate,M,Czech Republic,1777596602658,,,7118.287,538.0,538.0,55.0,//specials-images.forbesimg.com/imageserve/589f486a4bbe6f0e55868b04/416x416.jpg?background=000000&cropX1=0&cropX2=744&cropY1=177&cropY2=921,552.0,542.0,7200.0,,,,,,
Yan Junjie,Yan,yan-junjie,no-pic,47.276,AI,Technology,M,China,1777596602658,,,6741.607,587.0,587.0,37.0,https://specials-images.forbesimg.com/imageserve/69af144d66eaee3fa30b4221/416x416.jpg?background=000000&cropX1=962&cropX2=1667&cropY1=34&cropY2=739,553.0,542.0,7200.0,,,,,,
Daniel Ziff,Ziff,daniel-ziff,daniel-ziff,0.0,Investments,Finance & Investments,M,United States,1777596602658,NY,New York,7188.75,531.0,531.0,54.0,//specials-images.forbesimg.com/imageserve/5d8a9c5b22254b0008e16128/416x416.jpg?background=000000&cropX1=42&cropX2=822&cropY1=23&cropY2=803,554.0,542.0,7200.0,,,,,,
Dirk Ziff,Ziff,dirk-ziff,dirk-ziff,0.0,Investments,Finance & Investments,M,United States,1777596602658,FL,Florida,7188.75,531.0,532.0,62.0,//specials-images.forbesimg.com/imageserve/5d8a9ccf6de3150009a502d0/416x416.jpg?background=000000&cropX1=726&cropX2=2857&cropY1=86&cropY2=2216,555.0,542.0,7200.0,,,,,,
Robert Ziff,Ziff,robert-ziff,robert-ziff,0.0,Investments,Finance & Investments,M,United States,1777596602658,NY,New York,7188.75,531.0,533.0,59.0,//specials-images.forbesimg.com/imageserve/a79b15bcfbd8937c1b3ece8bea3b6d8e/416x416.jpg?background=000000&cropX1=2&cropX2=726&cropY1=12&cropY2=736,556.0,542.0,7200.0,,,,,,
Albert Avdolyan,Avdolyan,albert-avdolyan,no-pic,0.0,"Oil, mining",Energy,M,Russia,1777596602658,,,7133.705,536.0,536.0,55.0,https://specials-images.forbesimg.com/imageserve/67eaa5f488c69cf64d15a6ee/416x416.jpg?background=000000&cropX1=512&cropX2=956&cropY1=90&cropY2=535,557.0,557.0,7100.0,,,,,,
Rahul Bhatia,Bhatia,rahul-bhatia-1,no-pic,-60.054,Aviation,Service,M,India,1777596602658,,,6239.974,660.0,660.0,66.0,https://specials-images.forbesimg.com/imageserve/65256d96348f068a43536f4f/416x416.jpg?background=000000&cropX1=338&cropX2=2391&cropY1=130&cropY2=2183,558.0,557.0,7100.0,,,,,,
"Chase Coleman, III.",Coleman,chase-coleman-iii,chase-coleman-iii,0.0,Investments,Finance & Investments,M,United States,1777596602658,NY,New York,7080.0,543.0,543.0,50.0,//specials-images.forbesimg.com/imageserve/59d6653f31358e542c035e9c/416x416.jpg?background=000000&cropX1=1057&cropX2=2137&cropY1=315&cropY2=1396,559.0,557.0,7100.0,"Founder, Tiger Global Management",False,450.0,,,
Ding Shijia,Ding,ding-shijia,no-pic,-129.824,Sports apparel,Fashion & Retail,M,China,1777596602658,,,6803.78,582.0,582.0,62.0,https://specials-images.forbesimg.com/imageserve/636e8bbe2c24bfbb937fde82/416x416.jpg?background=000000&cropX1=236&cropX2=2551&cropY1=703&cropY2=3020,560.0,557.0,7100.0,,,,,,
Robert Ng,Ng,robert-ng,no-pic,-2.957,Real estate,Real Estate,M,Singapore,1777596602658,,,6972.308,565.0,565.0,74.0,,561.0,557.0,7100.0,,,,,,
Teddy Sagi,Sagi,teddy-sagi,teddy-sagi,0.0,Gambling software,Gambling & Casinos,M,Israel,1777596602658,,,7082.692,542.0,542.0,54.0,//specials-images.forbesimg.com/imageserve/58a2357231358e1a35ab4fc2/416x416.jpg?background=000000&cropX1=81&cropX2=566&cropY1=77&cropY2=562,562.0,557.0,7100.0,,,,,,
Steven Spielberg,Spielberg,steven-spielberg,steven-spielberg,0.0,Movies,Media & Entertainment,M,United States,1777596602658,CA,California,7056.1,546.0,546.0,79.0,https://specials-images.forbesimg.com/imageserve/5f497384226032c2eb8faecb/416x416.jpg?background=000000&cropX1=377&cropX2=3114&cropY1=768&cropY2=3504,563.0,557.0,7100.0,,,,,,
Tsai Eng-meng,Tsai,tsai-eng-meng,tsai-eng-meng,-79.174,"Food, beverages",Food & Beverage,M,Taiwan,1777596602658,,,6672.072,596.0,596.0,69.0,https://specials-images.forbesimg.com/imageserve/58a0a4eda7ea431f321958b6/416x416.jpg?background=000000&cropX1=0&cropX2=744&cropY1=69&cropY2=813,564.0,557.0,7100.0,,,,,,
Tsai Hong-tu,Tsai,tsai-hong-tu,tsai-hong-tu,-96.101,Finance,Finance & Investments,M,Taiwan,1777596602658,,,6822.825,578.0,578.0,73.0,https://specials-images.forbesimg.com/imageserve/6091b9de18caf49a8ffbc40f/416x416.jpg?background=000000&cropX1=0&cropX2=1014&cropY1=0&cropY2=1014,565.0,557.0,7100.0,,,,,,
Ty Warner,Warner,ty-warner,ty-warner,25.01,"Plush toys, real estate",Real Estate,M,United States,1777596602658,IL,Illinois,7292.601,524.0,524.0,81.0,//specials-images.forbesimg.com/imageserve/8ee60287ddfbb68f562a1f22fb88f721/416x416.jpg?background=000000&cropX1=0&cropX2=744&cropY1=27&cropY2=771,566.0,557.0,7100.0,,,,,,
Daniela Amodei,Amodei,daniela-amodei,no-pic-female,0.0,Artificial intelligence,Technology,F,United States,1777596602658,,,7000.0,552.0,553.0,38.0,https://specials-images.forbesimg.com/imageserve/67e5a908b892f00cb44e6a12/416x416.jpg?background=000000&cropX1=60&cropX2=1533&cropY1=78&cropY2=1551,567.0,567.0,7000.0,"Cofounder & President, Anthropic",False,,,,
Dario Amodei,Amodei,dario-amodei,no-pic,0.0,Artifical intelligence,Technology,M,United States,1777596602658,CA,California,7000.0,552.0,554.0,43.0,https://specials-images.forbesimg.com/imageserve/67e5a99215150d428f815232/416x416.jpg?background=000000&cropX1=2&cropX2=1698&cropY1=0&cropY2=1696,568.0,567.0,7000.0,,,,,,
Edythe Broad,Broad,edythe-broad,no-pic-female,0.0,"Homebuilding, insurance",Diversified,F,United States,1777596602658,CA,California,6997.985,559.0,559.0,90.0,https://specials-images.forbesimg.com/imageserve/62446cad7e919f74474ab6ab/416x416.jpg?background=000000&cropX1=1453&cropX2=2550&cropY1=403&cropY2=1499,569.0,567.0,7000.0,,,,,,
Tom Brown,Brown,tom-brown,no-pic,0.0,Artificial intelligence,Technology,M,United States,1777596602658,CA,California,7000.0,552.0,558.0,39.0,,570.0,567.0,7000.0,,,,,,
Cai Huabo,Cai,cai-huabo,no-pic,-314.738,Electronics,Technology,M,China,1777596602657,,,9588.998,349.0,349.0,50.0,,571.0,567.0,7000.0,,,,,,
Jack Clark,Clark,jack-clark,no-pic,0.0,Artificial intelligence,Technology,M,United States,1777596602658,CA,California,7000.0,552.0,555.0,37.0,,572.0,567.0,7000.0,,,,,,
Leonardo Maria Del Vecchio,Del Vecchio,leonardo-maria-del-vecchio,no-pic,17.604,Eyeglasses,Fashion & Retail,M,Italy,1777596602658,,,5985.427,689.0,689.0,30.0,https://specials-images.forbesimg.com/imageserve/642b2dec3f6bbdcb48e1c15d/416x416.jpg?background=000000&cropX1=798&cropX2=3319&cropY1=169&cropY2=2689,573.0,567.0,7000.0,,,,,,
Scott Farquhar,Farquhar,scott-farquhar,scott-farquhar,-90.111,Software,Technology,M,Australia,1777596602658,,,6657.918,597.0,597.0,46.0,https://specials-images.forbesimg.com/imageserve/69822bd24b585c1fee62410d/416x416.jpg?background=000000&cropX1=3&cropX2=2354&cropY1=3&cropY2=2354,574.0,567.0,7000.0,,,,,,
Jared Kaplan,Kaplan,jared-kaplan,no-pic,0.0,Artificial intelligence,Technology,M,United States,1777596602658,CA,California,7000.0,552.0,556.0,42.0,,575.0,567.0,7000.0,,,,,,
Kwak Dong Shin,Kwak,kwak-dong-shin,no-pic,221.065,Semiconductors,Technology,M,South Korea,1777596602658,,,7745.723,475.0,475.0,51.0,https://specials-images.forbesimg.com/imageserve/6672e76e71069e9fd6c68a0a/416x416.jpg?background=000000&cropX1=0&cropX2=354&cropY1=17&cropY2=372,576.0,567.0,7000.0,,,,,,
Joe Lewis,Lewis,joe-lewis,joe-lewis,6.418,Investments,Finance & Investments,M,United Kingdom,1777596602658,,,6943.612,567.0,567.0,89.0,//specials-images.forbesimg.com/imageserve/2d5e4df45e57233fed043051652af0b8/416x416.jpg?background=000000&cropX1=124&cropX2=2188&cropY1=0&cropY2=2066,577.0,567.0,7000.0,,,,,,
Evangelos Marinakis,Marinakis,evangelos-marinakis,no-pic,-40.498,"Shipping, soccer",Logistics,M,Greece,1777596602658,,,6903.889,568.0,568.0,58.0,,578.0,567.0,7000.0,,,,,,
Sam McCandlish,McCandlish,sam-mccandlish,no-pic,0.0,Artificial intelligence,Technology,M,United States,1777596602658,CA,California,7000.0,552.0,557.0,35.0,,579.0,567.0,7000.0,,,,,,
Christopher Olah,Olah,christopher-olah,no-pic,0.0,Artificial intelligence,Technology,M,Canada,1777596602658,CA,California,7000.0,552.0,552.0,33.0,,580.0,567.0,7000.0,,,,,,
Yasumitsu Shigeta,Shigeta,yasumitsu-shigeta,yasumitsu-shigeta,-198.904,Mobile phone retailer,Telecom,M,Japan,1777596602658,,,5991.64,687.0,687.0,61.0,//specials-images.forbesimg.com/imageserve/5ea6e308be3b7600063987a7/416x416.jpg?background=000000&cropX1=893&cropX2=1720&cropY1=109&cropY2=935,581.0,567.0,7000.0,,,,,,
Stephen Smith,Smith,stephen-smith,no-pic,-0.106,Finance and investments,Finance & Investments,M,Canada,1777596602658,,,7005.677,550.0,550.0,74.0,https://specials-images.forbesimg.com/imageserve/5fbe6669879eb794e10b9aeb/416x416.jpg?background=000000&cropX1=0&cropX2=1920&cropY1=117&cropY2=2038,582.0,567.0,7000.0,,,,,,
David Thomson,Thomson,david-thomson,david-thomson,105.41,Thomson Reuters,Media & Entertainment,M,Canada,1777596602658,,,6978.666,562.0,562.0,68.0,https://specials-images.forbesimg.com/imageserve/5a7ba72aa7ea43169012f1b4/416x416.jpg?background=000000&cropX1=1065&cropX2=3315&cropY1=60&cropY2=2310,583.0,567.0,7000.0,"Chairman, Thomson Reuters Corporation",False,,,,
Peter Thomson,Thomson,peter-thomson,no-pic,105.41,Thomson Reuters,Media & Entertainment,M,Canada,1777596602658,,,6978.666,562.0,563.0,61.0,,584.0,567.0,7000.0,,,,,,
Taylor Thomson,Thomson,taylor-thomson,no-pic-female,105.41,Thomson Reuters,Media & Entertainment,F,Canada,1777596602658,,,6978.666,562.0,564.0,66.0,,585.0,567.0,7000.0,,,,,,
Zhang Hongchao,Zhang,zhang-hongchao,no-pic,-82.531,Bubble tea,Food & Beverage,M,China,1777596602658,,,5655.34,738.0,738.0,50.0,https://specials-images.forbesimg.com/imageserve/690247b680059b3b6596b523/416x416.jpg?background=000000&cropX1=0&cropX2=800&cropY1=0&cropY2=800,586.0,567.0,7000.0,,,,,,
Zhang Hongfu,Zhang,zhang-hongfu,no-pic,-82.531,Bubble tea,Food & Beverage,M,China,1777596602658,,,5655.34,738.0,739.0,42.0,,587.0,567.0,7000.0,,,,,,
Clive Calder,Calder,clive-calder,clive-calder,0.0,Record label,Media & Entertainment,M,United Kingdom,1777596602658,,,6897.0,569.0,569.0,79.0,//specials-images.forbesimg.com/imageserve/5c726e2131358e35dd270216/416x416.jpg?background=000000&cropX1=159&cropX2=978&cropY1=59&cropY2=878,588.0,588.0,6900.0,,,,,,
Marian Ilitch,Ilitch,marian-ilitch,marian-ilitch,0.0,Little Caesars Pizza,Food & Beverage,F,United States,1777596602658,MI,Michigan,6896.5,570.0,570.0,93.0,//specials-images.forbesimg.com/imageserve/5ceaa35f9736330008a9ff96/416x416.jpg?background=000000&cropX1=338&cropX2=1995&cropY1=56&cropY2=1715,589.0,588.0,6900.0,,,,,,
Richard Li,Li,richard-li,richard-li,-74.725,"Insurance, telecom",Finance & Investments,M,Hong Kong,1777596602658,,,6200.038,663.0,663.0,59.0,https://specials-images.forbesimg.com/imageserve/65d4c7bbf37542227f60948b/416x416.jpg?background=000000&cropX1=171&cropX2=812&cropY1=47&cropY2=689,590.0,588.0,6900.0,,,,,,
Michael Otto,Otto,michael-otto,michael-otto,0.0,"Retail, real estate",Fashion & Retail,M,Germany,1777596602658,,,6862.057,574.0,574.0,83.0,//specials-images.forbesimg.com/imageserve/5e763288c7b02d000666c927/416x416.jpg?background=000000&cropX1=583&cropX2=3246&cropY1=29&cropY2=2691,591.0,588.0,6900.0,,,,,,
Carlos Alberto Sicupira,Sicupira,carlos-alberto-sicupira,no-pic,212.646,Beer,Food & Beverage,M,Brazil,1777596602658,,,6390.571,636.0,636.0,78.0,//specials-images.forbesimg.com/imageserve/5a8ddcfd4bbe6f2652f6287e/416x416.jpg?background=000000&cropX1=124&cropX2=661&cropY1=0&cropY2=537,592.0,588.0,6900.0,,,,,,
Tsai Cheng-ta,Tsai,tsai-cheng-ta,no-pic,-94.805,Finance,Finance & Investments,M,Taiwan,1777596602658,,,6690.533,593.0,593.0,76.0,,593.0,588.0,6900.0,,,,,,
Yang Shaopeng,Yang,yang-shaopeng,no-pic,-75.832,Shipping,Logistics,M,China,1777596602658,,,6744.453,586.0,586.0,68.0,https://specials-images.forbesimg.com/imageserve/5c6f0db7a7ea431000431677/416x416.jpg?background=000000&cropX1=99&cropX2=583&cropY1=5&cropY2=490,594.0,588.0,6900.0,,,,,,
Rocco Basilico,Basilico,rocco-basilico-1,no-pic,17.604,Eyeglasses,Fashion & Retail,M,Italy,1777596602658,CA,California,5802.388,715.0,719.0,36.0,https://specials-images.forbesimg.com/imageserve/642b2f7be1a7be2823eb4792/416x416.jpg?background=000000&cropX1=265&cropX2=1424&cropY1=129&cropY2=1288,595.0,595.0,6800.0,,,,,,
James Chambers,Chambers,james-chambers,no-pic,0.0,"Media, automotive",Media & Entertainment,M,United States,1777596602658,NY,New York,6321.605,642.0,642.0,69.0,,596.0,595.0,6800.0,,,,,,
Chen Bang,Chen,chen-bang,chen-bang,-95.124,Hospitals,Healthcare,M,China,1777596602658,,,6885.662,571.0,571.0,60.0,https://specials-images.forbesimg.com/imageserve/c0e911b1254c2a8ff552dcb819a51b50/416x416.jpg?background=000000&cropX1=29&cropX2=731&cropY1=61&cropY2=764,597.0,595.0,6800.0,,,,,,
Claudio Del Vecchio,Del Vecchio,claudio-del-vecchio,no-pic,17.604,Eyeglasses,Fashion & Retail,M,Italy,1777596602658,NY,New York,5815.995,712.0,712.0,69.0,https://specials-images.forbesimg.com/imageserve/642b2d3d240725d2a7eb479e/416x416.jpg?background=000000&cropX1=310&cropX2=1086&cropY1=145&cropY2=922,598.0,595.0,6800.0,,,,,,
Clemente Del Vecchio,Del Vecchio,clemente-del-vecchio,no-pic,17.604,Eyeglasses,Fashion & Retail,M,Italy,1777596602658,,,5802.388,715.0,715.0,21.0,,599.0,595.0,6800.0,,,,,,
Luca Del Vecchio,Del Vecchio,luca-del-vecchio,no-pic,17.604,Eyeglasses,Fashion & Retail,M,Italy,1777596602658,,,5802.388,715.0,716.0,24.0,,600.0,595.0,6800.0,,,,,,
Marisa Del Vecchio,Del Vecchio,marisa-del-vecchio,no-pic-female,17.604,Eyeglasses,Fashion & Retail,F,Italy,1777596602658,,,5802.389,714.0,714.0,67.0,,601.0,595.0,6800.0,,,,,,
Paola Del Vecchio,Del Vecchio,paola-del-vecchio,no-pic-female,17.604,Eyeglasses,Fashion & Retail,F,Italy,1777596602658,,,5802.388,715.0,718.0,64.0,,602.0,595.0,6800.0,,,,,,
Miguel Krigsner,Krigsner,miguel-krigsner,miguel-krigsner,0.0,Cosmetics,Fashion & Retail,M,Brazil,1777596602658,,,7015.876,549.0,549.0,76.0,//specials-images.forbesimg.com/imageserve/b9ab1ce76ad01ef77189b9172be31aa1/416x416.jpg?background=000000&cropX1=0&cropX2=744&cropY1=60&cropY2=804,603.0,595.0,6800.0,,,,,,
Lee Thiam Wah,Lee,lee-thiam-wah,no-pic,-35.757,Retailing,Fashion & Retail,M,Malaysia,1777596602658,,,6707.97,591.0,591.0,62.0,https://specials-images.forbesimg.com/imageserve/67e4553ddd8c5ee9074efa95/416x416.jpg?background=000000&cropX1=461&cropX2=924&cropY1=177&cropY2=640,604.0,595.0,6800.0,,,,,,
Forrest Li,Li,forrest-li,no-pic,102.159,"Online gaming, e-commerce",Media & Entertainment,M,Singapore,1777596602658,,,5342.764,792.0,792.0,48.0,https://specials-images.forbesimg.com/imageserve/68b7330b01e6f9781cbe7815/416x416.jpg?background=000000&cropX1=350&cropX2=2303&cropY1=13&cropY2=1964,605.0,595.0,6800.0,,,,,,
Rudolf Maag,Maag,rudolf-maag,no-pic,-43.577,Medical devices,Healthcare,M,Switzerland,1777596602658,,,6589.896,606.0,606.0,80.0,,606.0,595.0,6800.0,,,,,,
Katharine Rayner,Rayner,katharine-rayner,no-pic-female,0.0,"Media, automotive",Media & Entertainment,F,United States,1777596602658,NY,New York,6315.78,645.0,645.0,81.0,//specials-images.forbesimg.com/imageserve/5ba4da0131358e5690cda4e8/416x416.jpg?background=000000&cropX1=10&cropX2=1436&cropY1=27&cropY2=1452,607.0,595.0,6800.0,,,,,,
Marc Rowan,Rowan,marc-rowan,marc-rowan,221.105,Private equity,Finance & Investments,M,United States,1777596602658,NY,New York,7654.644,485.0,485.0,63.0,//specials-images.forbesimg.com/imageserve/55fac5fde4b0ffa7afe4af8c/416x416.jpg?background=000000&cropX1=0&cropX2=744&cropY1=121&cropY2=865,608.0,595.0,6800.0,,,,,,
Andrei Skoch,Skoch & family,andrei-skoch-family,no-pic,0.0,Metals and mining,Metals & Mining,M,Russia,1777596602658,,,6828.285,577.0,577.0,60.0,https://specials-images.forbesimg.com/imageserve/62290d5f7cef7069787a7528/416x416.jpg?background=000000&cropX1=287&cropX2=1212&cropY1=75&cropY2=1000,609.0,595.0,6800.0,,,,,,
Margaretta Taylor,Taylor,margaretta-taylor,no-pic-female,0.0,"Media, automotive",Media & Entertainment,F,United States,1777596602658,NY,New York,6320.851,643.0,643.0,84.0,//specials-images.forbesimg.com/imageserve/5a8d9d5aa7ea431690140467/416x416.jpg?background=000000&cropX1=102&cropX2=840&cropY1=105&cropY2=845,610.0,595.0,6800.0,,,,,,
Nicoletta Zampillo,Zampillo,nicoletta-zampillo,no-pic-female,17.604,Eyeglasses,Fashion & Retail,F,Italy,1777596602658,,,5802.388,715.0,717.0,68.0,https://specials-images.forbesimg.com/imageserve/642b2ed4c3eb76d979e1c15c/416x416.jpg?background=000000&cropX1=116&cropX2=1020&cropY1=266&cropY2=1170,611.0,595.0,6800.0,,,,,,
Mohed Altrad,Altrad,mohed-altrad,mohed-altrad,0.0,"Scaffolding, cement mixers",Construction & Engineering,M,France,1777596602658,,,6652.789,598.0,598.0,78.0,//specials-images.forbesimg.com/imageserve/5e75a303d8e1ae0007b716c9/416x416.jpg?background=000000&cropX1=794&cropX2=3137&cropY1=6&cropY2=2348,612.0,612.0,6700.0,,,,,,
Marina Budiman,Budiman,marina-budiman,no-pic-female,-15.523,Data centers,Technology,F,Indonesia,1777596602658,,,5992.659,686.0,686.0,64.0,https://specials-images.forbesimg.com/imageserve/61ae5ff33e1e9250c36c19fd/416x416.jpg?background=000000&cropX1=214&cropX2=1767&cropY1=366&cropY2=1920,613.0,612.0,6700.0,,,,,,
Carl Douglas,Douglas,carl-douglas,no-pic,42.701,Investments,Diversified,M,Sweden,1777596602658,,,6055.527,674.0,674.0,64.0,//specials-images.forbesimg.com/imageserve/5c72265e4bbe6f51818ab98c/416x416.jpg?background=000000&cropX1=17&cropX2=4690&cropY1=33&cropY2=4709,614.0,612.0,6700.0,,,,,,
Bruce Flatt,Flatt,bruce-flatt,no-pic,242.58,Money management,Finance & Investments,M,Canada,1777596602658,,,6805.283,581.0,581.0,60.0,//specials-images.forbesimg.com/imageserve/5e743fc207adf00006db9faf/416x416.jpg?background=000000&cropX1=817&cropX2=3451&cropY1=34&cropY2=2667,615.0,612.0,6700.0,,,,,,
Lutz Mario Helmig,Helmig,lutz-mario-helmig,lutz-mario-helmig,1.163,Hospitals,Healthcare,M,Germany,1777596602658,,,5973.212,692.0,692.0,79.0,//specials-images.forbesimg.com/imageserve/5e762fb5c7b02d000666c8d1/416x416.jpg?background=000000&cropX1=1673&cropX2=3786&cropY1=343&cropY2=2456,616.0,612.0,6700.0,,,,,,
Dmitry Rybolovlev,Rybolovlev,dmitry-rybolovlev,dmitry-rybolovlev,0.0,Fertilizer,Manufacturing,M,Russia,1777596602658,,,6714.391,589.0,589.0,59.0,//specials-images.forbesimg.com/imageserve/5e777bf610380d0006fbbd89/416x416.jpg?background=000000&cropX1=232&cropX2=1055&cropY1=94&cropY2=917,617.0,612.0,6700.0,,,,,,
Herb Simon,Simon,herb-simon,no-pic,33.393,Real estate,Real Estate,M,United States,1777596602658,IN,Indiana,6683.569,594.0,594.0,91.0,//specials-images.forbesimg.com/imageserve/5d8aef6718444200084e7307/416x416.jpg?background=000000&cropX1=889&cropX2=4170&cropY1=178&cropY2=3456,618.0,612.0,6700.0,,,,,,
Paul Singer,Singer,paul-singer,paul-singer,0.0,Hedge funds,Finance & Investments,M,United States,1777596602658,NY,New York,6673.5,595.0,595.0,81.0,//specials-images.forbesimg.com/imageserve/5d8aecba22254b0008e16641/416x416.jpg?background=000000&cropX1=811&cropX2=1988&cropY1=605&cropY2=1781,619.0,612.0,6700.0,"Founder, Elliott Management",False,100.0,,,
Elizabeth Uihlein,Uihlein,elizabeth-uihlein,no-pic-female,0.0,Packaging materials,Manufacturing,F,United States,1777596602658,IL,Illinois,5776.619,720.0,720.0,80.0,https://specials-images.forbesimg.com/imageserve/62f15573abbc8f597b1d9c78/416x416.jpg?background=000000&cropX1=0&cropX2=623&cropY1=0&cropY2=623,620.0,612.0,6700.0,,,,,,
Richard Uihlein,Uihlein,richard-uihlein,no-pic,0.0,Packaging materials,Manufacturing,M,United States,1777596602658,IL,Illinois,5776.619,720.0,721.0,80.0,,621.0,612.0,6700.0,,,,,,
Zhang Yong,Zhang,zhang-yong-1,no-pic,-6.512,Restaurants,Food & Beverage,M,Singapore,1777596602658,,,5748.811,726.0,726.0,55.0,https://specials-images.forbesimg.com/imageserve/636e8e0841270345dafa6443/416x416.jpg?background=000000&cropX1=27&cropX2=412&cropY1=31&cropY2=416,622.0,612.0,6700.0,,,,,,
Benu Gopal Bangur,Bangur,benu-gopal-bangur,benu-gopal-bangur,-89.611,Cement,Manufacturing,M,India,1777596602658,,,5892.101,700.0,700.0,94.0,//specials-images.forbesimg.com/imageserve/a2452fb4fb9048a14be1e743af0f06bc/416x416.jpg?background=000000&cropX1=24&cropX2=721&cropY1=0&cropY2=698,623.0,623.0,6600.0,,,,,,
Albert Boehringer,Boehringer,albert-boehringer,no-pic,0.0,Pharmaceuticals,Healthcare,M,Germany,1777596602658,,,6571.897,610.0,610.0,85.0,,624.0,623.0,6600.0,,,,,,
Barbara Boehringer,Boehringer,barbara-boehringer,no-pic-female,0.0,Pharmaceuticals,Healthcare,F,Germany,1777596602658,,,6571.897,610.0,611.0,53.0,,625.0,623.0,6600.0,,,,,,
Christian Boehringer,Boehringer,christian-boehringer,no-pic,0.0,Pharmaceuticals,Healthcare,M,Germany,1777596602658,,,6571.897,610.0,612.0,60.0,,626.0,623.0,6600.0,,,,,,
Christoph Boehringer,Boehringer,christoph-boehringer,no-pic,0.0,Pharmaceuticals,Healthcare,M,Germany,1777596602658,,,6571.897,610.0,613.0,55.0,,627.0,623.0,6600.0,,,,,,
Isabel Boehringer,Boehringer,isabel-boehringer,no-pic-female,0.0,Pharmaceuticals,Healthcare,F,Germany,1777596602658,,,6571.897,610.0,617.0,45.0,,628.0,623.0,6600.0,,,,,,
Mathias Boehringer,Boehringer,mathias-boehringer,no-pic,0.0,Pharmaceuticals,Healthcare,M,Germany,1777596602658,,,6571.897,610.0,620.0,57.0,,629.0,623.0,6600.0,,,,,,
Otto Boehringer,Boehringer,otto-boehringer,no-pic,0.0,Pharmaceuticals,Healthcare,M,Germany,1777596602658,,,6571.897,610.0,622.0,95.0,,630.0,623.0,6600.0,,,,,,
Philipp Boehringer,Boehringer,philipp-boehringer,no-pic,0.0,Pharmaceuticals,Healthcare,M,Germany,1777596602658,,,6571.897,610.0,623.0,47.0,,631.0,623.0,6600.0,,,,,,
Pavel Durov,Durov,pavel-durov,no-pic,0.0,Messaging app,Technology,M,United Arab Emirates,1777596602658,,,6620.0,602.0,602.0,41.0,https://specials-images.forbesimg.com/imageserve/605e44a746821557fdbd3e15/416x416.jpg?background=000000&cropX1=0&cropX2=1080&cropY1=0&cropY2=1080,632.0,623.0,6600.0,,,,,,
Dietmar Hopp,Hopp,dietmar-hopp,dietmar-hopp,6.407,Software,Technology,M,Germany,1777596602658,,,6466.931,632.0,632.0,86.0,//specials-images.forbesimg.com/imageserve/5e7621d6c7b02d000666c78a/416x416.jpg?background=000000&cropX1=1529&cropX2=4122&cropY1=700&cropY2=3294,633.0,623.0,6600.0,,,,,,
Ray Lee Hunt,Hunt,ray-lee-hunt,ray-lee-hunt,0.0,"Oil, real estate",Energy,M,United States,1777596602658,TX,Texas,6631.298,601.0,601.0,83.0,//specials-images.forbesimg.com/imageserve/5d8a942e6de3150009a501d4/416x416.jpg?background=000000&cropX1=56&cropX2=3199&cropY1=63&cropY2=3204,634.0,623.0,6600.0,,,,,,
Joseph Liemandt,Liemandt,joseph-liemandt,no-pic,0.0,Software,Technology,M,United States,1777596602658,TX,Texas,6598.0,604.0,604.0,57.0,//specials-images.forbesimg.com/imageserve/5d8afe6218444200084e73b1/416x416.jpg?background=000000&cropX1=73&cropX2=741&cropY1=48&cropY2=716,635.0,623.0,6600.0,,,,,,
Erich von Baumbach,von Baumbach,erich-von-baumbach,no-pic,0.0,Pharma,Healthcare,M,Germany,1777596602658,,,6571.897,610.0,614.0,54.0,,636.0,623.0,6600.0,,,,,,
Franz von Baumbach,von Baumbach,franz-von-baumbach,no-pic,0.0,Pharma,Healthcare,M,Germany,1777596602658,,,6571.897,610.0,615.0,24.0,,637.0,623.0,6600.0,,,,,,
Hubertus von Baumbach,von Baumbach,hubertus-von-baumbach,no-pic,0.0,Pharma,Healthcare,M,Germany,1777596602658,,,6571.897,610.0,616.0,58.0,,638.0,623.0,6600.0,,,,,,
Johannes von Baumbach,von Baumbach,johannes-von-baumbach,no-pic,0.0,Pharma,Healthcare,M,Germany,1777596602658,,,6571.897,610.0,618.0,20.0,,639.0,623.0,6600.0,,,,,,
Katharina von Baumbach,von Baumbach,katharina-von-baumbach,no-pic-female,0.0,Pharma,Healthcare,F,Germany,1777596602658,,,6571.897,610.0,619.0,26.0,,640.0,623.0,6600.0,,,,,,
Maximilian von Baumbach,von Baumbach,maximilian-von-baumbach,no-pic,0.0,Pharma,Healthcare,M,Germany,1777596602658,,,6571.897,610.0,621.0,28.0,,641.0,623.0,6600.0,,,,,,
Ulrike von Baumbach,von Baumbach,ulrike-von-baumbach,no-pic-female,0.0,Pharma,Healthcare,F,Germany,1777596602658,,,6571.897,610.0,624.0,84.0,,642.0,623.0,6600.0,,,,,,
Erich Wesjohann,Wesjohann,erich-wesjohann,no-pic,0.0,Poultry genetics,Food & Beverage,M,Germany,1777596602658,,,6549.667,627.0,627.0,80.0,,643.0,623.0,6600.0,,,,,,
Wu Yajun,Wu,wu-yajun,wu-yajun,-90.244,Real estate,Real Estate,F,China,1777596602658,,,5846.95,707.0,707.0,62.0,https://specials-images.forbesimg.com/imageserve/636e8b37e706e9038761196b/416x416.jpg?background=000000&cropX1=1066&cropX2=2898&cropY1=868&cropY2=2699,644.0,623.0,6600.0,,,,,,
Mike Adenuga,Adenuga,mike-adenuga,mike-adenuga,-1.794,"Telecom, oil",Diversified,M,Nigeria,1777596602658,,,6592.394,605.0,605.0,73.0,//specials-images.forbesimg.com/imageserve/5c33a1a6a7ea4364f49fc5a6/416x416.jpg?background=000000&cropX1=18&cropX2=3978&cropY1=9&cropY2=3972,645.0,645.0,6500.0,,,,,,
Eric Douglas,Douglas,eric-douglas,no-pic,41.039,Investments,Diversified,M,Sweden,1777596602658,,,5845.71,708.0,708.0,58.0,,646.0,645.0,6500.0,,,,,,
Koon Poh Keong,Koon,koon-poh-keong,no-pic,-4.881,Aluminum,Manufacturing,M,Malaysia,1777596602658,,,7543.439,498.0,498.0,65.0,//specials-images.forbesimg.com/imageserve/5e76f19110380d0006fbb941/416x416.jpg?background=000000&cropX1=1353&cropX2=3563&cropY1=471&cropY2=2682,647.0,645.0,6500.0,,,,,,
"H. Ross Perot, Jr.",Perot,h-ross-perot-jr,h-ross-perot-jr,0.0,Real estate,Real Estate,M,United States,1777596602658,TX,Texas,6487.386,631.0,631.0,67.0,//specials-images.forbesimg.com/imageserve/264843f32d21bece8257bac7ddf752ab/416x416.jpg?background=000000&cropX1=53&cropX2=673&cropY1=114&cropY2=734,648.0,645.0,6500.0,,,,,,
"Robert Rich, Jr.",Rich,robert-rich-jr,robert-rich-jr,0.0,Frozen foods,Food & Beverage,M,United States,1777596602658,FL,Florida,6538.68,628.0,628.0,85.0,//specials-images.forbesimg.com/imageserve/30280b1006a2e237496205f17ab820a9/416x416.jpg?background=000000&cropX1=24&cropX2=704&cropY1=42&cropY2=722,649.0,645.0,6500.0,,,,,,
Donald Trump,Trump,donald-trump,donald-trump,-2.294,Real estate,Real Estate,M,United States,1777596602658,FL,Florida,6231.563,661.0,661.0,79.0,https://specials-images.forbesimg.com/imageserve/5638e53de4b0ffa7afe6a26a/416x416.jpg?background=000000&cropX1=27&cropX2=731&cropY1=32&cropY2=736,650.0,645.0,6500.0,,,,,,
Vincent Viola,Viola,vincent-viola,vincent-viola,-71.624,Electronic trading,Finance & Investments,M,United States,1777596602658,NY,New York,7036.878,547.0,547.0,70.0,//specials-images.forbesimg.com/imageserve/5ba659eba7ea434e4c696c90/416x416.jpg?background=000000&cropX1=193&cropX2=1902&cropY1=56&cropY2=1766,651.0,645.0,6500.0,,,,,,
Chip Wilson,Wilson,chip-wilson,chip-wilson,51.121,Lululemon,Fashion & Retail,M,Canada,1777596602658,,,5775.787,722.0,722.0,69.0,https://specials-images.forbesimg.com/imageserve/67c88163df46513c03549695/416x416.jpg?background=000000&cropX1=617&cropX2=2113&cropY1=1152&cropY2=2649,652.0,645.0,6500.0,"Chairman, Lululemon",False,,,,
Huang Li,Huang,huang-li-1,huang-li-1,186.505,Imaging systems,Technology,M,China,1777596602658,,,6178.548,666.0,666.0,62.0,https://specials-images.forbesimg.com/imageserve/69024580d9136a83b335f93c/416x416.jpg?background=000000&cropX1=184&cropX2=989&cropY1=14&cropY2=819,653.0,653.0,6400.0,,,,,,
Thomas Kaeser,Kaeser,thomas-kaeser-1,no-pic,0.0,air systems,Manufacturing,M,Germany,1777596602658,,,6303.966,648.0,649.0,72.0,,654.0,653.0,6400.0,,,,,,
Lim Hariyanto Wijaya Sarwono,Lim,lim-hariyanto-wijaya-sarwono,lim-hariyanto-wijaya-sarwono,-270.603,"Palm oil, nickel mining",Metals & Mining,M,Indonesia,1777596602658,,,5289.689,803.0,803.0,97.0,https://specials-images.forbesimg.com/imageserve/1d675e162263166f77c91af6452294de/416x416.jpg?background=000000&cropX1=0&cropX2=744&cropY1=37&cropY2=781,655.0,653.0,6400.0,,,,,,
Liu Yonghao,Liu,liu-yonghao,liu-yonghao,20.611,Agribusiness,Service,M,China,1777596602658,,,6495.878,630.0,630.0,74.0,https://specials-images.forbesimg.com/imageserve/690244174b345cd48e3067a1/416x416.jpg?background=000000&cropX1=324&cropX2=1610&cropY1=173&cropY2=1459,656.0,653.0,6400.0,,,,,,
Arnon Milchan,Milchan,arnon-milchan,arnon-milchan,0.0,Movie making,Media & Entertainment,M,Israel,1777596602658,,,6312.686,646.0,646.0,81.0,//specials-images.forbesimg.com/imageserve/5e76cb7e10380d0006fbb7f7/416x416.jpg?background=000000&cropX1=760&cropX2=3509&cropY1=84&cropY2=2831,657.0,653.0,6400.0,,,,,,
Wolfgang Reimann,Reimann,wolfgang-reimann,no-pic,0.0,Consumer goods,Fashion & Retail,M,Germany,1777596602658,,,6352.0,638.0,641.0,73.0,,658.0,653.0,6400.0,,,,,,
Matthias Reimann-Andersen,Reimann-Andersen,matthias-reimann-andersen,no-pic,0.0,Consumer goods,Fashion & Retail,M,Germany,1777596602658,,,6352.0,638.0,638.0,61.0,,659.0,653.0,6400.0,,,,,,
Stefan Reimann-Andersen,Reimann-Andersen,stefan-reimann-andersen,no-pic,0.0,Consumer goods,Fashion & Retail,M,Germany,1777596602658,,,6352.0,638.0,640.0,62.0,,660.0,653.0,6400.0,,,,,,
Renate Reimann-Haas,Reimann-Haas,renate-reimann-haas,no-pic-female,0.0,Consumer goods,Fashion & Retail,F,Germany,1777596602658,,,6352.0,638.0,639.0,74.0,,661.0,653.0,6400.0,,,,,,
Emanuele (Lino) Saputo,Saputo,emanuele-lino-saputo,emanuele-lino-saputo,42.909,Cheese,Food & Beverage,M,Canada,1777596602658,,,6085.62,672.0,672.0,89.0,//specials-images.forbesimg.com/imageserve/5e74437e2a573300068fcd76/416x416.jpg?background=000000&cropX1=0&cropX2=1092&cropY1=284&cropY2=1376,662.0,653.0,6400.0,,,,,,
Franz Viegener,Viegener,franz-viegener,no-pic,0.0,plumbing/HVAC,Manufacturing,M,Germany,1777596602658,,,6303.966,648.0,648.0,43.0,,663.0,653.0,6400.0,,,,,,
Clifford Asness,Asness,clifford-asness,no-pic,0.0,Money management,Finance & Investments,M,United States,1777596602658,CT,Connecticut,6282.0,651.0,651.0,59.0,https://specials-images.forbesimg.com/imageserve/642b3996e77e6518a7e1c15b/416x416.jpg?background=000000&cropX1=0&cropX2=2819&cropY1=450&cropY2=3270,664.0,664.0,6300.0,AQR Capital Management,False,0.0,,,
Robert Bass,Bass,robert-bass,robert-bass,0.445,"Oil, investments",Energy,M,United States,1777596602658,TX,Texas,6265.553,653.0,653.0,78.0,//specials-images.forbesimg.com/imageserve/eb763e0ce54b28d44f850ffb6cfba5f2/416x416.jpg?background=000000&cropX1=0&cropX2=672&cropY1=3&cropY2=675,665.0,664.0,6300.0,,,,,,
Jim Davis,Davis,jim-davis,jim-davis,0.0,New Balance,Manufacturing,M,United States,1777596602658,MA,Massachusetts,6257.441,655.0,655.0,82.0,//specials-images.forbesimg.com/imageserve/5efb573b222b100007dd146e/416x416.jpg?background=000000&cropX1=238&cropX2=1120&cropY1=163&cropY2=1045,666.0,664.0,6300.0,"Chairman, New Balance",False,,,,
Giuseppe De'Longhi,De'Longhi,giuseppe-delonghi,no-pic,-58.625,Coffee makers,Fashion & Retail,M,Italy,1777596602658,,,5644.316,741.0,741.0,87.0,//specials-images.forbesimg.com/imageserve/5c70d0534bbe6f79c547410d/416x416.jpg?background=000000&cropX1=6&cropX2=800&cropY1=13&cropY2=808,667.0,664.0,6300.0,,,,,,
Steve Lavin,Lavin,steve-lavin,no-pic,0.0,Meat processing,Food & Beverage,M,United States,1777596602658,IL,Illinois,6263.0,654.0,654.0,70.0,https://specials-images.forbesimg.com/imageserve/66fb381b7d170b7a75c0efc8/416x416.jpg?background=000000&cropX1=0&cropX2=800&cropY1=0&cropY2=800,668.0,664.0,6300.0,,,,,,
Doug Meijer,Meijer,doug-meijer,no-pic,0.0,Supermarkets,Fashion & Retail,M,United States,1777596602658,MI,Michigan,6243.293,658.0,658.0,72.0,,669.0,664.0,6300.0,,,,,,
Hank Meijer,Meijer,hank-meijer,no-pic,0.0,Supermarkets,Fashion & Retail,M,United States,1777596602658,MI,Michigan,6243.293,658.0,659.0,74.0,https://specials-images.forbesimg.com/imageserve/632ccf1a95e9c928ac7d2c20/416x416.jpg?background=000000&cropX1=1207&cropX2=2065&cropY1=226&cropY2=1084,670.0,664.0,6300.0,,,,,,
Mark Meijer,Meijer,mark-meijer,no-pic,0.0,Supermarkets,Fashion & Retail,M,United States,1777596602658,MI,Michigan,6247.293,656.0,656.0,68.0,,671.0,664.0,6300.0,,,,,,
Shapoor Mistry,Mistry,shapoor-mistry-1,no-pic,-37.466,Diversified,Diversified,M,Ireland,1777596602658,,,5843.3,709.0,709.0,61.0,,672.0,664.0,6300.0,,,,,,
Florentino Perez,Perez,florentino-perez,florentino-perez,147.502,Construction,Construction & Engineering,M,Spain,1777596602658,,,6848.569,575.0,575.0,79.0,//specials-images.forbesimg.com/imageserve/5e77bd25d8e1ae0007b734e1/416x416.jpg?background=000000&cropX1=775&cropX2=2638&cropY1=0&cropY2=1861,673.0,664.0,6300.0,,,,,,
Stefano Pessina,Pessina,stefano-pessina,stefano-pessina,0.0,Drugstores,Fashion & Retail,M,Monaco,1777596602658,,,6307.0,647.0,647.0,84.0,//specials-images.forbesimg.com/imageserve/5c70cd5c31358e35dd26ecf4/416x416.jpg?background=000000&cropX1=305&cropX2=3948&cropY1=8&cropY2=3648,674.0,664.0,6300.0,,,,,,
Hao Tang,Tang,hao-tang,no-pic,31.456,Advertising technology,Technology,M,China,1777596602658,,,6412.342,634.0,634.0,54.0,,675.0,664.0,6300.0,,,,,,
Anna Viegener,Viegener,anna-viegener,no-pic-female,0.0,plumbing/HVAC,Manufacturing,F,Germany,1777596602658,,,6271.206,652.0,652.0,35.0,https://specials-images.forbesimg.com/imageserve/67e4405b741a6eb517f284fc/416x416.jpg?background=000000&cropX1=73&cropX2=780&cropY1=265&cropY2=972,676.0,664.0,6300.0,,,,,,
William Berkley,Berkley,william-berkley,william-berkley,-9.344,Insurance,Finance & Investments,M,United States,1777596602658,FL,Florida,5849.119,706.0,706.0,79.0,//specials-images.forbesimg.com/imageserve/5d8b0ac36de3150009a509e0/416x416.jpg?background=000000&cropX1=10&cropX2=1359&cropY1=112&cropY2=1461,677.0,677.0,6200.0,"Chairman, W. R. Berkley",False,,,,
Gopikishan Damani,Damani,gopikishan-damani,no-pic,-5.258,"Retail, investments",Fashion & Retail,M,India,1777596602658,,,6965.337,566.0,566.0,68.0,,678.0,677.0,6200.0,,,,,,
"Jeffrey Koo, Jr.",Koo,jeffrey-koo-jr,no-pic,-61.827,Finance,Finance & Investments,M,Taiwan,1777596602658,,,5886.936,701.0,701.0,61.0,https://specials-images.forbesimg.com/imageserve/65fdb11a4229e95ad6bf0f70/416x416.jpg?background=000000&cropX1=590&cropX2=1221&cropY1=132&cropY2=762,679.0,677.0,6200.0,,,,,,
Thomas Pritzker,Pritzker,thomas-pritzker,thomas-pritzker,205.797,"Hotels, investments",Finance & Investments,M,United States,1777596602658,IL,Illinois,7392.694,513.0,513.0,75.0,//specials-images.forbesimg.com/imageserve/5d8ad63e22254b0008e164cc/416x416.jpg?background=000000&cropX1=15&cropX2=1538&cropY1=54&cropY2=1577,680.0,677.0,6200.0,,,,,,
John A. Sobrato,Sobrato,john-a-sobrato,john-a-sobrato,0.0,Real estate,Real Estate,M,United States,1777596602658,CA,California,6038.215,680.0,680.0,86.0,//specials-images.forbesimg.com/imageserve/47d41e6a7ea49d31cbada544a1ce4e5b/416x416.jpg?background=000000&cropX1=3&cropX2=744&cropY1=134&cropY2=875,681.0,677.0,6200.0,"Founder and Chairman, Sobrato Development Cos.",False,,,,
Venu Srinivasan,Srinivasan,venu-srinivasan-1,no-pic,-94.023,Two-wheelers,Automotive,M,India,1777596602658,,,5329.043,797.0,797.0,73.0,https://specials-images.forbesimg.com/imageserve/6206b0dceadff53dd4d9ed04/416x416.jpg?background=000000&cropX1=48&cropX2=1595&cropY1=0&cropY2=1546,682.0,677.0,6200.0,,,,,,
Ronald Wanek,Wanek,ronald-wanek,ronald-wanek,0.0,Furniture,Manufacturing,M,United States,1777596602658,FL,Florida,6749.182,585.0,585.0,84.0,//specials-images.forbesimg.com/imageserve/59de76b431358e542c039eea/416x416.jpg?background=000000&cropX1=116&cropX2=1254&cropY1=44&cropY2=1181,683.0,677.0,6200.0,,,,,,
Abel Avellan,Avellan,abel-avellan,no-pic,307.448,telecoms,Telecom,M,United States,1777596602658,FL,Florida,5653.481,740.0,740.0,55.0,https://specials-images.forbesimg.com/imageserve/67e468ec031e98e16df9b7a4/416x416.jpg?background=000000&cropX1=39&cropX2=2396&cropY1=47&cropY2=2404,684.0,684.0,6100.0,,,,,,
Andrew Currie,Currie,andrew-currie,no-pic,0.0,Chemicals,Manufacturing,M,United Kingdom,1777596602658,,,6064.176,673.0,673.0,70.0,//specials-images.forbesimg.com/imageserve/58a0ae994bbe6f0e55869b78/416x416.jpg?background=000000&cropX1=2&cropX2=744&cropY1=24&cropY2=767,685.0,684.0,6100.0,,,,,,
Gao Dekang,Gao,gao-dekang,gao-dekang,-68.313,Apparel,Fashion & Retail,M,China,1777596602658,,,5539.574,758.0,758.0,74.0,https://specials-images.forbesimg.com/imageserve/654a57ff0519c4723c4dc442/416x416.jpg?background=000000&cropX1=1998&cropX2=3413&cropY1=428&cropY2=1842,686.0,684.0,6100.0,,,,,,
Michel Leclercq,Leclercq,michel-leclercq,no-pic,0.0,Sporting goods,Fashion & Retail,M,France,1777596602658,,,5330.489,796.0,796.0,86.0,,687.0,684.0,6100.0,,,,,,
Annette Lerner,Lerner,annette-lerner,no-pic-female,0.0,Real estate,Real Estate,F,United States,1777596602658,MD,Maryland,6014.642,683.0,683.0,96.0,https://specials-images.forbesimg.com/imageserve/641dfd4725ae8c113d580d50/416x416.jpg?background=000000&cropX1=17&cropX2=315&cropY1=119&cropY2=417,688.0,684.0,6100.0,,,,,,
Mangal Prabhat Lodha,Lodha,mangal-prabhat-lodha,mangal-prabhat-lodha,-88.423,Real estate,Real Estate,M,India,1777596602658,,,5371.463,789.0,789.0,70.0,https://specials-images.forbesimg.com/imageserve/68e6adbb2193b63a587cbc11/416x416.jpg?background=000000&cropX1=705&cropX2=2839&cropY1=175&cropY2=2308,689.0,684.0,6100.0,,,,,,
Mitchell Morgan,Morgan,mitchell-morgan,no-pic,0.0,Real estate,Real Estate,M,United States,1777596602658,PA,Pennsylvania,6089.152,670.0,670.0,71.0,,690.0,684.0,6100.0,,,,,,
Tom Morris,Morris,tom-morris,no-pic,0.0,Retail,Fashion & Retail,M,United Kingdom,1777596602658,,,5574.129,752.0,752.0,71.0,,691.0,684.0,6100.0,,,,,,
John Reece,Reece,john-reece,no-pic,0.0,Chemicals,Manufacturing,M,United Kingdom,1777596602658,,,6043.096,678.0,678.0,69.0,//specials-images.forbesimg.com/imageserve/58a0baa54bbe6f0e55869bfa/416x416.jpg?background=000000&cropX1=0&cropX2=744&cropY1=77&cropY2=821,692.0,684.0,6100.0,,,,,,
John Sall,Sall,john-sall,john-sall,0.0,Software,Technology,M,United States,1777596602658,NC,North Carolina,6463.411,633.0,633.0,78.0,//specials-images.forbesimg.com/imageserve/5d8ae5cb22254b0008e165ca/416x416.jpg?background=000000&cropX1=189&cropX2=1865&cropY1=34&cropY2=1709,693.0,684.0,6100.0,"Co-Founder, Executive Vice President, SAS Institute",False,,,,
Shari Arison,Arison,shari-arison,shari-arison,0.0,Carnival Cruises,Service,F,Israel,1777596602658,,,5964.81,693.0,693.0,68.0,//specials-images.forbesimg.com/imageserve/3eda39cc3957e62baacfa44070afb0e0/416x416.jpg?background=000000&cropX1=0&cropX2=744&cropY1=16&cropY2=760,694.0,694.0,6000.0,,,,,,
Cai Haoyu,Cai,cai-haoyu,no-pic,0.0,Mobile games,Technology,M,China,1777596602658,,,6000.0,684.0,684.0,39.0,https://specials-images.forbesimg.com/imageserve/672500d47e91fdcf1acefcb4/416x416.jpg?background=000000&cropX1=1&cropX2=799&cropY1=2&cropY2=800,695.0,694.0,6000.0,,,,,,
Mark Cuban,Cuban,mark-cuban,mark-cuban,0.006,"Online media, Dallas Mavericks",Media & Entertainment,M,United States,1777596602658,TX,Texas,6038.941,679.0,679.0,67.0,https://specials-images.forbesimg.com/imageserve/632e1e3a4019629f2fdd5380/416x416.jpg?background=000000&cropX1=0&cropX2=1681&cropY1=221&cropY2=1903,696.0,694.0,6000.0,,,,,,
Maria Del Pino,Del Pino,maria-del-pino,no-pic-female,114.315,Construction,Construction & Engineering,F,Spain,1777596602658,,,5531.719,760.0,760.0,70.0,//specials-images.forbesimg.com/imageserve/e16f32e7a5efbd4ac1b94e727f0b236f/416x416.jpg?background=000000&cropX1=2&cropX2=744&cropY1=0&cropY2=743,697.0,694.0,6000.0,,,,,,
William Goldring,Goldring,william-goldring,no-pic,0.0,Liquor,Food & Beverage,M,United States,1777596602658,LA,Louisiana,6000.0,684.0,685.0,83.0,https://specials-images.forbesimg.com/imageserve/6515b6f3b77f0c25b8e544a3/416x416.jpg?background=000000&cropX1=831&cropX2=1440&cropY1=135&cropY2=743,698.0,694.0,6000.0,,,,,,
"Robert Hale, Jr.",Hale,robert-hale-jr,no-pic,0.0,Telecom,Telecom,M,United States,1777596602658,MA,Massachusetts,6044.0,676.0,676.0,59.0,,699.0,694.0,6000.0,,,,,,
Bill Haslam,Haslam,bill-haslam,bill-haslam,0.019,Gas stations,Fashion & Retail,M,United States,1777596602658,TN,Tennessee,6045.144,675.0,675.0,67.0,//specials-images.forbesimg.com/imageserve/5a8deca3a7ea431690140e2c/416x416.jpg?background=000000&cropX1=620&cropX2=1454&cropY1=82&cropY2=916,700.0,694.0,6000.0,,,,,,
Sofia Högberg Schörling,Högberg Schörling,sofia-hogberg-schorling,no-pic-female,-20.91,Investments,Diversified,F,Sweden,1777596602658,,,5761.285,723.0,723.0,47.0,,701.0,694.0,6000.0,,,,,,
Justin Ishbia,Ishbia,justin-ishbia,no-pic,21.182,Private equity,Finance & Investments,M,United States,1777596602658,IL,Illinois,5757.206,724.0,724.0,48.0,https://specials-images.forbesimg.com/imageserve/645504d2fafe699af6eabd27/416x416.jpg?background=000000&cropX1=717&cropX2=1344&cropY1=133&cropY2=759,702.0,694.0,6000.0,,,,,,
Mikhail Lomtadze,Lomtadze,mikhail-lomtadze,no-pic,0.0,Fintech,Finance & Investments,M,Georgia,1777596602658,,,6017.87,682.0,682.0,50.0,,703.0,694.0,6000.0,,,,,,
Gwendolyn Sontheim Meyer,Meyer,gwendolyn-sontheim-meyer,no-pic-female,0.0,Cargill,Food & Beverage,F,United States,1777596602658,CA,California,6087.877,671.0,671.0,64.0,,704.0,694.0,6000.0,,,,,,
Trevor Rees-Jones,Rees-Jones,trevor-rees-jones,trevor-rees-jones,7.007,Oil & gas,Energy,M,United States,1777596602658,TX,Texas,5947.088,695.0,695.0,74.0,//specials-images.forbesimg.com/imageserve/5d8ae0b218444200084e728b/416x416.jpg?background=000000&cropX1=464&cropX2=1110&cropY1=400&cropY2=1046,705.0,694.0,6000.0,,,,,,
Mark Scheinberg,Scheinberg,mark-scheinberg,mark-scheinberg,0.0,Online gambling,Gambling & Casinos,M,Canada,1777596602658,,,6568.181,625.0,625.0,52.0,//specials-images.forbesimg.com/imageserve/5c6d4fae31358e1c187f15c0/416x416.jpg?background=000000&cropX1=343&cropX2=4500&cropY1=214&cropY2=4371,706.0,694.0,6000.0,,,,,,
Reinhold Schmieding,Schmieding,reinhold-schmieding,reinhold-schmieding,0.0,Medical devices,Healthcare,M,United States,1777596602658,FL,Florida,5042.338,842.0,842.0,71.0,//specials-images.forbesimg.com/imageserve/5d8a751e22254b0008e15d32/416x416.jpg?background=000000&cropX1=2&cropX2=397&cropY1=5&cropY2=400,707.0,694.0,6000.0,,,,,,
Märta Schörling Andreen,Schörling Andreen,marta-schorling-andreen,no-pic-female,-21.189,Investments,Diversified,F,Sweden,1777596602658,,,5722.892,728.0,728.0,41.0,,708.0,694.0,6000.0,,,,,,
Tsai Ming-kai,Tsai,tsai-ming-kai,tsai-ming-kai,89.945,Semiconductors,Technology,M,Taiwan,1777596602658,,,7626.497,487.0,487.0,76.0,https://specials-images.forbesimg.com/imageserve/6091c61237664457e5a65df5/416x416.jpg?background=000000&cropX1=4&cropX2=318&cropY1=0&cropY2=314,709.0,694.0,6000.0,,,,,,
Nusli Wadia,Wadia,nusli-wadia,no-pic,12.621,Consumer goods,Food & Beverage,M,India,1777596602658,,,5521.784,764.0,764.0,82.0,https://specials-images.forbesimg.com/imageserve/61577562cdbe90edf1235c55/416x416.jpg?background=000000&cropX1=0&cropX2=1684&cropY1=369&cropY2=2053,710.0,694.0,6000.0,,,,,,
Sky Xu,Xu,sky-xu,no-pic,0.0,E-commerce,Fashion & Retail,M,China,1777596602658,,,5985.0,690.0,690.0,42.0,https://specials-images.forbesimg.com/imageserve/6724fe7b26448f53ff6efb03/416x416.jpg?background=000000&cropX1=1&cropX2=800&cropY1=1&cropY2=800,711.0,694.0,6000.0,,,,,,
Rick Caruso,Caruso,rick-caruso,rick-caruso,0.0,Real estate,Real Estate,M,United States,1777596602658,CA,California,5917.72,699.0,699.0,67.0,https://specials-images.forbesimg.com/imageserve/5f497003b4ea1178f158e438/416x416.jpg?background=000000&cropX1=1057&cropX2=3633&cropY1=91&cropY2=2667,712.0,712.0,5900.0,,,,,,
Jack Dorsey,Dorsey,jack-dorsey,jack-dorsey,51.286,"Twitter, Square",Technology,M,United States,1777596602658,CA,California,6245.99,657.0,657.0,49.0,//specials-images.forbesimg.com/imageserve/5d8aca3e6de3150009a505c1/416x416.jpg?background=000000&cropX1=114&cropX2=2537&cropY1=240&cropY2=2662,713.0,712.0,5900.0,"Cofounder, Twitter",False,,,,
Jiang Bin,Jiang,jiang-bin,jiang-bin,-23.93,Acoustic components,Technology,M,China,1777596602658,,,5598.87,749.0,749.0,59.0,//specials-images.forbesimg.com/imageserve/5c78388f31358e35dd279c6e/416x416.jpg?background=000000&cropX1=188&cropX2=1422&cropY1=234&cropY2=1467,714.0,712.0,5900.0,,,,,,
Vladimir Kim,Kim,vladimir-kim,vladimir-kim,0.0,Mining,Metals & Mining,M,Kazakhstan,1777596602658,,,5947.0,696.0,696.0,65.0,//specials-images.forbesimg.com/imageserve/5c70ea114bbe6f79c5474283/416x416.jpg?background=000000&cropX1=223&cropX2=2134&cropY1=9&cropY2=1919,715.0,712.0,5900.0,,,,,,
Agoes Projosasmito,Projosasmito,agoes-projosasmito,no-pic,-62.903,"Mining, investment",Metals & Mining,M,Indonesia,1777596602658,,,3877.673,1106.0,1106.0,70.0,https://specials-images.forbesimg.com/imageserve/6938a44ea6c61fb34d70e8d0/416x416.jpg?background=000000&cropX1=106&cropX2=1102&cropY1=24&cropY2=1020,716.0,712.0,5900.0,,,,,,
Michal Solowow,Solowow,michal-solowow,michal-solowow,0.028,Investments,Finance & Investments,M,Poland,1777596602658,,,5807.399,713.0,713.0,63.0,https://specials-images.forbesimg.com/imageserve/6426ed3a2dc404c9e8217d97/416x416.jpg?background=000000&cropX1=0&cropX2=1784&cropY1=102&cropY2=1888,717.0,712.0,5900.0,,,,,,
Don Vultaggio,Vultaggio,don-vultaggio,no-pic,0.0,Beverages,Food & Beverage,M,United States,1777596602658,NY,New York,5658.359,737.0,737.0,74.0,//specials-images.forbesimg.com/imageserve/59dd43c04bbe6f37dda04a43/416x416.jpg?background=000000&cropX1=2035&cropX2=2775&cropY1=2370&cropY2=3111,718.0,712.0,5900.0,,,,,,
Samuel Yin,Yin,samuel-yin,samuel-yin,-0.7,Retail,Diversified,M,Taiwan,1777596602658,,,5603.179,746.0,746.0,75.0,https://specials-images.forbesimg.com/imageserve/79f9f719edb1a954ae3fd1229a2f9924/416x416.jpg?background=000000&cropX1=0&cropX2=744&cropY1=63&cropY2=807,719.0,712.0,5900.0,,,,,,
Alexander Abramov,Abramov,alexander-abramov,alexander-abramov,0.0,"Steel, mining",Metals & Mining,M,Russia,1777596602658,,,5830.664,710.0,710.0,67.0,https://specials-images.forbesimg.com/imageserve/6220f15823d360f397d92ee1/416x416.jpg?background=000000&cropX1=1317&cropX2=2912&cropY1=283&cropY2=1877,720.0,720.0,5800.0,,,,,,
Alex Behring,Behring,alex-behring,no-pic,58.937,Investments,Finance & Investments,M,Brazil,1777596602658,CT,Connecticut,6043.716,677.0,677.0,59.0,,721.0,720.0,5800.0,,,,,,
Margot Birmingham Perot,Birmingham Perot,margot-birmingham-perot,no-pic-female,0.0,"Computer services, real estate",Technology,F,United States,1777596602658,TX,Texas,5819.551,711.0,711.0,92.0,//specials-images.forbesimg.com/imageserve/5d8accb66de3150009a505e7/416x416.jpg?background=000000&cropX1=392&cropX2=2002&cropY1=3&cropY2=1613,722.0,720.0,5800.0,,,,,,
Leonid Boguslavsky,Boguslavsky,leonid-boguslavsky,leonid-boguslavsky,-39.161,Venture capital,Finance & Investments,M,Canada,1777596602658,,,6207.853,662.0,662.0,74.0,//specials-images.forbesimg.com/imageserve/5e777f4c10380d0006fbbe73/416x416.jpg?background=000000&cropX1=1416&cropX2=4639&cropY1=0&cropY2=3221,723.0,720.0,5800.0,,,,,,
Martha Ingram,Ingram,martha-ingram,martha-ingram,0.0,"Book distribution, transportation",Media & Entertainment,F,United States,1777596602658,TN,Tennessee,6534.913,629.0,629.0,90.0,//specials-images.forbesimg.com/imageserve/5ba50d1fa7ea434e4c6957dc/416x416.jpg?background=000000&cropX1=15&cropX2=1515&cropY1=5&cropY2=1507,724.0,720.0,5800.0,"Former Chairman, Ingram Industries",False,,,,
Satyanarayan Nuwal,Nuwal,satyanarayan-nuwal-1,no-pic,22.038,Industrial explosives,Manufacturing,M,India,1777596602658,,,6320.635,644.0,644.0,73.0,https://specials-images.forbesimg.com/imageserve/6231f3400bf3ecf0f411ddb9/416x416.jpg?background=000000&cropX1=808&cropX2=2537&cropY1=610&cropY2=2340,725.0,720.0,5800.0,,,,,,
Tomas Olivo Lopez,Olivo Lopez,tomas-olivo-lopez,no-pic,9.611,Shopping centers,Real Estate,M,Spain,1777596602658,,,5751.491,725.0,725.0,52.0,//specials-images.forbesimg.com/imageserve/5a8115e1a7ea43169013404b/416x416.jpg?background=000000&cropX1=714&cropX2=1463&cropY1=120&cropY2=868,726.0,720.0,5800.0,,,,,,
Takao Yasuda,Yasuda,takao-yasuda,takao-yasuda,-27.664,Retail,Fashion & Retail,M,Japan,1777596602658,,,4867.977,874.0,874.0,76.0,https://specials-images.forbesimg.com/imageserve/6470cf2b0a8be109c19d86b2/416x416.jpg?background=000000&cropX1=1135&cropX2=1924&cropY1=333&cropY2=1122,727.0,720.0,5800.0,,,,,,
Yu Renrong,Yu,yu-renrong,no-pic,-131.752,Semiconductors,Manufacturing,M,China,1777596602658,,,4578.98,926.0,926.0,60.0,https://specials-images.forbesimg.com/imageserve/6725092c51a6759ca546ca4d/416x416.jpg?background=000000&cropX1=0&cropX2=799&cropY1=1&cropY2=800,728.0,720.0,5800.0,,,,,,
M.A. Yusuff Ali,Yusuff Ali,ma-yusuff-ali,ma-yusuff-ali,0.964,Retail,Fashion & Retail,M,India,1777596602658,,,5582.665,750.0,750.0,70.0,https://specials-images.forbesimg.com/imageserve/5d9f4c3a67dd830006a3211e/416x416.jpg?background=000000&cropX1=669&cropX2=1625&cropY1=281&cropY2=1238,729.0,720.0,5800.0,,,,,,
Michael Ashley,Ashley,michael-ashley,michael-ashley,29.02,Sports retailing,Fashion & Retail,M,United Kingdom,1777596602658,,,5528.113,762.0,762.0,61.0,//specials-images.forbesimg.com/imageserve/5e77f678c7b02d000666e20c/416x416.jpg?background=000000&cropX1=241&cropX2=1618&cropY1=37&cropY2=1413,730.0,730.0,5700.0,,,,,,
Rajiv Bajaj,Bajaj,rajiv-bajaj,no-pic,53.659,Diversified,Diversified,M,India,1777596602658,,,5200.654,814.0,814.0,59.0,,731.0,730.0,5700.0,,,,,,
Sanjiv Bajaj,Bajaj,sanjiv-bajaj,no-pic,53.659,Diversified,Diversified,M,India,1777596602658,,,5200.654,814.0,815.0,56.0,,732.0,730.0,5700.0,,,,,,
Tomasz Biernacki,Biernacki,tomasz-biernacki,no-pic,82.731,Supermarkets,Fashion & Retail,M,Poland,1777596602658,,,4430.41,957.0,957.0,53.0,https://specials-images.forbesimg.com/imageserve/61a52212402ed8086d7a1ac9/416x416.jpg?background=000000&cropX1=0&cropX2=800&cropY1=0&cropY2=800,733.0,730.0,5700.0,,,,,,
Heinrich Otto Deichmann,Deichmann,heinrich-otto-deichmann,no-pic,0.0,"Shoes, retail",Fashion & Retail,M,Germany,1777596602658,,,5674.506,736.0,736.0,63.0,,734.0,730.0,5700.0,,,,,,
Archie Aldis Emmerson,Emmerson,archie-aldis-emmerson,archie-aldis-emmerson,0.0,"Timberland, lumber mills",Manufacturing,M,United States,1777596602658,CA,California,5614.854,745.0,745.0,97.0,//specials-images.forbesimg.com/imageserve/5d8b02e022254b0008e167b6/416x416.jpg?background=000000&cropX1=227&cropX2=2910&cropY1=117&cropY2=2802,735.0,730.0,5700.0,,,,,,
Jennifer Gilbert,Gilbert,jennifer-gilbert,no-pic-female,69.092,Rocket Mortgage,Finance & Investments,F,United States,1777596602658,MI,Michigan,4591.49,924.0,924.0,57.0,https://specials-images.forbesimg.com/imageserve/69af15bc36940ddfa1a6c0e7/416x416.jpg?background=000000&cropX1=663&cropX2=1516&cropY1=710&cropY2=1564,736.0,730.0,5700.0,,,,,,
John Henry,Henry,john-henry,john-henry,0.0,Sports,Sports,M,United States,1777596602658,FL,Florida,5718.771,730.0,730.0,76.0,//specials-images.forbesimg.com/imageserve/5d8b06fe6de3150009a5096f/416x416.jpg?background=000000&cropX1=510&cropX2=2975&cropY1=0&cropY2=2466,737.0,730.0,5700.0,,,,,,
Johnelle Hunt,Hunt,johnelle-hunt,johnelle-hunt,95.662,Trucking,Logistics,F,United States,1777596602658,AR,Arkansas,6031.539,681.0,681.0,94.0,//specials-images.forbesimg.com/imageserve/5ceaa4bacd1f12000a2a628b/416x416.jpg?background=000000&cropX1=999&cropX2=3840&cropY1=75&cropY2=2914,738.0,730.0,5700.0,,,,,,
Charles B. Johnson,Johnson,charles-b-johnson,no-pic,48.943,Franklin Templeton,Finance & Investments,M,United States,1777596602658,FL,Florida,5980.575,691.0,691.0,93.0,//specials-images.forbesimg.com/imageserve/5d8a9df322254b0008e1617b/416x416.jpg?background=000000&cropX1=227&cropX2=1037&cropY1=290&cropY2=1100,739.0,730.0,5700.0,"Former Chairman and CEO, Franklin Resources",False,,,,
Lai Meisong,Lai,lai-meisong,no-pic,46.356,Package delivery,Logistics,M,China,1777596602658,,,5930.943,697.0,697.0,55.0,https://specials-images.forbesimg.com/imageserve/6182e6a73379474c09b82194/416x416.jpg?background=000000&cropX1=589&cropX2=1515&cropY1=340&cropY2=1266,740.0,730.0,5700.0,,,,,,
Andy Mills,Mills,andy-mills,no-pic,44.596,Medical supplies,Healthcare,M,United States,1777596602658,IL,Illinois,5525.432,763.0,763.0,65.0,https://specials-images.forbesimg.com/imageserve/69af1512fc4422ea13093923/416x416.jpg?background=000000&cropX1=686&cropX2=2499&cropY1=212&cropY2=2023,741.0,730.0,5700.0,,,,,,
Park Hyeon-joo,Park,park-hyeon-joo,park-hyeon-joo,-139.72,mutual funds,Finance & Investments,M,South Korea,1777596602658,,,5014.142,849.0,849.0,67.0,https://specials-images.forbesimg.com/imageserve/67c9c6762c40f79a1c31798d/416x416.jpg?background=000000&cropX1=22&cropX2=494&cropY1=19&cropY2=491,742.0,730.0,5700.0,Mirae Asset,False,,,,
Thomas Secunda,Secunda,thomas-secunda,thomas-secunda,0.0,Bloomberg LP,Finance & Investments,M,United States,1777596602658,NY,New York,5721.0,729.0,729.0,71.0,//specials-images.forbesimg.com/imageserve/5a8dfac04bbe6f2652f62cac/416x416.jpg?background=000000&cropX1=99&cropX2=3161&cropY1=120&cropY2=3182,743.0,730.0,5700.0,,,,,,
Jon Stryker,Stryker,jon-stryker,jon-stryker,0.0,Medical equipment,Healthcare,M,United States,1777596602658,NY,New York,4996.538,853.0,853.0,67.0,//specials-images.forbesimg.com/imageserve/5d8ad82e18444200084e723a/416x416.jpg?background=000000&cropX1=41&cropX2=941&cropY1=43&cropY2=944,744.0,730.0,5700.0,,,,,,
Carl Thoma,Thoma,carl-thoma,no-pic,0.0,Private equity,Finance & Investments,M,United States,1777596602658,TX,Texas,5689.218,734.0,734.0,77.0,https://specials-images.forbesimg.com/imageserve/651c88640669f1b126a4ae23/416x416.jpg?background=000000&cropX1=283&cropX2=1414&cropY1=0&cropY2=1131,745.0,730.0,5700.0,,,,,,
Jayshree Ullal,Ullal,jayshree-ullal,jayshree-ullal,117.213,Computer networking,Technology,F,United States,1777596602658,CA,California,6818.682,580.0,580.0,65.0,https://specials-images.forbesimg.com/imageserve/634dc020a7ec8dedb0c9a291/416x416.jpg?background=000000&cropX1=0&cropX2=1080&cropY1=0&cropY2=1080,746.0,730.0,5700.0,"CEO, Arista",False,,,,
Mario Verrocchi,Verrocchi,mario-verrocchi,no-pic,28.269,Pharmacies,Fashion & Retail,M,Australia,1777596602658,,,5624.954,744.0,744.0,68.0,https://specials-images.forbesimg.com/imageserve/698242080b968b21be334fc5/416x416.jpg?background=000000&cropX1=6&cropX2=1407&cropY1=2&cropY2=1404,747.0,730.0,5700.0,,,,,,
Anthony von Mandl,von Mandl,anthony-von-mandl,no-pic,0.0,Alcoholic beverages,Food & Beverage,M,Canada,1777596602658,,,5224.994,809.0,809.0,76.0,//specials-images.forbesimg.com/imageserve/5df7cd0fe961e10007392fdb/416x416.jpg?background=000000&cropX1=708&cropX2=1504&cropY1=90&cropY2=886,748.0,730.0,5700.0,,,,,,
Jeffrey Cheah,Cheah,jeffrey-cheah,jeffrey-cheah,48.007,"Property, healthcare",Real Estate,M,Malaysia,1777596602658,,,5324.268,798.0,798.0,81.0,https://specials-images.forbesimg.com/imageserve/60b1347251f17bebdaec4356/416x416.jpg?background=000000&cropX1=567&cropX2=1266&cropY1=122&cropY2=821,749.0,749.0,5600.0,,,,,,
Catherine Commisso,Commisso & family,catherine-commisso-family,no-pic-female,0.0,Telecom,Telecom,F,United States,1777596602658,NJ,New Jersey,4953.878,858.0,858.0,68.0,,750.0,749.0,5600.0,,,,,,
Bob Gaglardi,Gaglardi,bob-gaglardi,no-pic,0.0,Hotels,Real Estate,M,Canada,1777596602658,,,5625.049,743.0,743.0,85.0,//specials-images.forbesimg.com/imageserve/5c50c6a34bbe6f7020fd7880/416x416.jpg?background=000000&cropX1=8&cropX2=2210&cropY1=95&cropY2=2298,751.0,749.0,5600.0,,,,,,
Rakesh Gangwal,Gangwal,rakesh-gangwal,rakesh-gangwal,-13.469,Airline,Service,M,United States,1777596602658,FL,Florida,5340.518,793.0,793.0,72.0,//specials-images.forbesimg.com/imageserve/5d8add5d18444200084e7268/416x416.jpg?background=000000&cropX1=139&cropX2=903&cropY1=96&cropY2=859,752.0,749.0,5600.0,,,,,,
Hortensia Herrero,Herrero,hortensia-herrero,hortensia-herrero,0.0,Supermarkets,Fashion & Retail,F,Spain,1777596602658,,,5213.181,811.0,811.0,75.0,//specials-images.forbesimg.com/imageserve/5e77bd9ed8e1ae0007b734f3/416x416.jpg?background=000000&cropX1=2210&cropX2=3399&cropY1=414&cropY2=1604,753.0,749.0,5600.0,,,,,,
Hu Baifan,Hu,hu-baifan,hu-baifan,-19.538,Pharmaceuticals,Healthcare,M,China,1777596602658,,,5922.772,698.0,698.0,63.0,//specials-images.forbesimg.com/imageserve/5e75419a07adf00006dbbf3b/416x416.jpg?background=000000&cropX1=1416&cropX2=3826&cropY1=1033&cropY2=3441,754.0,749.0,5600.0,,,,,,
Renuka Jagtiani,Jagtiani,renuka-jagtiani-1,no-pic-female,0.0,Retail,Fashion & Retail,F,India,1777596602658,,,5600.0,748.0,748.0,72.0,https://specials-images.forbesimg.com/imageserve/670483ffc59314aada465e39/416x416.jpg?background=000000&cropX1=1640&cropX2=3058&cropY1=262&cropY2=1679,755.0,749.0,5600.0,,,,,,
Liu Jincheng,Liu,liu-jincheng,no-pic,-158.18,Lithium batteries,Manufacturing,M,China,1777596602658,,,6706.45,592.0,592.0,61.0,//specials-images.forbesimg.com/imageserve/5a8df936a7ea431690141033/416x416.jpg?background=000000&cropX1=1340&cropX2=4798&cropY1=0&cropY2=3456,756.0,749.0,5600.0,,,,,,
Lachhman Das Mittal,Mittal,lachhman-das-mittal,lachhman-das-mittal,0.0,Tractors,Automotive,M,India,1777596602658,,,5402.295,785.0,785.0,95.0,https://specials-images.forbesimg.com/imageserve/59cc1536a7ea434a34f46d14/416x416.jpg?background=000000&cropX1=918&cropX2=1964&cropY1=133&cropY2=1180,757.0,749.0,5600.0,,,,,,
Naguib Sawiris,Sawiris,naguib-sawiris,naguib-sawiris,-1.35,Telecom,Telecom,M,Egypt,1777596602658,,,5575.465,751.0,751.0,71.0,//specials-images.forbesimg.com/imageserve/5e75940510380d0006fba943/416x416.jpg?background=000000&cropX1=1248&cropX2=3468&cropY1=87&cropY2=2305,758.0,749.0,5600.0,,,,,,
Wang Xin,Wang,wang-xin,no-pic,189.668,Manufacturing,Manufacturing,M,China,1777596602658,,,6710.99,590.0,590.0,53.0,,759.0,749.0,5600.0,,,,,,
Ken Xie,Xie,ken-xie,no-pic,-114.206,Cybersecurity,Technology,M,United States,1777596602658,CA,California,5989.761,688.0,688.0,63.0,//specials-images.forbesimg.com/imageserve/5d94fceb67dd830006a28926/416x416.jpg?background=000000&cropX1=126&cropX2=1024&cropY1=82&cropY2=980,760.0,749.0,5600.0,,,,,,
Zhu Baoguo,Zhu,zhu-baoguo,zhu-baoguo,-22.161,Pharmaceuticals,Healthcare,M,China,1777596602658,,,5530.6,761.0,761.0,64.0,https://specials-images.forbesimg.com/imageserve/589f386aa7ea431f3219482d/416x416.jpg?background=000000&cropX1=0&cropX2=744&cropY1=42&cropY2=786,761.0,749.0,5600.0,,,,,,
Bert Beveridge,Beveridge,bert-beveridge,no-pic,0.0,Vodka,Food & Beverage,M,United States,1777596602658,TX,Texas,5069.789,837.0,837.0,64.0,//specials-images.forbesimg.com/imageserve/59dfbb6c4bbe6f37dda06543/416x416.jpg?background=000000&cropX1=767&cropX2=1418&cropY1=488&cropY2=1139,762.0,762.0,5500.0,,,,,,
Neal Blue,Blue,neal-blue,no-pic,0.0,Defense,Manufacturing,M,United States,1777596602658,CA,California,5498.3,771.0,771.0,91.0,//specials-images.forbesimg.com/imageserve/5d8b455d22254b0008e16d22/416x416.jpg?background=000000&cropX1=339&cropX2=1633&cropY1=347&cropY2=1641,763.0,762.0,5500.0,,,,,,
Linda Campbell,Campbell,linda-campbell,no-pic-female,82.822,Thomson Reuters,Media & Entertainment,F,Canada,1777596602658,,,5483.88,773.0,774.0,76.0,https://specials-images.forbesimg.com/imageserve/67e437ac009475d461739481/416x416.jpg?background=000000&cropX1=0&cropX2=450&cropY1=399&cropY2=849,764.0,762.0,5500.0,,,,,,
Cui Lixin,Cui,cui-lixin,no-pic,-312.143,Aluminum,Metals & Mining,M,China,1777596602658,,,5222.94,810.0,810.0,57.0,,765.0,762.0,5500.0,,,,,,
Nicolas D'Ieteren,D'Ieteren,nicolas-dieteren,no-pic,24.894,"Auto parts, distribution",Automotive,M,Belgium,1777596602658,,,5175.285,822.0,822.0,51.0,,766.0,762.0,5500.0,,,,,,
Gaye Farncombe,Farncombe,gaye-farncombe,no-pic-female,82.822,Thomson Reuters,Media & Entertainment,F,Canada,1777596602658,,,5483.88,773.0,773.0,74.0,https://specials-images.forbesimg.com/imageserve/67e437fee38a048319407bb9/416x416.jpg?background=000000&cropX1=943&cropX2=1290&cropY1=373&cropY2=719,767.0,762.0,5500.0,,,,,,
Gordon Getty,Getty,gordon-getty,gordon-getty,0.0,Getty Oil,Energy,M,United States,1777596602658,CA,California,5487.68,772.0,772.0,92.0,//specials-images.forbesimg.com/imageserve/5ba67f0d4bbe6f79516f6c24/416x416.jpg?background=000000&cropX1=504&cropX2=1789&cropY1=108&cropY2=1394,768.0,762.0,5500.0,"President and Chairman, Ann & Gordon Getty Foundation",False,,,,
Ali Ghodsi,Ghodsi,ali-ghodsi,no-pic,0.0,Data analytics,Technology,M,Sweden,1777596602658,CA,California,5547.0,757.0,757.0,47.0,,769.0,762.0,5500.0,,,,,,
Jiang Rensheng,Jiang,jiang-rensheng,jiang-rensheng,-12.892,Vaccines,Healthcare,M,China,1777596602658,,,5149.118,825.0,825.0,72.0,https://specials-images.forbesimg.com/imageserve/6182ba8fd8d8f69e121c7a9b/416x416.jpg?background=000000&cropX1=66&cropX2=652&cropY1=266&cropY2=853,770.0,762.0,5500.0,,,,,,
Andre Koo,Koo,andre-koo,no-pic,-58.252,Financial services,Finance & Investments,M,Taiwan,1777596602658,,,5712.676,731.0,731.0,58.0,https://specials-images.forbesimg.com/imageserve/6091bac098a99aea07723c48/416x416.jpg?background=000000&cropX1=2&cropX2=1572&cropY1=7&cropY2=1577,771.0,762.0,5500.0,,,,,,
Matthew Prince,Prince,matthew-prince,no-pic,-186.676,Cybersecurity,Technology,M,United States,1777596602658,UT,Utah,6369.015,637.0,637.0,51.0,https://specials-images.forbesimg.com/imageserve/6063baa77320394738cc2f00/416x416.jpg?background=000000&cropX1=644&cropX2=2554&cropY1=128&cropY2=2037,772.0,762.0,5500.0,,,,,,
Matthias Reinhart,Reinhart,matthias-reinhart,matthias-reinhart,74.24,Financial services,Finance & Investments,M,Switzerland,1777596602658,,,5553.156,756.0,756.0,66.0,//specials-images.forbesimg.com/imageserve/58a1dfaa4bbe6f0e5586a999/416x416.jpg?background=000000&cropX1=3&cropX2=744&cropY1=97&cropY2=838,773.0,762.0,5500.0,,,,,,
Christiane Schoeller,Schoeller,christiane-schoeller,no-pic-female,9.319,Publishing,Media & Entertainment,F,Germany,1777596602658,,,6195.664,664.0,664.0,58.0,https://specials-images.forbesimg.com/imageserve/5c6dbdc531358e35dd26a61d/416x416.jpg?background=000000&cropX1=0&cropX2=416&cropY1=0&cropY2=416,774.0,762.0,5500.0,,,,,,
Peter Spuhler,Spuhler,peter-spuhler,peter-spuhler,12.629,Train cars,Manufacturing,M,Switzerland,1777596602658,,,5411.889,783.0,783.0,66.0,//specials-images.forbesimg.com/imageserve/5e77d285d8e1ae0007b73696/416x416.jpg?background=000000&cropX1=2084&cropX2=4053&cropY1=23&cropY2=1990,775.0,762.0,5500.0,,,,,,
Jerzy Starak,Starak,jerzy-starak,no-pic,0.0,Pharmaceuticals,Healthcare,M,Poland,1777596602658,,,5471.855,776.0,776.0,78.0,//specials-images.forbesimg.com/imageserve/5c717efe4bbe6f24567ae7f7/416x416.jpg?background=000000&cropX1=109&cropX2=977&cropY1=3&cropY2=872,776.0,762.0,5500.0,,,,,,
Stefan von Holtzbrinck,von Holtzbrinck,stefan-von-holtzbrinck,stefan-von-holtzbrinck,9.319,Publishing,Media & Entertainment,M,Germany,1777596602658,,,6195.664,664.0,665.0,62.0,//specials-images.forbesimg.com/imageserve/5c70300731358e35dd26de72/416x416.jpg?background=000000&cropX1=56&cropX2=1972&cropY1=69&cropY2=1985,777.0,762.0,5500.0,,,,,,
Romesh T. Wadhwani,Wadhwani,romesh-t-wadhwani,romesh-t-wadhwani,0.0,Software,Technology,M,United States,1777596602658,CA,California,5521.0,765.0,765.0,78.0,https://specials-images.forbesimg.com/imageserve/59dd2b81a7ea436b47b3ab9d/416x416.jpg?background=000000&cropX1=234&cropX2=3262&cropY1=636&cropY2=3663,778.0,762.0,5500.0,"Founder and Chairman, Symphony AI Group",False,,,,
Xiao Yongming,Xiao,xiao-yongming,no-pic,-69.501,Fertilizer,Diversified,M,China,1777596602658,,,5634.237,742.0,742.0,61.0,,779.0,762.0,5500.0,,,,,,
Joesley Batista,Batista,joesley-batista,no-pic,99.16,Beef processing,Food & Beverage,M,Brazil,1777596602658,,,5194.886,816.0,816.0,54.0,//specials-images.forbesimg.com/imageserve/5e74298e07adf00006db9ec0/416x416.jpg?background=000000&cropX1=913&cropX2=4756&cropY1=0&cropY2=3840,780.0,780.0,5400.0,,,,,,
Wesley Batista,Batista,wesley-batista,no-pic,99.16,Beef packing,Food & Beverage,M,Brazil,1777596602658,,,5194.886,816.0,817.0,53.0,//specials-images.forbesimg.com/imageserve/5e743b6610380d0006bdaccf/416x416.jpg?background=000000&cropX1=417&cropX2=3079&cropY1=6&cropY2=2667,781.0,780.0,5400.0,,,,,,
"Austen Cargill, II.",Cargill,austen-cargill-ii,no-pic,0.0,Cargill,Food & Beverage,M,United States,1777596602658,MT,Montana,5506.223,768.0,768.0,75.0,,782.0,780.0,5400.0,,,,,,
"James Cargill, II.",Cargill,james-cargill-ii,no-pic,0.0,Cargill,Food & Beverage,M,United States,1777596602658,WI,Wisconsin,5506.223,768.0,769.0,77.0,,783.0,780.0,5400.0,,,,,,
Scott Cook,Cook,scott-cook,scott-cook,-99.067,Software,Technology,M,United States,1777596602658,CA,California,5193.392,818.0,818.0,73.0,//specials-images.forbesimg.com/imageserve/5d8ae96b22254b0008e16620/416x416.jpg?background=000000&cropX1=377&cropX2=3151&cropY1=19&cropY2=2793,784.0,780.0,5400.0,,,,,,
Smita Crishna Godrej,Crishna Godrej,smita-crishna-godrej,no-pic-female,-7.944,Consumer goods,Diversified,F,India,1777596602658,,,5123.656,828.0,828.0,75.0,//specials-images.forbesimg.com/imageserve/5a7f5040a7ea431690132bc3/416x416.jpg?background=000000&cropX1=27&cropX2=809&cropY1=55&cropY2=836,785.0,780.0,5400.0,,,,,,
Jamshyd Godrej,Godrej,jamshyd-godrej,jamshyd-godrej,-7.945,"Consumer goods, real estate",Real Estate,M,India,1777596602658,,,5123.661,827.0,827.0,77.0,https://specials-images.forbesimg.com/imageserve/68e6aab016edeacedf67b0cf/416x416.jpg?background=000000&cropX1=512&cropX2=1331&cropY1=40&cropY2=859,786.0,780.0,5400.0,,,,,,
"Jeremy Jacobs, Sr.",Jacobs,jeremy-jacobs-sr,jeremy-jacobs-sr,0.0,Food service,Service,M,United States,1777596602658,NY,New York,5438.937,780.0,780.0,86.0,//specials-images.forbesimg.com/imageserve/5d8abd0922254b0008e16330/416x416.jpg?background=000000&cropX1=687&cropX2=3579&cropY1=184&cropY2=3076,787.0,780.0,5400.0,,,,,,
Andrew Karam,Karam,andrew-karam,no-pic,31.244,Advertising technology,Technology,M,United States,1777596602658,CA,California,5532.945,759.0,759.0,44.0,https://specials-images.forbesimg.com/imageserve/6245cc79e87d037c291e1771/416x416.jpg?background=000000&cropX1=138&cropX2=652&cropY1=24&cropY2=539,788.0,780.0,5400.0,,,,,,
Peter Kellogg,Kellogg,peter-kellogg,no-pic,40.792,Investments,Finance & Investments,M,United States,1777596602658,NJ,New Jersey,5519.464,766.0,766.0,83.0,,789.0,780.0,5400.0,,,,,,
Timur Kulibayev,Kulibayev,timur-kulibayev,no-pic,50.929,Banking,Finance & Investments,M,Kazakhstan,1777596602658,,,5555.278,754.0,755.0,59.0,//specials-images.forbesimg.com/imageserve/5e76e9cfd8e1ae0007b72786/416x416.jpg?background=000000&cropX1=847&cropX2=3159&cropY1=15&cropY2=2325,790.0,780.0,5400.0,,,,,,
Dinara Kulibayeva,Kulibayeva,dinara-kulibayeva,no-pic-female,50.929,Banking,Finance & Investments,F,Kazakhstan,1777596602658,,,5555.278,754.0,754.0,58.0,https://specials-images.forbesimg.com/imageserve/5c70ebb4a7ea4310004340a7/416x416.jpg?background=000000&cropX1=199&cropX2=612&cropY1=0&cropY2=413,791.0,780.0,5400.0,,,,,,
Marianne Liebmann,Liebmann,marianne-liebmann,no-pic-female,0.0,Cargill,Food & Beverage,F,United States,1777596602658,MT,Montana,5506.223,768.0,770.0,72.0,,792.0,780.0,5400.0,,,,,,
Lin Shu-hong,Lin,lin-shu-hong,no-pic,0.0,Petrochemicals,Manufacturing,M,Taiwan,1777596602658,,,5686.684,735.0,735.0,97.0,https://specials-images.forbesimg.com/imageserve/63a0cb09c894b4f0c7e821a2/416x416.jpg?background=000000&cropX1=20&cropX2=3408&cropY1=64&cropY2=3456,793.0,780.0,5400.0,,,,,,
Margarita Louis-Dreyfus,Louis-Dreyfus,margarita-louis-dreyfus,margarita-louis-dreyfus,0.0,Commodities,Food & Beverage,F,Switzerland,1777596602658,,,5510.096,767.0,767.0,63.0,//specials-images.forbesimg.com/imageserve/5deed561b269e900075dc2bd/416x416.jpg?background=000000&cropX1=6&cropX2=1223&cropY1=49&cropY2=1266,794.0,780.0,5400.0,"President, Louis Dreyfus SAS",False,,,,
Georg Nemetschek,Nemetschek,georg-nemetschek,no-pic,-68.784,Software,Technology,M,Germany,1777596602658,,,4952.802,859.0,859.0,92.0,//specials-images.forbesimg.com/imageserve/58c846bc4bbe6f0e55889231/416x416.jpg?background=000000&cropX1=0&cropX2=744&cropY1=64&cropY2=808,795.0,780.0,5400.0,,,,,,
Jean (Gigi) Pritzker,Pritzker,jean-gigi-pritzker,jean-gigi-pritzker,152.497,"Hotels, investments",Service,F,United States,1777596602658,CA,California,5726.254,727.0,727.0,63.0,//specials-images.forbesimg.com/imageserve/5d8af60418444200084e7355/416x416.jpg?background=000000&cropX1=274&cropX2=1713&cropY1=69&cropY2=1509,796.0,780.0,5400.0,,,,,,
Qiu Jianping,Qiu,qiu-jianping,qiu-jianping,-57.287,Hand tools,Manufacturing,M,China,1777596602658,,,5064.907,839.0,839.0,64.0,https://specials-images.forbesimg.com/imageserve/6050f48ca1ab099ed6e290cc/416x416.jpg?background=000000&cropX1=0&cropX2=800&cropY1=0&cropY2=800,797.0,780.0,5400.0,,,,,,
Lynda Resnick,Resnick,lynda-resnick,lynda-resnick,0.0,Agriculture,Food & Beverage,F,United States,1777596602658,CA,California,5393.5,787.0,787.0,83.0,https://specials-images.forbesimg.com/imageserve/5cf6ee7acd1f12000a2b6f33/416x416.jpg?background=000000&cropX1=0&cropX2=3223&cropY1=0&cropY2=3223,798.0,780.0,5400.0,"Founder, Wonderful Company",False,,,,
Stewart Resnick,Resnick,stewart-resnick,no-pic,0.0,Agriculture,Food & Beverage,M,United States,1777596602658,CA,California,5393.5,787.0,788.0,89.0,https://specials-images.forbesimg.com/imageserve/64ef8dc48e2e0ca193b575a5/416x416.jpg?background=000000&cropX1=6&cropX2=1600&cropY1=37&cropY2=1631,799.0,780.0,5400.0,,,,,,
Russell Savage,Savage,russell-savage,no-pic,0.0,Energy drinks,Food & Beverage,M,United States,1777596602658,FL,Florida,5405.0,784.0,784.0,55.0,//specials-images.forbesimg.com/imageserve/5d8adc386de3150009a506b7/416x416.jpg?background=000000&cropX1=746&cropX2=1443&cropY1=226&cropY2=923,800.0,780.0,5400.0,,,,,,
Edward Stack,Stack,edward-stack,edward-stack,145.964,Dick's Sporting Goods,Fashion & Retail,M,United States,1777596602658,PA,Pennsylvania,5864.481,703.0,703.0,71.0,//specials-images.forbesimg.com/imageserve/58c1999531358e1a35acb543/416x416.jpg?background=000000&cropX1=155&cropX2=575&cropY1=32&cropY2=453,801.0,780.0,5400.0,"Executive Chairman, Dick's Sporting Goods",False,,,,
Ivan Tavrin,Tavrin,ivan-tavrin,no-pic,2.187,Private equity,Finance & Investments,M,Russia,1777596602658,,,5368.635,790.0,790.0,49.0,https://specials-images.forbesimg.com/imageserve/67ed4764ca1d2f0845896fb5/416x416.jpg?background=000000&cropX1=430&cropX2=1860&cropY1=62&cropY2=1492,802.0,780.0,5400.0,,,,,,
Torbjorn Tornqvist,Tornqvist,torbjorn-tornqvist,torbjorn-tornqvist,0.0,Oil trading,Energy,M,Sweden,1777596602658,,,5354.7,791.0,791.0,72.0,//specials-images.forbesimg.com/imageserve/5c7223b031358e35dd26febc/416x416.jpg?background=000000&cropX1=34&cropX2=5639&cropY1=34&cropY2=5636,803.0,780.0,5400.0,,,,,,
Bulat Utemuratov,Utemuratov,bulat-utemuratov,bulat-utemuratov,0.0,"Mining, banking, hotels",Metals & Mining,M,Kazakhstan,1777596602658,,,5398.0,786.0,786.0,68.0,//specials-images.forbesimg.com/imageserve/5e76e921d8e1ae0007b7277e/416x416.jpg?background=000000&cropX1=51&cropX2=997&cropY1=11&cropY2=957,804.0,780.0,5400.0,,,,,,
Jon Yarbrough,Yarbrough,jon-yarbrough,jon-yarbrough,0.0,Gambling machines,Gambling & Casinos,M,United States,1777596602658,TN,Tennessee,5444.384,779.0,779.0,68.0,//specials-images.forbesimg.com/imageserve/dd7552476d261280b2c8fcc28c43eb78/416x416.jpg?background=000000&cropX1=137&cropX2=577&cropY1=48&cropY2=488,805.0,780.0,5400.0,,,,,,
George Economou,Economou,george-economou,george-economou,-0.153,Shipping,Logistics,M,Greece,1777596602658,,,5333.603,794.0,794.0,73.0,,806.0,806.0,5300.0,,,,,,
Joseph Grendys,Grendys,joseph-grendys,joseph-grendys,0.0,Poultry processing,Food & Beverage,M,United States,1777596602658,IL,Illinois,5069.282,838.0,838.0,64.0,//specials-images.forbesimg.com/imageserve/55fb1bb3e4b0ffa7afe4b5c5/416x416.jpg?background=000000&cropX1=63&cropX2=411&cropY1=100&cropY2=448,807.0,806.0,5300.0,,,,,,
Martin Haefner,Haefner,martin-haefner,no-pic,0.959,"Software, investments",Technology,M,Switzerland,1777596602658,,,4851.098,879.0,879.0,72.0,//specials-images.forbesimg.com/imageserve/5c72358ea7ea43100043522e/416x416.jpg?background=000000&cropX1=84&cropX2=455&cropY1=2&cropY2=373,808.0,806.0,5300.0,,,,,,
Thomas Hagen,Hagen,thomas-hagen,no-pic,-13.784,Insurance,Finance & Investments,M,United States,1777596602658,PA,Pennsylvania,4402.164,964.0,964.0,90.0,,809.0,806.0,5300.0,,,,,,
Reed Hastings,Hastings,reed-hastings,reed-hastings,62.221,Netflix,Technology,M,United States,1777596602658,CA,California,5177.923,821.0,821.0,65.0,//specials-images.forbesimg.com/imageserve/5d8ae9ff18444200084e72df/416x416.jpg?background=000000&cropX1=980&cropX2=2430&cropY1=95&cropY2=1544,810.0,806.0,5300.0,"Chairman, Netflix",False,,,,
Lin Lairong,Lin,lin-lairong,no-pic,128.532,Iron ore mining,Metals & Mining,M,China,1777596602658,,,6765.031,584.0,584.0,57.0,,811.0,806.0,5300.0,,,,,,
Richard Liu,Liu,richard-liu-1,richard-liu-1,101.868,E-commerce,Technology,M,China,1777596602658,,,5956.347,694.0,694.0,52.0,//specials-images.forbesimg.com/imageserve/5dc07d07b4d505000678de32/416x416.jpg?background=000000&cropX1=1730&cropX2=3987&cropY1=632&cropY2=2889,812.0,806.0,5300.0,,,,,,
Ian Livingstone,Livingstone,ian-livingstone,no-pic,0.393,Real estate,Real Estate,M,United Kingdom,1777596602658,,,5304.353,800.0,800.0,63.0,,813.0,806.0,5300.0,,,,,,
Richard Livingstone,Livingstone,richard-livingstone,no-pic,0.393,Real estate,Real Estate,M,United Kingdom,1777596602658,,,5304.353,800.0,801.0,61.0,,814.0,806.0,5300.0,,,,,,
Chandru Raheja,Raheja,chandru-raheja,chandru-raheja,-14.734,Real estate,Real Estate,M,India,1777596602658,,,5008.945,850.0,850.0,85.0,https://specials-images.forbesimg.com/imageserve/6525630e987c96c66b1b3980/416x416.jpg?background=000000&cropX1=0&cropX2=744&cropY1=10&cropY2=754,815.0,806.0,5300.0,,,,,,
Arkady Rotenberg,Rotenberg,arkady-rotenberg,arkady-rotenberg,0.0,"Construction, pipes, banking",Construction & Engineering,M,Russia,1777596602658,,,5290.533,802.0,802.0,74.0,https://specials-images.forbesimg.com/imageserve/62290e4dba04e4c27c2edc8a/416x416.jpg?background=000000&cropX1=1162&cropX2=4822&cropY1=141&cropY2=3804,816.0,806.0,5300.0,,,,,,
Ruan Liping,Ruan,ruan-liping,no-pic,359.861,Power strips,Manufacturing,M,Hong Kong,1777596602658,,,5432.783,781.0,781.0,61.0,https://specials-images.forbesimg.com/imageserve/654a5403d2b82a2d2ec91c50/416x416.jpg?background=000000&cropX1=1259&cropX2=4717&cropY1=0&cropY2=3456,817.0,806.0,5300.0,,,,,,
Ruan Xueping,Ruan,ruan-xueping,no-pic,343.163,Power strip,Manufacturing,M,Hong Kong,1777596602658,,,5463.43,778.0,778.0,54.0,https://specials-images.forbesimg.com/imageserve/6725059b6ee6acdbddb85f6d/416x416.jpg?background=000000&cropX1=2&cropX2=800&cropY1=0&cropY2=798,818.0,806.0,5300.0,,,,,,
Jeff Skoll,Skoll,jeff-skoll,jeff-skoll,-5.412,EBay,Technology,M,United States,1777596602658,FL,Florida,5470.751,777.0,777.0,61.0,https://specials-images.forbesimg.com/imageserve/59d7e2474bbe6f37dda01fd9/416x416.jpg?background=000000&cropX1=1339&cropX2=4485&cropY1=329&cropY2=3477,819.0,806.0,5300.0,,,,,,
Thomas Straumann,Straumann,thomas-straumann,thomas-straumann,-64.286,Dental implants,Healthcare,M,Switzerland,1777596602658,,,4778.299,894.0,894.0,62.0,//specials-images.forbesimg.com/imageserve/5e77d3b6d8e1ae0007b736a4/416x416.jpg?background=000000&cropX1=1902&cropX2=5027&cropY1=82&cropY2=3208,820.0,806.0,5300.0,,,,,,
Thomas Tull,Tull,thomas-tull,thomas-tull,0.0,"Movies, investments",Media & Entertainment,M,United States,1777596602658,PA,Pennsylvania,5314.5,799.0,799.0,55.0,https://specials-images.forbesimg.com/imageserve/632b48553265f4d9da44b122/416x416.jpg?background=000000&cropX1=1037&cropX2=2048&cropY1=368&cropY2=1379,821.0,806.0,5300.0,,,,,,
Murat Ulker,Ulker,murat-ulker,murat-ulker,15.55,Food,Food & Beverage,M,Turkey,1777596602658,,,5258.231,805.0,805.0,67.0,//specials-images.forbesimg.com/imageserve/97fc228669c9fca0e18d1de9ab1f9021/416x416.jpg?background=000000&cropX1=47&cropX2=683&cropY1=82&cropY2=719,822.0,806.0,5300.0,,,,,,
Hamad bin Jassim bin Jaber Al Thani,Al Thani,hamad-bin-jassim-bin-jaber-al-thani,no-pic,-46.812,Investments,Finance & Investments,M,Qatar,1777596602658,,,4699.264,908.0,908.0,66.0,//specials-images.forbesimg.com/imageserve/5a8071fc31358e4955ad284c/416x416.jpg?background=000000&cropX1=0&cropX2=720&cropY1=62&cropY2=782,823.0,823.0,5200.0,,,,,,
Joy Alukkas,Alukkas,joy-alukkas,joy-alukkas,0.0,Jewelry,Fashion & Retail,M,India,1777596602658,,,5008.192,851.0,851.0,69.0,https://specials-images.forbesimg.com/imageserve/68e9280f3d54264a6f7223fb/416x416.jpg?background=000000&cropX1=5&cropX2=2500&cropY1=229&cropY2=2723,824.0,823.0,5200.0,,,,,,
Markus Blocher,Blocher,markus-blocher,no-pic,109.015,Chemicals,Manufacturing,M,Switzerland,1777596602658,,,4877.632,872.0,872.0,55.0,//specials-images.forbesimg.com/imageserve/58a65e8b4bbe6f0e55870188/416x416.jpg?background=000000&cropX1=3&cropX2=744&cropY1=87&cropY2=828,825.0,823.0,5200.0,,,,,,
Eduardo Hochschild,Hochschild,eduardo-hochschild,eduardo-hochschild,88.762,mining,Metals & Mining,M,Peru,1777596602658,,,4829.5,885.0,885.0,62.0,//specials-images.forbesimg.com/imageserve/5e77067c10380d0006fbba1d/416x416.jpg?background=000000&cropX1=872&cropX2=3405&cropY1=107&cropY2=2641,826.0,823.0,5200.0,"Chairman, Hochschild Mining PLC",False,,,,
Michael Intrator,Intrator,michael-intrator,no-pic,-161.383,Technology,Technology,M,United States,1777596602658,NY,New York,7188.482,534.0,534.0,57.0,https://specials-images.forbesimg.com/imageserve/67e45d9ea7e2334e54fd2bfd/416x416.jpg?background=000000&cropX1=1267&cropX2=2204&cropY1=165&cropY2=1101,827.0,823.0,5200.0,,,,,,
Andrei Kozitsyn,Kozitsyn,andrei-kozitsyn,andrei-kozitsyn,0.0,Metals,Metals & Mining,M,Russia,1777596602658,,,5209.926,813.0,813.0,65.0,//specials-images.forbesimg.com/imageserve/5e77774510380d0006fbbd37/416x416.jpg?background=000000&cropX1=1712&cropX2=5050&cropY1=312&cropY2=3648,828.0,823.0,5200.0,,,,,,
Dan Kurzius,Kurzius,dan-kurzius,no-pic,-20.523,Email marketing,Technology,M,United States,1777596602658,GA,Georgia,5151.532,824.0,824.0,54.0,https://specials-images.forbesimg.com/imageserve/6050f48ca1ab099ed6e290cc/416x416.jpg?background=000000&cropX1=0&cropX2=800&cropY1=0&cropY2=800,829.0,823.0,5200.0,,,,,,
Josh Kushner,Kushner,josh-kushner,no-pic,0.0,Venture capital,Finance & Investments,M,United States,1777596602658,NY,New York,5213.0,812.0,812.0,40.0,https://specials-images.forbesimg.com/imageserve/6515b485c42188e5953ab5b7/416x416.jpg?background=000000&cropX1=3&cropX2=564&cropY1=0&cropY2=561,830.0,823.0,5200.0,"Managing Partner, Thrive Capital",False,,,,
George Lucas,Lucas,george-lucas,george-lucas,39.401,Star Wars,Media & Entertainment,M,United States,1777596602658,CA,California,5164.274,823.0,823.0,81.0,https://specials-images.forbesimg.com/imageserve/5f4d5df48198540283b331d8/416x416.jpg?background=000000&cropX1=358&cropX2=2199&cropY1=116&cropY2=1956,831.0,823.0,5200.0,,,,,,
Lorinc Meszaros,Meszaros,lorinc-meszaros,no-pic,63.236,Diversified,Diversified,M,Hungary,1777596602658,,,4913.688,863.0,863.0,60.0,//specials-images.forbesimg.com/imageserve/5e76573710380d0006fbb111/416x416.jpg?background=000000&cropX1=96&cropX2=709&cropY1=77&cropY2=690,832.0,823.0,5200.0,,,,,,
Isaac Perlmutter,Perlmutter,isaac-perlmutter,isaac-perlmutter,0.0,Marvel comics,Media & Entertainment,M,United States,1777596602658,FL,Florida,5182.95,820.0,820.0,83.0,//specials-images.forbesimg.com/imageserve/5d8a94c918444200084e6d66/416x416.jpg?background=000000&cropX1=710&cropX2=1847&cropY1=35&cropY2=1171,833.0,823.0,5200.0,,,,,,
Maria-Elisabeth Schaeffler-Thumann,Schaeffler-Thumann,maria-elisabeth-schaeffler-thumann,no-pic-female,80.885,Auto parts,Automotive,F,Germany,1777596602658,,,4538.238,935.0,935.0,84.0,//specials-images.forbesimg.com/imageserve/5e7630f7d8e1ae0007b71bff/416x416.jpg?background=000000&cropX1=289&cropX2=971&cropY1=17&cropY2=699,834.0,823.0,5200.0,,,,,,
Shaul Shani,Shani,shaul-shani,no-pic,7.387,Telecom,Telecom,M,Israel,1777596602658,,,5186.895,819.0,819.0,71.0,//specials-images.forbesimg.com/imageserve/5c70c53fa7ea431000433e99/416x416.jpg?background=000000&cropX1=0&cropX2=600&cropY1=24&cropY2=624,835.0,823.0,5200.0,,,,,,
Timur Turlov,Turlov,timur-turlov,no-pic,94.563,Stock brokerage,Finance & Investments,M,Kazakhstan,1777596602658,,,6408.081,635.0,635.0,38.0,https://specials-images.forbesimg.com/imageserve/61152cdd55eb0bfda1c8d58a/416x416.jpg?background=000000&cropX1=659&cropX2=1568&cropY1=81&cropY2=991,836.0,823.0,5200.0,,,,,,
Pyotr Aven,Aven,pyotr-aven,pyotr-aven,6.996,"Oil, banking, telecom",Finance & Investments,M,Russia,1777596602658,,,5102.902,832.0,832.0,71.0,https://specials-images.forbesimg.com/imageserve/622a50ed0ab694aca8e6e781/416x416.jpg?background=000000&cropX1=1157&cropX2=2565&cropY1=30&cropY2=1437,837.0,837.0,5100.0,,,,,,
Alejandro Bulgheroni,Bulgheroni,alejandro-bulgheroni,no-pic,0.0,Oil & gas,Energy,M,Argentina,1777596602658,,,5557.172,753.0,753.0,81.0,//specials-images.forbesimg.com/imageserve/5e73d0b107adf00006db9510/416x416.jpg?background=000000&cropX1=834&cropX2=3000&cropY1=177&cropY2=2344,838.0,837.0,5100.0,,,,,,
Cho Tak Wong,Cho,cho-tak-wong,cho-tak-wong,-33.124,Auto parts,Manufacturing,M,Hong Kong,1777596602658,,,5060.982,840.0,840.0,79.0,https://specials-images.forbesimg.com/imageserve/67250a3a94dde50120f79609/416x416.jpg?background=000000&cropX1=1314&cropX2=2725&cropY1=360&cropY2=1771,839.0,837.0,5100.0,,,,,,
Barry Diller,Diller,barry-diller,barry-diller,-11.38,Online media,Media & Entertainment,M,United States,1777596602658,NY,New York,5287.84,804.0,804.0,84.0,https://specials-images.forbesimg.com/imageserve/5f4978612579aa24ec628b58/416x416.jpg?background=000000&cropX1=386&cropX2=4439&cropY1=1209&cropY2=5263,840.0,837.0,5100.0,,,,,,
Fernand Huts,Huts,fernand-huts,no-pic,0.0,"Logistics, transportation",Logistics,M,Belgium,1777596602658,,,5088.335,834.0,834.0,75.0,https://specials-images.forbesimg.com/imageserve/66182fd5bdb6d7f87f66c8fe/416x416.jpg?background=000000&cropX1=426&cropX2=1431&cropY1=207&cropY2=1212,841.0,837.0,5100.0,,,,,,
Zarakh Iliev,Iliev,zarakh-iliev,zarakh-iliev,0.0,Real estate,Real Estate,M,Russia,1777596602658,,,5103.551,830.0,831.0,59.0,//specials-images.forbesimg.com/imageserve/da062126c7f684fe3c4cac435fbe622f/416x416.jpg?background=000000&cropX1=84&cropX2=741&cropY1=11&cropY2=668,842.0,837.0,5100.0,,,,,,
Lin Tsung-Chi,Lin,lin-tsung-chi,no-pic,-356.463,Furniture rails,Manufacturing,M,Taiwan,1777596602658,,,5695.948,733.0,733.0,85.0,https://specials-images.forbesimg.com/imageserve/683dc2beb9a23aff04049976/416x416.jpg?background=000000&cropX1=0&cropX2=800&cropY1=0&cropY2=800,843.0,837.0,5100.0,,,,,,
Luo Liguo,Luo,luo-liguo,no-pic,-95.043,Chemicals,Manufacturing,M,China,1777596602658,,,4396.428,967.0,967.0,70.0,https://specials-images.forbesimg.com/imageserve/672508195d2ff12bbe0246c8/416x416.jpg?background=000000&cropX1=2&cropX2=800&cropY1=1&cropY2=799,844.0,837.0,5100.0,,,,,,
Joao Moreira Salles,Moreira Salles,joao-moreira-salles,joao-moreira-salles,9.441,"Banking, minerals",Diversified,M,Brazil,1777596602658,,,5243.534,806.0,806.0,64.0,//specials-images.forbesimg.com/imageserve/5c6cc5aa31358e1c187f10b2/416x416.jpg?background=000000&cropX1=1638&cropX2=5117&cropY1=7&cropY2=3488,845.0,837.0,5100.0,,,,,,
Walther Moreira Salles Junior,Moreira Salles Junior,walther-moreira-salles-junior,walther-moreira-salles-junior,9.441,"Banking, minerals",Finance & Investments,M,Brazil,1777596602658,,,5243.534,806.0,807.0,70.0,//specials-images.forbesimg.com/imageserve/5c6cc6b34bbe6f3a74231da2/416x416.jpg?background=000000&cropX1=266&cropX2=1269&cropY1=2&cropY2=1005,846.0,837.0,5100.0,,,,,,
Akira Mori,Mori,akira-mori,akira-mori,0.0,Real estate,Real Estate,M,Japan,1777596602658,,,4381.19,971.0,971.0,89.0,//specials-images.forbesimg.com/imageserve/5a7fadfb4bbe6f2652f53485/416x416.jpg?background=000000&cropX1=217&cropX2=2212&cropY1=0&cropY2=1995,847.0,837.0,5100.0,,,,,,
God Nisanov,Nisanov,god-nisanov,god-nisanov,0.0,Real estate,Real Estate,M,Russia,1777596602658,,,5103.551,830.0,830.0,54.0,https://specials-images.forbesimg.com/imageserve/67eaa63efc0201fb09c36965/416x416.jpg?background=000000&cropX1=294&cropX2=1177&cropY1=47&cropY2=931,848.0,837.0,5100.0,,,,,,
Michael Pieper,Pieper,michael-pieper,michael-pieper,1.837,Kitchen appliances,Manufacturing,M,Switzerland,1777596602658,,,4493.926,946.0,946.0,80.0,//specials-images.forbesimg.com/imageserve/5e77d1efc7b02d000666de67/416x416.jpg?background=000000&cropX1=482&cropX2=2570&cropY1=154&cropY2=2243,849.0,837.0,5100.0,"CEO of Artemis Group, Artemis Real Estate Partners",False,,,,
Tim Sweeney,Sweeney,tim-sweeney,no-pic,0.0,Video games,Media & Entertainment,M,United States,1777596602658,NC,North Carolina,5076.0,835.0,836.0,55.0,https://specials-images.forbesimg.com/imageserve/5f4d56fc32cd442c9badd820/416x416.jpg?background=000000&cropX1=0&cropX2=4004&cropY1=0&cropY2=4003,850.0,837.0,5100.0,,,,,,
Frank Wang,Wang,frank-wang,frank-wang,0.0,Drones,Technology,M,China,1777596602658,,,5076.0,835.0,835.0,45.0,//specials-images.forbesimg.com/imageserve/56c6741ee4b062f6b59a13da/416x416.jpg?background=000000&cropX1=10&cropX2=665&cropY1=6&cropY2=662,851.0,837.0,5100.0,,,,,,
Mike Brown,Brown,mike-brown-1,no-pic,0.0,Cincinnati Bengals,Sports,M,United States,1777596602658,OH,Ohio,4969.7,856.0,856.0,90.0,https://specials-images.forbesimg.com/imageserve/67e44853b0032c65d7e734e3/416x416.jpg?background=000000&cropX1=898&cropX2=2432&cropY1=216&cropY2=1751,852.0,852.0,5000.0,,,,,,
Garrett Camp,Camp,garrett-camp,garrett-camp,4.784,Uber,Technology,M,Canada,1777596602658,CA,California,4925.349,862.0,862.0,47.0,//specials-images.forbesimg.com/imageserve/5c6d4e5d4bbe6f3a742322a6/416x416.jpg?background=000000&cropX1=1649&cropX2=3734&cropY1=0&cropY2=2083,853.0,852.0,5000.0,"Cofounder and Chairman, Uber Technologies Inc.",False,,,,
Ryan Cohen,Cohen,ryan-cohen,no-pic,42.206,Investments,Finance & Investments,M,Canada,1777596602658,FL,Florida,5040.41,844.0,844.0,40.0,https://specials-images.forbesimg.com/imageserve/69a88f16bb58ad64b2f418b9/416x416.jpg?background=000000&cropX1=189&cropX2=1017&cropY1=0&cropY2=828,854.0,852.0,5000.0,,,,,,
Stephen Cohen,Cohen,stephen-cohen,no-pic,37.622,Software,Technology,M,United States,1777596602658,CA,California,5015.948,848.0,848.0,43.0,,855.0,852.0,5000.0,,,,,,
Robert Faith,Faith,robert-faith,no-pic,0.0,Real estate management,Real Estate,M,United States,1777596602658,SC,South Carolina,5035.358,845.0,845.0,62.0,https://specials-images.forbesimg.com/imageserve/6488d620ca16ee930d75c365/416x416.jpg?background=000000&cropX1=574&cropX2=1272&cropY1=201&cropY2=900,856.0,852.0,5000.0,,,,,,
Stephen Feinberg,Feinberg,stephen-feinberg,no-pic,0.0,Private equity,Finance & Investments,M,United States,1777596602658,NY,New York,4976.0,854.0,854.0,66.0,//specials-images.forbesimg.com/imageserve/5898b33e31358e590cda3d77/416x416.jpg?background=000000&cropX1=55&cropX2=744&cropY1=26&cropY2=716,857.0,852.0,5000.0,"Co-founder and CEO, Cerberus Capital Management",False,,,,
Nithin Kamath,Kamath,nithin-kamath,no-pic,0.0,Financial services,Finance & Investments,M,India,1777596602658,,,4750.887,900.0,900.0,46.0,https://specials-images.forbesimg.com/imageserve/6422fe91604296ffaca10bb6/416x416.jpg?background=000000&cropX1=444&cropX2=1926&cropY1=397&cropY2=1881,858.0,852.0,5000.0,,,,,,
Kim Beom-su,Kim,kim-beom-su,kim-beom-su,-78.141,Online services,Technology,M,South Korea,1777596602658,,,3775.28,1138.0,1138.0,60.0,https://specials-images.forbesimg.com/imageserve/69d9245f9f14fa2e40c70736/416x416.jpg?background=000000&cropX1=206&cropX2=925&cropY1=151&cropY2=870,859.0,852.0,5000.0,,,,,,
Eric Lefkofsky,Lefkofsky,eric-lefkofsky,eric-lefkofsky,237.523,"Groupon, investments",Technology,M,United States,1777596602658,IL,Illinois,5096.39,833.0,833.0,56.0,//specials-images.forbesimg.com/imageserve/5d8b03f422254b0008e167e5/416x416.jpg?background=000000&cropX1=831&cropX2=4268&cropY1=154&cropY2=3589,860.0,852.0,5000.0,,,,,,
"Stephen Mandel, Jr.",Mandel,stephen-mandel-jr,no-pic,0.0,Hedge funds,Finance & Investments,M,United States,1777596602658,CT,Connecticut,4963.0,857.0,857.0,70.0,,861.0,852.0,5000.0,"Founder, Lone Pine Capital",False,,,,
Miao Hangen,Miao,miao-hangen,miao-hangen,4.087,"Textiles, petrochemicals",Diversified,M,China,1777596602658,,,5121.129,829.0,829.0,60.0,https://specials-images.forbesimg.com/imageserve/6182c972d97d5ce24ce42480/416x416.jpg?background=000000&cropX1=663&cropX2=1956&cropY1=1466&cropY2=2760,862.0,852.0,5000.0,,,,,,
Arturo Moreno,Moreno,arturo-moreno,arturo-moreno,16.131,"Billboards, Los Angeles Angels",Sports,M,United States,1777596602658,AZ,Arizona,5000.414,852.0,852.0,79.0,//specials-images.forbesimg.com/imageserve/59dd8c2731358e542c0394c7/416x416.jpg?background=000000&cropX1=212&cropX2=2610&cropY1=179&cropY2=2579,863.0,852.0,5000.0,,,,,,
Michael Novogratz,Novogratz,michael-novogratz,no-pic,,"Investments, cryptocurrency",Finance & Investments,M,United States,1773093289867,NY,New York,,,,61.0,,864.0,852.0,5000.0,,,,,,
Ion Stoica,Stoica,ion-stoica,no-pic,0.0,Data analytics,Technology,M,Romania,1777596602658,CA,California,5031.0,846.0,846.0,61.0,https://specials-images.forbesimg.com/imageserve/62446f63f7439ef0e04ab6ad/416x416.jpg?background=000000&cropX1=0&cropX2=1249&cropY1=0&cropY2=1249,865.0,852.0,5000.0,,,,,,
Haryanto Tjiptodihardjo,Tjiptodihardjo,haryanto-tjiptodihardjo,no-pic,-193.802,Manufacturing,Manufacturing,M,Indonesia,1777596602658,,,4972.17,855.0,855.0,63.0,https://specials-images.forbesimg.com/imageserve/638e27dc70b0a050c9570670/416x416.jpg?background=000000&cropX1=150&cropX2=968&cropY1=17&cropY2=835,866.0,852.0,5000.0,,,,,,
Matei Zaharia,Zaharia,matei-zaharia,no-pic,0.0,Data analytics,Technology,M,Romania,1777596602658,CA,California,5031.0,846.0,847.0,41.0,https://specials-images.forbesimg.com/imageserve/624472a9a9c3d172066f0b3f/416x416.jpg?background=000000&cropX1=0&cropX2=1297&cropY1=0&cropY2=1296,867.0,852.0,5000.0,,,,,,
Zhu Yan,Zhu,zhu-yan,no-pic-female,320.016,Real estate,Real Estate,F,China,1777596602658,,,5229.876,808.0,808.0,55.0,https://specials-images.forbesimg.com/imageserve/67250445e8cf5c1c24201738/416x416.jpg?background=000000&cropX1=0&cropX2=800&cropY1=0&cropY2=800,868.0,852.0,5000.0,,,,,,
Igor Altushkin,Altushkin,igor-altushkin,igor-altushkin,0.0,Metals,Metals & Mining,M,Russia,1777596602658,,,4904.327,864.0,864.0,55.0,//specials-images.forbesimg.com/imageserve/5e777d9cc7b02d000666d7b3/416x416.jpg?background=000000&cropX1=594&cropX2=3031&cropY1=64&cropY2=2500,869.0,869.0,4900.0,,,,,,
Andrei Bokarev,Bokarev,andrei-bokarev,andrei-bokarev,0.0,"Metals, mining",Manufacturing,M,Russia,1777596602658,,,4851.485,878.0,878.0,59.0,//specials-images.forbesimg.com/imageserve/5e7774f9d8e1ae0007b72c87/416x416.jpg?background=000000&cropX1=749&cropX2=3970&cropY1=0&cropY2=3220,870.0,869.0,4900.0,,,,,,
Seth Boro,Boro,seth-boro,no-pic,0.0,Private equity,Finance & Investments,M,United States,1777596602658,CA,California,4865.205,875.0,875.0,50.0,https://specials-images.forbesimg.com/imageserve/6515b80fbe967ee468465282/416x416.jpg?background=000000&cropX1=237&cropX2=1682&cropY1=0&cropY2=1445,871.0,869.0,4900.0,,,,,,
Peter Cancro,Cancro,peter-cancro,no-pic,0.0,Jersey Mike's Subs,Food & Beverage,M,United States,1777596602658,FL,Florida,4928.523,861.0,861.0,69.0,https://specials-images.forbesimg.com/imageserve/66fb368bdc6b0233c67c212e/416x416.jpg?background=000000&cropX1=455&cropX2=1191&cropY1=143&cropY2=880,872.0,869.0,4900.0,,,,,,
Scott Crabill,Crabill,scott-crabill,no-pic,0.0,Private equity,Finance & Investments,M,United States,1777596602658,CA,California,4893.02,867.0,867.0,56.0,https://specials-images.forbesimg.com/imageserve/6515b78d73da13f22dfe4921/416x416.jpg?background=000000&cropX1=67&cropX2=1630&cropY1=0&cropY2=1563,873.0,869.0,4900.0,,,,,,
Daniel D'Aniello,D'Aniello,daniel-daniello,daniel-daniello,73.459,Private equity,Finance & Investments,M,United States,1777596602658,VA,Virginia,4827.894,886.0,886.0,79.0,//specials-images.forbesimg.com/imageserve/57e17dbc31358e16c589bf64/416x416.jpg?background=000000&cropX1=176&cropX2=736&cropY1=0&cropY2=561,874.0,869.0,4900.0,,,,,,
Dagmar Dolby,Dolby,dagmar-dolby,dagmar-dolby,30.436,Dolby Laboratories,Technology,F,United States,1777596602658,CA,California,4768.439,897.0,897.0,84.0,https://specials-images.forbesimg.com/imageserve/5f49769ec9cb2eb7abc2fa7b/416x416.jpg?background=000000&cropX1=0&cropX2=2474&cropY1=77&cropY2=2550,875.0,869.0,4900.0,,,,,,
Bernard Fraisse,Fraisse,bernard-fraisse,no-pic,0.0,Pharmaceuticals,Healthcare,M,France,1777596602658,,,4246.033,1009.0,1009.0,69.0,https://specials-images.forbesimg.com/imageserve/6050f48ca1ab099ed6e290cc/416x416.jpg?background=000000&cropX1=0&cropX2=800&cropY1=0&cropY2=800,876.0,869.0,4900.0,,,,,,
Tom Golisano,Golisano,tom-golisano,tom-golisano,-49.845,Payroll services,Service,M,United States,1777596602658,FL,Florida,4849.807,881.0,881.0,84.0,https://specials-images.forbesimg.com/imageserve/5f4972a5099f88892f707f4e/416x416.jpg?background=000000&cropX1=748&cropX2=2711&cropY1=259&cropY2=2220,877.0,869.0,4900.0,,,,,,
Helen Johnson-Leipold,Johnson-Leipold,helen-johnson-leipold,helen-johnson-leipold,1.19,Cleaning products,Manufacturing,F,United States,1777596602658,WI,Wisconsin,4512.748,940.0,940.0,69.0,//specials-images.forbesimg.com/imageserve/5d8adba06de3150009a506b0/416x416.jpg?background=000000&cropX1=0&cropX2=401&cropY1=53&cropY2=454,878.0,869.0,4900.0,,,,,,
Baba Kalyani,Kalyani,baba-kalyani,baba-kalyani,-28.963,Engineering,Automotive,M,India,1777596602658,,,4719.272,903.0,903.0,77.0,https://specials-images.forbesimg.com/imageserve/652562b21ed0a8cab2e36ddc/416x416.jpg?background=000000&cropX1=1079&cropX2=2596&cropY1=21&cropY2=1536,879.0,869.0,4900.0,,,,,,
Saban Cemil Kazanci,Kazanci,saban-cemil-kazanci,no-pic,-14.489,Energy,Energy,M,Turkey,1777596602658,,,5133.85,826.0,826.0,65.0,,880.0,869.0,4900.0,,,,,,
Igor Kesaev,Kesaev,igor-kesaev,igor-kesaev,0.0,"Tobacco distribution, retail",Fashion & Retail,M,Russia,1777596602658,,,4844.763,882.0,882.0,59.0,//specials-images.forbesimg.com/imageserve/5e777ddac7b02d000666d7bd/416x416.jpg?background=000000&cropX1=254&cropX2=1229&cropY1=58&cropY2=1032,881.0,869.0,4900.0,,,,,,
Steven Klinsky,Klinsky,steven-klinsky,no-pic,0.0,Investments,Finance & Investments,M,United States,1777596602658,NY,New York,4884.0,869.0,869.0,69.0,//specials-images.forbesimg.com/imageserve/5e14f0cc5c7273000781cfd6/416x416.jpg?background=000000&cropX1=1103&cropX2=3772&cropY1=0&cropY2=2668,882.0,869.0,4900.0,"Founder & CEO, New Mountain Capital",False,,,,
Ronald Lauder,Lauder,ronald-lauder,ronald-lauder,2.47,Estee Lauder,Fashion & Retail,M,United States,1777596602658,NY,New York,4857.446,876.0,876.0,82.0,//specials-images.forbesimg.com/imageserve/5d8abf786de3150009a5051e/416x416.jpg?background=000000&cropX1=220&cropX2=1267&cropY1=72&cropY2=1118,883.0,869.0,4900.0,,,,,,
Kevin David Lehmann,Lehmann,kevin-david-lehmann,no-pic,0.0,Drugstores,Fashion & Retail,M,Germany,1777596602658,,,4614.054,919.0,919.0,23.0,,884.0,869.0,4900.0,,,,,,
Eren Ozmen,Ozmen,eren-ozmen,eren-ozmen,0.0,Aerospace,Manufacturing,F,United States,1777596602658,NV,Nevada,4856.77,877.0,877.0,67.0,https://specials-images.forbesimg.com/imageserve/60aed2cd5eb4550111f94d8c/416x416.jpg?background=000000&cropX1=2&cropX2=1080&cropY1=0&cropY2=1078,885.0,869.0,4900.0,,,,,,
Erik Selin,Selin,erik-selin,no-pic,-1.363,Real estate,Real Estate,M,Sweden,1777596602658,,,4163.207,1030.0,1030.0,58.0,//specials-images.forbesimg.com/imageserve/5c72233e31358e35dd26feb8/416x416.jpg?background=000000&cropX1=162&cropX2=679&cropY1=2&cropY2=520,886.0,869.0,4900.0,,,,,,
Shen Guojun,Shen,shen-guojun,shen-guojun,0.0,Retail,Fashion & Retail,M,China,1777596602658,,,4939.301,860.0,860.0,63.0,https://specials-images.forbesimg.com/imageserve/60c0e482f89a541403622ce6/416x416.jpg?background=000000&cropX1=963&cropX2=1535&cropY1=228&cropY2=799,887.0,869.0,4900.0,,,,,,
Holden Spaht,Spaht,holden-spaht,no-pic,0.0,Private equity,Finance & Investments,M,United States,1777596602658,CA,California,4888.471,868.0,868.0,51.0,https://specials-images.forbesimg.com/imageserve/651c88cf33236dbd15b8a5ca/416x416.jpg?background=000000&cropX1=265&cropX2=1708&cropY1=8&cropY2=1451,888.0,869.0,4900.0,,,,,,
Chairul Tanjung,Tanjung,chairul-tanjung,chairul-tanjung,-226.625,Diversified,Diversified,M,Indonesia,1777596602658,,,4565.218,930.0,930.0,63.0,https://specials-images.forbesimg.com/imageserve/656f867568dbeddfe3ae0624/416x416.jpg?background=000000&cropX1=210&cropX2=1019&cropY1=242&cropY2=1052,889.0,869.0,4900.0,,,,,,
Julia Thiele-Schuerhoff,Thiele-Schuerhoff,julia-thiele-schuerhoff,no-pic-female,35.509,"Brakes, investments",Manufacturing,F,Germany,1777596602658,,,4456.791,953.0,953.0,54.0,,890.0,869.0,4900.0,,,,,,
Abdulla Al Futtaim,Al Futtaim,abdulla-al-futtaim,abdulla-al-futtaim,2.826,"Auto dealers, investments",Automotive,M,United Arab Emirates,1777596602658,,,4697.092,910.0,910.0,86.0,https://specials-images.forbesimg.com/imageserve/62fa59a265f7542457fe6376/416x416.jpg?background=000000&cropX1=1147&cropX2=2946&cropY1=87&cropY2=1885,891.0,891.0,4800.0,,,,,,
Patrizio Bertelli,Bertelli,patrizio-bertelli,patrizio-bertelli,-73.117,Luxury goods,Fashion & Retail,M,Italy,1777596602658,,,3911.716,1097.0,1097.0,80.0,//specials-images.forbesimg.com/imageserve/5e76d9a3d8e1ae0007b72654/416x416.jpg?background=000000&cropX1=236&cropX2=3184&cropY1=214&cropY2=3164,892.0,891.0,4800.0,,,,,,
John Catsimatidis,Catsimatidis,john-catsimatidis,john-catsimatidis,0.0,"Oil, real estate",Energy,M,United States,1777596602658,NY,New York,4819.0,888.0,888.0,77.0,//specials-images.forbesimg.com/imageserve/5d8b06556de3150009a5092d/416x416.jpg?background=000000&cropX1=1492&cropX2=3562&cropY1=110&cropY2=2178,893.0,891.0,4800.0,,,,,,
Eduardo Eurnekian,Eurnekian,eduardo-eurnekian,eduardo-eurnekian,69.669,"Airports, investments",Diversified,M,Argentina,1777596602658,,,4319.213,992.0,992.0,93.0,//specials-images.forbesimg.com/imageserve/5e73d11607adf00006db9515/416x416.jpg?background=000000&cropX1=2263&cropX2=5806&cropY1=0&cropY2=3540,894.0,891.0,4800.0,,,,,,
Walter Frey,Frey,walter-frey,walter-frey,0.0,Car dealerships,Automotive,M,Switzerland,1777596602658,,,4681.525,911.0,911.0,82.0,,895.0,891.0,4800.0,,,,,,
Antti Herlin,Herlin,antti-herlin,antti-herlin,-9.499,"Elevators, escalators",Manufacturing,M,Finland,1777596602658,,,4282.451,997.0,997.0,69.0,//specials-images.forbesimg.com/imageserve/5e7596edc7b02d000666c442/416x416.jpg?background=000000&cropX1=352&cropX2=779&cropY1=0&cropY2=427,896.0,891.0,4800.0,,,,,,
H. Fisk Johnson,Johnson,h-fisk-johnson,h-fisk-johnson,0.34,Cleaning products,Manufacturing,M,United States,1777596602658,WI,Wisconsin,4385.595,970.0,970.0,67.0,//specials-images.forbesimg.com/imageserve/5efe26775644560007c86f41/416x416.jpg?background=000000&cropX1=1303&cropX2=2063&cropY1=400&cropY2=1160,897.0,891.0,4800.0,,,,,,
S. Curtis Johnson,Johnson,s-curtis-johnson,s-curtis-johnson,0.0,Cleaning products,Manufacturing,M,United States,1777596602658,WI,Wisconsin,4370.794,973.0,973.0,70.0,//specials-images.forbesimg.com/imageserve/8e422dbdec30a22c76e951d2d2938057/416x416.jpg?background=000000&cropX1=0&cropX2=467&cropY1=85&cropY2=552,898.0,891.0,4800.0,,,,,,
Scott Kapnick,Kapnick,scott-kapnick,no-pic,78.556,Private equity,Finance & Investments,M,United States,1777596602658,FL,Florida,4787.538,893.0,893.0,67.0,//specials-images.forbesimg.com/imageserve/5e14f22a888ec00006906b07/416x416.jpg?background=000000&cropX1=119&cropX2=1141&cropY1=239&cropY2=1263,899.0,891.0,4800.0,,,,,,
Lin Chen-hai,Lin,lin-chen-hai,no-pic,-19.802,Real estate,Real Estate,M,Taiwan,1777596602658,,,4130.484,1040.0,1040.0,79.0,https://specials-images.forbesimg.com/imageserve/63a0ca7549b4b4d012f318fb/416x416.jpg?background=000000&cropX1=272&cropX2=959&cropY1=178&cropY2=866,900.0,891.0,4800.0,,,,,,
Joe Mansueto,Mansueto,joe-mansueto,joe-mansueto,-281.064,Investment research,Finance & Investments,M,United States,1777596602658,IL,Illinois,4584.636,925.0,925.0,69.0,//specials-images.forbesimg.com/imageserve/5d8adbfe6de3150009a506b3/416x416.jpg?background=000000&cropX1=268&cropX2=548&cropY1=4&cropY2=284,901.0,891.0,4800.0,"Chairman and CEO, Morningstar",False,,,,
Winifred J. Marquart,Marquart,winifred-j-marquart,no-pic-female,0.212,Cleaning products,Manufacturing,F,United States,1777596602658,VA,Virginia,4396.083,968.0,968.0,67.0,https://specials-images.forbesimg.com/imageserve/6050f48ca1ab099ed6e290cc/416x416.jpg?background=000000&cropX1=0&cropX2=800&cropY1=0&cropY2=800,902.0,891.0,4800.0,,,,,,
Gail Miller,Miller,gail-miller,gail-miller,0.0,Car dealerships,Automotive,F,United States,1777596602658,UT,Utah,4796.85,890.0,890.0,82.0,https://specials-images.forbesimg.com/imageserve/60f7355fc0b1bf1fe886f223/416x416.jpg?background=000000&cropX1=1864&cropX2=3045&cropY1=390&cropY2=1571,903.0,891.0,4800.0,,,,,,
Henning Oldendorff,Oldendorff,henning-oldendorff,no-pic,0.0,Shipping,Logistics,M,Germany,1777596602658,,,4753.0,899.0,899.0,68.0,,904.0,891.0,4800.0,,,,,,
Miuccia Prada,Prada,miuccia-prada,miuccia-prada,-73.054,Luxury goods,Fashion & Retail,F,Italy,1777596602658,,,3907.009,1099.0,1099.0,76.0,//specials-images.forbesimg.com/imageserve/5e76d828d8e1ae0007b7263e/416x416.jpg?background=000000&cropX1=808&cropX2=2296&cropY1=681&cropY2=2171,905.0,891.0,4800.0,,,,,,
Wang Yanqing,Wang,wang-yanqing,no-pic,-39.638,Electrical equipment,Manufacturing,M,China,1777596602658,,,4826.722,887.0,887.0,60.0,,906.0,891.0,4800.0,,,,,,
Hans Peter Wild,Wild,hans-peter-wild,hans-peter-wild,0.0,Flavorings,Food & Beverage,M,Switzerland,1777596602658,,,4755.685,898.0,898.0,84.0,//specials-images.forbesimg.com/imageserve/5e77cf7ed8e1ae0007b7365e/416x416.jpg?background=000000&cropX1=1552&cropX2=3419&cropY1=63&cropY2=1929,907.0,891.0,4800.0,,,,,,
Wendy Abrams,Abrams,wendy-abrams,no-pic-female,30.909,Medical supplies,Healthcare,F,United States,1777596602658,IL,Illinois,4647.602,918.0,918.0,61.0,https://specials-images.forbesimg.com/imageserve/69af162f7b2602898b0e0ea8/416x416.jpg?background=000000&cropX1=894&cropX2=2430&cropY1=32&cropY2=1570,908.0,908.0,4700.0,,,,,,
George Bishop,Bishop,george-bishop,no-pic,0.0,Oil & gas,Energy,M,United States,1777596602658,TX,Texas,4701.099,907.0,907.0,88.0,,909.0,908.0,4700.0,,,,,,
Ben Chestnut,Chestnut,ben-chestnut,no-pic,-17.284,Email marketing,Technology,M,United States,1777596602658,GA,Georgia,4603.547,922.0,922.0,51.0,https://specials-images.forbesimg.com/imageserve/5c7438c431358e35dd272b5d/416x416.jpg?background=000000&cropX1=1123&cropX2=3591&cropY1=891&cropY2=3360,910.0,908.0,4700.0,,,,,,
Beatriz Davila de Santo Domingo,Davila de Santo Domingo,beatriz-davila-de-santo-domingo,no-pic-female,101.068,Beer,Food & Beverage,F,Colombia,1777596602658,,,4527.476,938.0,938.0,87.0,,911.0,908.0,4700.0,,,,,,
N. Murray Edwards,Edwards,n-murray-edwards,n-murray-edwards,59.525,Oil & gas,Energy,M,Canada,1777596602658,,,4794.946,891.0,891.0,66.0,https://specials-images.forbesimg.com/imageserve/6050f48ca1ab099ed6e290cc/416x416.jpg?background=000000&cropX1=0&cropX2=800&cropY1=0&cropY2=800,912.0,908.0,4700.0,,,,,,
Fang Wei,Fang,fang-wei,no-pic,115.662,Steel,Manufacturing,M,China,1777596602658,,,4093.229,1052.0,1052.0,52.0,https://specials-images.forbesimg.com/imageserve/6050f48ca1ab099ed6e290cc/416x416.jpg?background=000000&cropX1=0&cropX2=800&cropY1=0&cropY2=800,913.0,908.0,4700.0,,,,,,
Somurai Jaruphnit,Jaruphnit,somurai-jaruphnit,no-pic-female,-52.603,Diversified,Diversified,F,Thailand,1777596602658,,,4365.585,976.0,976.0,72.0,,914.0,908.0,4700.0,,,,,,
Jason Jiang,Jiang,jason-jiang,jason-jiang,-65.176,Advertising,Media & Entertainment,M,Singapore,1777596602658,,,4352.031,977.0,977.0,53.0,//specials-images.forbesimg.com/imageserve/5e7546f92a573300068feaf6/416x416.jpg?background=000000&cropX1=1128&cropX2=2758&cropY1=55&cropY2=1684,915.0,908.0,4700.0,,,,,,
"Rupert Johnson, Jr.",Johnson,rupert-johnson-jr,no-pic,53.588,Franklin Templeton,Finance & Investments,M,United States,1777596602658,CA,California,5040.718,843.0,843.0,85.0,//specials-images.forbesimg.com/imageserve/57e0693fa7ea430a8a1a0744/416x416.jpg?background=000000&cropX1=0&cropX2=692&cropY1=55&cropY2=748,916.0,908.0,4700.0,"Vice Chairman and Director, Franklin Resources",False,,,,
Egor Kulkov,Kulkov,egor-kulkov,no-pic,0.0,Pharmaceuticals,Healthcare,M,Russia,1777596602658,,,4716.126,906.0,906.0,54.0,,917.0,908.0,4700.0,,,,,,
Li Min,Li,li-min,no-pic,13.518,Semiconductor,Technology,M,China,1777596602658,,,4788.926,892.0,892.0,60.0,https://specials-images.forbesimg.com/imageserve/69024a5f81d9fbb5fc3fe1e2/416x416.jpg?background=000000&cropX1=0&cropX2=800&cropY1=0&cropY2=800,918.0,908.0,4700.0,,,,,,
Liang Zhaoxian,Liang,liang-zhaoxian,liang-zhaoxian,-5.369,Appliances,Manufacturing,M,China,1777596602658,,,4550.623,933.0,933.0,63.0,https://specials-images.forbesimg.com/imageserve/589d200531358e1a35ab0b4d/416x416.jpg?background=000000&cropX1=114&cropX2=576&cropY1=69&cropY2=531,919.0,908.0,4700.0,,,,,,
Niels Peter Louis-Hansen,Louis-Hansen,niels-peter-louis-hansen,niels-peter-louis-hansen,-22.983,Medical devices,Healthcare,M,Denmark,1777596602658,,,3843.405,1118.0,1118.0,78.0,//specials-images.forbesimg.com/imageserve/d0b9926c84cb83dc19638faf3e09ff04/416x416.jpg?background=000000&cropX1=2&cropX2=744&cropY1=11&cropY2=754,920.0,908.0,4700.0,,,,,,
"Drayton McLane, Jr.",McLane,drayton-mclane-jr,drayton-mclane-jr,70.868,"Walmart, logistics",Fashion & Retail,M,United States,1777596602658,TX,Texas,4777.202,895.0,895.0,89.0,//specials-images.forbesimg.com/imageserve/5f0cda85b1919a00074244d6/416x416.jpg?background=000000&cropX1=166&cropX2=1359&cropY1=75&cropY2=1268,921.0,908.0,4700.0,,,,,,
Erwin Franz Mueller,Mueller,erwin-franz-mueller,erwin-franz-mueller,0.0,Drugstores,Fashion & Retail,M,Germany,1777596602658,,,4697.555,909.0,909.0,93.0,//specials-images.forbesimg.com/imageserve/5a7e1092a7ea431690131f98/416x416.jpg?background=000000&cropX1=66&cropX2=1197&cropY1=93&cropY2=1224,922.0,908.0,4700.0,,,,,,
Vikas Oberoi,Oberoi,vikas-oberoi,vikas-oberoi,-73.577,Real estate,Real Estate,M,India,1777596602658,,,4832.717,883.0,883.0,55.0,https://specials-images.forbesimg.com/imageserve/68bb08c22224b6a87c5aa7e7/416x416.jpg?background=000000&cropX1=456&cropX2=1766&cropY1=560&cropY2=1871,923.0,908.0,4700.0,,,,,,
Fatih Ozmen,Ozmen,fatih-ozmen,no-pic,0.0,Aerospace,Manufacturing,M,United States,1777596602658,NV,Nevada,4667.327,913.0,913.0,68.0,//specials-images.forbesimg.com/imageserve/5a9f218d31358e79a28b2d7f/416x416.jpg?background=000000&cropX1=0&cropX2=2472&cropY1=89&cropY2=2559,924.0,908.0,4700.0,,,,,,
George Prokopiou,Prokopiou,george-prokopiou,no-pic,0.427,Shipping,Logistics,M,Greece,1777596602658,,,4672.606,912.0,912.0,79.0,,925.0,908.0,4700.0,,,,,,
Leonid Radvinsky,Radvinsky,leonid-radvinsky,no-pic,,OnlyFans,Technology,M,United States,1774275520016,FL,Florida,,,,43.0,https://specials-images.forbesimg.com/imageserve/66fb2b5e9ee27664dcc28481/416x416.jpg?background=000000&cropX1=0&cropX2=800&cropY1=0&cropY2=800,926.0,908.0,4700.0,,,,,,
Ugur Sahin,Sahin,ugur-sahin,no-pic,75.181,Biotechnology,Healthcare,M,Germany,1777596602658,,,4403.726,963.0,963.0,60.0,https://specials-images.forbesimg.com/imageserve/5faaad52aa84d3f884e5b879/416x416.jpg?background=000000&cropX1=765&cropX2=3079&cropY1=689&cropY2=3002,927.0,908.0,4700.0,,,,,,
Roberto Sallouti,Sallouti,roberto-sallouti,no-pic,52.897,banking,Finance & Investments,M,Brazil,1777596602658,,,2998.144,1406.0,1406.0,54.0,https://specials-images.forbesimg.com/imageserve/69af276a488b00594d8f870c/416x416.jpg?background=000000&cropX1=219&cropX2=1426&cropY1=278&cropY2=1486,928.0,908.0,4700.0,,,,,,
Dan Snyder,Snyder,dan-snyder,dan-snyder,0.0,Washington Commanders,Sports,M,United States,1777596602658,MD,Maryland,4726.305,901.0,901.0,61.0,//specials-images.forbesimg.com/imageserve/5f0db8e50c4b6b00071b266a/416x416.jpg?background=000000&cropX1=292&cropX2=2317&cropY1=83&cropY2=2109,929.0,908.0,4700.0,,,,,,
Steven Udvar-Hazy,Udvar-Hazy,steven-udvar-hazy,steven-udvar-hazy,17.344,Aircraft leasing,Service,M,United States,1777596602658,TX,Texas,4650.783,916.0,916.0,80.0,//specials-images.forbesimg.com/imageserve/5d8ad1236de3150009a50643/416x416.jpg?background=000000&cropX1=1441&cropX2=3401&cropY1=483&cropY2=2442,930.0,908.0,4700.0,"CEO and Chairman, Air Lease",False,,,,
Richard White,White,richard-white,no-pic,149.663,Software,Technology,M,Australia,1777596602658,,,4399.1,965.0,965.0,71.0,https://specials-images.forbesimg.com/imageserve/698242a210c7876dd90b2ed4/416x416.jpg?background=000000&cropX1=3&cropX2=1912&cropY1=0&cropY2=1909,931.0,908.0,4700.0,,,,,,
Hansjoerg Wyss,Wyss,hansjoerg-wyss,hansjoerg-wyss,26.538,Medical devices,Healthcare,M,Switzerland,1777596602658,WY,Wyoming,4716.494,905.0,905.0,91.0,//specials-images.forbesimg.com/imageserve/5a81269031358e4955ad311c/416x416.jpg?background=000000&cropX1=221&cropX2=987&cropY1=38&cropY2=803,932.0,908.0,4700.0,,,,,,
Michael Xie,Xie,michael-xie,no-pic,-103.273,Cybersecurity,Technology,M,United States,1777596602658,CA,California,5046.525,841.0,841.0,57.0,//specials-images.forbesimg.com/imageserve/5d94fd7c4223bf0006b7915f/416x416.jpg?background=000000&cropX1=0&cropX2=1247&cropY1=0&cropY2=1247,933.0,908.0,4700.0,,,,,,
Anil Agarwal,Agarwal,anil-agarwal,anil-agarwal,,"mining, metals",Metals & Mining,M,India,1773093460646,,,,,,72.0,//specials-images.forbesimg.com/imageserve/5bad4b4ba7ea4342a948e153/416x416.jpg?background=000000&cropX1=1474&cropX2=3554&cropY1=126&cropY2=2207,934.0,934.0,4600.0,,,,,,
Andrej Babis,Babis,andrej-babis,andrej-babis,0.0,Agriculture,Food & Beverage,M,Czech Republic,1777596602658,,,4612.242,920.0,920.0,71.0,//specials-images.forbesimg.com/imageserve/5e7589f9c7b02d000666c352/416x416.jpg?background=000000&cropX1=665&cropX2=2628&cropY1=62&cropY2=2026,935.0,934.0,4600.0,,,,,,
Cai Kui,Cai,cai-kui,cai-kui,-41.003,Real estate,Real Estate,M,China,1777596602658,,,4218.492,1014.0,1014.0,63.0,//specials-images.forbesimg.com/imageserve/561fbcbde4b0ffa7afe5e581/416x416.jpg?background=000000&cropX1=0&cropX2=744&cropY1=0&cropY2=744,936.0,934.0,4600.0,,,,,,
Eleanor Butt Crook,Crook,eleanor-butt-crook,no-pic-female,0.0,Supermarkets,Fashion & Retail,F,United States,1777596602658,TX,Texas,4558.6,932.0,932.0,93.0,,937.0,934.0,4600.0,,,,,,
David Filo,Filo,david-filo,david-filo,0.0,Yahoo,Technology,M,United States,1777596602658,CA,California,4559.428,931.0,931.0,60.0,//specials-images.forbesimg.com/imageserve/5d8abc8018444200084e7092/416x416.jpg?background=000000&cropX1=117&cropX2=822&cropY1=24&cropY2=728,938.0,934.0,4600.0,"Chief Yahoo, Yahoo!",False,,,,
Abhay Firodia,Firodia,abhay-firodia,abhay-firodia,0.0,Automobiles,Automotive,M,India,1777596602658,,,4445.473,956.0,956.0,81.0,https://specials-images.forbesimg.com/imageserve/652560811652f530d3c4b1a6/416x416.jpg?background=000000&cropX1=520&cropX2=2013&cropY1=294&cropY2=1788,939.0,934.0,4600.0,,,,,,
John Gandel,Gandel,john-gandel,john-gandel,10.553,Shopping malls,Real Estate,M,Australia,1777596602658,,,4607.493,921.0,921.0,91.0,https://specials-images.forbesimg.com/imageserve/63ea5d473566dd44e5ffa61e/416x416.jpg?background=000000&cropX1=0&cropX2=1080&cropY1=0&cropY2=1080,940.0,934.0,4600.0,,,,,,
Adi Godrej,Godrej,adi-godrej,adi-godrej,-63.235,Consumer goods,Diversified,M,India,1777596602658,,,4087.096,1055.0,1055.0,84.0,//specials-images.forbesimg.com/imageserve/5e765ce6c7b02d000666ccdf/416x416.jpg?background=000000&cropX1=230&cropX2=1664&cropY1=71&cropY2=1506,941.0,934.0,4600.0,,,,,,
Nadir Godrej,Godrej,nadir-godrej,nadir-godrej,-63.236,"Consumer goods, real estate",Diversified,M,India,1777596602658,,,4171.436,1026.0,1026.0,75.0,https://specials-images.forbesimg.com/imageserve/67047b6325f90a2d6aaeb803/416x416.jpg?background=000000&cropX1=180&cropX2=984&cropY1=78&cropY2=881,942.0,934.0,4600.0,,,,,,
Carlos Hank Rhon,Hank Rhon,carlos-hank-rhon,carlos-hank-rhon,28.802,Banking,Diversified,M,Mexico,1777596602658,,,4457.238,952.0,952.0,78.0,//specials-images.forbesimg.com/imageserve/5a7fcbf031358e4955ad2203/416x416.jpg?background=000000&cropX1=221&cropX2=1028&cropY1=88&cropY2=895,943.0,934.0,4600.0,,,,,,
Wen-Ta Hsieh,Hsieh,wen-ta-hsieh,no-pic,-251.883,Semiconductors,Manufacturing,M,Taiwan,1777596602658,,,4577.395,927.0,927.0,,,944.0,934.0,4600.0,,,,,,
Jiang Weiping,Jiang,jiang-weiping,jiang-weiping,320.104,Chemicals,Manufacturing,M,China,1777596602658,,,6299.425,650.0,650.0,71.0,https://specials-images.forbesimg.com/imageserve/6182cbe5cb5a71d9103d1ca0/416x416.jpg?background=000000&cropX1=0&cropX2=744&cropY1=156&cropY2=900,945.0,934.0,4600.0,,,,,,
Marc Ladreit de Lacharriere,Ladreit de Lacharriere,marc-ladreit-de-lacharriere,marc-ladreit-de-lacharriere,0.0,Finance,Finance & Investments,M,France,1777596602658,,,4593.425,923.0,923.0,85.0,//specials-images.forbesimg.com/imageserve/5e75a13910380d0006fba9c0/416x416.jpg?background=000000&cropX1=97&cropX2=1439&cropY1=31&cropY2=1373,946.0,934.0,4600.0,,,,,,
Lee Yeow Chor,Lee,lee-yeow-chor,no-pic,37.126,"Palm oil, property",Real Estate,M,Malaysia,1777596602658,,,4897.836,865.0,865.0,59.0,,947.0,934.0,4600.0,,,,,,
Li Chunan,Li,li-chunan,no-pic,-2.109,Solar wafers and modules,Manufacturing,M,China,1777596602658,,,4574.62,928.0,928.0,57.0,https://specials-images.forbesimg.com/imageserve/67250e019c3d49353f71949f/416x416.jpg?background=000000&cropX1=2&cropX2=800&cropY1=1&cropY2=799,948.0,934.0,4600.0,,,,,,
Song Zuowen,Song,song-zuowen,song-zuowen,-13.363,"Aluminum, diversified",Diversified,M,China,1777596602658,,,3843.949,1117.0,1117.0,79.0,https://specials-images.forbesimg.com/imageserve/6050f48ca1ab099ed6e290cc/416x416.jpg?background=000000&cropX1=0&cropX2=800&cropY1=0&cropY2=800,949.0,934.0,4600.0,,,,,,
Friede Springer,Springer,friede-springer,friede-springer,0.0,Publishing,Media & Entertainment,F,Germany,1777596602658,,,4533.755,936.0,936.0,83.0,//specials-images.forbesimg.com/imageserve/5e7624e2c7b02d000666c7a6/416x416.jpg?background=000000&cropX1=1201&cropX2=4255&cropY1=254&cropY2=3306,950.0,934.0,4600.0,,,,,,
Eric Sprott,Sprott,eric-sprott,eric-sprott,110.239,Asset management,Finance & Investments,M,Canada,1777596602658,,,2981.359,1410.0,1410.0,81.0,,951.0,934.0,4600.0,,,,,,
Vlad Tenev,Tenev,vlad-tenev,vlad-tenev,93.427,Stock trading app,Finance & Investments,M,United States,1777596602658,CA,California,4478.52,949.0,949.0,39.0,https://specials-images.forbesimg.com/imageserve/619d8af408ec74e2e3ac5b87/416x416.jpg?background=000000&cropX1=19&cropX2=1675&cropY1=200&cropY2=1855,952.0,934.0,4600.0,"Cofounder(s), Robinhood",False,,,,
Eric Yuan,Yuan,eric-yuan,no-pic,50.903,Zoom Video Communications,Technology,M,United States,1777596602658,CA,California,5482.73,775.0,775.0,56.0,//specials-images.forbesimg.com/imageserve/5e88ce29e2bb040006427860/416x416.jpg?background=000000&cropX1=489&cropX2=2675&cropY1=386&cropY2=2573,953.0,934.0,4600.0,"Founder and CEO, Zoom Video Communications",False,,,,
Abdulla bin Ahmad Al Ghurair,Al Ghurair,abdulla-bin-ahmad-al-ghurair,abdulla-bin-ahmad-al-ghurair,-2.304,Diversified,Diversified,M,United Arab Emirates,1777596602658,,,4298.53,994.0,994.0,97.0,//specials-images.forbesimg.com/imageserve/5a988f2e4bbe6f0fa8271657/416x416.jpg?background=000000&cropX1=648&cropX2=1589&cropY1=256&cropY2=1197,954.0,954.0,4500.0,,,,,,
Anne Beaufour,Beaufour,anne-beaufour,no-pic-female,103.203,Pharmaceuticals,Healthcare,F,France,1777596602658,,,4482.085,948.0,948.0,62.0,,955.0,954.0,4500.0,,,,,,
Baiju Bhatt,Bhatt,baiju-bhatt,no-pic,87.871,Stock trading app,Finance & Investments,M,United States,1777596602658,CA,California,4374.897,972.0,972.0,41.0,https://specials-images.forbesimg.com/imageserve/6014266aa90dc9911bc77894/416x416.jpg?background=000000&cropX1=384&cropX2=1720&cropY1=287&cropY2=1624,956.0,954.0,4500.0,,,,,,
Du Jiangtao,Du,du-jiangtao,du-jiangtao,-35.692,Chemicals,Manufacturing,M,China,1777596602658,,,4206.779,1016.0,1016.0,56.0,//specials-images.forbesimg.com/imageserve/562029ede4b0ffa7afe5eb62/416x416.jpg?background=000000&cropX1=0&cropX2=744&cropY1=58&cropY2=802,957.0,954.0,4500.0,,,,,,
James Duff,Duff,james-duff,no-pic,0.0,"Tires, diversified",Diversified,M,United States,1777596602658,MS,Mississippi,4472.2,950.0,950.0,65.0,https://specials-images.forbesimg.com/imageserve/68bf507a8ec0345307df4ee6/416x416.jpg?background=000000&cropX1=0&cropX2=2521&cropY1=190&cropY2=2714,958.0,954.0,4500.0,,,,,,
Thomas Duff,Duff,thomas-duff,no-pic,0.0,"Tires, diversified",Diversified,M,United States,1777596602658,MS,Mississippi,4454.6,954.0,954.0,69.0,https://specials-images.forbesimg.com/imageserve/68bf50cd64b2635ab95b2f19/416x416.jpg?background=000000&cropX1=0&cropX2=2387&cropY1=139&cropY2=2528,959.0,954.0,4500.0,,,,,,
Carlo Fidani,Fidani,carlo-fidani,carlo-fidani,0.0,Real estate,Real Estate,M,Canada,1777596602658,,,4499.999,944.0,944.0,71.0,//specials-images.forbesimg.com/imageserve/b5db05ee754e520e9b3e3c6b12abd1a5/416x416.jpg?background=000000&cropX1=76&cropX2=673&cropY1=27&cropY2=625,960.0,954.0,4500.0,"Chairman, Orlando Corporation",False,,,,
Laurence Graff,Graff,laurence-graff,laurence-graff,0.0,Diamond jewelry,Fashion & Retail,M,United Kingdom,1777596602658,,,4529.0,937.0,937.0,87.0,//specials-images.forbesimg.com/imageserve/5c726cd7a7ea431000435442/416x416.jpg?background=000000&cropX1=145&cropX2=1008&cropY1=52&cropY2=915,961.0,954.0,4500.0,,,,,,
Pansy Ho,Ho,pansy-ho,pansy-ho,0.551,Casinos,Gambling & Casinos,F,Hong Kong,1777596602658,,,4398.311,966.0,966.0,63.0,https://specials-images.forbesimg.com/imageserve/69824a401a1f38c442eba48d/416x416.jpg?background=000000&cropX1=4&cropX2=2645&cropY1=245&cropY2=2886,962.0,954.0,4500.0,,,,,,
Rajiv Jain,Jain,rajiv-jain,no-pic,33.334,Finance,Finance & Investments,M,United States,1777596602658,FL,Florida,4263.356,1004.0,1004.0,58.0,https://specials-images.forbesimg.com/imageserve/6515b5430df917d3155a838b/416x416.jpg?background=000000&cropX1=13&cropX2=2087&cropY1=233&cropY2=2311,963.0,954.0,4500.0,,,,,,
Nirmal Minda,Minda,nirmal-minda,no-pic,-64.125,Auto parts,Automotive,M,India,1777596602658,,,4005.668,1073.0,1073.0,68.0,//specials-images.forbesimg.com/imageserve/5a7f3f664bbe6f2652f52fc5/416x416.jpg?background=000000&cropX1=425&cropX2=2191&cropY1=355&cropY2=2122,964.0,954.0,4500.0,,,,,,
Fabien Pinckaers,Pinckaers,fabien-pinckaers,no-pic,0.0,Software,Technology,M,Belgium,1777596602658,,,4504.505,943.0,943.0,47.0,https://specials-images.forbesimg.com/imageserve/6619bd484f5aec5d9536ce3b/416x416.jpg?background=000000&cropX1=1811&cropX2=2807&cropY1=45&cropY2=1040,965.0,954.0,4500.0,,,,,,
Theodore Rachmat,Rachmat,theodore-rachmat,theodore-rachmat,14.534,Diversified,Diversified,M,Indonesia,1777596602658,,,4878.941,870.0,870.0,82.0,https://specials-images.forbesimg.com/imageserve/61b1119cf67a29909ad56fb4/416x416.jpg?background=000000&cropX1=68&cropX2=2155&cropY1=41&cropY2=2129,966.0,954.0,4500.0,,,,,,
Renzo Rosso,Rosso,renzo-rosso,renzo-rosso,0.0,Fashion,Fashion & Retail,M,Italy,1777596602658,,,4098.728,1048.0,1048.0,70.0,//specials-images.forbesimg.com/imageserve/5e76da76d8e1ae0007b72696/416x416.jpg?background=000000&cropX1=673&cropX2=2606&cropY1=15&cropY2=1947,967.0,954.0,4500.0,,,,,,
Gil Shwed,Shwed,gil-shwed,gil-shwed,-718.484,Software,Technology,M,Israel,1777596602658,,,3456.129,1235.0,1235.0,57.0,//specials-images.forbesimg.com/imageserve/5c70c5fa4bbe6f79c5474086/416x416.jpg?background=000000&cropX1=3541&cropX2=5409&cropY1=1250&cropY2=3117,968.0,954.0,4500.0,,,,,,
Alexandre Van Damme,Van Damme,alexandre-van-damme,no-pic,151.248,ABInBev,Food & Beverage,M,Belgium,1777596602658,,,4170.36,1027.0,1027.0,63.0,,969.0,954.0,4500.0,,,,,,
Anna Katharina Viessmann,Viessmann,anna-katharina-viessmann,no-pic-female,79.147,Heating and cooling equipment,Manufacturing,F,Germany,1777596602658,,,4468.013,951.0,951.0,40.0,,970.0,954.0,4500.0,,,,,,
Zhang Jianzhong,Zhang,zhang-jianzhong,no-pic,194.493,Semiconductor,Manufacturing,M,China,1777596602658,,,5333.291,795.0,795.0,60.0,,971.0,954.0,4500.0,,,,,,
David Baszucki,Baszucki,david-baszucki,no-pic,-49.224,Online games,Technology,M,United States,1777596602658,CA,California,3791.26,1126.0,1126.0,63.0,https://specials-images.forbesimg.com/imageserve/615e05efefba96ce189bcce9/416x416.jpg?background=000000&cropX1=881&cropX2=2461&cropY1=69&cropY2=1648,972.0,972.0,4400.0,,,,,,
Angela Bennett,Bennett,angela-bennett,no-pic-female,0.0,Mining,Metals & Mining,F,Australia,1777596602658,,,4366.241,975.0,975.0,82.0,https://specials-images.forbesimg.com/imageserve/6050f48ca1ab099ed6e290cc/416x416.jpg?background=000000&cropX1=0&cropX2=800&cropY1=0&cropY2=800,973.0,972.0,4400.0,,,,,,
Han Arming Hanafia,Hanafia,han-arming-hanafia,no-pic,-9.732,Data centers,Technology,M,Indonesia,1777596602658,,,3955.197,1089.0,1089.0,70.0,,974.0,972.0,4400.0,,,,,,
Carl Icahn,Icahn,carl-icahn,carl-icahn,34.635,Investments,Finance & Investments,M,United States,1777596602658,FL,Florida,4548.864,934.0,934.0,90.0,//specials-images.forbesimg.com/imageserve/5ba424d431358e5690cd9c64/416x416.jpg?background=000000&cropX1=390&cropX2=1701&cropY1=116&cropY2=1427,975.0,972.0,4400.0,"Founder, Icahn Capital Management",False,480.0,,,
Andreas Martinos,Martinos,andreas-martinos,no-pic,0.0,Shipping,Logistics,M,Greece,1777596602658,,,4422.96,959.0,959.0,70.0,,976.0,972.0,4400.0,,,,,,
Nancy Mills Barnett,Mills Barnett,nancy-mills-barnett,no-pic-female,34.665,Medical supplies,Healthcare,F,United States,1777596602658,IL,Illinois,4328.689,983.0,983.0,62.0,,977.0,972.0,4400.0,,,,,,
Falguni Nayar,Nayar,falguni-nayar,no-pic-female,-47.955,Retailing,Fashion & Retail,F,India,1777596602658,,,4233.112,1012.0,1012.0,63.0,https://specials-images.forbesimg.com/imageserve/624433b350f24c36ffc7b3b0/416x416.jpg?background=000000&cropX1=0&cropX2=1390&cropY1=248&cropY2=1639,978.0,972.0,4400.0,,,,,,
Anthony Pritzker,Pritzker,anthony-pritzker,anthony-pritzker,0.0,"Hotels, investments",Service,M,United States,1777596602658,CA,California,4896.375,866.0,866.0,65.0,https://specials-images.forbesimg.com/imageserve/5f4971f6ae6fa459a8bfae28/416x416.jpg?background=000000&cropX1=1068&cropX2=1941&cropY1=447&cropY2=1319,979.0,972.0,4400.0,,,,,,
Phil Ruffin,Ruffin,phil-ruffin,no-pic,0.0,"Casinos, real estate",Diversified,M,United States,1777596602658,NV,Nevada,4349.647,978.0,978.0,91.0,//specials-images.forbesimg.com/imageserve/5d8b08e36de3150009a509a2/416x416.jpg?background=000000&cropX1=380&cropX2=3145&cropY1=475&cropY2=3239,980.0,972.0,4400.0,,,,,,
Lynn Schusterman,Schusterman,lynn-schusterman,lynn-schusterman,0.0,"Oil & gas, investments",Energy,F,United States,1777596602658,OK,Oklahoma,4448.821,955.0,955.0,87.0,//specials-images.forbesimg.com/imageserve/9d68965dce3f7b7ef35b0630e212e048/416x416.jpg?background=000000&cropX1=0&cropX2=744&cropY1=2&cropY2=746,981.0,972.0,4400.0,,,,,,
Donald Sterling,Sterling,donald-sterling,donald-sterling,0.0,Real estate,Real Estate,M,United States,1777596602658,CA,California,4367.517,974.0,974.0,92.0,//specials-images.forbesimg.com/imageserve/5d8adf936de3150009a506d9/416x416.jpg?background=000000&cropX1=575&cropX2=1669&cropY1=146&cropY2=1240,982.0,972.0,4400.0,,,,,,
Gustav Magnar Witzoe,Witzoe,gustav-magnar-witzoe,no-pic,82.274,Fish farming,Food & Beverage,M,Norway,1777596602658,,,4410.03,962.0,962.0,33.0,//specials-images.forbesimg.com/imageserve/5e9f5e1092076f000700e668/416x416.jpg?background=000000&cropX1=2108&cropX2=3710&cropY1=729&cropY2=2332,983.0,972.0,4400.0,,,,,,
Sid Bass,Bass,sid-bass,sid-bass,-4.378,"Oil, investments",Energy,M,United States,1777596602658,TX,Texas,4320.673,991.0,991.0,84.0,https://specials-images.forbesimg.com/imageserve/632e0bfa1bd61f0dd644b124/416x416.jpg?background=000000&cropX1=971&cropX2=2153&cropY1=190&cropY2=1373,984.0,984.0,4300.0,,,,,,
Danielle Bellon,Bellon,danielle-bellon,no-pic-female,37.371,Food services,Service,F,France,1777596602658,,,4117.917,1044.0,1044.0,86.0,,985.0,984.0,4300.0,,,,,,
Martin Bouygues,Bouygues,martin-bouygues-1,no-pic,43.105,"Construction, media",Construction & Engineering,M,France,1777596602658,,,4090.236,1054.0,1054.0,73.0,//specials-images.forbesimg.com/imageserve/5e75a1c710380d0006fba9c6/416x416.jpg?background=000000&cropX1=636&cropX2=2901&cropY1=289&cropY2=2555,986.0,984.0,4300.0,,,,,,
Chen Weiliang,Chen,chen-weiliang-2,no-pic,359.742,Semiconductors,Manufacturing,M,China,1777596602658,,,6104.664,669.0,669.0,49.0,,987.0,984.0,4300.0,,,,,,
Miguel Fluxa Rossello,Fluxa Rossello,miguel-fluxa-rossello,no-pic,0.0,Hotels,Service,M,Spain,1777596602658,,,4035.683,1068.0,1068.0,87.0,//specials-images.forbesimg.com/imageserve/5c720c9fa7ea4310004350f1/416x416.jpg?background=000000&cropX1=63&cropX2=480&cropY1=0&cropY2=417,988.0,984.0,4300.0,,,,,,
Paul Foster,Foster,paul-foster,paul-foster,27.903,Oil refining,Energy,M,United States,1777596602658,TX,Texas,4497.972,945.0,945.0,68.0,//specials-images.forbesimg.com/imageserve/5a84c3ff31358e4955ad7cdd/416x416.jpg?background=000000&cropX1=0&cropX2=576&cropY1=23&cropY2=599,989.0,984.0,4300.0,"Chairman, Western Refining",False,,,,
Fu Liquan,Fu,fu-liquan,no-pic,34.697,Surveillance equipment,Technology,M,China,1777596602658,,,4261.953,1005.0,1005.0,58.0,//specials-images.forbesimg.com/imageserve/5a7cb12931358e4955acf6aa/416x416.jpg?background=000000&cropX1=5&cropX2=2500&cropY1=621&cropY2=3117,990.0,984.0,4300.0,,,,,,
Antonio Gracias,Gracias,antonio-gracias,no-pic,9.568,Investments,Finance & Investments,M,United States,1777596602658,IL,Illinois,4255.521,1006.0,1006.0,55.0,https://specials-images.forbesimg.com/imageserve/661f140be5cc2871a9758ae9/416x416.jpg?background=000000&cropX1=300&cropX2=1846&cropY1=80&cropY2=1625,991.0,984.0,4300.0,,,,,,
Maggie Hardy,Hardy,maggie-hardy,no-pic-female,0.0,Building materials,Service,F,United States,1777596602658,PA,Pennsylvania,4325.572,985.0,985.0,60.0,https://specials-images.forbesimg.com/imageserve/685080591e5cadad89181580/416x416.jpg?background=000000&cropX1=214&cropX2=738&cropY1=12&cropY2=536,992.0,984.0,4300.0,"CEO, Owner, 84 Lumber",False,,,,
Hu Kaijun,Hu,hu-kaijun,no-pic,-57.124,Pharmaceuticals,Healthcare,M,China,1777596602658,,,3783.09,1133.0,1133.0,64.0,https://specials-images.forbesimg.com/imageserve/690249ffe6b0301758b2da09/416x416.jpg?background=000000&cropX1=0&cropX2=799&cropY1=1&cropY2=800,993.0,984.0,4300.0,,,,,,
Hamilton James,James,hamilton-james,hamilton-james,73.597,Investments,Finance & Investments,M,United States,1777596602658,NY,New York,4426.953,958.0,958.0,74.0,https://specials-images.forbesimg.com/imageserve/614b5aeff199e384eaf46262/416x416.jpg?background=000000&cropX1=640&cropX2=3052&cropY1=0&cropY2=2410,994.0,984.0,4300.0,,,,,,
Michael Jordan,Jordan,michael-jordan,michael-jordan,0.0,"Charlotte Hornets, endorsements",Sports,M,United States,1777596602658,FL,Florida,4270.5,1001.0,1001.0,63.0,https://specials-images.forbesimg.com/imageserve/603811ed0f3061f16a7be88c/416x416.jpg?background=000000&cropX1=598&cropX2=2175&cropY1=97&cropY2=1675,995.0,984.0,4300.0,,,,,,
Patrick Lee,Lee,patrick-lee,patrick-lee,-16.748,Paper,Manufacturing,M,Hong Kong,1777596602658,,,3969.807,1088.0,1088.0,84.0,https://specials-images.forbesimg.com/imageserve/60352e4d943dc1001271abaa/416x416.jpg?background=000000&cropX1=0&cropX2=433&cropY1=50&cropY2=483,996.0,984.0,4300.0,,,,,,
Jorge Mas,Mas,jorge-mas,no-pic,266.654,Construction,Construction & Engineering,M,United States,1777596602658,FL,Florida,5426.385,782.0,782.0,63.0,,997.0,984.0,4300.0,,,,,,
C. Dean Metropoulos,Metropoulos,c-dean-metropoulos,c-dean-metropoulos,-0.012,Investments,Food & Beverage,M,United States,1777596602658,FL,Florida,4323.955,986.0,986.0,79.0,https://specials-images.forbesimg.com/imageserve/58c3faf5fc4965181f190d24fe507787/416x416.jpg?background=000000&cropX1=222&cropX2=631&cropY1=85&cropY2=494,998.0,984.0,4300.0,,,,,,
John Middleton,Middleton,john-middleton,no-pic,0.0,Tobacco,Food & Beverage,M,United States,1777596602658,PA,Pennsylvania,4328.8,982.0,982.0,71.0,//specials-images.forbesimg.com/imageserve/5d8af2bf6de3150009a507fc/416x416.jpg?background=000000&cropX1=425&cropX2=2750&cropY1=0&cropY2=2327,999.0,984.0,4300.0,,,,,,
Patrice Motsepe,Motsepe,patrice-motsepe,patrice-motsepe,38.54,Mining,Metals & Mining,M,South Africa,1777596602658,,,3746.734,1148.0,1148.0,64.0,//specials-images.forbesimg.com/imageserve/5e77ad2cd8e1ae0007b73263/416x416.jpg?background=000000&cropX1=1014&cropX2=3703&cropY1=21&cropY2=2710,1000.0,984.0,4300.0,,,,,,
Penny Pritzker,Pritzker,penny-pritzker,penny-pritzker,55.931,"Hotels, investments",Finance & Investments,F,United States,1777596602658,IL,Illinois,4651.468,915.0,915.0,66.0,https://specials-images.forbesimg.com/imageserve/6333adf6c3db32dfe4377afe/416x416.jpg?background=000000&cropX1=0&cropX2=1080&cropY1=0&cropY2=1080,1001.0,984.0,4300.0,,,,,,
Stewart Rahr,Rahr,stewart-rahr,stewart-rahr,0.0,Drug distribution,Healthcare,M,United States,1777596602658,NY,New York,4271.704,1000.0,1000.0,80.0,https://specials-images.forbesimg.com/imageserve/632e0f5fbffd29114444b125/416x416.jpg?background=000000&cropX1=1154&cropX2=3011&cropY1=617&cropY2=2472,1002.0,984.0,4300.0,,,,,,
David Rubenstein,Rubenstein,david-rubenstein,david-rubenstein,62.148,Private equity,Finance & Investments,M,United States,1777596602658,MD,Maryland,4229.875,1013.0,1013.0,76.0,//specials-images.forbesimg.com/imageserve/5ba570caa7ea434e4c6965d9/416x416.jpg?background=000000&cropX1=1171&cropX2=2600&cropY1=166&cropY2=1594,1003.0,984.0,4300.0,"Cofounder and Co-executive Chairman, Carlyle Group",False,,,,
Sukanto Tanoto,Tanoto,sukanto-tanoto,sukanto-tanoto,0.0,Diversified,Diversified,M,Indonesia,1777596602658,,,4297.919,995.0,995.0,76.0,https://specials-images.forbesimg.com/imageserve/61b1136780aff2711dd56fb4/416x416.jpg?background=000000&cropX1=489&cropX2=3226&cropY1=308&cropY2=3045,1004.0,984.0,4300.0,,,,,,
Byron Trott,Trott,byron-trott,no-pic,0.0,Investments,Finance & Investments,M,United States,1777596602658,IL,Illinois,4337.0,980.0,980.0,67.0,https://specials-images.forbesimg.com/imageserve/641873d005a18d695fd8a87c/416x416.jpg?background=000000&cropX1=0&cropX2=844&cropY1=78&cropY2=923,1005.0,984.0,4300.0,,,,,,
Patrizio Vinciarelli,Vinciarelli,patrizio-vinciarelli,no-pic,262.907,electronic components,Technology,M,United States,1777596602658,MA,Massachusetts,5708.531,732.0,732.0,79.0,,1006.0,984.0,4300.0,,,,,,
Wang Jianlin,Wang,wang-jianlin,wang-jianlin,4.764,Real estate,Real Estate,M,China,1777596602658,,,4345.669,979.0,979.0,71.0,https://specials-images.forbesimg.com/imageserve/67250c62cb965f9fc04f7de4/416x416.jpg?background=000000&cropX1=275&cropX2=1156&cropY1=81&cropY2=963,1007.0,984.0,4300.0,"Chairman, Dalian Wanda Group",False,,,,
Xu Jinfu,Xu,xu-jinfu,no-pic,121.1,Chemicals,Manufacturing,M,China,1777596602658,,,6157.795,667.0,667.0,62.0,https://specials-images.forbesimg.com/imageserve/654a6cbee56ac5d383d8de75/416x416.jpg?background=000000&cropX1=170&cropX2=1468&cropY1=167&cropY2=1467,1008.0,984.0,4300.0,,,,,,
Yang Chang-Chih,Yang,yang-chang-chih,no-pic,151.674,Printed circuit board,Manufacturing,M,Taiwan,1777596602658,,,7093.202,540.0,540.0,79.0,,1009.0,984.0,4300.0,,,,,,
Yeung Kin-man,Yeung,yeung-kin-man,yeung-kin-man,0.0,Electronics,Manufacturing,M,Hong Kong,1777596602658,,,4287.537,996.0,996.0,73.0,//specials-images.forbesimg.com/imageserve/5e7654e0c7b02d000666cbdb/416x416.jpg?background=000000&cropX1=408&cropX2=2929&cropY1=0&cropY2=2520,1010.0,984.0,4300.0,,,,,,
Jose Joao Abdalla Filho,Abdalla Filho,jose-joao-abdalla-filho,no-pic,68.632,Investments,Finance & Investments,M,Brazil,1777596602658,,,4830.456,884.0,884.0,80.0,,1011.0,1011.0,4200.0,,,,,,
Giuliana Benetton,Benetton,giuliana-benetton,giuliana-benetton,11.933,"Fashion retail, investments",Fashion & Retail,F,Italy,1777596602658,,,4096.708,1049.0,1049.0,88.0,//specials-images.forbesimg.com/imageserve/6a21667aaf0bc07cb3c22f8c52558dd8/416x416.jpg?background=000000&cropX1=1&cropX2=300&cropY1=1&cropY2=300,1012.0,1011.0,4200.0,,,,,,
Luciano Benetton,Benetton,luciano-benetton,luciano-benetton,11.933,"Fashion retail, investments",Fashion & Retail,M,Italy,1777596602658,,,4096.708,1049.0,1050.0,90.0,//specials-images.forbesimg.com/imageserve/5e76d63f10380d0006fbb836/416x416.jpg?background=000000&cropX1=8&cropX2=1331&cropY1=35&cropY2=1359,1013.0,1011.0,4200.0,,,,,,
Maurizio Billi,Billi,maurizio-billi,no-pic,0.0,Generic drugs,Healthcare,M,Brazil,1777596602658,,,4269.022,1002.0,1002.0,68.0,//specials-images.forbesimg.com/imageserve/5a7b8e8ea7ea43169012f07e/416x416.jpg?background=000000&cropX1=307&cropX2=843&cropY1=812&cropY2=1349,1014.0,1011.0,4200.0,,,,,,
Olivier Bouygues,Bouygues,olivier-bouygues,no-pic,43.735,"Construction, media",Construction & Engineering,M,France,1777596602658,,,4025.197,1070.0,1070.0,75.0,,1015.0,1011.0,4200.0,,,,,,
Nikolai Buinov,Buinov,nikolai-buinov,no-pic,0.0,"Oil, gas",Energy,M,Russia,1777596602658,,,4878.898,871.0,871.0,58.0,//specials-images.forbesimg.com/imageserve/58a268b24bbe6f0e5586ba78/416x416.jpg?background=000000&cropX1=81&cropX2=637&cropY1=193&cropY2=749,1016.0,1011.0,4200.0,,,,,,
Hubert Burda,Burda,hubert-burda,hubert-burda,0.0,Publishing,Media & Entertainment,M,Germany,1777596602658,,,4193.284,1020.0,1020.0,86.0,//specials-images.forbesimg.com/imageserve/5e762819c7b02d000666c83b/416x416.jpg?background=000000&cropX1=390&cropX2=2935&cropY1=10&cropY2=2554,1017.0,1011.0,4200.0,,,,,,
John Caudwell,Caudwell,john-caudwell,john-caudwell,0.0,Mobile phones,Telecom,M,United Kingdom,1777596602658,,,4234.658,1011.0,1011.0,73.0,//specials-images.forbesimg.com/imageserve/5e77f52f10380d0006fbc978/416x416.jpg?background=000000&cropX1=2015&cropX2=5005&cropY1=158&cropY2=3146,1018.0,1011.0,4200.0,,,,,,
Mahendra Choksi,Choksi,mahendra-choksi,no-pic,-4.482,Paints,Manufacturing,M,India,1777596602658,,,4153.487,1031.0,1031.0,85.0,https://specials-images.forbesimg.com/imageserve/61575ab3ecee9a05d3ca2f37/416x416.jpg?background=000000&cropX1=0&cropX2=2472&cropY1=160&cropY2=2633,1019.0,1011.0,4200.0,,,,,,
"William Conway, Jr.",Conway,william-conway-jr,william-conway-jr,67.798,Private equity,Finance & Investments,M,United States,1777596602658,VA,Virginia,4176.05,1025.0,1025.0,76.0,//specials-images.forbesimg.com/imageserve/5a8deac231358e4955adfe42/416x416.jpg?background=000000&cropX1=771&cropX2=3434&cropY1=6&cropY2=2667,1020.0,1011.0,4200.0,"Co-Chief Executive Officer and Co-founder, Carlyle Group",False,,,,
Jim Coulter,Coulter,jim-coulter,no-pic,62.027,Private equity,Finance & Investments,M,United States,1777596602658,CA,California,4204.883,1018.0,1018.0,66.0,https://specials-images.forbesimg.com/imageserve/632cd0067cdb1c63da44b122/416x416.jpg?background=000000&cropX1=1349&cropX2=3126&cropY1=69&cropY2=1848,1021.0,1011.0,4200.0,,,,,,
Yakir Gabay,Gabay,yakir-gabay,no-pic,6.474,Real estate,Real Estate,M,Cyprus,1777596602658,,,4069.55,1061.0,1061.0,60.0,https://specials-images.forbesimg.com/imageserve/6050f48ca1ab099ed6e290cc/416x416.jpg?background=000000&cropX1=0&cropX2=800&cropY1=0&cropY2=800,1022.0,1011.0,4200.0,,,,,,
Vinod Rai Gupta,Gupta,vinod-rai-gupta,no-pic-female,-28.969,Electrical equipment,Manufacturing,F,India,1777596602658,,,3627.875,1182.0,1182.0,80.0,https://specials-images.forbesimg.com/imageserve/67047c7525f587ea3b9cf7d7/416x416.jpg?background=000000&cropX1=22&cropX2=702&cropY1=45&cropY2=725,1023.0,1011.0,4200.0,,,,,,
Ji Qi,Ji,ji-qi,no-pic,-15.681,"Hotels, motels",Real Estate,M,Singapore,1777596602658,,,3995.496,1082.0,1082.0,59.0,https://specials-images.forbesimg.com/imageserve/5c6e98b7a7ea431000430481/416x416.jpg?background=000000&cropX1=16&cropX2=3648&cropY1=164&cropY2=3799,1024.0,1011.0,4200.0,,,,,,
Robert Johnson,Johnson,robert-johnson-3,no-pic,13.45,"Johnson & Johnson, New York Jets",Sports,M,United States,1777596602658,FL,Florida,4084.593,1056.0,1056.0,79.0,,1025.0,1011.0,4200.0,,,,,,
Samuel Tak Lee,Lee,samuel-tak-lee,no-pic,0.0,Real estate,Real Estate,M,Hong Kong,1777596602658,,,4208.351,1015.0,1015.0,87.0,//specials-images.forbesimg.com/imageserve/5e3b2f168b6cf300071df349/416x416.jpg?background=000000&cropX1=0&cropX2=468&cropY1=0&cropY2=468,1026.0,1011.0,4200.0,,,,,,
Lin Jianhua,Lin,lin-jianhua,lin-jianhua,9.509,Solar panel components,Manufacturing,M,China,1777596602658,,,4326.581,984.0,984.0,63.0,https://specials-images.forbesimg.com/imageserve/6050f48ca1ab099ed6e290cc/416x416.jpg?background=000000&cropX1=0&cropX2=800&cropY1=0&cropY2=800,1027.0,1011.0,4200.0,,,,,,
David MacNeil,MacNeil,david-macneil,no-pic,0.0,Automobile accessories,Manufacturing,M,United States,1777596602658,FL,Florida,4183.529,1023.0,1023.0,67.0,,1028.0,1011.0,4200.0,,,,,,
Willy Michel,Michel,willy-michel,willy-michel,-24.854,Medical devices,Healthcare,M,Switzerland,1777596602658,,,4128.594,1042.0,1042.0,79.0,//specials-images.forbesimg.com/imageserve/5c723cfa4bbe6f51818aba88/416x416.jpg?background=000000&cropX1=42&cropX2=3300&cropY1=431&cropY2=3688,1029.0,1011.0,4200.0,,,,,,
Aristotelis Mistakidis,Mistakidis,aristotelis-mistakidis,no-pic,60.78,"Mining, commodities",Metals & Mining,M,Greece,1777596602658,,,4413.865,961.0,961.0,64.0,//specials-images.forbesimg.com/imageserve/5e763d5210380d0006fbae9e/416x416.jpg?background=000000&cropX1=3&cropX2=1200&cropY1=118&cropY2=1316,1030.0,1011.0,4200.0,,,,,,
Nguyen Thi Phuong Thao,Nguyen,nguyen-thi-phuong-thao,no-pic-female,0.0,Airlines,Diversified,F,Vietnam,1777596602658,,,4187.629,1021.0,1021.0,55.0,//specials-images.forbesimg.com/imageserve/5deea6ee25ab5d000700a77f/416x416.jpg?background=000000&cropX1=1274&cropX2=3102&cropY1=485&cropY2=2312,1031.0,1011.0,4200.0,,,,,,
Daniel Och,Och,daniel-och,daniel-och,0.0,Hedge funds,Finance & Investments,M,United States,1777596602658,FL,Florida,4170.0,1028.0,1028.0,65.0,https://specials-images.forbesimg.com/imageserve/633327d1a10ad41d20377afd/416x416.jpg?background=000000&cropX1=239&cropX2=1183&cropY1=5&cropY2=950,1032.0,1011.0,4200.0,"Founder, Och-Ziff Capital Management",False,,,,
Dan Olsson,Olsson,dan-olsson,dan-olsson,0.0,Diversified,Diversified,M,Sweden,1777596602658,,,3798.262,1125.0,1125.0,79.0,//specials-images.forbesimg.com/imageserve/5e77c453c7b02d000666dd7e/416x416.jpg?background=000000&cropX1=18&cropX2=1836&cropY1=188&cropY2=2007,1033.0,1011.0,4200.0,,,,,,
Ravi Pillai,Pillai,ravi-pillai,ravi-pillai,-0.013,Construction,Construction & Engineering,M,India,1777596602658,,,4247.378,1008.0,1008.0,72.0,https://specials-images.forbesimg.com/imageserve/615b2fcf94e5e17a6379c049/416x416.jpg?background=000000&cropX1=66&cropX2=744&cropY1=66&cropY2=744,1034.0,1011.0,4200.0,,,,,,
Mitchell Rales,Rales,mitchell-rales,mitchell-rales,6.35,"Manufacturing, investments",Manufacturing,M,United States,1777596602658,MD,Maryland,3649.94,1172.0,1172.0,69.0,//specials-images.forbesimg.com/imageserve/5d8ab76522254b0008e162bb/416x416.jpg?background=000000&cropX1=377&cropX2=1461&cropY1=0&cropY2=1085,1035.0,1011.0,4200.0,,,,,,
Rodger Riney,Riney,rodger-riney,rodger-riney,0.0,Discount brokerage,Finance & Investments,M,United States,1777596602658,MO,Missouri,4196.449,1019.0,1019.0,80.0,//specials-images.forbesimg.com/imageserve/5d8ae4af22254b0008e165b1/416x416.jpg?background=000000&cropX1=414&cropX2=880&cropY1=23&cropY2=489,1036.0,1011.0,4200.0,"Cofounder, Scottrade",False,,,,
Klaus-Peter Schulenberg,Schulenberg,klaus-peter-schulenberg,klaus-peter-schulenberg,-15.253,Ticketing service,Service,M,Germany,1777596602658,,,3626.39,1183.0,1183.0,74.0,//specials-images.forbesimg.com/imageserve/58c84fd631358e1a35acffa9/416x416.jpg?background=000000&cropX1=100&cropX2=593&cropY1=305&cropY2=798,1037.0,1011.0,4200.0,,,,,,
Richard Schulze,Schulze,richard-schulze,richard-schulze,26.555,Best Buy,Fashion & Retail,M,United States,1777596602658,FL,Florida,4186.963,1022.0,1022.0,85.0,//specials-images.forbesimg.com/imageserve/1423046948c12a11b7b90939845786aa/416x416.jpg?background=000000&cropX1=101&cropX2=1176&cropY1=52&cropY2=1127,1038.0,1011.0,4200.0,,,,,,
Shi Yuzhu,Shi,shi-yuzhu,shi-yuzhu,-43.914,"Online games, investments",Diversified,M,China,1777596602658,,,3882.721,1104.0,1104.0,63.0,https://specials-images.forbesimg.com/imageserve/5c6eeee6a7ea4310004310b0/416x416.jpg?background=000000&cropX1=836&cropX2=1853&cropY1=185&cropY2=1202,1039.0,1011.0,4200.0,,,,,,
Alberto Siccardi,Siccardi,alberto-siccardi,no-pic,-24.625,Medical devices,Healthcare,M,Switzerland,1777596602658,,,3756.9,1144.0,1144.0,82.0,,1040.0,1011.0,4200.0,,,,,,
Takahisa Takahara,Takahara,takahisa-takahara,no-pic,-84.774,Personal care goods,Fashion & Retail,M,Japan,1777596602658,,,3523.429,1215.0,1215.0,64.0,https://specials-images.forbesimg.com/imageserve/6470ce1407a56c6c2c03a6f8/416x416.jpg?background=000000&cropX1=254&cropX2=1369&cropY1=546&cropY2=1661,1041.0,1011.0,4200.0,,,,,,
Ivar Tollefsen,Tollefsen,ivar-tollefsen,no-pic,0.0,Real estate,Real Estate,M,Norway,1777596602658,,,4091.259,1053.0,1053.0,64.0,//specials-images.forbesimg.com/imageserve/5a9058534bbe6f0fa8266031/416x416.jpg?background=000000&cropX1=46&cropX2=1031&cropY1=78&cropY2=1064,1042.0,1011.0,4200.0,,,,,,
Xiang Guangda,Xiang,xiang-guangda,no-pic,79.015,Metals,Metals & Mining,M,China,1777596602658,,,4723.983,902.0,902.0,68.0,https://specials-images.forbesimg.com/imageserve/67250b6a5267c5239466b425/416x416.jpg?background=000000&cropX1=1&cropX2=800&cropY1=0&cropY2=799,1043.0,1011.0,4200.0,,,,,,
Kumud Bajaj,Bajaj,kumud-bajaj,no-pic-female,35.302,Diversified,Diversified,F,India,1777596602658,,,3762.769,1142.0,1142.0,71.0,,1044.0,1044.0,4100.0,,,,,,
Niraj Bajaj,Bajaj,niraj-bajaj-1,no-pic,35.302,Diversified,Diversified,M,India,1777596602658,,,3762.769,1142.0,1143.0,71.0,,1045.0,1044.0,4100.0,,,,,,
Shekhar Bajaj,Bajaj,shekhar-bajaj,no-pic,35.302,Diversified,Diversified,M,India,1777596602658,,,3762.811,1141.0,1141.0,77.0,,1046.0,1044.0,4100.0,,,,,,
Todd Christopher,Christopher,todd-christopher,no-pic,0.0,Hair care products,Fashion & Retail,M,United States,1777596602658,FL,Florida,4100.0,1047.0,1047.0,63.0,https://specials-images.forbesimg.com/imageserve/61424fa329945091a3f5c3fa/416x416.jpg?background=000000&cropX1=0&cropX2=1088&cropY1=80&cropY2=1168,1047.0,1044.0,4100.0,,,,,,
Sol Daurella,Daurella,sol-daurella,no-pic-female,25.98,Coca-Cola bottler,Food & Beverage,F,Spain,1777596602658,,,3600.526,1189.0,1189.0,60.0,//specials-images.forbesimg.com/imageserve/5e77bfc4d8e1ae0007b7351b/416x416.jpg?background=000000&cropX1=1114&cropX2=3885&cropY1=121&cropY2=2893,1048.0,1044.0,4100.0,,,,,,
Dong Zengping,Dong,dong-zengping,no-pic,-35.778,Electronics,Manufacturing,M,China,1777596602658,,,3778.276,1137.0,1137.0,,,1049.0,1044.0,4100.0,,,,,,
Paul Gauselmann,Gauselmann,paul-gauselmann,no-pic,0.0,Gambling,Gambling & Casinos,M,Germany,1777596602658,,,4093.834,1051.0,1051.0,91.0,//specials-images.forbesimg.com/imageserve/5e7633a010380d0006fbadbe/416x416.jpg?background=000000&cropX1=1907&cropX2=4789&cropY1=0&cropY2=2880,1050.0,1044.0,4100.0,,,,,,
Otto Happel,Happel,otto-happel,otto-happel,0.0,Engineering,Construction & Engineering,M,Germany,1777596602658,,,4103.094,1046.0,1046.0,78.0,https://specials-images.forbesimg.com/imageserve/6050f48ca1ab099ed6e290cc/416x416.jpg?background=000000&cropX1=0&cropX2=800&cropY1=0&cropY2=800,1051.0,1044.0,4100.0,,,,,,
Stewart Horejsi,Horejsi,stewart-horejsi,no-pic,0.775,Berkshire Hathaway,Finance & Investments,M,United States,1777596602658,AZ,Arizona,3916.26,1095.0,1095.0,88.0,,1052.0,1044.0,4100.0,,,,,,
Hu Rongda,Hu,hu-rongda,no-pic,-57.119,Chemicals,Manufacturing,M,China,1777596602658,,,3699.736,1160.0,1160.0,66.0,,1053.0,1044.0,4100.0,,,,,,
Samvel Karapetyan,Karapetyan,samvel-karapetyan,samvel-karapetyan,0.0,Real estate,Construction & Engineering,M,Russia,1777596602658,,,4079.058,1057.0,1057.0,60.0,//specials-images.forbesimg.com/imageserve/5a80b4c84bbe6f2652f53fed/416x416.jpg?background=000000&cropX1=250&cropX2=2021&cropY1=100&cropY2=1872,1054.0,1044.0,4100.0,,,,,,
Angelo Koo,Koo,angelo-koo,no-pic,-21.373,Finance,Finance & Investments,M,Taiwan,1777596602658,,,4051.642,1062.0,1062.0,60.0,https://specials-images.forbesimg.com/imageserve/661d9b093efab0acb8d16b26/416x416.jpg?background=000000&cropX1=0&cropX2=200&cropY1=25&cropY2=225,1055.0,1044.0,4100.0,,,,,,
Kuok Khoon Hong,Kuok,kuok-khoon-hong,kuok-khoon-hong,-120.639,Palm oil,Manufacturing,M,Singapore,1777596602658,,,4136.305,1038.0,1038.0,76.0,,1056.0,1044.0,4100.0,,,,,,
Lam Wai-ying,Lam,lam-wai-ying,no-pic-female,0.0,Smartphone screens,Manufacturing,F,Hong Kong,1777596602658,,,4135.691,1039.0,1039.0,68.0,https://specials-images.forbesimg.com/imageserve/6050f48ca1ab099ed6e290cc/416x416.jpg?background=000000&cropX1=0&cropX2=800&cropY1=0&cropY2=800,1057.0,1044.0,4100.0,"Chairman, Biel Crystal",False,,,,
Pablo Legorreta,Legorreta,pablo-legorreta,no-pic,53.318,Investments,Finance & Investments,M,United States,1777596602658,NY,New York,4391.347,969.0,969.0,62.0,//specials-images.forbesimg.com/imageserve/5ee8ce0e971e0400074abb03/416x416.jpg?background=000000&cropX1=759&cropX2=2083&cropY1=146&cropY2=1470,1058.0,1044.0,4100.0,,,,,,
Li Xiang,Li,li-xiang,no-pic,18.575,Electric vehicles,Automotive,M,China,1777596602658,,,4139.948,1036.0,1036.0,44.0,https://specials-images.forbesimg.com/imageserve/690244afaad412c86852849f/416x416.jpg?background=000000&cropX1=257&cropX2=1971&cropY1=257&cropY2=1972,1059.0,1044.0,4100.0,,,,,,
Joao Roberto Marinho,Marinho,joao-roberto-marinho,joao-roberto-marinho,0.0,Media,Media & Entertainment,M,Brazil,1777596602658,,,4506.905,942.0,942.0,72.0,//specials-images.forbesimg.com/imageserve/5a7b7fd231358e4955acddb8/416x416.jpg?background=000000&cropX1=234&cropX2=1084&cropY1=2&cropY2=853,1060.0,1044.0,4100.0,,,,,,
Jose Roberto Marinho,Marinho,jose-roberto-marinho,jose-roberto-marinho,0.0,Media,Media & Entertainment,M,Brazil,1777596602658,,,4508.329,941.0,941.0,70.0,https://specials-images.forbesimg.com/imageserve/603e8f5d4a2df75cef4fb25a/416x416.jpg?background=000000&cropX1=0&cropX2=800&cropY1=0&cropY2=800,1061.0,1044.0,4100.0,,,,,,
Harsh Mariwala,Mariwala,harsh-mariwala,harsh-mariwala,-16.961,Consumer goods,Food & Beverage,M,India,1777596602658,,,3879.663,1105.0,1105.0,74.0,//specials-images.forbesimg.com/imageserve/59cc09d2a7ea434a34f46b80/416x416.jpg?background=000000&cropX1=1069&cropX2=3709&cropY1=17&cropY2=2658,1062.0,1044.0,4100.0,,,,,,
N.R. Narayana Murthy,Murthy,nr-narayana-murthy,nr-narayana-murthy,22.281,Software services,Technology,M,India,1777596602658,,,3786.059,1131.0,1131.0,79.0,https://specials-images.forbesimg.com/imageserve/65256be699bd90b38c99eaee/416x416.jpg?background=000000&cropX1=861&cropX2=2416&cropY1=562&cropY2=2115,1063.0,1044.0,4100.0,,,,,,
Bob Parsons,Parsons,bob-parsons,bob-parsons,0.0,Web hosting,Technology,M,United States,1777596602658,AZ,Arizona,4073.0,1060.0,1060.0,75.0,https://specials-images.forbesimg.com/imageserve/612d1e07e74a8332931adcb0/416x416.jpg?background=000000&cropX1=121&cropX2=1005&cropY1=246&cropY2=1130,1064.0,1044.0,4100.0,,,,,,
Qian Dongqi,Qian,qian-dongqi,no-pic,-56.809,Home-cleaning robots,Manufacturing,M,China,1777596602658,,,3842.074,1119.0,1119.0,68.0,//specials-images.forbesimg.com/imageserve/5e78ddda10380d0006fbd5f5/416x416.jpg?background=000000&cropX1=0&cropX2=180&cropY1=2&cropY2=182,1065.0,1044.0,4100.0,,,,,,
Roger Samuelsson,Samuelsson,roger-samuelsson,no-pic,0.0,Drug delivery devices,Healthcare,M,Sweden,1777596602658,,,4141.161,1034.0,1034.0,62.0,https://specials-images.forbesimg.com/imageserve/6619652775b5871001c1d75f/416x416.jpg?background=000000&cropX1=319&cropX2=2156&cropY1=601&cropY2=2440,1066.0,1044.0,4100.0,,,,,,
Pat Stryker,Stryker,pat-stryker,pat-stryker,0.0,Medical equipment,Healthcare,F,United States,1777596602658,CO,Colorado,3628.173,1181.0,1181.0,70.0,//specials-images.forbesimg.com/imageserve/aba94df76c2e1ac2ae94fa21e2d7214e/416x416.jpg?background=000000&cropX1=0&cropX2=744&cropY1=148&cropY2=892,1067.0,1044.0,4100.0,,,,,,
Tung Chee Chen,Tung,tung-chee-chen,tung-chee-chen,0.0,Shipping,Logistics,M,Hong Kong,1777596602658,,,4129.585,1041.0,1041.0,83.0,https://specials-images.forbesimg.com/imageserve/60de2bb296d80f8963446fdb/416x416.jpg?background=000000&cropX1=676&cropX2=2250&cropY1=0&cropY2=1575,1068.0,1044.0,4100.0,,,,,,
Herbert Wertheim,Wertheim,herbert-wertheim,no-pic,105.403,Investments,Finance & Investments,M,United States,1777596602658,FL,Florida,3996.647,1080.0,1080.0,86.0,//specials-images.forbesimg.com/imageserve/5d8afb2522254b0008e166ee/416x416.jpg?background=000000&cropX1=354&cropX2=3058&cropY1=498&cropY2=3203,1069.0,1044.0,4100.0,,,,,,
Paul-Heinz Wesjohann,Wesjohann,paul-heinz-wesjohann,no-pic,0.0,Chicken processing,Food & Beverage,M,Germany,1777596602658,,,4075.114,1058.0,1058.0,82.0,,1070.0,1044.0,4100.0,,,,,,
Xia Zuoquan,Xia,xia-zuoquan,xia-zuoquan,-88.232,"Automobiles, batteries",Automotive,M,China,1777596602658,,,4649.394,917.0,917.0,64.0,//specials-images.forbesimg.com/imageserve/43cf0251db56b4feefcd4ddd877d09ed/416x416.jpg?background=000000&cropX1=3&cropX2=744&cropY1=31&cropY2=772,1071.0,1044.0,4100.0,,,,,,
Charles Zegar,Zegar,charles-zegar,no-pic,0.0,Bloomberg LP,Finance & Investments,M,United States,1777596602658,NY,New York,4075.0,1059.0,1059.0,78.0,,1072.0,1044.0,4100.0,,,,,,
Zhang Wanzhen,Zhang,zhang-wanzhen,no-pic,235.287,Electronics components,Manufacturing,M,China,1777596602658,,,5600.433,747.0,747.0,76.0,,1073.0,1044.0,4100.0,,,,,,
Neal Aronson,Aronson,neal-aronson,no-pic,0.0,Private equity,Finance & Investments,M,United States,1777596602658,GA,Georgia,3996.2,1081.0,1081.0,61.0,https://specials-images.forbesimg.com/imageserve/66fb3568b0e79377bc896254/416x416.jpg?background=000000&cropX1=424&cropX2=1201&cropY1=175&cropY2=952,1074.0,1074.0,4000.0,,,,,,
David Blitzer,Blitzer,david-blitzer,no-pic,0.0,Sports,Sports,M,United States,1777596602658,NY,New York,4042.0,1066.0,1066.0,56.0,,1075.0,1074.0,4000.0,,,,,,
Norman Braman,Braman,norman-braman,norman-braman,0.0,"Art, car dealerships",Automotive,M,United States,1777596602658,FL,Florida,4019.463,1071.0,1071.0,93.0,https://specials-images.forbesimg.com/imageserve/5f46b164b82ea26e4ddc6618/416x416.jpg?background=000000&cropX1=42&cropX2=3280&cropY1=669&cropY2=3907,1076.0,1074.0,4000.0,,,,,,
Otto Philipp Braun,Braun,otto-philipp-braun,otto-philipp-braun,0.0,Medical technology,Healthcare,M,Germany,1777596602658,,,4001.404,1075.0,1075.0,48.0,//specials-images.forbesimg.com/imageserve/5e76336b10380d0006fbadbb/416x416.jpg?background=000000&cropX1=141&cropX2=728&cropY1=4&cropY2=591,1077.0,1074.0,4000.0,,,,,,
Chan Laiwa,Chan,chan-laiwa,chan-laiwa,,Real estate,Real Estate,F,China,1775532420989,,,,,,85.0,https://specials-images.forbesimg.com/imageserve/5f89f4cd7a4ff3d9ddb2862e/416x416.jpg?background=000000&cropX1=644&cropX2=1805&cropY1=406&cropY2=1567,1078.0,1074.0,4000.0,,,,,,
Chan Tan Ching-fen,Chan,chan-tan-ching-fen,no-pic-female,-34.283,Real estate,Real Estate,F,Hong Kong,1777596602658,,,3740.074,1149.0,1149.0,,https://specials-images.forbesimg.com/imageserve/67be4d502922ce28bc25fecc/416x416.jpg?background=000000&cropX1=0&cropX2=800&cropY1=0&cropY2=800,1079.0,1074.0,4000.0,,,,,,
Albert Chao,Chao,albert-chao,no-pic,122.493,"Chemicals, building products",Manufacturing,M,United States,1777596602658,TX,Texas,4322.135,988.0,988.0,76.0,https://specials-images.forbesimg.com/imageserve/661813c51cac792fc35e7c80/416x416.jpg?background=000000&cropX1=1585&cropX2=2980&cropY1=736&cropY2=2132,1080.0,1074.0,4000.0,,,,,,
James Chao,Chao,james-chao,no-pic,122.493,"Chemicals, building products",Manufacturing,M,United States,1777596602658,TX,Texas,4322.135,988.0,990.0,78.0,https://specials-images.forbesimg.com/imageserve/66fb2aa8e8e0f3fe23d213e9/416x416.jpg?background=000000&cropX1=0&cropX2=893&cropY1=81&cropY2=974,1081.0,1074.0,4000.0,,,,,,
Dorothy Chao Jenkins,Chao Jenkins,dorothy-chao-jenkins,no-pic-female,122.493,"Chemicals, building products",Manufacturing,F,United States,1777596602658,FL,Florida,4322.135,988.0,989.0,80.0,https://specials-images.forbesimg.com/imageserve/66fb26b729cb22cc88cfbbcf/416x416.jpg?background=000000&cropX1=0&cropX2=800&cropY1=0&cropY2=800,1082.0,1074.0,4000.0,,,,,,
Catharina Claas-Muhlhauser,Claas-Muhlhauser,catharina-claas-muhlhauser,no-pic-female,0.0,Agricultural Machinery,Manufacturing,F,Germany,1777596602658,,,3948.754,1091.0,1091.0,51.0,,1083.0,1074.0,4000.0,,,,,,
Kommer Damen,Damen,kommer-damen,kommer-damen,0.0,Shipbuilding,Manufacturing,M,Netherlands,1777596602658,,,3596.206,1190.0,1190.0,82.0,//specials-images.forbesimg.com/imageserve/58a241e3a7ea431f321972d9/416x416.jpg?background=000000&cropX1=0&cropX2=744&cropY1=356&cropY2=1100,1084.0,1074.0,4000.0,,,,,,
Kenneth Dart,Dart,kenneth-dart,no-pic,16.307,Investments,Finance & Investments,M,Belize,1777596602658,,,3809.882,1124.0,1124.0,71.0,,1085.0,1074.0,4000.0,,,,,,
Jim Davis,Davis,jim-davis-1,no-pic,0.0,Staffing & recruiting,Service,M,United States,1777596602658,MD,Maryland,4015.225,1072.0,1072.0,66.0,//specials-images.forbesimg.com/imageserve/5ab944eda7ea432fbc1d2d9c/416x416.jpg?background=000000&cropX1=0&cropX2=400&cropY1=0&cropY2=400,1086.0,1074.0,4000.0,,,,,,
"Edward DeBartolo, Jr.",DeBartolo,edward-debartolo-jr,edward-debartolo-jr,28.96,Shopping centers,Real Estate,M,United States,1777596602658,FL,Florida,3972.171,1087.0,1087.0,79.0,https://specials-images.forbesimg.com/imageserve/632cc5ab3b3068af937d2c2d/416x416.jpg?background=000000&cropX1=477&cropX2=900&cropY1=360&cropY2=783,1087.0,1074.0,4000.0,,,,,,
Norbert Dentressangle,Dentressangle,norbert-dentressangle,norbert-dentressangle,0.0,"Transport, logistics",Logistics,M,France,1777596602658,,,3980.587,1084.0,1084.0,71.0,//specials-images.forbesimg.com/imageserve/5a7df3f94bbe6f2652f520e6/416x416.jpg?background=000000&cropX1=0&cropX2=899&cropY1=276&cropY2=1175,1088.0,1074.0,4000.0,,,,,,
Reinold Geiger,Geiger,reinold-geiger,reinold-geiger,0.0,Beauty products,Fashion & Retail,M,Austria,1777596602658,,,3952.147,1090.0,1090.0,78.0,//specials-images.forbesimg.com/imageserve/5e741c9807adf00006db9df9/416x416.jpg?background=000000&cropX1=287&cropX2=563&cropY1=98&cropY2=374,1089.0,1074.0,4000.0,,,,,,
April Goh,Goh,april-goh,no-pic-female,-44.214,Paints,Manufacturing,F,Singapore,1777596602658,NY,New York,3438.052,1241.0,1241.0,35.0,,1090.0,1074.0,4000.0,,,,,,
Geoffrey Kwok,Kwok,geoffrey-kwok,no-pic,-78.8,Real estate,Real Estate,M,Hong Kong,1777596602658,,,3829.303,1121.0,1121.0,41.0,,1091.0,1074.0,4000.0,,,,,,
Jonathan Kwok,Kwok,jonathan-kwok,no-pic,-78.8,Real Estate,Real Estate,M,Hong Kong,1777596602658,,,3829.303,1121.0,1122.0,34.0,,1092.0,1074.0,4000.0,,,,,,
Louis Le Duff,Le Duff,louis-le-duff,louis-le-duff,0.0,Bakeries,Food & Beverage,M,France,1777596602658,,,3790.214,1129.0,1129.0,79.0,//specials-images.forbesimg.com/imageserve/56c7b8d6e4b062f6b59a23be/416x416.jpg?background=000000&cropX1=0&cropX2=741&cropY1=82&cropY2=823,1093.0,1074.0,4000.0,,,,,,
Lee Yeow Seng,Lee,lee-yeow-seng,no-pic,10.617,"Palm oil, property",Real Estate,M,Malaysia,1777596602658,,,4520.889,939.0,939.0,48.0,,1094.0,1074.0,4000.0,,,,,,
Jack Link,Link,jack-link,no-pic,0.0,Jack Link's meat snacks,Food & Beverage,M,United States,1777596602658,WI,Wisconsin,4000.0,1076.0,1077.0,80.0,https://specials-images.forbesimg.com/imageserve/69af16e301bf5151e96fdd2c/416x416.jpg?background=000000&cropX1=330&cropX2=1301&cropY1=103&cropY2=1074,1095.0,1074.0,4000.0,,,,,,
Marc Lore,Lore,marc-lore,no-pic,0.0,Jet.com,Technology,M,United States,1777596602658,NY,New York,3979.39,1085.0,1085.0,54.0,https://specials-images.forbesimg.com/imageserve/67e466e44b415fe25f0e6819/416x416.jpg?background=000000&cropX1=789&cropX2=3726&cropY1=6&cropY2=2941,1096.0,1074.0,4000.0,,,,,,
Anand Mahindra,Mahindra,anand-mahindra,anand-mahindra,-43.486,Diversified,Diversified,M,India,1777596602658,,,3561.071,1206.0,1206.0,71.0,https://specials-images.forbesimg.com/imageserve/68e6aeb6c550844c64972274/416x416.jpg?background=000000&cropX1=469&cropX2=1920&cropY1=40&cropY2=1490,1097.0,1074.0,4000.0,,,,,,
Mohamed Mansour,Mansour,mohamed-mansour,mohamed-mansour,0.145,Diversified,Diversified,M,Egypt,1777596602658,,,4033.252,1069.0,1069.0,78.0,//specials-images.forbesimg.com/imageserve/5a7ddba14bbe6f2652f51e41/416x416.jpg?background=000000&cropX1=1297&cropX2=2966&cropY1=17&cropY2=1685,1098.0,1074.0,4000.0,,,,,,
David Nahmad,Nahmad,david-nahmad,david-nahmad,0.0,Art collection,Fashion & Retail,M,Monaco,1777596602658,,,4000.0,1076.0,1076.0,79.0,//specials-images.forbesimg.com/imageserve/5e76f9a0c7b02d000666d3e5/416x416.jpg?background=000000&cropX1=2968&cropX2=5115&cropY1=820&cropY2=2965,1099.0,1074.0,4000.0,,,,,,
Kentaro Ogawa,Ogawa,kentaro-ogawa,kentaro-ogawa,165.966,Restaurants,Food & Beverage,M,Japan,1777596602658,,,3516.044,1219.0,1219.0,77.0,//specials-images.forbesimg.com/imageserve/5ea6e780f2e611000641c2e0/416x416.jpg?background=000000&cropX1=329&cropX2=2103&cropY1=381&cropY2=2155,1100.0,1074.0,4000.0,,,,,,
Clive Palmer,Palmer,clive-palmer,clive-palmer,0.0,Mining,Metals & Mining,M,Australia,1777596602658,,,4044.648,1065.0,1065.0,72.0,https://specials-images.forbesimg.com/imageserve/698243194d2bed503c9e8798/416x416.jpg?background=000000&cropX1=0&cropX2=2811&cropY1=0&cropY2=2812,1101.0,1074.0,4000.0,,,,,,
John Paulson,Paulson,john-paulson,john-paulson,0.0,Hedge funds,Finance & Investments,M,United States,1777596602658,NY,New York,4048.0,1063.0,1063.0,70.0,https://specials-images.forbesimg.com/imageserve/5f4975e7275f56b29858e438/416x416.jpg?background=000000&cropX1=1219&cropX2=3947&cropY1=39&cropY2=2765,1102.0,1074.0,4000.0,"Founder, Paulson & Co. Inc.",False,,,,
Giorgio Perfetti,Perfetti,giorgio-perfetti,no-pic,0.0,Candy,Food & Beverage,M,Italy,1777596602658,,,3783.119,1132.0,1132.0,59.0,,1103.0,1074.0,4000.0,,,,,,
Michael Saylor,Saylor,michael-saylor,no-pic,142.441,Cryptocurrency,Technology,M,United States,1777596602658,FL,Florida,4869.476,873.0,873.0,61.0,https://specials-images.forbesimg.com/imageserve/6063bb1d5a1bcb9685cc2f01/416x416.jpg?background=000000&cropX1=714&cropX2=1954&cropY1=457&cropY2=1696,1104.0,1074.0,4000.0,,,,,,
Hilton Schlosberg,Schlosberg,hilton-schlosberg,no-pic,7.709,Energy drinks,Food & Beverage,M,United Kingdom,1777596602658,CA,California,3641.431,1174.0,1174.0,73.0,//specials-images.forbesimg.com/imageserve/56cc6b78e4b062f6b59a5137/416x416.jpg?background=000000&cropX1=134&cropX2=654&cropY1=44&cropY2=564,1105.0,1074.0,4000.0,,,,,,
Sunny Varkey,Varkey,sunny-varkey,sunny-varkey,0.0,Education,Service,M,India,1777596602658,,,4000.0,1076.0,1078.0,69.0,//specials-images.forbesimg.com/imageserve/cae20d11ff4607d9cc72441fe608c1d5/416x416.jpg?background=000000&cropX1=84&cropX2=702&cropY1=89&cropY2=708,1106.0,1074.0,4000.0,,,,,,
Gang Ye,Ye,gang-ye,no-pic,47.312,"Online gaming, e-commerce",Media & Entertainment,M,Singapore,1777596602658,,,3354.685,1270.0,1270.0,45.0,//specials-images.forbesimg.com/imageserve/5d6005f595808800097db1c4/416x416.jpg?background=000000&cropX1=610&cropX2=4182&cropY1=168&cropY2=3740,1107.0,1074.0,4000.0,,,,,,
Margaret Baker,Baker,margaret-baker,no-pic-female,26.911,Medical supplies,Healthcare,F,United States,1777596602658,ID,Idaho,3857.46,1113.0,1113.0,60.0,,1108.0,1108.0,3900.0,,,,,,
Ron Burkle,Burkle,ron-burkle,ron-burkle,-0.092,"Supermarkets, investments",Finance & Investments,M,United States,1777596602658,,,3863.736,1111.0,1111.0,73.0,//specials-images.forbesimg.com/imageserve/55fab50ee4b0ffa7afe4aef8/416x416.jpg?background=000000&cropX1=127&cropX2=744&cropY1=60&cropY2=677,1109.0,1108.0,3900.0,"Founder, The Yucaipa Companies, LLC",False,,,,
Cai Dongchen,Cai,cai-dongchen,no-pic,18.03,Pharmaceuticals,Healthcare,M,China,1777596602658,,,3312.538,1282.0,1282.0,73.0,https://specials-images.forbesimg.com/imageserve/603e8f5d4a2df75cef4fb25a/416x416.jpg?background=000000&cropX1=0&cropX2=800&cropY1=0&cropY2=800,1110.0,1108.0,3900.0,,,,,,
Ray Davis,Davis,ray-davis,ray-davis,30.956,Pipelines,Energy,M,United States,1777596602658,TX,Texas,3997.378,1079.0,1079.0,84.0,//specials-images.forbesimg.com/imageserve/5d8b38d418444200084e76cd/416x416.jpg?background=000000&cropX1=673&cropX2=2827&cropY1=341&cropY2=2496,1111.0,1108.0,3900.0,,,,,,
Martin Ebner,Ebner,martin-ebner,martin-ebner,6.212,Investments,Finance & Investments,M,Switzerland,1777596602658,,,3872.839,1109.0,1109.0,80.0,//specials-images.forbesimg.com/imageserve/5e77d16410380d0006fbc6bb/416x416.jpg?background=000000&cropX1=1938&cropX2=3845&cropY1=86&cropY2=1992,1112.0,1108.0,3900.0,,,,,,
Behdad Eghbali,Eghbali,behdad-eghbali,no-pic,0.0,Private equity,Finance & Investments,M,United States,1777596602658,CA,California,3856.3,1114.0,1114.0,49.0,https://specials-images.forbesimg.com/imageserve/5f651d983be3dbe8691f947b/416x416.jpg?background=000000&cropX1=0&cropX2=2400&cropY1=34&cropY2=2434,1113.0,1108.0,3900.0,,,,,,
José E. Feliciano,Feliciano,jose-e-feliciano,no-pic,0.0,Private equity,Finance & Investments,M,United States,1777596602658,CA,California,3876.8,1107.0,1107.0,52.0,https://specials-images.forbesimg.com/imageserve/5f651e133f39219b4852680e/416x416.jpg?background=000000&cropX1=1926&cropX2=3214&cropY1=567&cropY2=1856,1114.0,1108.0,3900.0,,,,,,
"Amos Hostetter, Jr.",Hostetter,amos-hostetter-jr,amos-hostetter-jr,2.079,Cable television,Media & Entertainment,M,United States,1777596602658,MA,Massachusetts,3886.861,1103.0,1103.0,89.0,//specials-images.forbesimg.com/imageserve/5d8ae3eb22254b0008e16588/416x416.jpg?background=000000&cropX1=80&cropX2=348&cropY1=20&cropY2=288,1115.0,1108.0,3900.0,,,,,,
Stephen Jarislowsky,Jarislowsky,stephen-jarislowsky,stephen-jarislowsky,13.412,Money management,Finance & Investments,M,Canada,1777596602658,,,3887.323,1102.0,1102.0,100.0,//specials-images.forbesimg.com/imageserve/5e744a152a573300068fcd93/416x416.jpg?background=000000&cropX1=284&cropX2=1738&cropY1=0&cropY2=1455,1116.0,1108.0,3900.0,"Cofounder and Chairman, Jarislowsky & Fraser",False,,,,
Kwek Leng Beng,Kwek,kwek-leng-beng,kwek-leng-beng,0.0,Diversified,Diversified,M,Singapore,1777596602658,,,3846.983,1116.0,1116.0,85.0,https://specials-images.forbesimg.com/imageserve/68b7311fe3ee124b7051ca4a/416x416.jpg?background=000000&cropX1=603&cropX2=1561&cropY1=135&cropY2=1092,1117.0,1108.0,3900.0,,,,,,
Ben Lamm,Lamm,ben-lamm,no-pic,0.0,biotech,Technology,M,United States,1777596602658,TX,Texas,3853.97,1115.0,1115.0,44.0,https://specials-images.forbesimg.com/imageserve/67e454652c7b4a63d1fe056e/416x416.jpg?background=000000&cropX1=989&cropX2=2624&cropY1=1803&cropY2=3440,1118.0,1108.0,3900.0,,,,,,
Spiro Latsis,Latsis,spiro-latsis,spiro-latsis,17.924,"Banking, shipping",Diversified,M,Greece,1777596602658,,,3534.316,1213.0,1213.0,79.0,//specials-images.forbesimg.com/imageserve/56ca07f8e4b062f6b59a2de6/416x416.jpg?background=000000&cropX1=2&cropX2=703&cropY1=35&cropY2=736,1119.0,1108.0,3900.0,,,,,,
Theodore Leonsis,Leonsis,theodore-leonsis,no-pic,0.308,Sports teams,Sports,M,United States,1777596602658,MD,Maryland,3874.733,1108.0,1108.0,70.0,//specials-images.forbesimg.com/imageserve/5c817682a7ea434b351c0059/416x416.jpg?background=000000&cropX1=0&cropX2=1728&cropY1=196&cropY2=1925,1120.0,1108.0,3900.0,,,,,,
Daniel Mate,Mate,daniel-mate,no-pic,71.413,"Mining, commodities",Metals & Mining,M,Spain,1777596602658,,,4112.455,1045.0,1045.0,62.0,,1121.0,1108.0,3900.0,,,,,,
Ronald McAulay,McAulay,ronald-mcaulay,no-pic,-27.331,Energy,Energy,M,Hong Kong,1777596602658,,,3898.457,1100.0,1100.0,90.0,//specials-images.forbesimg.com/imageserve/5e3b32b73dcf0d0006b852b8/416x416.jpg?background=000000&cropX1=0&cropX2=352&cropY1=26&cropY2=378,1122.0,1108.0,3900.0,,,,,,
Jed McCaleb,McCaleb,jed-mccaleb,no-pic,0.0,Cryptocurrency,Finance & Investments,M,United States,1777596602658,CA,California,3909.0,1098.0,1098.0,51.0,https://specials-images.forbesimg.com/imageserve/6063b1f8f9247ba4694ae7fc/416x416.jpg?background=000000&cropX1=875&cropX2=2345&cropY1=525&cropY2=1995,1123.0,1108.0,3900.0,,,,,,
P.N.C. Menon,Menon,pnc-menon,pnc-menon,-10.763,Real estate,Real Estate,M,Oman,1777596602658,,,3913.847,1096.0,1096.0,77.0,https://specials-images.forbesimg.com/imageserve/642ad7d4c48f1e1ba0deb166/416x416.jpg?background=000000&cropX1=386&cropX2=1621&cropY1=270&cropY2=1505,1124.0,1108.0,3900.0,,,,,,
Hiroshi Mikitani,Mikitani,hiroshi-mikitani,hiroshi-mikitani,-72.02,Online retail,Fashion & Retail,M,Japan,1777596602658,,,3551.184,1210.0,1210.0,61.0,https://specials-images.forbesimg.com/imageserve/683dc7c62c5b401ae09ec4ce/416x416.jpg?background=000000&cropX1=1389&cropX2=2542&cropY1=5&cropY2=1158,1125.0,1108.0,3900.0,,,,,,
Kailashchandra Nuwal,Nuwal,kailashchandra-nuwal,no-pic,15.073,Industrial explosives,Manufacturing,M,India,1777596602658,,,4323.327,987.0,987.0,68.0,https://specials-images.forbesimg.com/imageserve/68e6b7ceda008a7fb86ef6e5/416x416.jpg?background=000000&cropX1=0&cropX2=800&cropY1=0&cropY2=800,1126.0,1108.0,3900.0,,,,,,
Julio Ponce Lerou,Ponce Lerou,julio-ponce-lerou,no-pic,10.103,Fertilizer,Metals & Mining,M,Chile,1777596602658,,,4281.886,998.0,998.0,80.0,,1127.0,1108.0,3900.0,,,,,,
Prasert Prasarttong-Osoth,Prasarttong-Osoth,prasert-prasarttong-osoth,prasert-prasarttong-osoth,,"Hospitals, airline",Healthcare,M,Thailand,1776850244170,,,,,,93.0,https://specials-images.forbesimg.com/imageserve/64a6e899d7afb6081c4c321c/416x416.jpg?background=000000&cropX1=52&cropX2=969&cropY1=35&cropY2=951,1128.0,1108.0,3900.0,,,,,,
J.B. Pritzker,Pritzker,jb-pritzker,no-pic,0.0,"Hotels, investments",Finance & Investments,M,United States,1777596602658,IL,Illinois,4318.303,993.0,993.0,61.0,https://specials-images.forbesimg.com/imageserve/642b3125043fc33fd5a008b3/416x416.jpg?background=000000&cropX1=1211&cropX2=2890&cropY1=46&cropY2=1725,1129.0,1108.0,3900.0,,,,,,
G. M. Rao,Rao,g-m-rao,g-m-rao,-2.787,Infrastructure,Logistics,M,India,1777596602658,,,3580.27,1197.0,1197.0,75.0,https://specials-images.forbesimg.com/imageserve/67047e7c3d1ddefad67f98e9/416x416.jpg?background=000000&cropX1=6&cropX2=774&cropY1=56&cropY2=824,1130.0,1108.0,3900.0,,,,,,
Remo Ruffini,Ruffini,remo-ruffini,remo-ruffini,-48.756,Winter jackets,Fashion & Retail,M,Italy,1777596602658,,,3498.179,1226.0,1226.0,64.0,//specials-images.forbesimg.com/imageserve/5e76da27d8e1ae0007b72692/416x416.jpg?background=000000&cropX1=407&cropX2=1689&cropY1=0&cropY2=1280,1131.0,1108.0,3900.0,,,,,,
Mark Shoen,Shoen,mark-shoen,no-pic,16.206,U-Haul,Automotive,M,United States,1777596602658,AZ,Arizona,3893.092,1101.0,1101.0,75.0,,1132.0,1108.0,3900.0,,,,,,
Thomas Siebel,Siebel,thomas-siebel,thomas-siebel,-0.553,Business software,Technology,M,United States,1777596602658,CA,California,3947.212,1092.0,1092.0,73.0,//specials-images.forbesimg.com/imageserve/5d8afefa18444200084e73b7/416x416.jpg?background=000000&cropX1=691&cropX2=3487&cropY1=370&cropY2=3168,1133.0,1108.0,3900.0,,,,,,
Sergio Stevanato,Stevanato,sergio-stevanato,no-pic,170.641,Medical packaging,Healthcare,M,Italy,1777596602658,,,4265.575,1003.0,1003.0,83.0,https://specials-images.forbesimg.com/imageserve/5f4ff56c92007ee297ba0c26/416x416.jpg?background=000000&cropX1=0&cropX2=915&cropY1=83&cropY2=999,1134.0,1108.0,3900.0,,,,,,
Steve Wynn,Wynn,steve-wynn,steve-wynn,0.0,"Casinos, hotels",Gambling & Casinos,M,United States,1777596602658,FL,Florida,3864.945,1110.0,1110.0,84.0,https://specials-images.forbesimg.com/imageserve/5f492f19b83ec6ab5858e438/416x416.jpg?background=000000&cropX1=777&cropX2=3114&cropY1=80&cropY2=2418,1135.0,1108.0,3900.0,"Cofounder, Wynn Resorts",False,,,,
Yao Liangsong,Yao,yao-liangsong,no-pic,0.0,Furniture,Manufacturing,M,China,1777596602658,,,3379.641,1263.0,1263.0,61.0,https://specials-images.forbesimg.com/imageserve/6182cb06eca421f59e3d1ca0/416x416.jpg?background=000000&cropX1=787&cropX2=2131&cropY1=206&cropY2=1550,1136.0,1108.0,3900.0,,,,,,
Cameron Adams,Adams,cameron-adams,no-pic,0.0,Software,Technology,M,Australia,1777596602658,,,3780.0,1135.0,1135.0,46.0,https://specials-images.forbesimg.com/imageserve/63ea7154b1bfdd47b1d77e9c/416x416.jpg?background=000000&cropX1=0&cropX2=1080&cropY1=0&cropY2=1080,1137.0,1137.0,3800.0,,,,,,
Dennis Bastas,Bastas,dennis-bastas,no-pic,0.0,pharmaceuticals,Healthcare,M,Australia,1777596602658,,,3770.839,1139.0,1139.0,59.0,https://specials-images.forbesimg.com/imageserve/6982440058c9d3f738624cae/416x416.jpg?background=000000&cropX1=184&cropX2=981&cropY1=84&cropY2=881,1138.0,1137.0,3800.0,,,,,,
Fernando Chico Pardo,Chico Pardo,fernando-chico-pardo,no-pic,35.27,Airport management,Service,M,Mexico,1777596602658,,,3364.944,1266.0,1266.0,74.0,//specials-images.forbesimg.com/imageserve/5c7850314bbe6f0583123c77/416x416.jpg?background=000000&cropX1=154&cropX2=858&cropY1=16&cropY2=720,1139.0,1137.0,3800.0,,,,,,
Ralph Dommermuth,Dommermuth,ralph-dommermuth,ralph-dommermuth,30.909,Internet service provider,Technology,M,Germany,1777596602658,,,3582.8,1194.0,1194.0,62.0,//specials-images.forbesimg.com/imageserve/5e76345bd8e1ae0007b71c96/416x416.jpg?background=000000&cropX1=312&cropX2=3417&cropY1=20&cropY2=3127,1140.0,1137.0,3800.0,,,,,,
John Fisher,Fisher,john-fisher,john-fisher,13.608,Gap,Fashion & Retail,M,United States,1777596602658,CA,California,3680.985,1163.0,1163.0,64.0,//specials-images.forbesimg.com/imageserve/5d8b0ff822254b0008e168d7/416x416.jpg?background=000000&cropX1=858&cropX2=3345&cropY1=629&cropY2=3117,1141.0,1137.0,3800.0,"President, Pisces, Inc.",False,,,,
Erman Ilicak,Ilicak,erman-ilicak,erman-ilicak,4.106,Construction,Construction & Engineering,M,Turkey,1777596602658,,,3788.657,1130.0,1130.0,58.0,//specials-images.forbesimg.com/imageserve/5e77e041c7b02d000666e08f/416x416.jpg?background=000000&cropX1=1180&cropX2=2828&cropY1=33&cropY2=1679,1142.0,1137.0,3800.0,,,,,,
Adam Kwok,Kwok,adam-kwok,no-pic,-80.505,Real estate,Real Estate,M,Hong Kong,1777596602658,,,3616.518,1185.0,1185.0,43.0,//specials-images.forbesimg.com/imageserve/5e763fa010380d0006fbaed4/416x416.jpg?background=000000&cropX1=509&cropX2=3088&cropY1=0&cropY2=2579,1143.0,1137.0,3800.0,,,,,,
Michiel Le Roux,Le Roux,michiel-le-roux,no-pic,-70.971,Banking,Finance & Investments,M,South Africa,1777596602658,,,3331.439,1277.0,1277.0,76.0,//specials-images.forbesimg.com/imageserve/5a80fc894bbe6f2652f543fb/416x416.jpg?background=000000&cropX1=87&cropX2=542&cropY1=0&cropY2=455,1144.0,1137.0,3800.0,,,,,,
Wolfgang Leitner,Leitner,wolfgang-leitner,wolfgang-leitner,-26.83,Engineering,Construction & Engineering,M,Austria,1777596602658,,,3756.345,1145.0,1145.0,73.0,https://specials-images.forbesimg.com/imageserve/603e8f5d4a2df75cef4fb25a/416x416.jpg?background=000000&cropX1=0&cropX2=800&cropY1=0&cropY2=800,1145.0,1137.0,3800.0,,,,,,
Li Zhenguo,Li,li-zhenguo-1,no-pic,-18.312,Solar wafers and modules,Manufacturing,M,China,1777596602658,,,3440.902,1240.0,1240.0,58.0,//specials-images.forbesimg.com/imageserve/5e75684107adf00006dbc190/416x416.jpg?background=000000&cropX1=70&cropX2=695&cropY1=70&cropY2=696,1146.0,1137.0,3800.0,,,,,,
Daniel Loeb,Loeb,daniel-loeb,daniel-loeb,0.801,Hedge funds,Finance & Investments,M,United States,1777596602658,NY,New York,3861.372,1112.0,1112.0,64.0,//specials-images.forbesimg.com/imageserve/5d8b04349a9bdd00080fb12d/416x416.jpg?background=000000&cropX1=206&cropX2=2416&cropY1=39&cropY2=2250,1147.0,1137.0,3800.0,"Founder, Third Point",False,,,,
Najib Mikati,Mikati,najib-mikati,najib-mikati,2.705,Telecom,Telecom,M,Lebanon,1777596602658,,,3790.82,1127.0,1127.0,70.0,//specials-images.forbesimg.com/imageserve/589fcf4c31358e1a35ab2cd7/416x416.jpg?background=000000&cropX1=50&cropX2=647&cropY1=122&cropY2=720,1148.0,1137.0,3800.0,,,,,,
Taha Mikati,Mikati,taha-mikati,no-pic,2.705,Telecom,Telecom,M,Lebanon,1777596602658,,,3790.82,1127.0,1128.0,81.0,//specials-images.forbesimg.com/imageserve/5a7fc2eca7ea431690133122/416x416.jpg?background=000000&cropX1=0&cropX2=271&cropY1=14&cropY2=285,1149.0,1137.0,3800.0,,,,,,
Ira Rennert,Rennert,ira-rennert,ira-rennert,0.0,Investments,Finance & Investments,M,United States,1777596602658,NY,New York,3813.8,1123.0,1123.0,91.0,//specials-images.forbesimg.com/imageserve/57e06ef631358e16c589b9fd/416x416.jpg?background=000000&cropX1=79&cropX2=744&cropY1=44&cropY2=710,1150.0,1137.0,3800.0,,,,,,
Alejandro Santo Domingo,Santo Domingo,alejandro-santo-domingo,alejandro-santo-domingo,99.361,Beer,Food & Beverage,M,United States,1777596602658,NY,New York,3926.05,1093.0,1093.0,49.0,//specials-images.forbesimg.com/imageserve/5d8ac16618444200084e70cf/416x416.jpg?background=000000&cropX1=481&cropX2=1533&cropY1=60&cropY2=1113,1151.0,1137.0,3800.0,,,,,,
Scott Shleifer,Shleifer,scott-shleifer,scott-shleifer,0.0,Private equity,Finance & Investments,M,United States,1777596602658,NY,New York,3780.0,1135.0,1136.0,48.0,//specials-images.forbesimg.com/imageserve/5c9cfd2ca7ea43206f1395e7/416x416.jpg?background=000000&cropX1=119&cropX2=1072&cropY1=188&cropY2=1141,1152.0,1137.0,3800.0,"Partner, Tiger Global Management",False,,,,
Kavitark Ram Shriram,Shriram,kavitark-ram-shriram,kavitark-ram-shriram,165.567,"Google, venture capital",Technology,M,United States,1777596602658,CA,California,4146.651,1032.0,1032.0,69.0,//specials-images.forbesimg.com/imageserve/59de75594bbe6f37dda0582b/416x416.jpg?background=000000&cropX1=645&cropX2=1715&cropY1=135&cropY2=1205,1153.0,1137.0,3800.0,"Managing Partner, Sherpalo Ventures",False,,,,
Peter Sondakh,Sondakh,peter-sondakh,peter-sondakh,-20.234,Investments,Finance & Investments,M,Indonesia,1777596602658,,,3452.393,1236.0,1236.0,76.0,//specials-images.forbesimg.com/imageserve/5c09702ca7ea437059198481/416x416.jpg?background=000000&cropX1=40&cropX2=1486&cropY1=463&cropY2=1908,1154.0,1137.0,3800.0,,,,,,
Lawrence Stroll,Stroll,lawrence-stroll,lawrence-stroll,-1.044,Fashion investments,Fashion & Retail,M,Canada,1777596602658,,,3750.04,1147.0,1147.0,66.0,//specials-images.forbesimg.com/imageserve/5e74479010380d0006bdad4c/416x416.jpg?background=000000&cropX1=141&cropX2=2909&cropY1=91&cropY2=2857,1155.0,1137.0,3800.0,,,,,,
Su Hua,Su,su-hua,no-pic,-34.27,Video streaming,Media & Entertainment,M,China,1777596602658,,,2678.511,1562.0,1562.0,44.0,https://specials-images.forbesimg.com/imageserve/6050f48ca1ab099ed6e290cc/416x416.jpg?background=000000&cropX1=0&cropX2=800&cropY1=0&cropY2=800,1156.0,1137.0,3800.0,,,,,,
Daniel Sundheim,Sundheim,daniel-sundheim,no-pic,0.0,Hedge funds,Finance & Investments,M,United States,1777596602658,NY,New York,3831.0,1120.0,1120.0,49.0,https://specials-images.forbesimg.com/imageserve/6063814730d15bbcd7ce7e1c/416x416.jpg?background=000000&cropX1=0&cropX2=1361&cropY1=435&cropY2=1797,1157.0,1137.0,3800.0,,,,,,
Todd Wanek,Wanek,todd-wanek,no-pic,0.0,Furniture,Manufacturing,M,United States,1777596602658,FL,Florida,4145.874,1033.0,1033.0,62.0,https://specials-images.forbesimg.com/imageserve/5f46ae392695c15135a077ad/416x416.jpg?background=000000&cropX1=424&cropX2=1125&cropY1=79&cropY2=780,1158.0,1137.0,3800.0,,,,,,
Meg Whitman,Whitman,meg-whitman,meg-whitman,-12.015,EBay,Technology,F,United States,1777596602658,CA,California,4178.269,1024.0,1024.0,69.0,//specials-images.forbesimg.com/imageserve/5e8b63cae2bb040006428af5/416x416.jpg?background=000000&cropX1=0&cropX2=4162&cropY1=394&cropY2=4560,1159.0,1137.0,3800.0,,,,,,
Zhou Xiaoping,Xiaoping,zhou-xiaoping-1,no-pic-female,-36.773,Auto parts,Manufacturing,F,China,1777596602658,,,3161.286,1347.0,1347.0,64.0,,1160.0,1137.0,3800.0,,,,,,
Xue Min,Xue,xue-min,no-pic,-73.767,Healthcare,Healthcare,M,China,1777596602658,,,3233.587,1307.0,1307.0,69.0,,1161.0,1137.0,3800.0,,,,,,
Ye Chenghai,Ye,ye-chenghai,ye-chenghai,-37.431,Pharmaceuticals,Healthcare,M,Hong Kong,1777596602658,,,3987.966,1083.0,1083.0,82.0,//specials-images.forbesimg.com/imageserve/f4143f928bec51caf481ad44beb7d878/416x416.jpg?background=000000&cropX1=0&cropX2=742&cropY1=180&cropY2=923,1162.0,1137.0,3800.0,,,,,,
Syed Mokhtar AlBukhary,AlBukhary,syed-mokhtar-albukhary,syed-mokhtar-albukhary,-4.477,"Engineering, automotive",Construction & Engineering,M,Malaysia,1777596602658,,,3592.895,1191.0,1191.0,74.0,//specials-images.forbesimg.com/imageserve/5e5fd978e1e617000758d5f3/416x416.jpg?background=000000&cropX1=304&cropX2=1210&cropY1=208&cropY2=1114,1163.0,1163.0,3700.0,,,,,,
Nick Caporella,Caporella,nick-caporella,no-pic,32.193,Beverages,Food & Beverage,M,United States,1777596602658,FL,Florida,3569.899,1199.0,1199.0,90.0,,1164.0,1163.0,3700.0,,,,,,
Chen Jiancheng,Chen,chen-jiancheng,chen-jiancheng,25.609,Manufacturing,Manufacturing,M,China,1777596602658,,,3173.781,1337.0,1337.0,67.0,//specials-images.forbesimg.com/imageserve/5a7c83234bbe6f2652f50098/416x416.jpg?background=000000&cropX1=826&cropX2=2788&cropY1=375&cropY2=2336,1165.0,1163.0,3700.0,,,,,,
Robert Clark,Clark,robert-clark,no-pic,0.0,Construction,Construction & Engineering,M,United States,1777596602658,MO,Missouri,3713.323,1153.0,1153.0,67.0,https://specials-images.forbesimg.com/imageserve/627e6acbf00db40f51b036cc/416x416.jpg?background=000000&cropX1=456&cropX2=1516&cropY1=175&cropY2=1236,1166.0,1163.0,3700.0,,,,,,
Jean Coutu,Coutu,jean-coutu,jean-coutu,32.18,Drugstores,Fashion & Retail,M,Canada,1777596602658,,,3585.8,1193.0,1193.0,98.0,//specials-images.forbesimg.com/imageserve/5a7badf34bbe6f2652f4f383/416x416.jpg?background=000000&cropX1=3&cropX2=1249&cropY1=420&cropY2=1666,1167.0,1163.0,3700.0,"Chairman, Jean Coutu Group (PJC) Inc. (Cl A)",False,,,,
Brunello Cucinelli,Cucinelli,brunello-cucinelli,brunello-cucinelli,54.952,Fashion,Fashion & Retail,M,Italy,1777596602658,,,3681.589,1162.0,1162.0,72.0,//specials-images.forbesimg.com/imageserve/5e76d2d3d8e1ae0007b72603/416x416.jpg?background=000000&cropX1=380&cropX2=2885&cropY1=15&cropY2=2519,1168.0,1163.0,3700.0,,,,,,
Jacques D'Amours,D'Amours,jacques-damours,no-pic,178.501,Convenience stores,Fashion & Retail,M,Canada,1777596602658,,,3608.07,1188.0,1188.0,69.0,,1169.0,1163.0,3700.0,,,,,,
Marco DeGeorge,DeGeorge,marco-degeorge,no-pic,0.0,Alo Yoga,Fashion & Retail,M,United States,1777596602658,CA,California,3692.499,1161.0,1161.0,52.0,,1170.0,1163.0,3700.0,,,,,,
Fabrizio Di Amato,Di Amato,fabrizio-di-amato,no-pic,-160.858,Engineering,Construction & Engineering,M,Italy,1777596602658,,,3752.236,1146.0,1146.0,62.0,,1171.0,1163.0,3700.0,,,,,,
Alceu Elias Feldmann,Feldmann,alceu-elias-feldmann,no-pic,0.0,Fertilizer,Energy,M,Brazil,1777596602658,,,3782.148,1134.0,1134.0,76.0,//specials-images.forbesimg.com/imageserve/5c6ccb8631358e1c187f1105/416x416.jpg?background=000000&cropX1=19&cropX2=617&cropY1=5&cropY2=603,1172.0,1163.0,3700.0,,,,,,
"Frank Fertitta, III.",Fertitta,frank-fertitta-iii,frank-fertitta-iii,-56.714,"Casinos, mixed martial arts",Sports,M,United States,1777596602658,NV,Nevada,3502.467,1223.0,1223.0,64.0,//specials-images.forbesimg.com/imageserve/5ba67c214bbe6f79516f6c10/416x416.jpg?background=000000&cropX1=105&cropX2=676&cropY1=151&cropY2=722,1173.0,1163.0,3700.0,,,,,,
Lorenzo Fertitta,Fertitta,lorenzo-fertitta,lorenzo-fertitta,-56.714,"Casinos, mixed martial arts",Sports,M,United States,1777596602658,NV,Nevada,3518.307,1217.0,1217.0,57.0,//specials-images.forbesimg.com/imageserve/5ba67eaea7ea434e4c696e8e/416x416.jpg?background=000000&cropX1=37&cropX2=587&cropY1=174&cropY2=724,1174.0,1163.0,3700.0,,,,,,
Maggie Gu,Gu,maggie-gu,no-pic-female,0.0,Shein,Fashion & Retail,F,China,1777596602658,,,3710.0,1154.0,1154.0,44.0,https://specials-images.forbesimg.com/imageserve/68642fae31cb51667f2b68fe/416x416.jpg?background=000000&cropX1=3&cropX2=1772&cropY1=3&cropY2=1772,1175.0,1163.0,3700.0,,,,,,
Peter Hargreaves,Hargreaves,peter-hargreaves,peter-hargreaves,8.369,Financial services,Finance & Investments,M,United Kingdom,1777596602658,,,3702.675,1158.0,1158.0,79.0,//specials-images.forbesimg.com/imageserve/58a0d206a7ea431f32195a58/416x416.jpg?background=000000&cropX1=2&cropX2=744&cropY1=2&cropY2=745,1176.0,1163.0,3700.0,,,,,,
Danny Harris,Harris,danny-harris,no-pic,0.0,Alo Yoga,Fashion & Retail,M,United States,1777596602658,CA,California,3728.711,1151.0,1151.0,53.0,,1177.0,1163.0,3700.0,,,,,,
Gerry Harvey,Harvey,gerry-harvey,gerry-harvey,1.911,Retail,Fashion & Retail,M,Australia,1777596602658,,,3272.763,1293.0,1293.0,86.0,https://specials-images.forbesimg.com/imageserve/698243860b968b21be334fc9/416x416.jpg?background=000000&cropX1=0&cropX2=2992&cropY1=52&cropY2=3045,1178.0,1163.0,3700.0,,,,,,
Hong Jie,Hong,hong-jie,no-pic,-26.77,Paint,Manufacturing,M,China,1777596602658,,,3007.796,1399.0,1399.0,58.0,https://specials-images.forbesimg.com/imageserve/6050f48ca1ab099ed6e290cc/416x416.jpg?background=000000&cropX1=0&cropX2=800&cropY1=0&cropY2=800,1179.0,1163.0,3700.0,,,,,,
Liu Wei,Liu,liu-wei-2,no-pic,0.0,Mobile gaming,Technology,M,China,1777596602658,,,3700.0,1159.0,1159.0,39.0,https://specials-images.forbesimg.com/imageserve/67250afd4991d5a78b033ba9/416x416.jpg?background=000000&cropX1=1&cropX2=800&cropY1=1&cropY2=800,1180.0,1163.0,3700.0,,,,,,
Gilles Martin,Martin,gilles-martin,no-pic,74.457,Laboratory services,Healthcare,M,France,1777596602658,,,3229.489,1309.0,1309.0,62.0,//specials-images.forbesimg.com/imageserve/5c6f8f2431358e35dd26d07f/416x416.jpg?background=000000&cropX1=614&cropX2=3435&cropY1=0&cropY2=2820,1181.0,1163.0,3700.0,,,,,,
Molly Miao,Miao,molly-miao,no-pic-female,0.0,Shein,Fashion & Retail,F,China,1777596602658,,,3710.0,1154.0,1155.0,40.0,,1182.0,1163.0,3700.0,,,,,,
Masahiro Miki,Miki,masahiro-miki,masahiro-miki,-58.895,Shoes,Fashion & Retail,M,Japan,1777596602658,,,3656.194,1167.0,1167.0,70.0,//specials-images.forbesimg.com/imageserve/4b326a448b4132675e2cb6e3202fa061/416x416.jpg?background=000000&cropX1=0&cropX2=372&cropY1=2&cropY2=374,1183.0,1163.0,3700.0,,,,,,
Hans Georg Naeder,Naeder,hans-georg-naeder,hans-georg-naeder,42.314,Prosthetics,Manufacturing,M,Germany,1777596602658,,,3766.315,1140.0,1140.0,64.0,https://specials-images.forbesimg.com/imageserve/6050f48ca1ab099ed6e290cc/416x416.jpg?background=000000&cropX1=0&cropX2=800&cropY1=0&cropY2=800,1184.0,1163.0,3700.0,,,,,,
James Packer,Packer,james-packer,james-packer,0.0,Investments,Finance & Investments,M,Australia,1777596602658,CA,California,3714.883,1152.0,1152.0,58.0,//specials-images.forbesimg.com/imageserve/5e73f78c07adf00006db9b99/416x416.jpg?background=000000&cropX1=1097&cropX2=3748&cropY1=0&cropY2=2654,1185.0,1163.0,3700.0,,,,,,
Ren Xiaoqing,Ren,ren-xiaoqing,no-pic,0.0,Shein,Fashion & Retail,M,China,1777596602658,,,3710.0,1154.0,1156.0,45.0,,1186.0,1163.0,3700.0,,,,,,
Ricardo Salinas Pliego,Salinas Pliego,ricardo-salinas-pliego,ricardo-salinas-pliego,0.0,"Retail, media",Fashion & Retail,M,Mexico,1777596602658,,,3654.217,1169.0,1169.0,70.0,//specials-images.forbesimg.com/imageserve/5e76f7eed8e1ae0007b727e6/416x416.jpg?background=000000&cropX1=704&cropX2=1950&cropY1=125&cropY2=1371,1187.0,1163.0,3700.0,,,,,,
David Wertheim,Wertheim,david-wertheim,no-pic,0.0,Coca-Cola Israel,Food & Beverage,M,Israel,1777596602658,,,3919.87,1094.0,1094.0,68.0,,1188.0,1163.0,3700.0,,,,,,
Juan Abello,Abello,juan-abello,juan-abello,-2.581,Investments,Finance & Investments,M,Spain,1777596602658,,,3577.351,1198.0,1198.0,84.0,//specials-images.forbesimg.com/imageserve/5e77be54c7b02d000666dccc/416x416.jpg?background=000000&cropX1=1222&cropX2=2893&cropY1=11&cropY2=1681,1189.0,1189.0,3600.0,,,,,,
Brian Acton,Acton,brian-acton,brian-acton,0.0,WhatsApp,Technology,M,United States,1777596602658,CA,California,3581.0,1196.0,1196.0,54.0,//specials-images.forbesimg.com/imageserve/5d8b0d2022254b0008e16873/416x416.jpg?background=000000&cropX1=908&cropX2=3880&cropY1=1140&cropY2=4114,1190.0,1189.0,3600.0,"Cofounder, WhatsApp Inc.",False,,,,
Ramon Ang,Ang,ramon-ang,ramon-ang,0.0,Diversified,Food & Beverage,M,Philippines,1777596602658,,,3443.621,1239.0,1239.0,72.0,https://specials-images.forbesimg.com/imageserve/66abb0ec818075c11bf50c60/416x416.jpg?background=000000&cropX1=32&cropX2=822&cropY1=111&cropY2=902,1191.0,1189.0,3600.0,,,,,,
Koos Bekker,Bekker,koos-bekker,koos-bekker,10.335,"Media, investments",Media & Entertainment,M,South Africa,1777596602658,,,3483.418,1229.0,1229.0,73.0,https://specials-images.forbesimg.com/imageserve/600ae661a8213429e2ca1f4e/416x416.jpg?background=000000&cropX1=497&cropX2=1828&cropY1=0&cropY2=1332,1192.0,1189.0,3600.0,,,,,,
Chey Tae-won,Chey,chey-tae-won,chey-tae-won,-0.134,"Oil, semiconductor",Technology,M,South Korea,1777596602658,,,3650.397,1171.0,1171.0,65.0,https://specials-images.forbesimg.com/imageserve/69d924dec9d3bdffdddf82ef/416x416.jpg?background=000000&cropX1=392&cropX2=1796&cropY1=392&cropY2=1796,1193.0,1189.0,3600.0,,,,,,
Leon G. Cooperman,Cooperman,leon-g-cooperman,leon-g-cooperman,0.0,Hedge funds,Finance & Investments,M,United States,1777596602658,FL,Florida,3614.0,1187.0,1187.0,83.0,//specials-images.forbesimg.com/imageserve/59dbebf94bbe6f37dda03841/416x416.jpg?background=000000&cropX1=50&cropX2=3490&cropY1=186&cropY2=3629,1194.0,1189.0,3600.0,"Founder, Omega Advisors, Inc.",False,,,,
Catheline Perier D'Ieteren,D'Ieteren,catheline-perier-dieteren,no-pic-female,5.385,"Auto parts, distribution",Automotive,F,Belgium,1777596602658,,,3469.353,1231.0,1231.0,81.0,,1195.0,1189.0,3600.0,,,,,,
Antonio Del Valle Ruiz,Del Valle Ruiz,antonio-del-valle-ruiz,antonio-del-valle-ruiz,4.655,Chemicals,Manufacturing,M,Mexico,1777596602658,,,3561.182,1205.0,1205.0,87.0,//specials-images.forbesimg.com/imageserve/5a7fca614bbe6f2652f53674/416x416.jpg?background=000000&cropX1=364&cropX2=2631&cropY1=4&cropY2=2272,1196.0,1189.0,3600.0,,,,,,
Marc Fielmann,Fielmann,marc-fielmann,no-pic,-35.088,Optometry,Manufacturing,M,Germany,1777596602658,,,3429.49,1245.0,1245.0,36.0,https://specials-images.forbesimg.com/imageserve/66196cb63de5d037f7e68894/416x416.jpg?background=000000&cropX1=1479&cropX2=4468&cropY1=0&cropY2=2987,1197.0,1189.0,3600.0,,,,,,
John Fish,Fish,john-fish,no-pic,,Construction,Construction & Engineering,M,United States,1773173494218,MA,Massachusetts,,,,66.0,https://specials-images.forbesimg.com/imageserve/69b041faf53987cbd8f6cec4/416x416.jpg?background=000000&cropX1=1213&cropX2=2499&cropY1=146&cropY2=1432,1198.0,1189.0,3600.0,,,,,,
Robert Friedland,Friedland,robert-friedland,robert-friedland,26.356,Mining,Metals & Mining,M,United States,1777596602658,,,3072.892,1381.0,1381.0,75.0,https://specials-images.forbesimg.com/imageserve/68b733949d0b68c878448b25/416x416.jpg?background=000000&cropX1=1376&cropX2=2871&cropY1=337&cropY2=1831,1199.0,1189.0,3600.0,,,,,,
Jack Gance,Gance,jack-gance,no-pic,15.253,Pharmacies,Healthcare,M,Australia,1777596602658,,,3539.514,1211.0,1211.0,80.0,,1200.0,1189.0,3600.0,,,,,,
Vivek Jain,Jain,vivek-jain,no-pic,168.575,Chemicals,Manufacturing,M,India,1777596602658,,,3567.072,1201.0,1201.0,70.0,https://specials-images.forbesimg.com/imageserve/63481468607e9c9680de06ab/416x416.jpg?background=000000&cropX1=194&cropX2=655&cropY1=77&cropY2=538,1201.0,1189.0,3600.0,,,,,,
Travis Kalanick,Kalanick,travis-kalanick,travis-kalanick,0.0,Uber,Technology,M,United States,1777596602658,TX,Texas,3562.0,1204.0,1204.0,49.0,//specials-images.forbesimg.com/imageserve/5d8aea456de3150009a507a1/416x416.jpg?background=000000&cropX1=347&cropX2=1427&cropY1=340&cropY2=1420,1202.0,1189.0,3600.0,"Cofounder, Uber Technologies Inc.",False,,,,
Dewi Kam,Kam,dewi-kam,no-pic-female,-19.291,Coal,Energy,F,Indonesia,1777596602658,,,3007.03,1400.0,1400.0,75.0,,1203.0,1189.0,3600.0,,,,,,
Vladimir Litvinenko,Litvinenko,vladimir-litvinenko,no-pic,0.0,Chemical industry,Manufacturing,M,Russia,1777596602658,,,3616.415,1186.0,1186.0,70.0,,1204.0,1189.0,3600.0,,,,,,
Vincent McMahon,McMahon,vincent-mcmahon,vincent-mcmahon,15.332,Entertainment,Sports,M,United States,1777596602658,CT,Connecticut,3383.552,1262.0,1262.0,80.0,//specials-images.forbesimg.com/imageserve/5a9089da31358e79a28a1e8b/416x416.jpg?background=000000&cropX1=158&cropX2=1687&cropY1=287&cropY2=1817,1205.0,1189.0,3600.0,,,,,,
Jonathan Nelson,Nelson,jonathan-nelson,jonathan-nelson,0.0,Private equity,Finance & Investments,M,United States,1777596602658,RI,Rhode Island,3563.357,1203.0,1203.0,69.0,//specials-images.forbesimg.com/imageserve/5cf810dacd1f12000a2b85ea/416x416.jpg?background=000000&cropX1=1374&cropX2=2617&cropY1=822&cropY2=2064,1206.0,1189.0,3600.0,"Executive Chairman, Providence Equity Partners",False,,,,
Karsanbhai Patel,Patel,karsanbhai-patel,karsanbhai-patel,57.81,"Consumer goods, cement",Diversified,M,India,1777596602658,,,3363.571,1267.0,1267.0,82.0,//specials-images.forbesimg.com/imageserve/5c79a9284bbe6f0e1f1f6878/416x416.jpg?background=000000&cropX1=1022&cropX2=2137&cropY1=280&cropY2=1396,1207.0,1189.0,3600.0,,,,,,
Augusto Perfetti,Perfetti,augusto-perfetti,no-pic,0.0,Candy,Food & Beverage,M,Italy,1777596602658,,,3307.419,1285.0,1285.0,79.0,,1208.0,1189.0,3600.0,,,,,,
Issad Rebrab,Rebrab,issad-rebrab,issad-rebrab,0.0,Food,Food & Beverage,M,Algeria,1777596602658,,,3632.1,1178.0,1178.0,82.0,//specials-images.forbesimg.com/imageserve/5e73ce0910380d0006bda3b0/416x416.jpg?background=000000&cropX1=1035&cropX2=3522&cropY1=0&cropY2=2487,1209.0,1189.0,3600.0,,,,,,
Prathap Reddy,Reddy,prathap-reddy,prathap-reddy,-26.982,Healthcare,Healthcare,M,India,1777596602658,,,3339.377,1274.0,1274.0,94.0,https://specials-images.forbesimg.com/imageserve/615b2f37b4c0fe4b4b79c04a/416x416.jpg?background=000000&cropX1=608&cropX2=1064&cropY1=50&cropY2=506,1210.0,1189.0,3600.0,,,,,,
Jeff Rothschild,Rothschild,jeff-rothschild,jeff-rothschild,0.39,Facebook,Technology,M,United States,1777596602658,CA,California,3565.045,1202.0,1202.0,71.0,//specials-images.forbesimg.com/imageserve/5d8b003918444200084e7425/416x416.jpg?background=000000&cropX1=73&cropX2=985&cropY1=24&cropY2=937,1211.0,1189.0,3600.0,"Advisor, Meta Platforms",False,,,,
Isabella Seràgnoli,Seràgnoli,isabella-seragnoli,no-pic-female,0.0,Packaging,Manufacturing,F,Italy,1777596602658,,,3553.289,1209.0,1209.0,80.0,https://specials-images.forbesimg.com/imageserve/624435b6cab900de00b1927f/416x416.jpg?background=000000&cropX1=214&cropX2=2164&cropY1=47&cropY2=1997,1212.0,1189.0,3600.0,,,,,,
Martua Sitorus,Sitorus,martua-sitorus,martua-sitorus,6.518,Palm oil,Manufacturing,M,Indonesia,1777596602658,,,3588.559,1192.0,1192.0,66.0,//specials-images.forbesimg.com/imageserve/5834b29931358e698ada7d4b/416x416.jpg?background=000000&cropX1=50&cropX2=668&cropY1=53&cropY2=672,1213.0,1189.0,3600.0,,,,,,
Sun Weijie,Sun,sun-weijie-1,no-pic,277.095,Oilfield equipment,Manufacturing,M,China,1777596602658,,,4167.656,1029.0,1029.0,62.0,,1214.0,1189.0,3600.0,,,,,,
Hemant Taneja,Taneja,hemant-taneja,no-pic,0.0,Venture capital,Technology,M,United States,1777596602658,CA,California,3632.0,1179.0,1179.0,51.0,https://specials-images.forbesimg.com/imageserve/683750bbd44e893bebd62541/416x416.jpg?background=000000&cropX1=521&cropX2=1408&cropY1=174&cropY2=1060,1215.0,1189.0,3600.0,"CEO, General Catalyst",False,,,,
Roman Trotsenko,Trotsenko,roman-trotsenko,no-pic,0.0,"Transport, engineering, real estate",Logistics,M,Russia,1777596602658,,,3640.608,1175.0,1175.0,55.0,//specials-images.forbesimg.com/imageserve/5e7785a210380d0006fbbf8a/416x416.jpg?background=000000&cropX1=1382&cropX2=4603&cropY1=0&cropY2=3221,1216.0,1189.0,3600.0,,,,,,
Panagiotis Tsakos,Tsakos,panagiotis-tsakos,no-pic,0.001,Shipping,Logistics,M,Greece,1777596602658,,,3631.329,1180.0,1180.0,90.0,,1217.0,1189.0,3600.0,,,,,,
Wang Junlin,Wang,wang-junlin,no-pic,0.0,Liquor,Food & Beverage,M,China,1777596602658,,,3646.9,1173.0,1173.0,63.0,https://specials-images.forbesimg.com/imageserve/654a69bbcadefc39c7238677/416x416.jpg?background=000000&cropX1=891&cropX2=3454&cropY1=927&cropY2=3490,1218.0,1189.0,3600.0,,,,,,
"William Wrigley, Jr.",Wrigley,william-wrigley-jr,william-wrigley-jr,0.0,Chewing gum,Food & Beverage,M,United States,1777596602658,FL,Florida,3567.95,1200.0,1200.0,62.0,//specials-images.forbesimg.com/imageserve/5d8aff5022254b0008e1675c/416x416.jpg?background=000000&cropX1=160&cropX2=857&cropY1=32&cropY2=730,1219.0,1189.0,3600.0,"Chairman and CEO, Wrigley Management, Inc.",False,,,,
Barry Zekelman,Zekelman,barry-zekelman,no-pic,0.0,Steel,Manufacturing,M,Canada,1777596602658,,,3634.0,1177.0,1177.0,59.0,//specials-images.forbesimg.com/imageserve/5e7b74ded11f0d0007cd516c/416x416.jpg?background=000000&cropX1=1917&cropX2=4547&cropY1=463&cropY2=3091,1220.0,1189.0,3600.0,,,,,,
Zhang Gongyun,Zhang,zhang-gongyun,no-pic,-94.21,Tyre manufacturing machinery,Manufacturing,M,China,1777596602658,,,3246.944,1301.0,1301.0,63.0,,1221.0,1189.0,3600.0,,,,,,
Zhou Jianping,Zhou,zhou-jianping,zhou-jianping,45.315,Fashion retail,Fashion & Retail,M,China,1777596602658,,,3618.879,1184.0,1184.0,65.0,https://specials-images.forbesimg.com/imageserve/6050f48ca1ab099ed6e290cc/416x416.jpg?background=000000&cropX1=0&cropX2=800&cropY1=0&cropY2=800,1222.0,1189.0,3600.0,,,,,,
Bill Alfond,Alfond,bill-alfond,no-pic,-3.457,Shoes,Fashion & Retail,M,United States,1777596602658,MA,Massachusetts,3402.402,1252.0,1252.0,77.0,https://specials-images.forbesimg.com/imageserve/66fb26372d9fe55e2249a949/416x416.jpg?background=000000&cropX1=0&cropX2=800&cropY1=0&cropY2=800,1223.0,1223.0,3500.0,,,,,,
Susan Alfond,Alfond,susan-alfond,susan-alfond,-3.457,Shoes,Fashion & Retail,F,United States,1777596602658,ME,Maine,3402.472,1250.0,1250.0,80.0,//specials-images.forbesimg.com/imageserve/5744d15531358e68498f9c24/416x416.jpg?background=000000&cropX1=0&cropX2=744&cropY1=6&cropY2=750,1224.0,1223.0,3500.0,,,,,,
Ted Alfond,Alfond,ted-alfond,no-pic,-3.457,Shoes,Fashion & Retail,M,United States,1777596602658,MA,Massachusetts,3402.472,1250.0,1251.0,81.0,https://specials-images.forbesimg.com/imageserve/66fb38f33bfcefd1b745ff28/416x416.jpg?background=000000&cropX1=0&cropX2=800&cropY1=0&cropY2=800,1225.0,1223.0,3500.0,,,,,,
Jack Cockwell,Cockwell,jack-cockwell,no-pic,109.755,"Real estate, private equity",Finance & Investments,M,Canada,1777596602658,,,3558.751,1207.0,1207.0,85.0,//specials-images.forbesimg.com/imageserve/5c6dad7ca7ea43100042f171/416x416.jpg?background=000000&cropX1=53&cropX2=2773&cropY1=4&cropY2=2725,1226.0,1223.0,3500.0,,,,,,
Renato dos Santos,dos Santos,renato-dos-santos,no-pic,39.065,Banking,Finance & Investments,M,Brazil,1777596602658,,,2214.153,1886.0,1886.0,48.0,,1227.0,1223.0,3500.0,,,,,,
Sanjiv Goenka,Goenka,sanjiv-goenka,sanjiv-goenka,-19.96,Diversified,Diversified,M,India,1777596602658,,,3553.464,1208.0,1208.0,65.0,//specials-images.forbesimg.com/imageserve/5d9f6b4867dd830006a32602/416x416.jpg?background=000000&cropX1=202&cropX2=1568&cropY1=3&cropY2=1368,1228.0,1223.0,3500.0,,,,,,
Christian Haub,Haub,christian-haub,no-pic,0.0,Retail,Fashion & Retail,M,Germany,1777596602658,,,3435.123,1243.0,1243.0,61.0,//specials-images.forbesimg.com/imageserve/5c702e7531358e35dd26de18/416x416.jpg?background=000000&cropX1=259&cropX2=1004&cropY1=8&cropY2=753,1229.0,1223.0,3500.0,,,,,,
Ursula Hutter-Schleicher,Hutter-Schleicher,ursula-hutter-schleicher,no-pic-female,0.0,"Cement, Copper",Manufacturing,F,Germany,1777596602658,,,3507.664,1221.0,1222.0,69.0,,1230.0,1223.0,3500.0,,,,,,
Michael Latifi,Latifi,michael-latifi,no-pic,0.0,Meat processing,Food & Beverage,M,Canada,1777596602658,,,3517.245,1218.0,1218.0,63.0,https://specials-images.forbesimg.com/imageserve/660c1af27931863e499fb8c8/416x416.jpg?background=000000&cropX1=195&cropX2=956&cropY1=156&cropY2=916,1231.0,1223.0,3500.0,,,,,,
Martin Lau,Lau,martin-lau,no-pic,-75.745,Internet,Technology,M,Hong Kong,1777596602658,,,3148.999,1351.0,1351.0,53.0,//specials-images.forbesimg.com/imageserve/5e764d63d8e1ae0007b71e78/416x416.jpg?background=000000&cropX1=1264&cropX2=3452&cropY1=201&cropY2=2391,1232.0,1223.0,3500.0,,,,,,
Li Hongxin,Li,li-hongxin,no-pic,-73.172,Paper & related products,Manufacturing,M,China,1777596602658,,,3030.923,1393.0,1393.0,73.0,//specials-images.forbesimg.com/imageserve/5e7554ce2a573300068feba9/416x416.jpg?background=000000&cropX1=633&cropX2=3227&cropY1=0&cropY2=2592,1233.0,1223.0,3500.0,,,,,,
Li Liangbin,Li,li-liangbin,no-pic,82.936,Lithium,Manufacturing,M,China,1777596602658,,,4253.995,1007.0,1007.0,58.0,https://specials-images.forbesimg.com/imageserve/6182e625fd46d40beab82195/416x416.jpg?background=000000&cropX1=0&cropX2=1080&cropY1=0&cropY2=1080,1234.0,1223.0,3500.0,,,,,,
Palmer Luckey,Luckey,palmer-luckey,palmer-luckey,-41.5,"Virtual reality, defense technology",Technology,M,United States,1777596602658,CA,California,3519.862,1216.0,1216.0,33.0,https://specials-images.forbesimg.com/imageserve/642b380e8cd52817a9deb166/416x416.jpg?background=000000&cropX1=333&cropX2=1684&cropY1=0&cropY2=1352,1235.0,1223.0,3500.0,,,,,,
Luo Yuhao,Luo,luo-yuhao,no-pic,0.0,Mobile gaming,Technology,M,China,1777596602658,,,3500.0,1225.0,1225.0,36.0,https://specials-images.forbesimg.com/imageserve/67250beda66671131ccd65c9/416x416.jpg?background=000000&cropX1=0&cropX2=800&cropY1=0&cropY2=800,1236.0,1223.0,3500.0,,,,,,
Kiran Mazumdar-Shaw,Mazumdar-Shaw,kiran-mazumdar-shaw,kiran-mazumdar-shaw,-18.803,Biopharmaceuticals,Healthcare,F,India,1777596602658,,,3215.095,1313.0,1313.0,73.0,//specials-images.forbesimg.com/imageserve/5deec3bf25ab5d000700aa1a/416x416.jpg?background=000000&cropX1=136&cropX2=637&cropY1=0&cropY2=500,1237.0,1223.0,3500.0,"Founder, Chair And Managing Director, Biocon",False,,,,
Yoshiko Mori,Mori,yoshiko-mori,yoshiko-mori,0.0,Real estate,Real Estate,F,Japan,1777596602658,,,2966.074,1414.0,1414.0,85.0,//specials-images.forbesimg.com/imageserve/5ca6813f31358e76a32f7d32/416x416.jpg?background=000000&cropX1=2098&cropX2=4007&cropY1=1776&cropY2=3684,1238.0,1223.0,3500.0,,,,,,
Susan Ocampo,Ocampo,susan-ocampo,no-pic-female,85.074,Semiconductors,Technology,F,United States,1777596602658,HI,Hawaii,3173.88,1336.0,1336.0,68.0,https://specials-images.forbesimg.com/imageserve/6838a7294c71a61e1d3dbfd4/416x416.jpg?background=000000&cropX1=0&cropX2=800&cropY1=0&cropY2=800,1239.0,1223.0,3500.0,,,,,,
Richard Peery,Peery,richard-peery,no-pic,0.0,Real estate,Real Estate,M,United States,1777596602658,CA,California,3464.138,1234.0,1234.0,87.0,,1240.0,1223.0,3500.0,,,,,,
Eduard Schleicher,Schleicher,eduard-schleicher,no-pic,0.0,"Cement, Copper",Manufacturing,M,Germany,1777596602658,,,3507.664,1221.0,1221.0,70.0,https://specials-images.forbesimg.com/imageserve/67e57cbe0b9bacff0a6449ba/416x416.jpg?background=000000&cropX1=242&cropX2=2756&cropY1=0&cropY2=2516,1241.0,1223.0,3500.0,,,,,,
Howard Schultz,Schultz,howard-schultz,howard-schultz,-2.493,Starbucks,Food & Beverage,M,United States,1777596602658,WA,Washington,3581.317,1195.0,1195.0,72.0,//specials-images.forbesimg.com/imageserve/5d8bbe586de3150009a51b00/416x416.jpg?background=000000&cropX1=779&cropX2=1928&cropY1=1929&cropY2=3079,1242.0,1223.0,3500.0,,,,,,
Udo Schütz,Schütz,udo-schutz,no-pic,0.0,packaging,Manufacturing,M,Germany,1777596602658,,,3486.135,1227.0,1227.0,89.0,,1243.0,1223.0,3500.0,,,,,,
Neil Shen,Shen,neil-shen,neil-shen,16.167,Venture capital,Finance & Investments,M,China,1777596602658,,,3478.646,1230.0,1230.0,58.0,https://specials-images.forbesimg.com/imageserve/624ef558d1369aee3936cc1b/416x416.jpg?background=000000&cropX1=96&cropX2=1883&cropY1=272&cropY2=2060,1244.0,1223.0,3500.0,"Founding and Managing Partner, HongShan",False,,,,
Lucio Tan,Tan,lucio-tan,lucio-tan,13.647,Diversified,Diversified,M,Philippines,1777596602658,,,3129.987,1360.0,1360.0,91.0,https://specials-images.forbesimg.com/imageserve/62f2d81178fba0f6ef60c8b6/416x416.jpg?background=000000&cropX1=0&cropX2=921&cropY1=1&cropY2=922,1245.0,1223.0,3500.0,,,,,,
Alan Trefler,Trefler,alan-trefler,no-pic,67.995,Software,Technology,M,United States,1777596602658,MA,Massachusetts,2921.51,1436.0,1436.0,70.0,//specials-images.forbesimg.com/imageserve/58d1900ba7ea431f321b87eb/416x416.jpg?background=000000&cropX1=0&cropX2=744&cropY1=103&cropY2=847,1246.0,1223.0,3500.0,,,,,,
August Troendle,Troendle,august-troendle,no-pic,28.73,Pharmaceutical services,Healthcare,M,United States,1777596602658,OH,Ohio,3316.948,1280.0,1280.0,70.0,,1247.0,1223.0,3500.0,,,,,,
Georg von Opel,von Opel,georg-von-opel,georg-von-opel,0.0,"Real estate, investments",Finance & Investments,M,Switzerland,1777596602658,,,3449.859,1237.0,1237.0,59.0,//specials-images.forbesimg.com/imageserve/5a81bee54bbe6f2652f55107/416x416.jpg?background=000000&cropX1=431&cropX2=2653&cropY1=122&cropY2=2343,1248.0,1223.0,3500.0,,,,,,
Yang Steven Meng,Yang,yang-steven-meng,no-pic,184.207,Electronics,Technology,M,China,1777596602658,,,4493.111,947.0,947.0,44.0,,1249.0,1223.0,3500.0,,,,,,
Zhang Ning,Zhang,zhang-ning,no-pic-female,-46.169,Chemicals,Manufacturing,F,Canada,1777596602658,,,3128.93,1361.0,1361.0,52.0,,1250.0,1223.0,3500.0,,,,,,
Waleed Mohammad Al Zaabi,Al Zaabi,waleed-mohammad-al-zaabi,no-pic,0.0,Real estate,Real Estate,M,United Arab Emirates,1777596602658,,,3407.271,1249.0,1249.0,62.0,https://specials-images.forbesimg.com/imageserve/6890ee7b0270960ce29921f5/416x416.jpg?background=000000&cropX1=135&cropX2=723&cropY1=150&cropY2=738,1251.0,1251.0,3400.0,,,,,,
Sam Altman,Altman,sam-altman,no-pic,46.093,Investments,Finance & Investments,M,United States,1777596602658,CA,California,3484.901,1228.0,1228.0,41.0,https://specials-images.forbesimg.com/imageserve/661ff92a5f8d9bc634de57c6/416x416.jpg?background=000000&cropX1=601&cropX2=2220&cropY1=68&cropY2=1688,1252.0,1251.0,3400.0,,,,,,
Felix Baker,Baker,felix-baker,no-pic,0.0,Biotech investing,Finance & Investments,M,United States,1777596602658,NY,New York,3392.591,1257.0,1257.0,57.0,//specials-images.forbesimg.com/imageserve/5e88d1c0b0a4e4000746beff/416x416.jpg?background=000000&cropX1=521&cropX2=1265&cropY1=265&cropY2=1010,1253.0,1251.0,3400.0,,,,,,
Julian Baker,Baker,julian-baker,no-pic,0.0,Biotech investing,Finance & Investments,M,United States,1777596602658,NY,New York,3392.591,1257.0,1258.0,59.0,,1254.0,1251.0,3400.0,,,,,,
Peter Beck,Beck,peter-beck,no-pic,252.169,Spacecrafts,Technology,M,New Zealand,1777596602658,,,4036.882,1067.0,1067.0,49.0,https://specials-images.forbesimg.com/imageserve/67e5d6ea70cc8300f7e729da/416x416.jpg?background=000000&cropX1=731&cropX2=3331&cropY1=69&cropY2=2666,1255.0,1251.0,3400.0,,,,,,
Sanjit Biswas,Biswas,sanjit-biswas,no-pic,-66.071,Sensor systems,Technology,M,United States,1777596602658,CA,California,3395.269,1256.0,1256.0,44.0,https://specials-images.forbesimg.com/imageserve/6515c068178c323213972eb9/416x416.jpg?background=000000&cropX1=686&cropX2=1469&cropY1=77&cropY2=860,1256.0,1251.0,3400.0,,,,,,
Eva Maria Bucher-Haefner,Bucher-Haefner,eva-maria-bucher-haefner,no-pic-female,0.0,"Software, investments",Technology,F,Switzerland,1777596602658,,,3400.0,1253.0,1253.0,69.0,,1257.0,1251.0,3400.0,,,,,,
Chen Zhiping,Chen,chen-zhiping,no-pic,-42.338,E-cigarettes,Manufacturing,M,China,1777596602658,,,2703.255,1547.0,1547.0,50.0,https://specials-images.forbesimg.com/imageserve/6182c460dd603796f4e9678c/416x416.jpg?background=000000&cropX1=293&cropX2=683&cropY1=8&cropY2=398,1258.0,1251.0,3400.0,,,,,,
Chung Mong-joon,Chung,chung-mong-joon,chung-mong-joon,98.316,"Shipbuilding, industrial machines",Manufacturing,M,South Korea,1777596602658,,,3448.686,1238.0,1238.0,74.0,https://specials-images.forbesimg.com/imageserve/69d9255a882041208af195ee/416x416.jpg?background=000000&cropX1=355&cropX2=1227&cropY1=50&cropY2=922,1259.0,1251.0,3400.0,,,,,,
Parker Conrad,Conrad,parker-conrad,parker-conrad,0.0,Software,Technology,M,United States,1777596602658,CA,California,3400.0,1253.0,1255.0,46.0,,1260.0,1251.0,3400.0,,,,,,
Keith Dunleavy,Dunleavy,keith-dunleavy,no-pic,0.0,"Health IT, Investments",Healthcare,M,United States,1777596602658,MD,Maryland,3389.0,1259.0,1259.0,56.0,https://specials-images.forbesimg.com/imageserve/69a5cf9ab507db4cfa6d274a/416x416.jpg?background=000000&cropX1=145&cropX2=1905&cropY1=90&cropY2=1849,1261.0,1251.0,3400.0,,,,,,
Segolene Gallienne,Gallienne,segolene-gallienne,no-pic-female,0.0,"Steel, Investments",Manufacturing,F,Belgium,1777596602658,,,3347.373,1273.0,1273.0,48.0,https://specials-images.forbesimg.com/imageserve/661959b1ca31f6927392a29d/416x416.jpg?background=000000&cropX1=189&cropX2=676&cropY1=116&cropY2=603,1262.0,1251.0,3400.0,,,,,,
Ankur Jain,Jain,ankur-jain,no-pic,0.0,Rewards firm,Finance & Investments,M,United States,1777596602658,NY,New York,3423.369,1246.0,1246.0,36.0,https://specials-images.forbesimg.com/imageserve/6621646ea021aae3dd7492b1/416x416.jpg?background=000000&cropX1=604&cropX2=2095&cropY1=186&cropY2=1678,1263.0,1251.0,3400.0,"CEO & founder, Bilt",False,,,,
Thomas James,James,thomas-james,no-pic,52.975,Finance,Finance & Investments,M,United States,1777596602658,FL,Florida,3534.076,1214.0,1214.0,83.0,//specials-images.forbesimg.com/imageserve/5a90aee6a7ea434a0c2723e7/416x416.jpg?background=000000&cropX1=107&cropX2=2021&cropY1=56&cropY2=1972,1264.0,1251.0,3400.0,,,,,,
Bom Kim,Kim,bom-kim,bom-kim,-54.256,Online retailing,Technology,M,United States,1777596602658,,,3501.949,1224.0,1224.0,47.0,https://specials-images.forbesimg.com/imageserve/60b121eb67ca0e3c1386c065/416x416.jpg?background=000000&cropX1=522&cropX2=1708&cropY1=596&cropY2=1783,1265.0,1251.0,3400.0,Coupang,False,,,,
Kagemasa Kozuki,Kozuki,kagemasa-kozuki,kagemasa-kozuki,-116.5,Video games,Media & Entertainment,M,Japan,1777596602658,,,3042.911,1389.0,1389.0,85.0,https://specials-images.forbesimg.com/imageserve/683dc88101403700a41237bf/416x416.jpg?background=000000&cropX1=449&cropX2=1322&cropY1=151&cropY2=1024,1266.0,1251.0,3400.0,,,,,,
Liu Jingkang,Liu,liu-jingkang,no-pic,25.306,Cameras,Manufacturing,M,China,1777596602658,,,3031.423,1392.0,1392.0,34.0,https://specials-images.forbesimg.com/imageserve/6849a1d37d32f8e8d4345ca7/416x416.jpg?background=000000&cropX1=473&cropX2=1350&cropY1=416&cropY2=1292,1267.0,1251.0,3400.0,"CEO, Shenzhen Arashi Vision",False,,,,
Masahiro Noda,Noda,masahiro-noda,masahiro-noda,-107.924,Software,Technology,M,Japan,1777596602658,,,3237.111,1305.0,1305.0,87.0,//specials-images.forbesimg.com/imageserve/5e76e18b10380d0006fbb8d3/416x416.jpg?background=000000&cropX1=206&cropX2=797&cropY1=58&cropY2=648,1268.0,1251.0,3400.0,,,,,,
Liora Ofer,Ofer,liora-ofer,no-pic-female,26.936,Investments,Finance & Investments,F,Israel,1777596602658,,,3665.718,1166.0,1166.0,72.0,//specials-images.forbesimg.com/imageserve/58b87439a7ea431f321a7a5f/416x416.jpg?background=000000&cropX1=111&cropX2=681&cropY1=15&cropY2=585,1269.0,1251.0,3400.0,,,,,,
Sean Parker,Parker,sean-parker,sean-parker,-1.144,Facebook,Technology,M,United States,1777596602658,CA,California,3355.2,1268.0,1268.0,46.0,https://specials-images.forbesimg.com/imageserve/5f46b581068d03440a083f05/416x416.jpg?background=000000&cropX1=2246&cropX2=2932&cropY1=1020&cropY2=1706,1270.0,1251.0,3400.0,,,,,,
Pierre Karl Péladeau,Péladeau,pierre-karl-peladeau,no-pic,-77.537,Media,Media & Entertainment,M,Canada,1777596602658,,,3229.36,1310.0,1310.0,64.0,//specials-images.forbesimg.com/imageserve/5c6da05331358e1c187f2214/416x416.jpg?background=000000&cropX1=9&cropX2=1903&cropY1=13&cropY2=1906,1271.0,1251.0,3400.0,,,,,,
B. Partha Saradhi Reddy,Reddy,b-partha-saradhi-reddy,no-pic,0.0,Pharmaceuticals,Healthcare,M,India,1777596602658,,,3258.884,1298.0,1298.0,72.0,https://specials-images.forbesimg.com/imageserve/68e6b910133c74cbf5282a5c/416x416.jpg?background=000000&cropX1=0&cropX2=800&cropY1=0&cropY2=800,1272.0,1251.0,3400.0,,,,,,
Gwynne Shotwell,Shotwell,gwynne-shotwell,gwynne-shotwell,0.0,SpaceX,Technology,F,United States,1777596602658,TX,Texas,3400.0,1253.0,1254.0,62.0,https://specials-images.forbesimg.com/imageserve/6111aa14b976739e906c59ed/416x416.jpg?background=000000&cropX1=2&cropX2=1080&cropY1=2&cropY2=1080,1273.0,1251.0,3400.0,"President & COO, SpaceX",False,,,,
Warren Stephens,Stephens,warren-stephens,warren-stephens,0.407,Investment banking,Finance & Investments,M,United States,1777596602658,AR,Arkansas,3355.079,1269.0,1269.0,69.0,//specials-images.forbesimg.com/imageserve/5d8b111822254b0008e168f4/416x416.jpg?background=000000&cropX1=200&cropX2=854&cropY1=66&cropY2=720,1274.0,1251.0,3400.0,,,,,,
William Stone,Stone,william-stone,william-stone,-7.048,Software,Technology,M,United States,1777596602658,CT,Connecticut,3180.315,1331.0,1331.0,71.0,//specials-images.forbesimg.com/imageserve/56d0b77de4b0c144a7f65a94/416x416.jpg?background=000000&cropX1=2&cropX2=744&cropY1=68&cropY2=811,1275.0,1251.0,3400.0,,,,,,
Lottie Tham,Tham,lottie-tham,no-pic-female,-5.729,H&M,Fashion & Retail,F,Sweden,1777596602658,,,2986.078,1408.0,1408.0,77.0,//specials-images.forbesimg.com/imageserve/5c722543a7ea43100043518e/416x416.jpg?background=000000&cropX1=135&cropX2=1001&cropY1=63&cropY2=930,1276.0,1251.0,3400.0,,,,,,
Eduardo Vivas,Vivas,eduardo-vivas,no-pic,21.494,Advertising technology,Technology,M,United States,1777596602658,CA,California,3512.38,1220.0,1220.0,40.0,https://specials-images.forbesimg.com/imageserve/67e473e67eb5a013eb087c83/416x416.jpg?background=000000&cropX1=1193&cropX2=2800&cropY1=0&cropY2=1606,1277.0,1251.0,3400.0,,,,,,
Wang Changtian,Wang,wang-changtian,wang-changtian,13.465,"TV, movie production",Media & Entertainment,M,China,1777596602658,,,2733.936,1536.0,1536.0,61.0,https://specials-images.forbesimg.com/imageserve/6050f48ca1ab099ed6e290cc/416x416.jpg?background=000000&cropX1=0&cropX2=800&cropY1=0&cropY2=800,1278.0,1251.0,3400.0,,,,,,
Wang Junmin,Wang,wang-junmin,wang-junmin,195.243,Pharmaceuticals,Healthcare,M,China,1777596602658,,,4140.829,1035.0,1035.0,57.0,//specials-images.forbesimg.com/imageserve/54dcf13d6e09b4de072553c3ba7bf5d6/416x416.jpg?background=000000&cropX1=3&cropX2=744&cropY1=3&cropY2=744,1279.0,1251.0,3400.0,,,,,,
Wang Yun'an,Wang,wang-yunan,no-pic,0.0,Milk tea,Food & Beverage,M,China,1777596602658,,,3077.071,1377.0,1377.0,40.0,https://specials-images.forbesimg.com/imageserve/67e58769b2d1dfc5a1f6f58b/416x416.jpg?background=000000&cropX1=354&cropX2=1318&cropY1=41&cropY2=1004,1280.0,1251.0,3400.0,,,,,,
Wu Guangming,Wu,wu-guangming,wu-guangming,-5.105,Medical equipment,Healthcare,M,China,1777596602658,,,2864.238,1467.0,1467.0,64.0,https://specials-images.forbesimg.com/imageserve/88d81f9606a4339ce991b3b4fe569c67/416x416.jpg?background=000000&cropX1=195&cropX2=712&cropY1=95&cropY2=612,1281.0,1251.0,3400.0,,,,,,
Xie Weitong,Xie,xie-weitong,no-pic,0.0,Cobalt,Metals & Mining,M,Taiwan,1777596602658,,,3388.164,1260.0,1260.0,69.0,https://specials-images.forbesimg.com/imageserve/683dc30f35c06fea7b7d612a/416x416.jpg?background=000000&cropX1=0&cropX2=800&cropY1=0&cropY2=800,1282.0,1251.0,3400.0,,,,,,
Yang Huiyan,Yang,yang-huiyan,yang-huiyan,17.028,Real estate,Real Estate,F,China,1777596602658,,,3145.323,1355.0,1355.0,44.0,https://specials-images.forbesimg.com/imageserve/654a6b60d2364755efda1b81/416x416.jpg?background=000000&cropX1=165&cropX2=627&cropY1=61&cropY2=524,1283.0,1251.0,3400.0,,,,,,
Yang Weidong,Yang,yang-weidong-1,no-pic,51.953,Chemicals,Manufacturing,M,China,1777596602658,,,4276.807,999.0,999.0,57.0,,1284.0,1251.0,3400.0,,,,,,
Shiv Kishan Agrawal,Agrawal,shiv-kishan-agrawal,no-pic,0.0,Snacks,Food & Beverage,M,India,1777596602658,,,3278.3,1292.0,1292.0,85.0,,1285.0,1285.0,3300.0,,,,,,
Harish Ahuja,Ahuja,harish-ahuja,no-pic,0.0,Apparel,Manufacturing,M,India,1777596602658,,,3149.41,1350.0,1350.0,70.0,https://specials-images.forbesimg.com/imageserve/67047f61c1730286a06a6bcf/416x416.jpg?background=000000&cropX1=403&cropX2=2014&cropY1=280&cropY2=1891,1286.0,1285.0,3300.0,,,,,,
Mário Araripe,Araripe,mario-araripe,no-pic,0.0,Energy,Energy,M,Brazil,1777596602658,,,3432.385,1244.0,1244.0,71.0,,1287.0,1285.0,3300.0,,,,,,
John Bicket,Bicket,john-bicket,no-pic,-63.492,Sensor systems,Technology,M,United States,1777596602658,CA,California,3292.451,1286.0,1286.0,46.0,//specials-images.forbesimg.com/imageserve/5e88d27fb0a4e4000746bf08/416x416.jpg?background=000000&cropX1=18&cropX2=775&cropY1=43&cropY2=800,1288.0,1285.0,3300.0,,,,,,
Travis Boersma,Boersma,travis-boersma,no-pic,115.5,Coffee,Food & Beverage,M,United States,1777596602658,OR,Oregon,3536.927,1212.0,1212.0,55.0,https://specials-images.forbesimg.com/imageserve/61eecba2254eff31bc4cef6b/416x416.jpg?background=000000&cropX1=656&cropX2=1279&cropY1=281&cropY2=906,1289.0,1285.0,3300.0,,,,,,
Cai Jianyong,Cai,cai-jianyong,no-pic,-25.52,Nickel,Metals & Mining,M,China,1777596602659,,,1588.765,2511.0,2511.0,55.0,,1290.0,1285.0,3300.0,,,,,,
Chen Fashu,Chen,chen-fashu,chen-fashu,-59.21,Investments,Finance & Investments,M,China,1777596602658,,,3104.939,1370.0,1370.0,65.0,https://specials-images.forbesimg.com/imageserve/5a061a6b31358e542c051d52/416x416.jpg?background=000000&cropX1=666&cropX2=2508&cropY1=210&cropY2=2051,1291.0,1285.0,3300.0,,,,,,
Cho Hyun-joon,Cho,cho-hyun-joon,cho-hyun-joon,-39.164,Diversified,Diversified,M,South Korea,1777596602658,,,4206.751,1017.0,1017.0,58.0,//specials-images.forbesimg.com/imageserve/5b69f81e31358e0429c55cb8/416x416.jpg?background=000000&cropX1=88&cropX2=617&cropY1=131&cropY2=660,1292.0,1285.0,3300.0,Hyosung Corp.,False,,,,
Cui Genliang,Cui,cui-genliang,cui-genliang,-127.628,electric components,Manufacturing,M,China,1777596602658,,,4716.637,904.0,904.0,67.0,https://specials-images.forbesimg.com/imageserve/589cf15ba7ea431f32192819/416x416.jpg?background=000000&cropX1=16&cropX2=725&cropY1=87&cropY2=796,1293.0,1285.0,3300.0,,,,,,
Weili Dai,Dai,weili-dai,weili-dai,83.655,Semiconductors,Technology,F,United States,1777596602658,NV,Nevada,4125.212,1043.0,1043.0,64.0,https://specials-images.forbesimg.com/imageserve/5f7795846ea7a40aa16a3686/416x416.jpg?background=000000&cropX1=738&cropX2=2200&cropY1=0&cropY2=1462,1294.0,1285.0,3300.0,"Cofounder-President, Marvell Technology",False,,,,
Alpana Dangi,Dangi,alpana-dangi,no-pic-female,-94.198,Investments,Finance & Investments,F,India,1777596602658,,,3107.502,1368.0,1368.0,53.0,https://specials-images.forbesimg.com/imageserve/68e6b8185b13aaa7fd30a7e2/416x416.jpg?background=000000&cropX1=0&cropX2=799&cropY1=1&cropY2=800,1295.0,1285.0,3300.0,,,,,,
Mark Davis,Davis,mark-davis-1,no-pic,0.0,Las Vegas Raiders,Sports,M,United States,1777596602658,NV,Nevada,3316.8,1281.0,1281.0,70.0,,1296.0,1285.0,3300.0,,,,,,
Deng Weiming,Deng,deng-weiming,no-pic,-92.912,Battery components,Manufacturing,M,China,1777596602658,,,3639.768,1176.0,1176.0,57.0,,1297.0,1285.0,3300.0,,,,,,
Sophie Luise Fielmann,Fielmann,sophie-luise-fielmann,no-pic-female,-29.084,Optometry,Manufacturing,F,Germany,1777596602658,,,3145.958,1354.0,1354.0,31.0,,1298.0,1285.0,3300.0,,,,,,
Sam Gance,Gance,sam-gance,no-pic,15.499,pharmacies,Healthcare,M,Australia,1777596602658,,,3278.679,1290.0,1290.0,76.0,https://specials-images.forbesimg.com/imageserve/67e464120f64bcbe2d3503d1/416x416.jpg?background=000000&cropX1=0&cropX2=1049&cropY1=480&cropY2=1532,1299.0,1285.0,3300.0,,,,,,
Gao Guangrong,Gao,gao-guangrong,no-pic,-101.712,Optical modules,Technology,M,China,1777596602658,,,4770.676,896.0,896.0,57.0,,1300.0,1285.0,3300.0,,,,,,
Lawrence Golub,Golub,lawrence-golub,no-pic,0.0,Private equity,Finance & Investments,M,United States,1777596602658,NY,New York,3252.0,1299.0,1299.0,66.0,https://specials-images.forbesimg.com/imageserve/6657931d08516d28d975270e/416x416.jpg?background=000000&cropX1=2&cropX2=400&cropY1=0&cropY2=398,1301.0,1285.0,3300.0,"Chief Executive Officer, Golub Capital",False,,,,
Caroline Hagen Kjos,Hagen Kjos,caroline-hagen-kjos,caroline-hagen-kjos,32.133,Conglomerate,Diversified,F,Norway,1777596602658,,,3009.353,1398.0,1398.0,42.0,//specials-images.forbesimg.com/imageserve/58a388ad31358e1a35ab6393/416x416.jpg?background=000000&cropX1=0&cropX2=736&cropY1=35&cropY2=771,1302.0,1285.0,3300.0,,,,,,
Martin Hetzner,Hetzner,martin-hetzner,no-pic,0.0,Information Technology,Technology,M,Germany,1777596602658,,,3240.903,1304.0,1304.0,54.0,,1303.0,1285.0,3300.0,,,,,,
William Hockey,Hockey,william-hockey,no-pic,0.0,fintech,Finance & Investments,M,United States,1777596602658,CA,California,3332.0,1276.0,1276.0,36.0,https://specials-images.forbesimg.com/imageserve/69a8915b88f15f9ac3f12a68/416x416.jpg?background=000000&cropX1=484&cropX2=1440&cropY1=96&cropY2=1052,1304.0,1285.0,3300.0,"Cofounder, Plaid",False,,,,
Alan Howard,Howard,alan-howard,alan-howard,0.0,Hedge funds,Finance & Investments,M,United Kingdom,1777596602658,,,3278.5,1291.0,1291.0,62.0,//specials-images.forbesimg.com/imageserve/1c400b27776030240a1380c018559a12/416x416.jpg?background=000000&cropX1=0&cropX2=744&cropY1=31&cropY2=775,1305.0,1285.0,3300.0,"Founder, Brevan Howard Asset Management",False,300.0,,,
Huang Shan,Huang,huang-shan-1,no-pic,19.181,Software,Technology,M,China,1777596602658,,,2858.952,1471.0,1471.0,55.0,,1306.0,1285.0,3300.0,,,,,,
Nikhil Kamath,Kamath,nikhil-kamath,no-pic,0.0,Financial services,Finance & Investments,M,India,1777596602658,,,3121.32,1366.0,1366.0,39.0,https://specials-images.forbesimg.com/imageserve/6422ff333a09b807eaa10bb7/416x416.jpg?background=000000&cropX1=1013&cropX2=1662&cropY1=86&cropY2=734,1307.0,1285.0,3300.0,,,,,,
Kwon Hyuk-bin,Kwon,kwon-hyuk-bin,kwon-hyuk-bin,0.0,Online games,Media & Entertainment,M,South Korea,1777596602658,,,3215.502,1312.0,1312.0,52.0,https://specials-images.forbesimg.com/imageserve/60b11d466e6a8a5ae8e1625a/416x416.jpg?background=000000&cropX1=58&cropX2=799&cropY1=99&cropY2=840,1308.0,1285.0,3300.0,Smilegate Holdings,False,,,,
C.C. Leung,Leung,cc-leung,no-pic,-82.949,Electronics,Technology,M,Taiwan,1777596602658,,,3467.381,1232.0,1232.0,76.0,https://specials-images.forbesimg.com/imageserve/683dc506add8f466b7396753/416x416.jpg?background=000000&cropX1=0&cropX2=800&cropY1=0&cropY2=800,1309.0,1285.0,3300.0,,,,,,
Ma Yunsheng,Ma,ma-yunsheng,no-pic,0.0,energy,Diversified,M,China,1777596602658,,,3330.943,1278.0,1278.0,63.0,//specials-images.forbesimg.com/imageserve/5c6f1dc4a7ea431000431938/416x416.jpg?background=000000&cropX1=726&cropX2=2412&cropY1=450&cropY2=2136,1310.0,1285.0,3300.0,,,,,,
Roberto Irineu Marinho,Marinho,roberto-irineu-marinho,roberto-irineu-marinho,0.0,Media,Media & Entertainment,M,Brazil,1777596602658,,,3435.128,1242.0,1242.0,78.0,//specials-images.forbesimg.com/imageserve/5e7438532a573300068fccc8/416x416.jpg?background=000000&cropX1=51&cropX2=1996&cropY1=60&cropY2=2006,1311.0,1285.0,3300.0,,,,,,
Madhukar Parekh,Parekh,madhukar-parekh-1,no-pic,-30.028,Adhesives,Manufacturing,M,India,1777596602658,,,2934.707,1425.0,1425.0,79.0,,1312.0,1285.0,3300.0,,,,,,
Jay Paul,Paul,jay-paul,jay-paul,0.0,Real estate,Real Estate,M,United States,1777596602658,CA,California,3267.006,1294.0,1294.0,78.0,//specials-images.forbesimg.com/imageserve/57ea964331358e16c589f9ca/416x416.jpg?background=000000&cropX1=2&cropX2=744&cropY1=3&cropY2=746,1313.0,1285.0,3300.0,,,,,,
Manoj Punjabi,Punjabi,manoj-punjabi,no-pic,,Movies,Media & Entertainment,M,Indonesia,1773094380855,,,,,,53.0,https://specials-images.forbesimg.com/imageserve/6938a4bfaed1f54b69fb6547/416x416.jpg?background=000000&cropX1=433&cropX2=1691&cropY1=383&cropY2=1642,1314.0,1285.0,3300.0,,,,,,
Ren Yuanlin,Ren,ren-yuanlin,no-pic,-13.317,Shipbuilding,Logistics,M,China,1777596602658,,,3259.71,1297.0,1297.0,73.0,,1315.0,1285.0,3300.0,,,,,,
Theo Roussis,Roussis,theo-roussis,no-pic,8.19,Plastic,Manufacturing,M,Belgium,1777596602658,,,3242.901,1302.0,1302.0,72.0,,1316.0,1285.0,3300.0,,,,,,
Haim Saban,Saban,haim-saban,haim-saban,0.0,"TV network, investments",Media & Entertainment,M,United States,1777596602658,CA,California,3250.106,1300.0,1300.0,81.0,//specials-images.forbesimg.com/imageserve/5efcdf8d531e1500073c6e08/416x416.jpg?background=000000&cropX1=495&cropX2=3466&cropY1=32&cropY2=3000,1317.0,1285.0,3300.0,,,,,,
E. Joe Shoen,Shoen,e-joe-shoen,e-joe-shoen,16.009,U-Haul,Automotive,M,United States,1777596602658,AZ,Arizona,3308.789,1284.0,1284.0,76.0,//specials-images.forbesimg.com/imageserve/5d8b09756de3150009a509cc/416x416.jpg?background=000000&cropX1=90&cropX2=1191&cropY1=28&cropY2=1129,1318.0,1285.0,3300.0,,,,,,
Ryan Smith,Smith,ryan-smith,ryan-smith,0.0,Cloud computing,Technology,M,United States,1777596602658,UT,Utah,3264.0,1296.0,1296.0,47.0,//specials-images.forbesimg.com/imageserve/5e83a1e0936edc00071fa4cc/416x416.jpg?background=000000&cropX1=315&cropX2=3051&cropY1=834&cropY2=3568,1319.0,1285.0,3300.0,"Co-Founder & CEO, Qualtrics",False,,,,
Glen Taylor,Taylor,glen-taylor,glen-taylor,0.0,Printing,Service,M,United States,1777596602658,MN,Minnesota,3103.371,1371.0,1371.0,85.0,https://specials-images.forbesimg.com/imageserve/6488cf3b8bd8133bec7d5722/416x416.jpg?background=000000&cropX1=190&cropX2=1291&cropY1=128&cropY2=1228,1320.0,1285.0,3300.0,,,,,,
Frank VanderSloot,VanderSloot,frank-vandersloot,no-pic,0.0,"Nutrition, wellness products",Fashion & Retail,M,United States,1777596602658,ID,Idaho,3202.711,1317.0,1317.0,77.0,//specials-images.forbesimg.com/imageserve/5b06f4904bbe6f74868a643b/416x416.jpg?background=000000&cropX1=780&cropX2=2482&cropY1=549&cropY2=2250,1321.0,1285.0,3300.0,,,,,,
Wu Kai,Wu,wu-kai,no-pic,-78.946,Batteries,Energy,M,China,1777596602658,,,4136.847,1037.0,1037.0,58.0,,1322.0,1285.0,3300.0,,,,,,
Yan Zhou,Yan,yan-zhou,no-pic,-93.404,Snacks,Food & Beverage,M,China,1777596602658,,,3351.209,1272.0,1272.0,38.0,,1323.0,1285.0,3300.0,,,,,,
Zhang Tao,Zhang,zhang-tao,no-pic,1.345,E-commerce,Fashion & Retail,M,China,1777596602658,,,3319.259,1279.0,1279.0,53.0,https://specials-images.forbesimg.com/imageserve/6182c0c094a2505ca4b82194/416x416.jpg?background=000000&cropX1=255&cropX2=2025&cropY1=0&cropY2=1768,1324.0,1285.0,3300.0,,,,,,
George Argyros,Argyros,george-argyros,george-argyros,0.773,"Real estate, investments",Real Estate,M,United States,1777596602658,CA,California,3147.183,1352.0,1352.0,89.0,//specials-images.forbesimg.com/imageserve/5d8b0e8a22254b0008e168a6/416x416.jpg?background=000000&cropX1=16&cropX2=681&cropY1=105&cropY2=770,1325.0,1325.0,3200.0,"Chairman and CEO, Arnel & Affiliates",False,,,,
Miriam Baumann-Blocher,Baumann-Blocher,miriam-baumann-blocher,miriam-baumann-blocher,17.551,Chemicals,Manufacturing,F,Switzerland,1777596602658,,,3191.221,1325.0,1325.0,51.0,//specials-images.forbesimg.com/imageserve/5c723bb331358e35dd270033/416x416.jpg?background=000000&cropX1=302&cropX2=1017&cropY1=2&cropY2=717,1326.0,1325.0,3200.0,,,,,,
Marina Berlusconi,Berlusconi,marina-berlusconi,marina-berlusconi,-7.982,Media,Media & Entertainment,F,Italy,1777596602658,,,3200.74,1319.0,1319.0,59.0,,1327.0,1325.0,3200.0,,,,,,
Pier Silvio Berlusconi,Berlusconi,pier-silvio-berlusconi,no-pic,-7.982,Media,Media & Entertainment,M,Italy,1777596602658,,,3200.74,1319.0,1320.0,57.0,https://specials-images.forbesimg.com/imageserve/6619bb09524c190a10af73cf/416x416.jpg?background=000000&cropX1=577&cropX2=1903&cropY1=75&cropY2=1401,1328.0,1325.0,3200.0,,,,,,
Arun Bharat Ram,Bharat Ram,arun-bharat-ram,no-pic,-28.28,Chemicals,Manufacturing,M,India,1777596602658,,,3048.072,1387.0,1387.0,85.0,https://specials-images.forbesimg.com/imageserve/615b1e38fc9eb8d15779c049/416x416.jpg?background=000000&cropX1=315&cropX2=1943&cropY1=295&cropY2=1922,1329.0,1325.0,3200.0,,,,,,
Frank Blase,Blase,frank-blase,no-pic,0.0,Plastics,Manufacturing,M,Germany,1777596602658,,,3137.943,1357.0,1357.0,66.0,,1330.0,1325.0,3200.0,,,,,,
Jim Breyer,Breyer,jim-breyer,jim-breyer,-37.616,Venture capital,Finance & Investments,M,United States,1777596602658,TX,Texas,3240.928,1303.0,1303.0,64.0,//specials-images.forbesimg.com/imageserve/58d13bcea7ea431f321b80b8/416x416.jpg?background=000000&cropX1=26&cropX2=664&cropY1=55&cropY2=693,1331.0,1325.0,3200.0,"Founder, CEO, Breyer Capital",False,,,,
"Howard Butt, III.",Butt,howard-butt-iii,no-pic,0.0,Supermarkets,Fashion & Retail,M,United States,1777596602658,TX,Texas,3195.0,1322.0,1322.0,74.0,,1332.0,1325.0,3200.0,,,,,,
Stephen Butt,Butt,stephen-butt,no-pic,0.0,Supermarkets,Fashion & Retail,M,United States,1777596602658,TX,Texas,3195.0,1322.0,1323.0,70.0,,1333.0,1325.0,3200.0,,,,,,
William Chisholm,Chisholm,william-chisholm,no-pic,0.0,Private equity,Finance & Investments,M,United States,1777596602658,CA,California,3179.2,1332.0,1332.0,57.0,,1334.0,1325.0,3200.0,,,,,,
Mahima Datla,Datla,mahima-datla,no-pic-female,0.0,Vaccines,Healthcare,F,India,1777596602658,,,3046.351,1388.0,1388.0,48.0,https://specials-images.forbesimg.com/imageserve/670480ce4b3d8956940770f1/416x416.jpg?background=000000&cropX1=483&cropX2=2135&cropY1=193&cropY2=1846,1335.0,1325.0,3200.0,,,,,,
"John Dorrance, III.",Dorrance,john-dorrance-iii,no-pic,0.0,Campbell Soup,Food & Beverage,M,Ireland,1777596602658,,,3202.0,1318.0,1318.0,82.0,//specials-images.forbesimg.com/imageserve/5ab944eda7ea432fbc1d2d9c/416x416.jpg?background=000000&cropX1=0&cropX2=400&cropY1=0&cropY2=400,1336.0,1325.0,3200.0,,,,,,
Shlomo Eliahu,Eliahu,shlomo-eliahu,shlomo-eliahu,-55.037,Insurance,Finance & Investments,M,Israel,1777596602658,,,3674.832,1164.0,1164.0,90.0,,1337.0,1325.0,3200.0,,,,,,
Marcel Erni,Erni,marcel-erni,no-pic,-2.713,Private equity,Finance & Investments,M,Switzerland,1777596602658,,,3075.183,1378.0,1379.0,61.0,//specials-images.forbesimg.com/imageserve/5f442b528f9b3a258faf0e9e/416x416.jpg?background=000000&cropX1=496&cropX2=3223&cropY1=684&cropY2=3413,1338.0,1325.0,3200.0,,,,,,
Feng Hailiang,Feng,feng-hailiang,feng-hailiang,-0.765,"Copper, education",Metals & Mining,M,China,1777596602658,,,3415.383,1248.0,1248.0,65.0,https://specials-images.forbesimg.com/imageserve/6050f48ca1ab099ed6e290cc/416x416.jpg?background=000000&cropX1=0&cropX2=800&cropY1=0&cropY2=800,1339.0,1325.0,3200.0,,,,,,
Alfred Gantner,Gantner,alfred-gantner,no-pic,-2.713,Private equity,Finance & Investments,M,Switzerland,1777596602658,,,3075.183,1378.0,1378.0,58.0,https://specials-images.forbesimg.com/imageserve/63caf1e9dab18886d3922d8a/416x416.jpg?background=000000&cropX1=0&cropX2=1181&cropY1=332&cropY2=1514,1340.0,1325.0,3200.0,,,,,,
Peter Gassner,Gassner,peter-gassner,no-pic,-32.018,Software,Technology,M,United States,1777596602658,CA,California,2840.803,1476.0,1476.0,61.0,//specials-images.forbesimg.com/imageserve/5d8b06c76de3150009a50960/416x416.jpg?background=000000&cropX1=703&cropX2=3840&cropY1=711&cropY2=3848,1341.0,1325.0,3200.0,,,,,,
Senapathy Gopalakrishnan,Gopalakrishnan,senapathy-gopalakrishnan,senapathy-gopalakrishnan,20.964,Software services,Technology,M,India,1777596602658,,,2927.568,1428.0,1428.0,71.0,//specials-images.forbesimg.com/imageserve/5e76a94ed8e1ae0007b724cc/416x416.jpg?background=000000&cropX1=239&cropX2=1918&cropY1=59&cropY2=1739,1342.0,1325.0,3200.0,,,,,,
Stephen Lansdown,Lansdown,stephen-lansdown,stephen-lansdown,0.0,Financial services,Finance & Investments,M,Guernsey,1777596602658,,,3206.516,1315.0,1315.0,73.0,//specials-images.forbesimg.com/imageserve/5e763e6ed8e1ae0007b71cf1/416x416.jpg?background=000000&cropX1=198&cropX2=1033&cropY1=144&cropY2=979,1343.0,1325.0,3200.0,,,,,,
Henry Laufer,Laufer,henry-laufer,no-pic,0.0,Hedge funds,Finance & Investments,M,United States,1777596602658,FL,Florida,3200.0,1321.0,1321.0,80.0,//specials-images.forbesimg.com/imageserve/5d8b416218444200084e7839/416x416.jpg?background=000000&cropX1=163&cropX2=1047&cropY1=112&cropY2=997,1344.0,1325.0,3200.0,,,,,,
Maritsa Lazari,Lazari,maritsa-lazari,no-pic-female,0.0,Real estate,Real Estate,F,United Kingdom,1777596602658,,,3219.927,1311.0,1311.0,81.0,,1345.0,1325.0,3200.0,,,,,,
Frank Love,Love,frank-love,no-pic,0.0,Gas stations,Fashion & Retail,M,United States,1777596602658,OK,Oklahoma,3170.0,1339.0,1339.0,57.0,,1346.0,1325.0,3200.0,,,,,,
Greg Love,Love,greg-love,no-pic,0.0,Gas stations,Fashion & Retail,M,United States,1777596602658,OK,Oklahoma,3170.0,1339.0,1340.0,64.0,,1347.0,1325.0,3200.0,,,,,,
Laura Love,Love,laura-love,no-pic-female,0.0,gas stations,Fashion & Retail,F,United States,1777596602658,OK,Oklahoma,3170.0,1339.0,1342.0,63.0,,1348.0,1325.0,3200.0,,,,,,
Jenny Love Meyer,Love Meyer,jenny-love-meyer,no-pic-female,0.0,gas stations,Fashion & Retail,F,United States,1777596602658,OK,Oklahoma,3170.0,1339.0,1341.0,60.0,,1349.0,1325.0,3200.0,,,,,,
Romano Minozzi,Minozzi,romano-minozzi,no-pic,78.105,"Utilities, diversified",Diversified,M,Italy,1777596602658,,,3669.963,1165.0,1165.0,91.0,,1350.0,1325.0,3200.0,,,,,,
Ben Navarro,Navarro,ben-navarro,no-pic,0.0,Investments,Finance & Investments,M,United States,1777596602658,SC,South Carolina,3190.296,1326.0,1326.0,63.0,,1351.0,1325.0,3200.0,,,,,,
Maja Oeri,Oeri,maja-oeri,maja-oeri,14.346,Pharmaceuticals,Healthcare,F,Switzerland,1777596602658,,,2812.997,1488.0,1488.0,71.0,//specials-images.forbesimg.com/imageserve/5a81283c31358e4955ad313b/416x416.jpg?background=000000&cropX1=3&cropX2=1194&cropY1=63&cropY2=1255,1352.0,1325.0,3200.0,,,,,,
Yuji Otsuka,Otsuka,yuji-otsuka-1,no-pic,-66.741,"Copy machines, software",Technology,M,Japan,1777596602658,,,2918.775,1438.0,1438.0,72.0,,1353.0,1325.0,3200.0,,,,,,
John Pritzker,Pritzker,john-pritzker,john-pritzker,0.0,"Hotels, investments",Finance & Investments,M,United States,1777596602658,CA,California,3204.514,1316.0,1316.0,72.0,//specials-images.forbesimg.com/imageserve/5b60c9414bbe6f48a94c6732/416x416.jpg?background=000000&cropX1=912&cropX2=2991&cropY1=530&cropY2=2611,1354.0,1325.0,3200.0,,,,,,
Qiu Wensheng,Qiu,qiu-wensheng,no-pic,40.526,Manufacturing,Manufacturing,M,China,1777596602658,,,3651.187,1170.0,1170.0,53.0,,1355.0,1325.0,3200.0,,,,,,
Phillip T. (Terry) Ragon,Ragon,phillip-t-terry-ragon,no-pic,0.0,Health IT,Technology,M,United States,1777596602658,MA,Massachusetts,3387.773,1261.0,1261.0,76.0,//specials-images.forbesimg.com/imageserve/12cec189312ff7ec643365d00e008b56/416x416.jpg?background=000000&cropX1=0&cropX2=744&cropY1=47&cropY2=791,1356.0,1325.0,3200.0,,,,,,
Rajan Raheja,Raheja,rajan-raheja,rajan-raheja,-28.095,Diversified,Diversified,M,India,1777596602658,,,3188.683,1327.0,1327.0,71.0,//specials-images.forbesimg.com/imageserve/58a2210fa7ea431f32196fe6/416x416.jpg?background=000000&cropX1=3&cropX2=724&cropY1=169&cropY2=891,1357.0,1325.0,3200.0,,,,,,
Rodney Sacks,Sacks,rodney-sacks,rodney-sacks,6.905,Energy drinks,Food & Beverage,M,United States,1777596602658,CA,California,2859.048,1470.0,1470.0,76.0,//specials-images.forbesimg.com/imageserve/5a8ee8a44bbe6f2652f63740/416x416.jpg?background=000000&cropX1=505&cropX2=2548&cropY1=0&cropY2=2044,1358.0,1325.0,3200.0,,,,,,
Ferit Faik Sahenk,Sahenk,ferit-faik-sahenk,ferit-faik-sahenk,0.232,Diversified,Diversified,M,Turkey,1777596602658,,,3060.344,1385.0,1385.0,62.0,//specials-images.forbesimg.com/imageserve/5e77e0be10380d0006fbc815/416x416.jpg?background=000000&cropX1=139&cropX2=727&cropY1=5&cropY2=592,1359.0,1325.0,3200.0,,,,,,
Sathien Sathientham,Sathientham,sathien-sathientham,no-pic,-2.466,Energy drinks,Food & Beverage,M,Thailand,1777596602658,,,2926.969,1429.0,1429.0,72.0,https://specials-images.forbesimg.com/imageserve/64a6eaf0627c310e348aa487/416x416.jpg?background=000000&cropX1=181&cropX2=591&cropY1=62&cropY2=473,1360.0,1325.0,3200.0,,,,,,
She Yingjie,She,she-yingjie,no-pic,-95.113,printed circuit board,Manufacturing,M,Hong Kong,1777596602658,,,2562.493,1621.0,1621.0,68.0,,1361.0,1325.0,3200.0,,,,,,
Selina Stihl,Stihl,selina-stihl,no-pic-female,0.0,chainsaws,Manufacturing,F,Germany,1777596602658,,,3160.173,1348.0,1348.0,48.0,,1362.0,1325.0,3200.0,,,,,,
Leena Tewari,Tewari,leena-tewari,leena-tewari,0.0,Pharmaceuticals,Healthcare,F,India,1777596602658,,,3026.188,1394.0,1394.0,68.0,https://specials-images.forbesimg.com/imageserve/68e6b858d06d15a633c94206/416x416.jpg?background=000000&cropX1=0&cropX2=799&cropY1=1&cropY2=800,1363.0,1325.0,3200.0,,,,,,
Tung Chee Hwa,Tung,tung-chee-hwa,tung-chee-hwa,0.0,Shipping,Logistics,M,Hong Kong,1777596602658,,,3175.94,1334.0,1334.0,88.0,//specials-images.forbesimg.com/imageserve/5e76537510380d0006fbb0fb/416x416.jpg?background=000000&cropX1=62&cropX2=918&cropY1=53&cropY2=909,1364.0,1325.0,3200.0,,,,,,
John Tyson,Tyson,john-tyson,no-pic,20.985,Food processing,Food & Beverage,M,United States,1777596602658,AR,Arkansas,3176.152,1333.0,1333.0,72.0,//specials-images.forbesimg.com/imageserve/5d64062e673aa300083c1626/416x416.jpg?background=000000&cropX1=1563&cropX2=4896&cropY1=263&cropY2=3593,1365.0,1325.0,3200.0,,,,,,
Brian Venturo,Venturo,brian-venturo,no-pic,-90.461,Technology,Technology,M,United States,1777596602658,NJ,New Jersey,4333.917,981.0,981.0,41.0,,1366.0,1325.0,3200.0,,,,,,
Arkady Volozh,Volozh,arkady-volozh,arkady-volozh,-91.225,Search engine,Technology,M,Israel,1777596602658,,,4663.01,914.0,914.0,62.0,//specials-images.forbesimg.com/imageserve/5e777950c7b02d000666d736/416x416.jpg?background=000000&cropX1=665&cropX2=3862&cropY1=7&cropY2=3201,1367.0,1325.0,3200.0,,,,,,
Alexandr Wang,Wang,alexandr-wang,no-pic,0.0,artificial intelligence,Technology,M,United States,1777596602658,CA,California,3215.0,1314.0,1314.0,29.0,https://specials-images.forbesimg.com/imageserve/642b407f78d5d3936ae1c15d/416x416.jpg?background=000000&cropX1=0&cropX2=2197&cropY1=164&cropY2=2360,1368.0,1325.0,3200.0,,,,,,
Urs Wietlisbach,Wietlisbach,urs-wietlisbach,urs-wietlisbach,-2.713,Private equity,Finance & Investments,M,Switzerland,1777596602658,,,3075.183,1378.0,1380.0,64.0,//specials-images.forbesimg.com/imageserve/5f442c10a5307fdfae419369/416x416.jpg?background=000000&cropX1=1125&cropX2=3599&cropY1=204&cropY2=2678,1369.0,1325.0,3200.0,,,,,,
Oprah Winfrey,Winfrey,oprah-winfrey,oprah-winfrey,0.0,TV shows,Media & Entertainment,F,United States,1777596602658,,,3421.513,1247.0,1247.0,72.0,https://specials-images.forbesimg.com/imageserve/676068efbbd9fffe1679c9d6/416x416.jpg?background=000000&cropX1=152&cropX2=881&cropY1=87&cropY2=816,1370.0,1325.0,3200.0,,,,,,
Jurgen Wirtgen,Wirtgen,jurgen-wirtgen,no-pic,0.0,Construction Vehicles,Construction & Engineering,M,Germany,1777596602658,,,3123.903,1363.0,1363.0,60.0,,1371.0,1325.0,3200.0,,,,,,
Stefan Wirtgen,Wirtgen,stefan-wirtgen,no-pic,0.0,Construction Vehicles,Construction & Engineering,M,Germany,1777596602658,,,3123.903,1363.0,1364.0,55.0,,1372.0,1325.0,3200.0,,,,,,
Wu Xiangdong,Wu,wu-xiangdong,no-pic,-9.639,Liquor,Food & Beverage,M,China,1777596602658,,,2918.265,1439.0,1439.0,57.0,https://specials-images.forbesimg.com/imageserve/644c32c647a4003657ad4711/416x416.jpg?background=000000&cropX1=58&cropX2=900&cropY1=54&cropY2=896,1373.0,1325.0,3200.0,,,,,,
David Zalik,Zalik,david-zalik,no-pic,32.107,Financial technology,Technology,M,United States,1777596602658,GA,Georgia,3312.302,1283.0,1283.0,52.0,//specials-images.forbesimg.com/imageserve/59e786c6a7ea436b47b40253/416x416.jpg?background=000000&cropX1=1071&cropX2=2905&cropY1=1106&cropY2=2941,1374.0,1325.0,3200.0,,,,,,
Zhao Fenggang,Zhao,zhao-fenggang,no-pic,-76.576,Batteries,Energy,M,China,1777596602658,,,4046.653,1064.0,1064.0,60.0,,1375.0,1325.0,3200.0,,,,,,
Masaaki Arai,Arai,masaaki-arai,no-pic,-59.49,Real estate,Real Estate,M,Japan,1777596602658,,,2475.698,1683.0,1683.0,60.0,https://specials-images.forbesimg.com/imageserve/683dc99afa96ead8ed79c5b2/416x416.jpg?background=000000&cropX1=0&cropX2=800&cropY1=0&cropY2=800,1376.0,1376.0,3100.0,,,,,,
Wilhelm Beier,Beier,wilhelm-beier,no-pic,13.927,Pharmaceuticals,Healthcare,M,Germany,1777596602658,,,3369.045,1265.0,1265.0,70.0,//specials-images.forbesimg.com/imageserve/5e763abdd8e1ae0007b71cd8/416x416.jpg?background=000000&cropX1=356&cropX2=3110&cropY1=462&cropY2=3218,1377.0,1376.0,3100.0,,,,,,
Chen Bangdong,Chen,chen-bangdong,no-pic,-26.235,Electricity transmission equipment,Manufacturing,M,China,1777596602658,,,2790.318,1498.0,1498.0,,,1378.0,1376.0,3100.0,,,,,,
Cheng Yixiao,Cheng,cheng-yixiao,no-pic,-30.264,Video streaming app,Media & Entertainment,M,China,1777596602659,,,2112.646,1966.0,1966.0,42.0,//specials-images.forbesimg.com/imageserve/5e74f7e810380d0006bdbe1a/416x416.jpg?background=000000&cropX1=925&cropX2=4408&cropY1=0&cropY2=3481,1379.0,1376.0,3100.0,,,,,,
John Coates,Coates,john-coates,john-coates,0.0,Online gambling,Gambling & Casinos,M,United Kingdom,1777596602658,,,3146.69,1353.0,1353.0,56.0,//specials-images.forbesimg.com/imageserve/5ab130dba7ea434a0c294b2e/416x416.jpg?background=000000&cropX1=696&cropX2=2026&cropY1=691&cropY2=2021,1380.0,1376.0,3100.0,,,,,,
Fernando De Leon,De Leon,fernando-de-leon,no-pic,0.0,Real Estate,Real Estate,M,United States,1777596602658,TX,Texas,3062.4,1383.0,1383.0,47.0,https://specials-images.forbesimg.com/imageserve/67801f6e1d6d0abdd1370e4e/416x416.jpg?background=000000&cropX1=510&cropX2=2321&cropY1=404&cropY2=2215,1381.0,1376.0,3100.0,,,,,,
Gerald Ford,Ford,gerald-ford,gerald-ford,-4.48,Banking,Finance & Investments,M,United States,1777596602658,TX,Texas,3133.249,1359.0,1359.0,81.0,//specials-images.forbesimg.com/imageserve/9ee2e42bc1195265baa0e64db3eca460/416x416.jpg?background=000000&cropX1=108&cropX2=717&cropY1=116&cropY2=725,1382.0,1376.0,3100.0,"Managing Member, Ford Financial Fund",False,,,,
Sergei Galitsky,Galitsky,sergei-galitsky,sergei-galitsky,0.0,Retail,Fashion & Retail,M,Russia,1777596602658,,,3125.574,1362.0,1362.0,58.0,//specials-images.forbesimg.com/imageserve/5e7786e310380d0006fbbfea/416x416.jpg?background=000000&cropX1=392&cropX2=1445&cropY1=76&cropY2=1128,1383.0,1376.0,3100.0,,,,,,
Harsh Goenka,Goenka,harsh-goenka,harsh-goenka,-13.489,Diversified,Diversified,M,India,1777596602658,,,2963.264,1415.0,1415.0,68.0,//specials-images.forbesimg.com/imageserve/57d88fc5a7ea430a8a19de14/416x416.jpg?background=000000&cropX1=71&cropX2=491&cropY1=243&cropY2=664,1384.0,1376.0,3100.0,,,,,,
He Xiaopeng,He,he-xiaopeng,no-pic,79.211,Electric vehicles,Automotive,M,China,1777596602658,,,2859.227,1469.0,1469.0,48.0,https://specials-images.forbesimg.com/imageserve/5c6ef9f94bbe6f68a981e9ca/416x416.jpg?background=000000&cropX1=2800&cropX2=5409&cropY1=890&cropY2=3497,1385.0,1376.0,3100.0,,,,,,
Huang Zelan,Huang,huang-zelan,no-pic,66.921,metals,Metals & Mining,M,China,1777596602658,,,2607.522,1603.0,1603.0,70.0,,1386.0,1376.0,3100.0,,,,,,
Kim Jun-ki,Kim,kim-jun-ki,kim-jun-ki,-43.305,Diversified,Diversified,M,South Korea,1777596602658,,,2953.914,1419.0,1419.0,81.0,//specials-images.forbesimg.com/imageserve/5e77b38bc7b02d000666dbb1/416x416.jpg?background=000000&cropX1=1005&cropX2=2302&cropY1=4&cropY2=1302,1387.0,1376.0,3100.0,,,,,,
Lee Dong-chae,Lee,lee-dong-chae,no-pic,-120.554,Chemicals,Manufacturing,M,South Korea,1777596602658,,,2466.253,1690.0,1690.0,66.0,https://specials-images.forbesimg.com/imageserve/643e9a0d49b49c127e1e5605/416x416.jpg?background=000000&cropX1=0&cropX2=923&cropY1=145&cropY2=1068,1388.0,1376.0,3100.0,,,,,,
Liang Feng,Liang,liang-feng,no-pic,-151.73,Manufacturing,Manufacturing,M,China,1777596602658,,,4005.565,1074.0,1074.0,57.0,https://specials-images.forbesimg.com/imageserve/6050f48ca1ab099ed6e290cc/416x416.jpg?background=000000&cropX1=0&cropX2=800&cropY1=0&cropY2=800,1389.0,1376.0,3100.0,,,,,,
Lin Ming-hsiung,Lin,lin-ming-hsiung,lin-ming-hsiung,0.0,Supermarkets,Fashion & Retail,M,Taiwan,1777596602658,,,3100.876,1372.0,1372.0,76.0,https://specials-images.forbesimg.com/imageserve/643ff3eff3f47eb1f076b619/416x416.jpg?background=000000&cropX1=93&cropX2=1363&cropY1=55&cropY2=1324,1390.0,1376.0,3100.0,,,,,,
Katarina Martinson,Martinson,katarina-martinson,no-pic-female,26.38,Investments,Diversified,F,Sweden,1777596602658,,,2820.967,1484.0,1484.0,44.0,//specials-images.forbesimg.com/imageserve/5c722b8b4bbe6f51818aba2b/416x416.jpg?background=000000&cropX1=182&cropX2=1014&cropY1=2&cropY2=833,1391.0,1376.0,3100.0,,,,,,
Firoz Mistry,Mistry,firoz-mistry,no-pic,-18.734,Diversified,Diversified,M,Ireland,1777596602658,,,2921.661,1434.0,1434.0,29.0,,1392.0,1376.0,3100.0,,,,,,
Zahan Mistry,Mistry,zahan-mistry,no-pic,-18.734,Diversified,Diversified,M,Ireland,1777596602658,,,2921.661,1434.0,1435.0,27.0,,1393.0,1376.0,3100.0,,,,,,
Denis O'Brien,O'Brien,denis-obrien,denis-obrien,0.0,Telecom,Telecom,M,Ireland,1777596602658,,,3134.005,1358.0,1358.0,68.0,//specials-images.forbesimg.com/imageserve/5e76c70fc7b02d000666d2ae/416x416.jpg?background=000000&cropX1=220&cropX2=1482&cropY1=50&cropY2=1311,1394.0,1376.0,3100.0,,,,,,
Arvind Poddar,Poddar,arvind-poddar,no-pic,-44.201,Tires,Automotive,M,India,1777596602658,,,2708.297,1546.0,1546.0,68.0,//specials-images.forbesimg.com/imageserve/59cc1d9b31358e542c02fcb0/416x416.jpg?background=000000&cropX1=43&cropX2=2087&cropY1=141&cropY2=2185,1395.0,1376.0,3100.0,,,,,,
Qiu Guanghe,Qiu,qiu-guanghe,qiu-guanghe,0.0,Fashion retail,Fashion & Retail,M,China,1777596602658,,,3233.229,1308.0,1308.0,74.0,https://specials-images.forbesimg.com/imageserve/5809442131358e238315e7b8/416x416.jpg?background=000000&cropX1=360&cropX2=1683&cropY1=908&cropY2=2232,1396.0,1376.0,3100.0,,,,,,
Duke Reyes,Reyes,duke-reyes,no-pic,0.0,Beer distribution,Food & Beverage,M,United States,1777596602658,FL,Florida,3123.0,1365.0,1365.0,69.0,,1397.0,1376.0,3100.0,,,,,,
Shen Xiqiang,Shen,shen-xiqiang,no-pic,24.115,Chemical,Energy,M,China,1777596602658,,,2777.709,1506.0,1506.0,78.0,,1398.0,1376.0,3100.0,,,,,,
Barry Sternlicht,Sternlicht,barry-sternlicht,barry-sternlicht,6.265,Private equity,Finance & Investments,M,United States,1777596602658,FL,Florida,3106.349,1369.0,1369.0,65.0,//specials-images.forbesimg.com/imageserve/5e14f03b0bf81b0006c116b5/416x416.jpg?background=000000&cropX1=466&cropX2=1164&cropY1=318&cropY2=1016,1399.0,1376.0,3100.0,,,,,,
Arvind Tiku,Tiku,arvind-tiku,arvind-tiku,0.0,"Renewable energy, real estate",Energy,M,India,1777596602658,,,3063.21,1382.0,1382.0,56.0,//specials-images.forbesimg.com/imageserve/579b39f7a7ea4374a7c66ecf/416x416.jpg?background=000000&cropX1=60&cropX2=711&cropY1=103&cropY2=754,1400.0,1376.0,3100.0,,,,,,
Rufino Vigil Gonzalez,Vigil Gonzalez,rufino-vigil-gonzalez,rufino-vigil-gonzalez,0.0,Steel,Metals & Mining,M,Mexico,1777596602658,,,2884.261,1459.0,1459.0,77.0,//specials-images.forbesimg.com/imageserve/442e1e3ce8c058cb0c8d31e6555c38df/416x416.jpg?background=000000&cropX1=0&cropX2=744&cropY1=110&cropY2=854,1401.0,1376.0,3100.0,,,,,,
Manuel Villar,Villar,manuel-villar,manuel-villar,99.868,Real estate,Real Estate,M,Philippines,1777596602658,,,2307.196,1807.0,1807.0,76.0,https://specials-images.forbesimg.com/imageserve/62f2d4d87945f4d41f1d9c76/416x416.jpg?background=000000&cropX1=0&cropX2=880&cropY1=0&cropY2=880,1402.0,1376.0,3100.0,,,,,,
Thomas Wu,Wu,thomas-wu,thomas-wu,-25.043,Finance,Finance & Investments,M,Taiwan,1777596602658,,,2903.95,1449.0,1449.0,76.0,https://specials-images.forbesimg.com/imageserve/683dc41ededf28f8f6a62ce2/416x416.jpg?background=000000&cropX1=489&cropX2=993&cropY1=34&cropY2=537,1403.0,1376.0,3100.0,,,,,,
Xiao Hongxing,Xiao,xiao-hongxing,no-pic,-19.383,manufacturing,Manufacturing,M,China,1777596602658,,,4236.661,1010.0,1010.0,59.0,,1404.0,1376.0,3100.0,,,,,,
Ye Qiongjiu,Ye,ye-qiongjiu,no-pic-female,18.969,Software,Technology,F,China,1777596602658,,,3090.312,1375.0,1375.0,71.0,,1405.0,1376.0,3100.0,,,,,,
Mohamed Alabbar,Alabbar,mohamed-alabbar,no-pic,-7.86,"Real estate, restaurants",Diversified,M,United Arab Emirates,1777596602658,,,2946.279,1420.0,1420.0,69.0,https://specials-images.forbesimg.com/imageserve/67e472c49fb76013b0e6eaa9/416x416.jpg?background=000000&cropX1=1451&cropX2=2880&cropY1=297&cropY2=1724,1406.0,1406.0,3000.0,,,,,,
Edward Bass,Bass,edward-bass,edward-bass,-1.754,"Oil, investments",Energy,M,United States,1777596602658,TX,Texas,3004.224,1403.0,1403.0,80.0,//specials-images.forbesimg.com/imageserve/5d8b3b0a22254b0008e16b74/416x416.jpg?background=000000&cropX1=439&cropX2=3790&cropY1=7&cropY2=3355,1407.0,1406.0,3000.0,,,,,,
Cao Longxiang,Cao,cao-longxiang,no-pic,13.664,Pharmaceuticals,Healthcare,M,China,1777596602658,,,2995.881,1407.0,1407.0,68.0,https://specials-images.forbesimg.com/imageserve/6050f48ca1ab099ed6e290cc/416x416.jpg?background=000000&cropX1=0&cropX2=800&cropY1=0&cropY2=800,1408.0,1406.0,3000.0,,,,,,
Richard Chandler,Chandler,richard-chandler,richard-chandler,0.0,Investments,Finance & Investments,M,New Zealand,1777596602658,,,3006.1,1401.0,1401.0,67.0,https://specials-images.forbesimg.com/imageserve/66d72880838953cdcb0222fd/416x416.jpg?background=000000&cropX1=0&cropX2=800&cropY1=0&cropY2=800,1409.0,1406.0,3000.0,,,,,,
Choo Chong Ngen,Choo,choo-chong-ngen,choo-chong-ngen,0.0,Hotels,Real Estate,M,Singapore,1777596602658,,,3004.78,1402.0,1402.0,73.0,https://specials-images.forbesimg.com/imageserve/631761ff8417e4652b8c36ad/416x416.jpg?background=000000&cropX1=915&cropX2=2708&cropY1=38&cropY2=1831,1410.0,1406.0,3000.0,,,,,,
John Paul DeJoria,DeJoria,john-paul-dejoria,john-paul-dejoria,-2.452,"Hair products, tequila",Fashion & Retail,M,United States,1777596602658,TX,Texas,3039.663,1390.0,1390.0,82.0,https://specials-images.forbesimg.com/imageserve/5f493024ddb201935c58e43a/416x416.jpg?background=000000&cropX1=501&cropX2=2800&cropY1=307&cropY2=2606,1411.0,1406.0,3000.0,,,,,,
Francois Feuillet,Feuillet,francois-feuillet,no-pic,32.745,"Motorhomes, RVs",Automotive,M,France,1777596602658,,,2827.593,1480.0,1480.0,77.0,//specials-images.forbesimg.com/imageserve/5a7deeb3a7ea431690131b81/416x416.jpg?background=000000&cropX1=551&cropX2=1315&cropY1=491&cropY2=1255,1412.0,1406.0,3000.0,,,,,,
Gerald Frere,Frere,gerald-frere,no-pic,0.0,"Steel, investments",Manufacturing,M,Belgium,1777596602658,,,2936.703,1423.0,1423.0,74.0,https://specials-images.forbesimg.com/imageserve/66183d02442da35bf4216379/416x416.jpg?background=000000&cropX1=0&cropX2=1696&cropY1=109&cropY2=1807,1413.0,1406.0,3000.0,,,,,,
Sebastian Glaser,Glaser,sebastian-glaser,no-pic,0.0,Sensor technology,Technology,M,Germany,1777596602658,,,2928.981,1427.0,1427.0,47.0,,1414.0,1406.0,3000.0,,,,,,
Joel Greenberg,Greenberg,joel-greenberg,no-pic,0.0,"Trading, investments",Finance & Investments,M,United States,1777596602658,PA,Pennsylvania,3003.0,1404.0,1404.0,68.0,,1415.0,1406.0,3000.0,,,,,,
Shmuel Harlap,Harlap,shmuel-harlap,no-pic,0.0,Automotive,Automotive,M,Israel,1777596602658,,,3088.453,1376.0,1376.0,81.0,//specials-images.forbesimg.com/imageserve/5a90cc2ca7ea434a0c272532/416x416.jpg?background=000000&cropX1=27&cropX2=4254&cropY1=528&cropY2=4757,1416.0,1406.0,3000.0,,,,,,
Gudrun Heine,Heine,gudrun-heine,no-pic-female,0.0,Medical devices,Healthcare,F,Germany,1777596602658,,,2926.173,1430.0,1430.0,71.0,,1417.0,1406.0,3000.0,,,,,,
J. Tomilson Hill,Hill,j-tomilson-hill,j-tomilson-hill,51.75,Investments,Finance & Investments,M,United States,1777596602658,NY,New York,3118.82,1367.0,1367.0,77.0,//specials-images.forbesimg.com/imageserve/5a908f074bbe6f0fa82668a3/416x416.jpg?background=000000&cropX1=1033&cropX2=1968&cropY1=144&cropY2=1080,1418.0,1406.0,3000.0,,,,,,
Huang Xiaofen,Huang,huang-xiaofen,no-pic-female,-109.816,Printed circuit boards,Technology,F,China,1777596602658,,,3186.443,1329.0,1329.0,64.0,,1419.0,1406.0,3000.0,,,,,,
Thomas Kwok,Kwok,thomas-kwok,no-pic,-58.757,Real estate,Real Estate,M,Hong Kong,1777596602658,,,2880.037,1463.0,1463.0,74.0,//specials-images.forbesimg.com/imageserve/5e765335c7b02d000666cb9c/416x416.jpg?background=000000&cropX1=1169&cropX2=2446&cropY1=44&cropY2=1320,1420.0,1406.0,3000.0,,,,,,
Alberto Palatchi,Palatchi,alberto-palatchi,no-pic,6.36,Wedding dresses,Fashion & Retail,M,Spain,1777596602658,,,3020.962,1396.0,1396.0,76.0,//specials-images.forbesimg.com/imageserve/5c7218a6a7ea431000435138/416x416.jpg?background=000000&cropX1=399&cropX2=2379&cropY1=21&cropY2=2003,1421.0,1406.0,3000.0,,,,,,
Pham Thu Huong,Pham,pham-thu-huong,no-pic-female,3.239,Diversified,Diversified,F,Vietnam,1777596602658,,,3735.533,1150.0,1150.0,56.0,https://specials-images.forbesimg.com/imageserve/69b1801db702efb6bfa3b639/416x416.jpg?background=000000&cropX1=281&cropX2=1264&cropY1=111&cropY2=1094,1422.0,1406.0,3000.0,,,,,,
Ajay Piramal,Piramal,ajay-piramal,ajay-piramal,8.272,Pharmaceuticals,Healthcare,M,India,1777596602658,,,2918.805,1437.0,1437.0,70.0,https://specials-images.forbesimg.com/imageserve/68e6af590d6d0a68a449197c/416x416.jpg?background=000000&cropX1=109&cropX2=780&cropY1=113&cropY2=785,1423.0,1406.0,3000.0,,,,,,
Sergei Popov,Popov,sergei-popov,sergei-popov,0.0,Banking,Finance & Investments,M,Russia,1777596602658,,,3017.132,1397.0,1397.0,54.0,//specials-images.forbesimg.com/imageserve/5c8ba16931358e35dd291d48/416x416.jpg?background=000000&cropX1=103&cropX2=384&cropY1=38&cropY2=319,1424.0,1406.0,3000.0,,,,,,
Dmitry Pumpyansky,Pumpyansky,dmitry-pumpyansky,dmitry-pumpyansky,0.0,Steel pipes,Metals & Mining,M,Russia,1777596602658,,,2969.367,1413.0,1413.0,62.0,https://specials-images.forbesimg.com/imageserve/6229130c334651defd7a7528/416x416.jpg?background=000000&cropX1=543&cropX2=2719&cropY1=308&cropY2=2483,1425.0,1406.0,3000.0,,,,,,
P.V. Ramprasad Reddy,Reddy,pv-ramprasad-reddy,pv-ramprasad-reddy,-15.468,Pharmaceuticals,Healthcare,M,India,1777596602658,,,3286.028,1289.0,1289.0,68.0,https://specials-images.forbesimg.com/imageserve/65256d3e13d4b9a39463430f/416x416.jpg?background=000000&cropX1=113&cropX2=530&cropY1=45&cropY2=462,1426.0,1406.0,3000.0,,,,,,
Christina Rohde,Rohde,christina-rohde,no-pic-female,0.0,Electrical Equipment,Technology,F,Germany,1777596602658,FL,Florida,2925.003,1432.0,1432.0,50.0,,1427.0,1406.0,3000.0,,,,,,
Robert Sands,Sands,robert-sands,no-pic,43.971,Liquor,Food & Beverage,M,United States,1777596602658,FL,Florida,3021.209,1395.0,1395.0,67.0,//specials-images.forbesimg.com/imageserve/5d8b015722254b0008e1679c/416x416.jpg?background=000000&cropX1=278&cropX2=2312&cropY1=563&cropY2=2599,1428.0,1406.0,3000.0,,,,,,
Anatoly Sedykh,Sedykh,anatoly-sedykh,anatoly-sedykh,0.0,Steel pipes,Metals & Mining,M,Russia,1777596602658,,,2981.549,1409.0,1409.0,61.0,https://specials-images.forbesimg.com/imageserve/62290ce48f97aa9c397a7528/416x416.jpg?background=000000&cropX1=0&cropX2=1528&cropY1=0&cropY2=1528,1429.0,1406.0,3000.0,,,,,,
Michael S. Smith,Smith,michael-s-smith,no-pic,0.0,Liquefied natural gas,Energy,M,United States,1777596602658,FL,Florida,3000.0,1405.0,1405.0,70.0,https://specials-images.forbesimg.com/imageserve/632cd101027c0cde00dd5380/416x416.jpg?background=000000&cropX1=683&cropX2=1733&cropY1=647&cropY2=1697,1430.0,1406.0,3000.0,,,,,,
Sybill Storz,Storz,sybill-storz,no-pic-female,0.0,Medical devices,Healthcare,F,Germany,1777596602658,,,2926.173,1430.0,1431.0,89.0,//specials-images.forbesimg.com/imageserve/5c703a14a7ea431000433157/416x416.jpg?background=000000&cropX1=43&cropX2=411&cropY1=41&cropY2=409,1431.0,1406.0,3000.0,,,,,,
Hermanto Tanoko,Tanoko,hermanto-tanoko,no-pic,-11.317,Paints,Manufacturing,M,Indonesia,1777596602659,,,1995.867,2095.0,2095.0,63.0,https://specials-images.forbesimg.com/imageserve/6411c710cd09f13b35bbfef5/416x416.jpg?background=000000&cropX1=155&cropX2=1623&cropY1=374&cropY2=1843,1432.0,1406.0,3000.0,,,,,,
Martin Viessmann,Viessmann,martin-viessmann,martin-viessmann,53.714,Heating and cooling equipment,Manufacturing,M,Germany,1777596602658,,,3032.528,1391.0,1391.0,72.0,//specials-images.forbesimg.com/imageserve/5e763155d8e1ae0007b71c03/416x416.jpg?background=000000&cropX1=421&cropX2=1649&cropY1=0&cropY2=1228,1433.0,1406.0,3000.0,,,,,,
Jerry Yang,Yang,jerry-yang,jerry-yang,3.118,Yahoo,Technology,M,United States,1777596602658,CA,California,3090.407,1374.0,1374.0,57.0,//specials-images.forbesimg.com/imageserve/59dd8e324bbe6f37dda04cd3/416x416.jpg?background=000000&cropX1=1344&cropX2=2990&cropY1=384&cropY2=2030,1434.0,1406.0,3000.0,"Cofounder, Yahoo!",False,,,,
Yu Zhuyun,Yu,yu-zhuyun,no-pic,-40.57,Diversified,Construction & Engineering,M,China,1777596602658,,,3090.706,1373.0,1373.0,52.0,,1435.0,1406.0,3000.0,,,,,,
Zhang Lei,Zhang,zhang-lei,zhang-lei,0.0,Investments,Finance & Investments,M,Singapore,1777596602658,,,2960.0,1416.0,1416.0,53.0,,1436.0,1406.0,3000.0,,,,,,
Zhang Xinghai,Zhang,zhang-xinghai,no-pic,-38.239,Machinery,Manufacturing,M,China,1777596602658,,,2554.919,1627.0,1627.0,63.0,//specials-images.forbesimg.com/imageserve/5a7d23ac4bbe6f2652f51271/416x416.jpg?background=000000&cropX1=4&cropX2=1645&cropY1=43&cropY2=1684,1437.0,1406.0,3000.0,,,,,,
Zhao Yan,Zhao,zhao-yan,no-pic-female,-79.991,Biotech,Diversified,F,China,1777596602658,,,2775.478,1508.0,1508.0,59.0,https://specials-images.forbesimg.com/imageserve/6182ca8cfb85e417104d17a0/416x416.jpg?background=000000&cropX1=31&cropX2=632&cropY1=271&cropY2=872,1438.0,1406.0,3000.0,,,,,,
Zhuo Jun,Zhuo,zhuo-jun-1,no-pic-female,-109.767,Printed circuit boards,Manufacturing,F,Hong Kong,1777596602658,,,3150.61,1349.0,1349.0,60.0,https://specials-images.forbesimg.com/imageserve/67be4dd70cf7bc93738c7c64/416x416.jpg?background=000000&cropX1=0&cropX2=800&cropY1=0&cropY2=800,1439.0,1406.0,3000.0,,,,,,
Semahat Sevim Arsel,Arsel,semahat-sevim-arsel,semahat-sevim-arsel,1.503,Diversified,Diversified,F,Turkey,1777596602658,,,2892.822,1455.0,1455.0,97.0,//specials-images.forbesimg.com/imageserve/5c725a27a7ea4310004353c6/416x416.jpg?background=000000&cropX1=164&cropX2=600&cropY1=31&cropY2=467,1440.0,1440.0,2900.0,,,,,,
Danna Azrieli,Azrieli,danna-azrieli,no-pic-female,42.649,Real estate,Real Estate,F,Israel,1777596602658,,,3163.155,1343.0,1343.0,58.0,,1441.0,1440.0,2900.0,,,,,,
Naomi Azrieli,Azrieli,naomi-azrieli,no-pic-female,42.649,Real estate,Real Estate,F,Canada,1777596602658,,,3163.155,1343.0,1344.0,60.0,,1442.0,1440.0,2900.0,,,,,,
Sharon Azrieli,Azrieli,sharon-azrieli,no-pic-female,42.649,Real estate,Real Estate,F,Canada,1777596602658,,,3163.155,1343.0,1345.0,65.0,,1443.0,1440.0,2900.0,,,,,,
Hayes Barnard,Barnard,hayes-barnard,no-pic,0.0,Fintech,Finance & Investments,M,United States,1777596602658,TX,Texas,2867.947,1464.0,1464.0,54.0,https://specials-images.forbesimg.com/imageserve/632ccf967cdb1c63da44b120/416x416.jpg?background=000000&cropX1=537&cropX2=3331&cropY1=211&cropY2=3005,1444.0,1440.0,2900.0,,,,,,
Lee Bass,Bass,lee-bass,lee-bass,-1.966,"Oil, investments",Energy,M,United States,1777596602658,TX,Texas,2892.782,1456.0,1456.0,69.0,//specials-images.forbesimg.com/imageserve/db064336a2edd9c66daa21ddc22a8695/416x416.jpg?background=000000&cropX1=0&cropX2=744&cropY1=18&cropY2=762,1445.0,1440.0,2900.0,,,,,,
Nicolas Berggruen,Berggruen,nicolas-berggruen,nicolas-berggruen,0.0,"Real estate, investments",Real Estate,M,United States,1777596602658,CA,California,2934.939,1424.0,1424.0,64.0,https://specials-images.forbesimg.com/imageserve/632cd14fe06f3f48e97d2c2f/416x416.jpg?background=000000&cropX1=555&cropX2=1988&cropY1=205&cropY2=1639,1446.0,1440.0,2900.0,,,,,,
Safra Catz,Catz,safra-catz,safra-catz,-2.685,Software,Technology,F,United States,1777596602658,FL,Florida,2906.344,1446.0,1446.0,64.0,https://specials-images.forbesimg.com/imageserve/64c41b29e4e3fa72d816a802/416x416.jpg?background=000000&cropX1=0&cropX2=1080&cropY1=0&cropY2=1080,1447.0,1440.0,2900.0,,,,,,
Chang Kuo-Hua,Chang,chang-kuo-hua,no-pic,3.92,"Shipping, airlines",Logistics,M,Taiwan,1777596602658,,,2898.639,1451.0,1451.0,71.0,https://specials-images.forbesimg.com/imageserve/63a0c85f19ae5f47238ceb34/416x416.jpg?background=000000&cropX1=1336&cropX2=2486&cropY1=105&cropY2=1254,1448.0,1440.0,2900.0,,,,,,
Chao Chung-Hsin,Chao,chao-chung-hsin,no-pic,-58.124,Cooling devices and components,Manufacturing,M,Taiwan,1777596602658,,,4851.012,880.0,880.0,71.0,,1449.0,1440.0,2900.0,,,,,,
Chao Teng-hsiung,Chao,chao-teng-hsiung,chao-teng-hsiung,-23.5,Real estate,Real Estate,M,Taiwan,1777596602658,,,2770.299,1511.0,1511.0,81.0,https://specials-images.forbesimg.com/imageserve/6091c8a1a69315da50a65df5/416x416.jpg?background=000000&cropX1=8&cropX2=1792&cropY1=8&cropY2=1792,1450.0,1440.0,2900.0,,,,,,
Chi Yufeng,Chi,chi-yufeng,no-pic,-112.717,Software,Technology,M,China,1777596602658,,,2384.187,1746.0,1746.0,55.0,https://specials-images.forbesimg.com/imageserve/6050f48ca1ab099ed6e290cc/416x416.jpg?background=000000&cropX1=0&cropX2=800&cropY1=0&cropY2=800,1451.0,1440.0,2900.0,,,,,,
Cho Jyh-jer,Cho,cho-jyh-jer,no-pic,43.926,Semiconductors,Technology,M,Taiwan,1777596602658,,,3655.156,1168.0,1168.0,70.0,https://specials-images.forbesimg.com/imageserve/63a0c99719ae5f47238ceb38/416x416.jpg?background=000000&cropX1=3&cropX2=692&cropY1=80&cropY2=769,1452.0,1440.0,2900.0,,,,,,
Stephen Deckoff,Deckoff,stephen-deckoff,no-pic,0.0,Private equity,Finance & Investments,M,United States,1777596602658,,U.S. Virgin Islands,2861.399,1468.0,1468.0,60.0,https://specials-images.forbesimg.com/imageserve/632e0d6bbffd29114444b11f/416x416.jpg?background=000000&cropX1=95&cropX2=785&cropY1=57&cropY2=747,1453.0,1440.0,2900.0,,,,,,
Deng Wen,Deng,deng-wen,no-pic,-13.771,Condiments,Food & Beverage,M,China,1777596602658,,,3265.999,1295.0,1295.0,58.0,,1454.0,1440.0,2900.0,,,,,,
Georgi Domuschiev,Domuschiev,georgi-domuschiev,no-pic,0.0,"Animal health, investments",Diversified,M,Bulgaria,1777596602658,,,2917.182,1440.0,1440.0,53.0,https://specials-images.forbesimg.com/imageserve/6806609bb08f209da80756e3/416x416.jpg?background=000000&cropX1=5&cropX2=1655&cropY1=73&cropY2=1723,1455.0,1440.0,2900.0,,,,,,
Kiril Domuschiev,Domuschiev,kiril-domuschiev,no-pic,0.0,"Animal health, investments",Diversified,M,Bulgaria,1777596602658,,,2917.182,1440.0,1441.0,57.0,https://specials-images.forbesimg.com/imageserve/6806616580a3a0a801e41859/416x416.jpg?background=000000&cropX1=21&cropX2=892&cropY1=84&cropY2=954,1456.0,1440.0,2900.0,,,,,,
Annalisa Doris,Doris,annalisa-doris,no-pic-female,-9.132,Financial services,Finance & Investments,F,Italy,1777596602658,,,2883.419,1461.0,1461.0,55.0,,1457.0,1440.0,2900.0,,,,,,
Massimo Doris,Doris,massimo-doris,no-pic,-9.125,Financial services,Finance & Investments,M,Italy,1777596602658,,,2881.806,1462.0,1462.0,58.0,,1458.0,1440.0,2900.0,,,,,,
Glenn Dubin,Dubin,glenn-dubin,glenn-dubin,0.0,Hedge funds,Finance & Investments,M,United States,1777596602658,NY,New York,2884.0,1460.0,1460.0,69.0,//specials-images.forbesimg.com/imageserve/5ba67b61a7ea434e4c696e24/416x416.jpg?background=000000&cropX1=218&cropX2=1648&cropY1=3&cropY2=1434,1459.0,1440.0,2900.0,,,,,,
Lindsay Fox,Fox,lindsay-fox,lindsay-fox,-0.571,"Logistics, real estate",Logistics,M,Australia,1777596602658,,,2932.775,1426.0,1426.0,89.0,https://specials-images.forbesimg.com/imageserve/67aa666a2ad030de35e6ea4e/416x416.jpg?background=000000&cropX1=52&cropX2=1079&cropY1=0&cropY2=1026,1460.0,1440.0,2900.0,,,,,,
Kamal Ghaffarian,Ghaffarian,kamal-ghaffarian,no-pic,81.097,"Space, energy",Energy,M,United States,1777596602658,FL,Florida,4812.305,889.0,889.0,68.0,,1461.0,1440.0,2900.0,,,,,,
Balkrishan Goenka,Goenka,balkrishan-goenka,balkrishan-goenka,-24.899,Textiles,Manufacturing,M,India,1777596602658,,,3374.569,1264.0,1264.0,59.0,//specials-images.forbesimg.com/imageserve/55f8ca6be4b0ffa7afe49fbf/416x416.jpg?background=000000&cropX1=2&cropX2=744&cropY1=2&cropY2=745,1462.0,1440.0,2900.0,,,,,,
Mitchell Goldhar,Goldhar,mitchell-goldhar,mitchell-goldhar,-1.634,Real estate,Real Estate,M,Canada,1777596602658,,,2858.406,1472.0,1472.0,64.0,//specials-images.forbesimg.com/imageserve/5a7bb1184bbe6f2652f4f38a/416x416.jpg?background=000000&cropX1=14&cropX2=2141&cropY1=478&cropY2=2607,1463.0,1440.0,2900.0,"Owner, SmartCentres",False,,,,
Tali Griffel,Griffel,tali-griffel,no-pic-female,-32.916,Financial Services,Finance & Investments,F,Israel,1777596602658,,,3287.197,1287.0,1288.0,40.0,,1464.0,1440.0,2900.0,,,,,,
Gu Yuhua,Gu,gu-yuhua,no-pic,-2.679,Furniture,Manufacturing,M,China,1777596602658,,,2867.084,1465.0,1465.0,76.0,,1465.0,1440.0,2900.0,,,,,,
Niva Gurevitch,Gurevitch,niva-gurevitch,no-pic-female,-32.916,FInancial Services,Finance & Investments,F,Israel,1777596602658,,,3287.197,1287.0,1287.0,54.0,,1466.0,1440.0,2900.0,,,,,,
Ugo Gussalli Beretta,Gussalli Beretta,ugo-gussalli-beretta,no-pic,0.0,Firearms,Manufacturing,M,Italy,1777596602658,,,2906.575,1445.0,1445.0,88.0,https://specials-images.forbesimg.com/imageserve/66199d1fa9aa35534eb726ec/416x416.jpg?background=000000&cropX1=639&cropX2=1646&cropY1=129&cropY2=1136,1467.0,1440.0,2900.0,,,,,,
Hong Feng,Hong,hong-feng,no-pic,-85.377,Smartphones,Technology,M,China,1777596602658,,,2459.397,1693.0,1693.0,49.0,,1468.0,1440.0,2900.0,,,,,,
Jin Baofang,Jin,jin-baofang,no-pic,27.576,Solar panels,Energy,M,China,1777596602658,,,2648.27,1573.0,1573.0,73.0,https://specials-images.forbesimg.com/imageserve/636e8acb5c71cc10dc611980/416x416.jpg?background=000000&cropX1=486&cropX2=1069&cropY1=257&cropY2=839,1469.0,1440.0,2900.0,,,,,,
Ramesh Juneja,Juneja,ramesh-juneja,ramesh-juneja,-9.243,Pharmaceuticals,Healthcare,M,India,1777596602658,,,2752.001,1527.0,1527.0,70.0,https://specials-images.forbesimg.com/imageserve/6526b97442e102bf3ac5c035/416x416.jpg?background=000000&cropX1=14&cropX2=987&cropY1=68&cropY2=1042,1470.0,1440.0,2900.0,,,,,,
Kei Hoi Pang,Kei,kei-hoi-pang,kei-hoi-pang,-5.438,Real estate,Real Estate,M,China,1777596602658,,,2866.629,1466.0,1466.0,60.0,https://specials-images.forbesimg.com/imageserve/6182e540b6ea71fb92b82194/416x416.jpg?background=000000&cropX1=0&cropX2=274&cropY1=25&cropY2=299,1471.0,1440.0,2900.0,,,,,,
John Krystynak,Krystynak,john-krystynak,no-pic,0.0,Advertising technology,Technology,M,United States,1777596602658,NV,Nevada,2905.0,1447.0,1447.0,58.0,,1472.0,1440.0,2900.0,,,,,,
Alexis Lê-Quôc,Lê-Quôc,alexis-le-quoc,no-pic,-28.278,Cloud computing,Technology,M,United States,1777596602658,NY,New York,3180.438,1330.0,1330.0,51.0,//specials-images.forbesimg.com/imageserve/5ebd9e4a59928a0006430948/416x416.jpg?background=000000&cropX1=669&cropX2=3182&cropY1=420&cropY2=2931,1473.0,1440.0,2900.0,"Cofounder, Datadog",False,,,,
Leng Youbin,Leng,leng-youbin,no-pic,-16.397,Infant formula,Food & Beverage,M,China,1777596602658,,,2696.2,1551.0,1551.0,57.0,//specials-images.forbesimg.com/imageserve/5e78baa5d8e1ae0007b73f74/416x416.jpg?background=000000&cropX1=2514&cropX2=4018&cropY1=174&cropY2=1678,1474.0,1440.0,2900.0,,,,,,
Mark Leonard,Leonard,mark-leonard,no-pic,29.291,Software,Technology,M,Canada,1777596602658,,,2838.482,1477.0,1477.0,69.0,,1475.0,1440.0,2900.0,,,,,,
Don Levin,Levin,don-levin,no-pic,0.0,rolling papers,Manufacturing,M,United States,1777596602658,IL,Illinois,2888.5,1458.0,1458.0,74.0,https://specials-images.forbesimg.com/imageserve/644145acfe7b9dba6b23907e/416x416.jpg?background=000000&cropX1=0&cropX2=2436&cropY1=288&cropY2=2726,1476.0,1440.0,2900.0,"Founder, Chairman, Republic Group",False,,,,
Li Wanqiang,Li,li-wanqiang,no-pic,-84.733,Smartphones,Technology,M,China,1777596602658,,,2457.727,1697.0,1697.0,48.0,,1477.0,1440.0,2900.0,,,,,,
Louise Lindh,Lindh,louise-lindh,no-pic-female,29.488,Investments,Diversified,F,Sweden,1777596602658,,,2573.408,1616.0,1616.0,46.0,//specials-images.forbesimg.com/imageserve/5c722adda7ea431000435207/416x416.jpg?background=000000&cropX1=0&cropX2=2047&cropY1=166&cropY2=2214,1478.0,1440.0,2900.0,,,,,,
Joe Lonsdale,Lonsdale,joe-lonsdale,joe-lonsdale,17.546,tech investments,Technology,M,United States,1777596602658,TX,Texas,2894.625,1454.0,1454.0,43.0,//specials-images.forbesimg.com/imageserve/5ca4b9784bbe6f073331cff1/416x416.jpg?background=000000&cropX1=0&cropX2=800&cropY1=142&cropY2=943,1479.0,1440.0,2900.0,"Partner, 8VC",False,,,,
Craig McCaw,McCaw,craig-mccaw,craig-mccaw,-1.198,Telecom,Telecom,M,United States,1777596602658,WA,Washington,2843.337,1474.0,1474.0,76.0,//specials-images.forbesimg.com/imageserve/5a8ed8b831358e4955ae0801/416x416.jpg?background=000000&cropX1=2340&cropX2=3117&cropY1=334&cropY2=1110,1480.0,1440.0,2900.0,,,,,,
Vadim Moshkovich,Moshkovich,vadim-moshkovich,vadim-moshkovich,0.0,"Agriculture, land",Food & Beverage,M,Russia,1777596602658,,,2940.654,1422.0,1422.0,59.0,//specials-images.forbesimg.com/imageserve/5e778f0210380d0006fbc07f/416x416.jpg?background=000000&cropX1=305&cropX2=2747&cropY1=53&cropY2=2494,1481.0,1440.0,2900.0,,,,,,
Eugene Murtagh,Murtagh,eugene-murtagh,no-pic,0.0,Building materials,Manufacturing,M,Ireland,1777596602658,,,2751.577,1528.0,1528.0,83.0,,1482.0,1440.0,2900.0,,,,,,
Akio Nitori,Nitori,akio-nitori,akio-nitori,-7.798,Home furnishings,Fashion & Retail,M,Japan,1777596602658,,,2153.464,1942.0,1942.0,82.0,https://specials-images.forbesimg.com/imageserve/629e5bd55774db231ad8d399/416x416.jpg?background=000000&cropX1=60&cropX2=1445&cropY1=55&cropY2=1440,1483.0,1440.0,2900.0,,,,,,
Timm Oberwelland,Oberwelland,timm-oberwelland,no-pic,0.0,Candy,Food & Beverage,M,Germany,1777596602658,,,2659.091,1569.0,1569.0,56.0,,1484.0,1440.0,2900.0,,,,,,
Park Soon-jae,Park,park-soon-jae,no-pic,-80.47,Biopharmaceuticals,Healthcare,M,South Korea,1777596602658,,,2578.614,1613.0,1613.0,71.0,https://specials-images.forbesimg.com/imageserve/67fd3c5f25e996bda906eeba/416x416.jpg?background=000000&cropX1=0&cropX2=800&cropY1=0&cropY2=800,1485.0,1440.0,2900.0,,,,,,
Daniel Pritzker,Pritzker,daniel-pritzker,daniel-pritzker,0.017,"Hotels, investments",Finance & Investments,M,United States,1777596602658,CA,California,3187.374,1328.0,1328.0,66.0,//specials-images.forbesimg.com/imageserve/5d8b10aa6de3150009a50a58/416x416.jpg?background=000000&cropX1=62&cropX2=747&cropY1=35&cropY2=720,1486.0,1440.0,2900.0,,,,,,
Qi Jinxing,Qi,qi-jinxing,qi-jinxing,21.646,Real estate,Real Estate,M,China,1777596602658,,,2548.848,1631.0,1631.0,64.0,//specials-images.forbesimg.com/imageserve/5a7ce86231358e4955acfbed/416x416.jpg?background=000000&cropX1=28&cropX2=3368&cropY1=952&cropY2=4290,1487.0,1440.0,2900.0,,,,,,
M.Satyanarayana Reddy,Reddy,msatyanarayana-reddy,no-pic,0.0,Pharmaceuticals,Healthcare,M,India,1777596602658,,,2749.04,1529.0,1529.0,69.0,https://specials-images.forbesimg.com/imageserve/61f41b48c0dc69d73b9a18bf/416x416.jpg?background=000000&cropX1=330&cropX2=1077&cropY1=384&cropY2=1130,1488.0,1440.0,2900.0,,,,,,
Wayne Rothbaum,Rothbaum,wayne-rothbaum,no-pic,1.5,Biotech investing,Healthcare,M,United States,1777596602658,FL,Florida,2904.5,1448.0,1448.0,58.0,,1489.0,1440.0,2900.0,,,,,,
Filiz Sahenk,Sahenk,filiz-sahenk,filiz-sahenk,0.215,Diversified,Diversified,F,Turkey,1777596602658,,,2835.911,1478.0,1478.0,59.0,//specials-images.forbesimg.com/imageserve/5a70dd074bbe6f2652f40843/416x416.jpg?background=000000&cropX1=101&cropX2=1676&cropY1=0&cropY2=1577,1490.0,1440.0,2900.0,,,,,,
Karthik Sarma,Sarma,karthik-sarma,no-pic,0.0,Hedge fund,Finance & Investments,M,India,1777596602658,NY,New York,2895.0,1453.0,1453.0,51.0,,1491.0,1440.0,2900.0,,,,,,
Frank Slootman,Slootman,frank-slootman,no-pic,-41.47,Software,Technology,M,United States,1777596602658,CA,California,2634.784,1585.0,1585.0,67.0,https://specials-images.forbesimg.com/imageserve/60638834dbd41e0a844ae7fe/416x416.jpg?background=000000&cropX1=540&cropX2=1356&cropY1=146&cropY2=962,1492.0,1440.0,2900.0,,,,,,
Jonathan Tisch,Tisch,jonathan-tisch,no-pic,11.178,"Loews, New York Giants",Diversified,M,United States,1777596602658,NY,New York,2955.071,1418.0,1418.0,72.0,,1493.0,1440.0,2900.0,,,,,,
Lina Tombolato,Tombolato,lina-tombolato,no-pic-female,-10.159,Financial services,Finance & Investments,F,Italy,1777596602658,,,2890.253,1457.0,1457.0,78.0,https://specials-images.forbesimg.com/imageserve/624608a8e935f6c928bc62e5/416x416.jpg?background=000000&cropX1=73&cropX2=1226&cropY1=600&cropY2=1753,1494.0,1440.0,2900.0,,,,,,
Tran Dinh Long,Tran Dinh,tran-dinh-long,no-pic,0.0,Steel,Manufacturing,M,Vietnam,1777596602658,,,2788.204,1499.0,1499.0,65.0,,1495.0,1440.0,2900.0,,,,,,
T.Y. Tsai,Tsai,ty-tsai,ty-tsai,0.0,Finance,Finance & Investments,M,Taiwan,1777596602658,,,2909.033,1443.0,1443.0,73.0,https://specials-images.forbesimg.com/imageserve/63a0cc5219ae5f47238ceb48/416x416.jpg?background=000000&cropX1=12&cropX2=648&cropY1=12&cropY2=648,1496.0,1440.0,2900.0,,,,,,
Peter Unger,Unger,peter-unger,no-pic,0.0,Auto repair,Automotive,M,Germany,1777596602658,,,2895.753,1452.0,1452.0,81.0,,1497.0,1440.0,2900.0,,,,,,
Long Wan,Wan,long-wan,no-pic,-140.8,Food,Food & Beverage,M,China,1777596602658,,,2813.133,1487.0,1487.0,85.0,https://specials-images.forbesimg.com/imageserve/6050f48ca1ab099ed6e290cc/416x416.jpg?background=000000&cropX1=0&cropX2=800&cropY1=0&cropY2=800,1498.0,1440.0,2900.0,,,,,,
Wang Junshi,Wang,wang-junshi,no-pic,-9.104,Solar inverters,Manufacturing,M,China,1777596602658,,,3192.712,1324.0,1324.0,77.0,,1499.0,1440.0,2900.0,,,,,,
Xue Hua,Xue,xue-hua,no-pic,8.733,Agribusiness,Manufacturing,M,China,1777596602658,,,2686.216,1557.0,1557.0,,,1500.0,1440.0,2900.0,,,,,,
Zhang Jian,Zhang,zhang-jian,no-pic,-10.539,"Electric bikes, scooters",Manufacturing,M,China,1777596602658,,,2388.166,1745.0,1745.0,57.0,,1501.0,1440.0,2900.0,,,,,,
Zhang Li,Zhang,zhang-li,zhang-li,-0.665,Real estate,Real Estate,M,China,1777596602658,,,3061.914,1384.0,1384.0,73.0,//specials-images.forbesimg.com/imageserve/589f297d31358e1a35ab26d9/416x416.jpg?background=000000&cropX1=85&cropX2=739&cropY1=3&cropY2=657,1502.0,1440.0,2900.0,,,,,,
Zhu Xingming,Zhu,zhu-xingming,no-pic,37.351,Electrical equipment,Manufacturing,M,China,1777596602658,,,2746.666,1532.0,1532.0,59.0,,1503.0,1440.0,2900.0,,,,,,
Sylvan Adams,Adams,sylvan-adams,no-pic,0.0,Real Estate,Real Estate,M,Israel,1777596602658,,,2834.898,1479.0,1479.0,67.0,https://specials-images.forbesimg.com/imageserve/67e46520af9b4b964ea4d0d5/416x416.jpg?background=000000&cropX1=1344&cropX2=5051&cropY1=200&cropY2=3906,1504.0,1504.0,2800.0,,,,,,
Amy Adams Strunk,Adams Strunk,amy-adams-strunk,no-pic-female,0.0,Tennessee Titans,Sports,F,United States,1777596602658,TN,Tennessee,2771.0,1510.0,1510.0,70.0,https://specials-images.forbesimg.com/imageserve/6422072e6869dc7af6557890/416x416.jpg?background=000000&cropX1=0&cropX2=1524&cropY1=125&cropY2=1649,1505.0,1504.0,2800.0,"Owner, Tennessee Titans",False,,,,
Manohar Lal Agarwal,Agarwal,manohar-lal-agarwal,no-pic,0.0,Snacks,Food & Beverage,M,India,1777596602658,,,2763.4,1518.0,1518.0,71.0,,1506.0,1504.0,2800.0,,,,,,
John Arnold,Arnold,john-arnold,john-arnold,0.0,Hedge funds,Finance & Investments,M,United States,1777596602658,TX,Texas,2787.0,1502.0,1502.0,52.0,https://specials-images.forbesimg.com/imageserve/5f49698801b8d8812b707f4e/416x416.jpg?background=000000&cropX1=248&cropX2=993&cropY1=474&cropY2=1220,1507.0,1504.0,2800.0,"Founder, Centaurus Advisors",False,,,,
Harindarpal Banga,Banga,harindarpal-banga,harindarpal-banga,-7.926,Commodities,Finance & Investments,M,India,1777596602658,,,2767.972,1512.0,1512.0,75.0,https://specials-images.forbesimg.com/imageserve/67be4aea883235ed6d6e8f1d/416x416.jpg?background=000000&cropX1=825&cropX2=1879&cropY1=211&cropY2=1264,1508.0,1504.0,2800.0,,,,,,
Richard Branson,Branson,richard-branson,richard-branson,0.077,Virgin,Diversified,M,United Kingdom,1777596602658,,,2819.28,1486.0,1486.0,75.0,https://specials-images.forbesimg.com/imageserve/605e45a29181e87f594383bd/416x416.jpg?background=000000&cropX1=0&cropX2=1080&cropY1=0&cropY2=1080,1509.0,1504.0,2800.0,,,,,,
J. Hyatt Brown,Brown,j-hyatt-brown,no-pic,-53.637,Insurance,Finance & Investments,M,United States,1777596602658,FL,Florida,2418.19,1729.0,1729.0,88.0,,1510.0,1504.0,2800.0,,,,,,
Herb Chambers,Chambers,herb-chambers,herb-chambers,0.0,Car dealerships,Automotive,M,United States,1777596602658,MA,Massachusetts,2763.605,1517.0,1517.0,84.0,//specials-images.forbesimg.com/imageserve/5601a83fe4b0ffa7afe4f33d/416x416.jpg?background=000000&cropX1=163&cropX2=596&cropY1=124&cropY2=557,1511.0,1504.0,2800.0,,,,,,
Richard Chang,Chang,richard-chang,richard-chang,-53.91,Semiconductors,Manufacturing,M,Hong Kong,1777596602658,,,2906.738,1444.0,1444.0,79.0,//specials-images.forbesimg.com/imageserve/139f1ffa4917e7932adae4f11adbc9d5/416x416.jpg?background=000000&cropX1=8&cropX2=744&cropY1=73&cropY2=809,1512.0,1504.0,2800.0,,,,,,
Chen Kaixuan,Chen,chen-kaixuan,no-pic,2.463,Household chemicals,Manufacturing,M,China,1777596602658,,,2821.111,1483.0,1483.0,68.0,https://specials-images.forbesimg.com/imageserve/603e8f5d4a2df75cef4fb25a/416x416.jpg?background=000000&cropX1=0&cropX2=800&cropY1=0&cropY2=800,1513.0,1504.0,2800.0,,,,,,
Chin Jong Hwa,Chin,chin-jong-hwa,chin-jong-hwa,-85.327,Auto parts,Automotive,M,Taiwan,1777596602658,,,2247.879,1852.0,1852.0,67.0,https://specials-images.forbesimg.com/imageserve/63a0c94dc894b4f0c7e82199/416x416.jpg?background=000000&cropX1=548&cropX2=1800&cropY1=8&cropY2=1259,1514.0,1504.0,2800.0,,,,,,
Tim Cook,Cook,tim-cook,tim-cook,3.867,Apple,Technology,M,United States,1777596602658,CA,California,2854.686,1473.0,1473.0,65.0,,1515.0,1504.0,2800.0,"CEO, Apple",False,,,,
Jamie Dimon,Dimon,jamie-dimon,jamie-dimon,24.792,Banking,Finance & Investments,M,United States,1777596602658,NY,New York,2924.11,1433.0,1433.0,70.0,//specials-images.forbesimg.com/imageserve/5a8d91b5a7ea43169014023a/416x416.jpg?background=000000&cropX1=743&cropX2=3217&cropY1=194&cropY2=2667,1516.0,1504.0,2800.0,"CEO, JPMorgan Chase & Co.",False,,,,
Mathias Doepfner,Doepfner,mathias-doepfner,no-pic,0.0,Media,Media & Entertainment,M,Germany,1777596602658,,,2774.073,1509.0,1509.0,63.0,,1517.0,1504.0,2800.0,,,,,,
Fan Daidi,Fan,fan-daidi,no-pic-female,33.169,Skincare,Fashion & Retail,F,China,1777596602658,,,2609.571,1601.0,1601.0,60.0,https://specials-images.forbesimg.com/imageserve/67250f9b6209140e1aba272f/416x416.jpg?background=000000&cropX1=2&cropX2=800&cropY1=0&cropY2=798,1518.0,1504.0,2800.0,,,,,,
Luca Garavoglia,Garavoglia,luca-garavoglia,no-pic,52.551,Spirits,Food & Beverage,M,Italy,1777596602658,,,2767.896,1513.0,1513.0,57.0,//specials-images.forbesimg.com/imageserve/5c70d1ce31358e35dd26ed81/416x416.jpg?background=000000&cropX1=0&cropX2=2667&cropY1=229&cropY2=2898,1519.0,1504.0,2800.0,,,,,,
Ge Weidong,Ge,ge-weidong,no-pic,175.562,Investment,Finance & Investments,M,Hong Kong,1777596602658,,,3706.87,1157.0,1157.0,57.0,,1520.0,1504.0,2800.0,,,,,,
Stein Erik Hagen,Hagen,stein-erik-hagen,stein-erik-hagen,1.331,Consumer goods,Fashion & Retail,M,Norway,1777596602658,,,2742.136,1533.0,1533.0,69.0,//specials-images.forbesimg.com/imageserve/5e770410c7b02d000666d40d/416x416.jpg?background=000000&cropX1=49&cropX2=880&cropY1=38&cropY2=870,1521.0,1504.0,2800.0,,,,,,
Jay Hennick,Hennick,jay-hennick,no-pic,3.18,Real estate finance,Finance & Investments,M,Canada,1777596602658,,,2646.831,1574.0,1574.0,69.0,https://specials-images.forbesimg.com/imageserve/624c91b2c2127c0d374992a3/416x416.jpg?background=000000&cropX1=380&cropX2=1006&cropY1=220&cropY2=846,1522.0,1504.0,2800.0,,,,,,
Brett Hildebrand,Hildebrand,brett-hildebrand,no-pic,0.0,"Banking, credit cards",Finance & Investments,M,United States,1777596602658,SC,South Carolina,2780.0,1505.0,1505.0,64.0,,1523.0,1504.0,2800.0,,,,,,
Jay-Z,Jay-Z,jay-z,jay-z,0.211,Music,Media & Entertainment,M,United States,1777596602658,CA,California,2809.543,1490.0,1490.0,56.0,https://specials-images.forbesimg.com/imageserve/69961b66414861328ea2d274/416x416.jpg?background=000000&cropX1=314&cropX2=1353&cropY1=101&cropY2=1140,1524.0,1504.0,2800.0,,,,,,
Jian Yao,Jian,jian-yao,no-pic-female,0.0,Medical devices,Healthcare,F,China,1777596602658,,,2602.481,1606.0,1606.0,,,1525.0,1504.0,2800.0,,,,,,
Rajeev Juneja,Juneja,rajeev-juneja,no-pic,-8.975,Phamaceuticals,Healthcare,M,India,1777596602658,,,2709.709,1543.0,1543.0,60.0,https://specials-images.forbesimg.com/imageserve/6526b88d21c0df07d15f8f7b/416x416.jpg?background=000000&cropX1=0&cropX2=1100&cropY1=31&cropY2=1130,1526.0,1504.0,2800.0,,,,,,
Kwek Leng Kee,Kwek,kwek-leng-kee,no-pic,0.0,Diversified,Diversified,M,Singapore,1777596602658,,,2784.729,1503.0,1503.0,71.0,,1527.0,1504.0,2800.0,,,,,,
Lam Kong,Lam,lam-kong,lam-kong,-18.86,Pharmaceuticals,Healthcare,M,China,1777596602658,,,2486.203,1678.0,1678.0,61.0,https://specials-images.forbesimg.com/imageserve/6050f48ca1ab099ed6e290cc/416x416.jpg?background=000000&cropX1=0&cropX2=800&cropY1=0&cropY2=800,1528.0,1504.0,2800.0,,,,,,
Christian Latouche,Latouche,christian-latouche,no-pic,0.0,Accounting services,Finance & Investments,M,France,1777596602658,,,2764.252,1516.0,1516.0,85.0,//specials-images.forbesimg.com/imageserve/5e759c24d8e1ae0007b71694/416x416.jpg?background=000000&cropX1=1742&cropX2=5703&cropY1=34&cropY2=3992,1529.0,1504.0,2800.0,,,,,,
Richard LeFrak,LeFrak,richard-lefrak,richard-lefrak,-0.007,Real estate,Real Estate,M,United States,1777596602658,NY,New York,2808.928,1491.0,1491.0,80.0,//specials-images.forbesimg.com/imageserve/5d8acec222254b0008e16454/416x416.jpg?background=000000&cropX1=15&cropX2=643&cropY1=36&cropY2=664,1530.0,1504.0,2800.0,,,,,,
Bernard Lewis,Lewis,bernard-lewis,no-pic,0.0,Fashion retailer,Fashion & Retail,M,United Kingdom,1777596602658,,,2777.103,1507.0,1507.0,100.0,//specials-images.forbesimg.com/imageserve/58a0b0ea31358e1a35ab3776/416x416.jpg?background=000000&cropX1=10&cropX2=648&cropY1=47&cropY2=685,1531.0,1504.0,2800.0,,,,,,
Liu Sheng,Liu,liu-sheng,no-pic,59.055,Optical communication,Manufacturing,M,China,1777596602658,,,4422.185,960.0,960.0,55.0,,1532.0,1504.0,2800.0,,,,,,
Kalanithi Maran,Maran,kalanithi-maran,kalanithi-maran,58.113,Media,Media & Entertainment,M,India,1777596602658,,,2529.838,1644.0,1644.0,60.0,https://specials-images.forbesimg.com/imageserve/615b2ce02324216fa0fe0d6d/416x416.jpg?background=000000&cropX1=164&cropX2=1058&cropY1=91&cropY2=986,1533.0,1504.0,2800.0,,,,,,
George Alexander Muthoot,Muthoot,george-alexander-muthoot,no-pic,-28.872,Financial services,Finance & Investments,M,India,1777596602658,,,2757.014,1521.0,1521.0,70.0,https://specials-images.forbesimg.com/imageserve/6033d59b82f41cf697d73189/416x416.jpg?background=000000&cropX1=885&cropX2=2328&cropY1=99&cropY2=1541,1534.0,1504.0,2800.0,,,,,,
George Jacob Muthoot,Muthoot,george-jacob-muthoot,no-pic,-28.872,Financial services,Finance & Investments,M,India,1777596602658,,,2757.014,1521.0,1522.0,73.0,https://specials-images.forbesimg.com/imageserve/6033d67375b6df3a403f5231/416x416.jpg?background=000000&cropX1=2246&cropX2=4663&cropY1=214&cropY2=2630,1535.0,1504.0,2800.0,,,,,,
George Thomas Muthoot,Muthoot,george-thomas-muthoot,no-pic,-28.872,Financial services,Finance & Investments,M,India,1777596602658,,,2757.014,1521.0,1523.0,75.0,https://specials-images.forbesimg.com/imageserve/6033d74cea42ae9c293e970b/416x416.jpg?background=000000&cropX1=1069&cropX2=2470&cropY1=88&cropY2=1490,1536.0,1504.0,2800.0,,,,,,
Sara George Muthoot,Muthoot,sara-george-muthoot,no-pic-female,-28.872,Financial services,Finance & Investments,F,India,1777596602658,,,2757.014,1521.0,1524.0,66.0,https://specials-images.forbesimg.com/imageserve/621911d27dbc1fa2f4949c9c/416x416.jpg?background=000000&cropX1=0&cropX2=1249&cropY1=57&cropY2=1306,1537.0,1504.0,2800.0,,,,,,
Adam Neumann,Neumann,adam-neumann,adam-neumann,0.0,WeWork,Real Estate,M,Israel,1777596602658,FL,Florida,2802.5,1493.0,1493.0,47.0,https://specials-images.forbesimg.com/imageserve/640f9728b347b28105216409/416x416.jpg?background=000000&cropX1=0&cropX2=1017&cropY1=150&cropY2=1168,1538.0,1504.0,2800.0,,,,,,
Philip Niarchos,Niarchos,philip-niarchos,philip-niarchos,0.0,Art collection,Diversified,M,Greece,1777596602658,,,2823.3,1482.0,1482.0,72.0,//specials-images.forbesimg.com/imageserve/5c7041514bbe6f79679f066d/416x416.jpg?background=000000&cropX1=431&cropX2=1334&cropY1=22&cropY2=925,1539.0,1504.0,2800.0,,,,,,
Nandan Nilekani,Nilekani,nandan-nilekani,nandan-nilekani,14.827,Software services,Technology,M,India,1777596602658,,,2564.699,1618.0,1618.0,70.0,https://specials-images.forbesimg.com/imageserve/68e6afc1fa65f5f11bb74d28/416x416.jpg?background=000000&cropX1=519&cropX2=1989&cropY1=798&cropY2=2268,1540.0,1504.0,2800.0,,,,,,
Stefan Olsson,Olsson,stefan-olsson,stefan-olsson,0.0,Diversified,Diversified,M,Sweden,1777596602658,,,2560.703,1623.0,1623.0,77.0,//specials-images.forbesimg.com/imageserve/0979fd4703a71dcf6d05021a5d278189/416x416.jpg?background=000000&cropX1=0&cropX2=744&cropY1=95&cropY2=839,1541.0,1504.0,2800.0,,,,,,
Maren Otto,Otto,maren-otto,no-pic-female,2.105,"Retail, real estate",Diversified,F,Germany,1777596602658,,,2556.104,1626.0,1626.0,84.0,//specials-images.forbesimg.com/imageserve/5e763039c7b02d000666c8e4/416x416.jpg?background=000000&cropX1=257&cropX2=1383&cropY1=6&cropY2=1132,1542.0,1504.0,2800.0,,,,,,
Ranjan Pai,Pai,ranjan-pai,ranjan-pai,0.0,"Education, healthcare",Healthcare,M,India,1777596602658,,,2723.522,1539.0,1539.0,53.0,https://specials-images.forbesimg.com/imageserve/65256eb53111c7e9ac979e17/416x416.jpg?background=000000&cropX1=960&cropX2=1452&cropY1=550&cropY2=1043,1543.0,1504.0,2800.0,,,,,,
Tor Peterson,Peterson,tor-peterson,no-pic,48.6,Commodities,Metals & Mining,M,United States,1777596602658,,,2957.38,1417.0,1417.0,61.0,,1544.0,1504.0,2800.0,,,,,,
Victor Pinchuk,Pinchuk,victor-pinchuk,victor-pinchuk,0.0,"Steel pipes, diversified",Metals & Mining,M,Ukraine,1777596602658,,,2800.0,1494.0,1494.0,65.0,//specials-images.forbesimg.com/imageserve/5c7265fb31358e35dd2701b5/416x416.jpg?background=000000&cropX1=1368&cropX2=4268&cropY1=156&cropY2=3054,1545.0,1504.0,2800.0,,,,,,
"Bernard Saul, II.",Saul,bernard-saul-ii,bernard-saul-ii,4.117,"Banking, real estate",Finance & Investments,M,United States,1777596602658,MD,Maryland,2764.774,1515.0,1515.0,94.0,//specials-images.forbesimg.com/imageserve/e2b0e387987c0fa0aef2253b5912e328/416x416.jpg?background=000000&cropX1=6&cropX2=744&cropY1=34&cropY2=772,1546.0,1504.0,2800.0,"Chairman and CEO, Saul Centers",False,,,,
Leonard Schleifer,Schleifer,leonard-schleifer,leonard-schleifer,60.24,Pharmaceuticals,Healthcare,M,United States,1777596602658,NY,New York,2629.655,1590.0,1590.0,73.0,//specials-images.forbesimg.com/imageserve/5a908f4831358e79a28a1f00/416x416.jpg?background=000000&cropX1=1703&cropX2=3960&cropY1=354&cropY2=2613,1547.0,1504.0,2800.0,"CEO and Founder, Regeneron Pharmaceuticals",False,,,,
Mikhail Shelkov,Shelkov,mikhail-shelkov,no-pic,0.0,Titanium,Metals & Mining,M,Russia,1777596602658,,,2825.745,1481.0,1481.0,57.0,,1548.0,1504.0,2800.0,,,,,,
Jeffrey Talpins,Talpins,jeffrey-talpins,no-pic,0.0,Hedge fund,Finance & Investments,M,United States,1777596602658,NY,New York,2820.0,1485.0,1485.0,51.0,,1549.0,1504.0,2800.0,"Founder, Element Capital Management",False,500.0,,,
Larry Tanenbaum,Tanenbaum,larry-tanenbaum,no-pic,0.0,Sports,Sports,M,Canada,1777596602658,,,2780.821,1504.0,1504.0,80.0,,1550.0,1504.0,2800.0,,,,,,
Marcel Herrmann Telles,Telles,marcel-herrmann-telles,marcel-herrmann-telles,45.604,Beer,Food & Beverage,M,Brazil,1777596602658,,,2941.794,1421.0,1421.0,76.0,//specials-images.forbesimg.com/imageserve/58c30e5a31358e1a35accaa6/416x416.jpg?background=000000&cropX1=6&cropX2=744&cropY1=53&cropY2=791,1551.0,1504.0,2800.0,,,,,,
Ted Turner,Turner,ted-turner,ted-turner,0.0,Cable television,Media & Entertainment,M,United States,1777596602658,GA,Georgia,2787.048,1501.0,1501.0,87.0,https://specials-images.forbesimg.com/imageserve/6000c01d0887dafe93771150/416x416.jpg?background=000000&cropX1=1614&cropX2=4458&cropY1=614&cropY2=3456,1552.0,1504.0,2800.0,,,,,,
Barbara Tyson,Tyson,barbara-tyson,no-pic-female,16.275,Food processing,Food & Beverage,F,United States,1777596602658,AR,Arkansas,2747.021,1531.0,1531.0,77.0,https://specials-images.forbesimg.com/imageserve/632cc3fd3b3068af937d2c21/416x416.jpg?background=000000&cropX1=0&cropX2=750&cropY1=71&cropY2=821,1553.0,1504.0,2800.0,,,,,,
Wang Wenjing,Wang,wang-wenjing,wang-wenjing,-35.605,Business software,Technology,M,China,1777596602658,,,2360.48,1765.0,1765.0,61.0,https://specials-images.forbesimg.com/imageserve/6182e3452d967cb41de9678c/416x416.jpg?background=000000&cropX1=1142&cropX2=2689&cropY1=328&cropY2=1873,1554.0,1504.0,2800.0,,,,,,
Wong Luen Hei,Wong,wong-luen-hei,wong-luen-hei,-27.128,Building materials,Manufacturing,M,China,1777596602658,,,2168.883,1929.0,1929.0,64.0,//specials-images.forbesimg.com/imageserve/561fbe7de4b0ffa7afe5e598/416x416.jpg?background=000000&cropX1=0&cropX2=744&cropY1=5&cropY2=749,1555.0,1504.0,2800.0,,,,,,
Eugene Wu,Wu,eugene-wu,eugene-wu,-23.335,Finance,Finance & Investments,M,Taiwan,1777596602658,,,2569.624,1617.0,1617.0,80.0,//specials-images.forbesimg.com/imageserve/5e1e4e5bda6d380006299ad2/416x416.jpg?background=000000&cropX1=8&cropX2=718&cropY1=46&cropY2=757,1556.0,1504.0,2800.0,,,,,,
Wu Guanjiang,Wu,wu-guanjiang,no-pic,1.577,Pharmaceuticals,Healthcare,M,China,1777596602658,,,2765.033,1514.0,1514.0,57.0,,1557.0,1504.0,2800.0,,,,,,
Yoo Jung-hyun,Yoo,yoo-jung-hyun,no-pic-female,-24.633,Online games,Media & Entertainment,F,South Korea,1777596602658,,,2346.148,1775.0,1775.0,57.0,https://specials-images.forbesimg.com/imageserve/67fd3c9532aa474a801ef224/416x416.jpg?background=000000&cropX1=0&cropX2=799&cropY1=1&cropY2=800,1558.0,1504.0,2800.0,,,,,,
Zheng Jianjiang,Zheng,zheng-jianjiang,zheng-jianjiang,-56.561,Electrical equipment,Manufacturing,M,China,1777596602658,,,2273.747,1836.0,1836.0,65.0,//specials-images.forbesimg.com/imageserve/562a57ede4b0ffa7afe63004/416x416.jpg?background=000000&cropX1=105&cropX2=744&cropY1=82&cropY2=722,1559.0,1504.0,2800.0,,,,,,
Selçuk Bayraktar,Bayraktar,selcuk-bayraktar,no-pic,0.0,Military drones,Technology,M,Turkey,1777596602658,,,2703.0,1548.0,1548.0,46.0,https://specials-images.forbesimg.com/imageserve/661ea5cefe9ab31215bc04a7/416x416.jpg?background=000000&cropX1=584&cropX2=1299&cropY1=38&cropY2=754,1560.0,1560.0,2700.0,,,,,,
Zadik Bino,Bino,zadik-bino,zadik-bino,1.021,"Banking, oil",Diversified,M,Israel,1777596602658,,,2757.711,1520.0,1520.0,82.0,//specials-images.forbesimg.com/imageserve/5c70c889a7ea431000433eb6/416x416.jpg?background=000000&cropX1=126&cropX2=995&cropY1=0&cropY2=868,1561.0,1560.0,2700.0,,,,,,
David Booth,Booth,david-booth,david-booth,0.0,Mutual funds,Finance & Investments,M,United States,1777596602658,TX,Texas,2686.46,1556.0,1556.0,80.0,//specials-images.forbesimg.com/imageserve/5559e7a5e4b0bacdbd752599/416x416.jpg?background=000000&cropX1=2&cropX2=744&cropY1=98&cropY2=841,1562.0,1560.0,2700.0,"Chairman and CEO, Dimensional Fund Advisors",False,,,,
William Boyd,Boyd,william-boyd,no-pic,24.822,"Casinos, banking",Gambling & Casinos,M,United States,1777596602658,NV,Nevada,2794.137,1496.0,1496.0,94.0,https://specials-images.forbesimg.com/imageserve/620bc515bc7a6c2b688590b4/416x416.jpg?background=000000&cropX1=362&cropX2=2092&cropY1=86&cropY2=1816,1563.0,1560.0,2700.0,,,,,,
Chao Yung-Tsang,Chao,chao-yung-tsang,no-pic,-54.782,Cooling devices and components,Manufacturing,M,Taiwan,1777596602658,,,4573.401,929.0,929.0,70.0,,1564.0,1560.0,2700.0,,,,,,
Chen Qiongxiang,Chen,chen-qiongxiang,no-pic-female,-59.269,Batteries,Energy,F,China,1777596602658,,,3353.422,1271.0,1271.0,,,1565.0,1560.0,2700.0,,,,,,
Jack Cowin,Cowin,jack-cowin,jack-cowin,5.222,Fast food,Food & Beverage,M,Australia,1777596602658,,,2620.616,1596.0,1596.0,83.0,https://specials-images.forbesimg.com/imageserve/69824556ad4aa6ce8a75549b/416x416.jpg?background=000000&cropX1=1&cropX2=809&cropY1=12&cropY2=819,1566.0,1560.0,2700.0,,,,,,
Stephan Crétier,Crétier,stephan-cretier,no-pic,0.0,Private security,Service,M,Canada,1777596602658,,,2675.425,1564.0,1564.0,62.0,,1567.0,1560.0,2700.0,,,,,,
Bennett Dorrance,Dorrance,bennett-dorrance,bennett-dorrance,15.277,Campbell Soup,Food & Beverage,M,United States,1777596602658,AZ,Arizona,2450.969,1705.0,1705.0,80.0,//specials-images.forbesimg.com/imageserve/2a96ddbe76c1eeed78fcd008987e09e8/416x416.jpg?background=000000&cropX1=58&cropX2=689&cropY1=132&cropY2=764,1568.0,1560.0,2700.0,,,,,,
Joseph Edelman,Edelman,joseph-edelman,no-pic,0.0,Hedge funds,Finance & Investments,M,United States,1777596602658,NY,New York,2748.6,1530.0,1530.0,70.0,//specials-images.forbesimg.com/imageserve/5b117cc331358e612fbad5da/416x416.jpg?background=000000&cropX1=1433&cropX2=2674&cropY1=848&cropY2=2089,1569.0,1560.0,2700.0,"Founder & CEO, Perceptive Advisors",False,,,,
Alfredo Egydio Arruda Villela Filho,Egydio Arruda Villela Filho,alfredo-egydio-arruda-villela-filho,no-pic,38.582,Banking,Finance & Investments,M,Brazil,1777596602658,,,2702.54,1549.0,1549.0,56.0,//specials-images.forbesimg.com/imageserve/5c6cc7cd31358e1c187f10bb/416x416.jpg?background=000000&cropX1=135&cropX2=1004&cropY1=3&cropY2=872,1570.0,1560.0,2700.0,,,,,,
Sandeep Engineer,Engineer,sandeep-engineer,no-pic,-32.947,Plastic pipes,Manufacturing,M,India,1777596602658,,,2370.692,1759.0,1759.0,64.0,https://specials-images.forbesimg.com/imageserve/615c611f4e6850861675d1fd/416x416.jpg?background=000000&cropX1=0&cropX2=1489&cropY1=0&cropY2=1490,1571.0,1560.0,2700.0,,,,,,
Jayme Garfinkel,Garfinkel,jayme-garfinkel,jayme-garfinkel,12.488,Insurance,Finance & Investments,M,Brazil,1777596602658,,,2653.278,1572.0,1572.0,80.0,//specials-images.forbesimg.com/imageserve/5a7b7e7fa7ea43169012eeaa/416x416.jpg?background=000000&cropX1=0&cropX2=2740&cropY1=22&cropY2=2760,1572.0,1560.0,2700.0,,,,,,
Gabriele Gebauer,Gebauer,gabriele-gebauer,no-pic-female,0.0,textile,Manufacturing,F,Germany,1777596602658,,,2719.083,1540.0,1540.0,85.0,,1573.0,1560.0,2700.0,,,,,,
Feridun Gecgel,Gecgel,feridun-gecgel,no-pic,279.742,Utility Equipment,Diversified,M,Turkey,1777596602658,,,3972.345,1086.0,1086.0,55.0,,1574.0,1560.0,2700.0,,,,,,
Fiona Geminder,Geminder,fiona-geminder,fiona-geminder,0.0,Manufacturing,Manufacturing,F,Australia,1777596602658,,,2212.994,1888.0,1888.0,61.0,https://specials-images.forbesimg.com/imageserve/63ea675b80bdafcc16d77e9c/416x416.jpg?background=000000&cropX1=94&cropX2=984&cropY1=43&cropY2=933,1575.0,1560.0,2700.0,,,,,,
Sam Goi,Goi,sam-goi,sam-goi,-0.13,Frozen foods,Food & Beverage,M,Singapore,1777596602658,,,2686.484,1555.0,1555.0,79.0,//specials-images.forbesimg.com/imageserve/5a80f48da7ea431690133ed6/416x416.jpg?background=000000&cropX1=2618&cropX2=4474&cropY1=500&cropY2=2356,1576.0,1560.0,2700.0,,,,,,
Anthony Hall,Hall,anthony-hall,no-pic,22.59,Technology,Technology,M,Australia,1777596602658,,,2797.079,1495.0,1495.0,70.0,https://specials-images.forbesimg.com/imageserve/67aa5ff1bc9ed36fda009157/416x416.jpg?background=000000&cropX1=0&cropX2=800&cropY1=0&cropY2=800,1577.0,1560.0,2700.0,,,,,,
Hans-Werner Hector,Hector,hans-werner-hector,no-pic,0.0,SAP,Technology,M,Germany,1777596602658,,,2639.523,1580.0,1580.0,86.0,//specials-images.forbesimg.com/imageserve/5a7e15ec31358e4955ad1042/416x416.jpg?background=000000&cropX1=317&cropX2=1248&cropY1=121&cropY2=1053,1578.0,1560.0,2700.0,,,,,,
Michael Hintze,Hintze,michael-hintze,michael-hintze,0.0,Investment,Finance & Investments,M,Australia,1777596602658,,,2688.942,1554.0,1554.0,72.0,https://specials-images.forbesimg.com/imageserve/698245088962083c2464596f/416x416.jpg?background=000000&cropX1=0&cropX2=2675&cropY1=4&cropY2=2679,1579.0,1560.0,2700.0,"Founder, CQS LLP",False,,,,
Reid Hoffman,Hoffman,reid-hoffman,reid-hoffman,8.311,LinkedIn,Technology,M,United States,1777596602658,CA,California,2659.211,1568.0,1568.0,58.0,https://specials-images.forbesimg.com/imageserve/66609c789f2f3d525d5f430e/416x416.jpg?background=000000&cropX1=245&cropX2=1305&cropY1=88&cropY2=1149,1580.0,1560.0,2700.0,Greylock Partners,False,,,,
Douglas Hsu,Hsu,douglas-hsu,douglas-hsu,-19.987,Diversified,Diversified,M,Taiwan,1777596602658,,,2577.228,1614.0,1614.0,83.0,https://specials-images.forbesimg.com/imageserve/62680848cbf73520d8639f9a/416x416.jpg?background=000000&cropX1=474&cropX2=3143&cropY1=0&cropY2=2668,1581.0,1560.0,2700.0,,,,,,
Wei Huang,Huang,wei-huang,no-pic,163.943,Real estate,Real Estate,M,China,1777596602658,,,2810.303,1489.0,1489.0,66.0,,1582.0,1560.0,2700.0,,,,,,
Bidzina Ivanishvili,Ivanishvili,bidzina-ivanishvili,bidzina-ivanishvili,0.0,Investments,Finance & Investments,M,Georgia,1777596602658,,,2700.0,1550.0,1550.0,70.0,//specials-images.forbesimg.com/imageserve/5e75a7abc7b02d000666c47e/416x416.jpg?background=000000&cropX1=115&cropX2=1025&cropY1=39&cropY2=949,1583.0,1560.0,2700.0,,,,,,
Hal Jackman,Jackman,hal-jackman,hal-jackman,29.998,"Insurance, investments",Finance & Investments,M,Canada,1777596602658,,,2659.466,1567.0,1567.0,93.0,//specials-images.forbesimg.com/imageserve/56c65371e4b062f6b59a0fb1/416x416.jpg?background=000000&cropX1=2&cropX2=744&cropY1=3&cropY2=746,1584.0,1560.0,2700.0,,,,,,
Jian Jun,Jian,jian-jun,no-pic-female,-20.133,Biomedical products,Healthcare,F,China,1777596602658,,,2166.877,1931.0,1931.0,62.0,https://specials-images.forbesimg.com/imageserve/672510696303bb57c85d6316/416x416.jpg?background=000000&cropX1=662&cropX2=2043&cropY1=482&cropY2=1864,1585.0,1560.0,2700.0,,,,,,
Ipek Kirac,Kirac,ipek-kirac,no-pic-female,-0.448,Diversified,Diversified,F,Turkey,1777596602658,,,2639.444,1581.0,1581.0,41.0,https://specials-images.forbesimg.com/imageserve/606b34b786f364150d7361ff/416x416.jpg?background=000000&cropX1=85&cropX2=575&cropY1=1&cropY2=491,1586.0,1560.0,2700.0,,,,,,
Martin Knauf,Knauf,martin-knauf,no-pic,0.0,building materials,Manufacturing,M,Germany,1777596602658,,,2633.673,1586.0,1586.0,45.0,,1587.0,1560.0,2700.0,,,,,,
Anthony Langley,Langley,anthony-langley,anthony-langley,0.0,Manufacturing,Diversified,M,United Kingdom,1777596602658,,,2657.073,1571.0,1571.0,71.0,//specials-images.forbesimg.com/imageserve/56d867e1e4b0c144a7f6ab88/416x416.jpg?background=000000&cropX1=3&cropX2=744&cropY1=6&cropY2=747,1588.0,1560.0,2700.0,,,,,,
Li Zhiyuan,Li,li-zhiyuan,no-pic,-17.943,Electrical components,Manufacturing,M,China,1777596602658,,,2388.53,1744.0,1744.0,71.0,,1589.0,1560.0,2700.0,,,,,,
Liu Weiping,Liu,liu-weiping,no-pic,-9.234,packaged food,Food & Beverage,M,China,1777596602658,,,2195.203,1909.0,1909.0,47.0,https://specials-images.forbesimg.com/imageserve/661ec84671870a10e2665507/416x416.jpg?background=000000&cropX1=311&cropX2=628&cropY1=504&cropY2=821,1590.0,1560.0,2700.0,,,,,,
Farhad Moshiri,Moshiri,farhad-moshiri,farhad-moshiri,0.0,Diversified,Diversified,M,United Kingdom,1777596602658,,,2716.543,1541.0,1541.0,70.0,//specials-images.forbesimg.com/imageserve/5e77f192c7b02d000666e1b7/416x416.jpg?background=000000&cropX1=1181&cropX2=2390&cropY1=138&cropY2=1346,1591.0,1560.0,2700.0,,,,,,
Jannie Mouton,Mouton,jannie-mouton,jannie-mouton,-28.057,financial services,Finance & Investments,M,South Africa,1777596602658,,,2364.707,1763.0,1763.0,79.0,//specials-images.forbesimg.com/imageserve/8ab9cfd81c126830ba99bde49a2fdc07/416x416.jpg?background=000000&cropX1=105&cropX2=636&cropY1=16&cropY2=548,1592.0,1560.0,2700.0,,,,,,
Katharina Otto-Bernstein,Otto-Bernstein,katharina-otto-bernstein,no-pic-female,0.0,Real estate,Real Estate,F,Germany,1777596602658,NY,New York,2486.207,1677.0,1677.0,62.0,//specials-images.forbesimg.com/imageserve/5c7024be4bbe6f79679eff60/416x416.jpg?background=000000&cropX1=1751&cropX2=3061&cropY1=0&cropY2=1310,1593.0,1560.0,2700.0,,,,,,
Lirio Parisotto,Parisotto,lirio-parisotto,lirio-parisotto,0.0,Investments,Finance & Investments,M,Brazil,1777596602658,,,2787.17,1500.0,1500.0,72.0,//specials-images.forbesimg.com/imageserve/56c619bce4b062f6b59a0c55/416x416.jpg?background=000000&cropX1=156&cropX2=692&cropY1=3&cropY2=540,1594.0,1560.0,2700.0,,,,,,
David Peñaloza Alanís,Peñaloza Alanís,david-penaloza-alanis,no-pic,-35.0,Toll roads,Construction & Engineering,M,Mexico,1777596602658,,,2626.428,1592.0,1592.0,52.0,,1595.0,1560.0,2700.0,,,,,,
Alexander Ramlie,Ramlie,alexander-ramlie,no-pic,-28.409,Mining,Metals & Mining,M,Indonesia,1777596602659,,,1872.768,2207.0,2207.0,53.0,https://specials-images.forbesimg.com/imageserve/6938a5bab039594b38b7904d/416x416.jpg?background=000000&cropX1=147&cropX2=1078&cropY1=82&cropY2=1013,1596.0,1560.0,2700.0,,,,,,
Richard Sands,Sands,richard-sands,no-pic,28.411,Liquor,Food & Beverage,M,United States,1777596602658,FL,Florida,2671.393,1566.0,1566.0,75.0,//specials-images.forbesimg.com/imageserve/5d8bc22318444200084e855e/416x416.jpg?background=000000&cropX1=49&cropX2=1185&cropY1=175&cropY2=1312,1597.0,1560.0,2700.0,,,,,,
Abhay Soi,Soi,abhay-soi,no-pic,-30.412,Healthcare,Healthcare,M,India,1777596602658,,,2360.392,1766.0,1766.0,52.0,https://specials-images.forbesimg.com/imageserve/612e3dde1434aca16b4d05fb/416x416.jpg?background=000000&cropX1=150&cropX2=827&cropY1=0&cropY2=678,1598.0,1560.0,2700.0,,,,,,
Jeff Sutton,Sutton,jeff-sutton,no-pic,0.0,Real estate,Real Estate,M,United States,1777596602658,NY,New York,2689.892,1553.0,1553.0,66.0,https://specials-images.forbesimg.com/imageserve/5ab944eda7ea432fbc1d2d9c/416x416.jpg?background=000000&cropX1=0&cropX2=400&cropY1=0&cropY2=400,1599.0,1560.0,2700.0,,,,,,
Alain Taravella,Taravella,alain-taravella,alain-taravella,21.231,Real estate development,Real Estate,M,France,1777596602658,,,2488.574,1675.0,1675.0,78.0,//specials-images.forbesimg.com/imageserve/5c6f8e3ca7ea431000432050/416x416.jpg?background=000000&cropX1=20&cropX2=1216&cropY1=194&cropY2=1390,1600.0,1560.0,2700.0,,,,,,
V. Prem Watsa,Watsa,v-prem-watsa,v-prem-watsa,4.89,"Insurance, investments",Finance & Investments,M,Canada,1777596602658,,,2684.64,1560.0,1560.0,75.0,//specials-images.forbesimg.com/imageserve/5c6daf1731358e35dd26a412/416x416.jpg?background=000000&cropX1=986&cropX2=2987&cropY1=0&cropY2=2000,1601.0,1560.0,2700.0,,,,,,
Wee Ee Cheong,Wee,wee-ee-cheong,no-pic,7.961,Banking,Finance & Investments,M,Singapore,1777596602658,,,2642.981,1577.0,1577.0,73.0,https://specials-images.forbesimg.com/imageserve/661d6ca3f1828e88cf5ce9bb/416x416.jpg?background=000000&cropX1=1450&cropX2=3900&cropY1=179&cropY2=2632,1602.0,1560.0,2700.0,,,,,,
Arne Alexander Wilhelmsen,Wilhelmsen,arne-alexander-wilhelmsen,no-pic,59.642,cruise ships,Diversified,M,Norway,1777596602658,,,2383.768,1747.0,1747.0,61.0,,1603.0,1560.0,2700.0,,,,,,
Bent Wilhelmsen,Wilhelmsen,bent-wilhelmsen,no-pic,59.642,cruise ships,Diversified,M,Norway,1777596602658,,,2383.768,1747.0,1748.0,66.0,,1604.0,1560.0,2700.0,,,,,,
Peter Preben Wilhelmsen,Wilhelmsen,peter-preben-wilhelmsen,no-pic,59.642,cruise ships,Diversified,M,Norway,1777596602658,,,2383.768,1747.0,1749.0,64.0,,1605.0,1560.0,2700.0,,,,,,
Toto Wolff,Wolff,toto-wolff,no-pic,-0.068,Sports,Sports,M,Austria,1777596602658,,,2659.025,1570.0,1570.0,54.0,https://specials-images.forbesimg.com/imageserve/642c344503d1b87a1be1c15b/416x416.jpg?background=000000&cropX1=1035&cropX2=2344&cropY1=146&cropY2=1455,1606.0,1560.0,2700.0,,,,,,
Wu Yingming,Wu,wu-yingming,no-pic,-61.515,Batteries,Energy,M,China,1777596602658,,,3335.835,1275.0,1275.0,59.0,,1607.0,1560.0,2700.0,,,,,,
Zhang Fan,Zhang,zhang-fan,no-pic,5.431,Touch screens,Technology,M,China,1777596602658,,,2348.224,1773.0,1773.0,60.0,//specials-images.forbesimg.com/imageserve/5c6ea1f04bbe6f2fbddc4e77/416x416.jpg?background=000000&cropX1=1&cropX2=330&cropY1=2&cropY2=331,1608.0,1560.0,2700.0,,,,,,
Zhu Gongshan,Zhu,zhu-gongshan,zhu-gongshan,-47.305,Solar panel materials,Manufacturing,M,China,1777596602658,,,2420.818,1723.0,1723.0,68.0,https://specials-images.forbesimg.com/imageserve/6050f48ca1ab099ed6e290cc/416x416.jpg?background=000000&cropX1=0&cropX2=800&cropY1=0&cropY2=800,1609.0,1560.0,2700.0,,,,,,
Mortimer Zuckerman,Zuckerman,mortimer-zuckerman,mortimer-zuckerman,6.977,"Real estate, media",Real Estate,M,United States,1777596602658,NY,New York,2729.208,1538.0,1538.0,88.0,https://specials-images.forbesimg.com/imageserve/5f46b367c0fa61b273083f05/416x416.jpg?background=000000&cropX1=333&cropX2=2791&cropY1=105&cropY2=2564,1610.0,1560.0,2700.0,"Chairman and CEO, BXP",False,,,,
Anu Aga,Aga,anu-aga,anu-aga,70.821,Engineering,Construction & Engineering,F,India,1777596602658,,,3234.797,1306.0,1306.0,83.0,https://specials-images.forbesimg.com/imageserve/652562145794e93b6b6e9b06/416x416.jpg?background=000000&cropX1=1173&cropX2=1977&cropY1=465&cropY2=1269,1611.0,1611.0,2600.0,,,,,,
Abdullah bin Sulaiman Al Rajhi,Al Rajhi,abdullah-bin-sulaiman-al-rajhi,no-pic,-29.272,Banking,Finance & Investments,M,Saudi Arabia,1777596602658,,,2675.679,1563.0,1563.0,68.0,,1612.0,1611.0,2600.0,,,,,,
Andrey Andreev,Andreev,andrey-andreev,no-pic,0.0,Online dating,Technology,M,United Kingdom,1777596602658,,,2637.295,1583.0,1583.0,52.0,//specials-images.forbesimg.com/imageserve/5e77eac9c7b02d000666e124/416x416.jpg?background=000000&cropX1=1198&cropX2=3974&cropY1=213&cropY2=2987,1613.0,1611.0,2600.0,,,,,,
Anna Angelicoussis,Angelicoussis,anna-angelicoussis,no-pic-female,0.0,Shipping,Logistics,F,Greece,1777596602658,,,2635.149,1584.0,1584.0,70.0,,1614.0,1611.0,2600.0,,,,,,
Brett Blundy,Blundy,brett-blundy,brett-blundy,18.652,"Retail, agribusiness",Fashion & Retail,M,Australia,1777596602658,,,2481.601,1680.0,1680.0,66.0,https://specials-images.forbesimg.com/imageserve/6982448eb655fb045b618b17/416x416.jpg?background=000000&cropX1=6&cropX2=2011&cropY1=3&cropY2=2008,1615.0,1611.0,2600.0,,,,,,
Kathy Britton,Britton,kathy-britton,no-pic-female,0.0,Homebuilding,Real Estate,F,United States,1777596602658,TX,Texas,2556.859,1625.0,1625.0,56.0,https://specials-images.forbesimg.com/imageserve/67e46d208b079fdd18b95239/416x416.jpg?background=000000&cropX1=697&cropX2=1422&cropY1=190&cropY2=915,1616.0,1611.0,2600.0,,,,,,
"Roy Carroll, II.",Carroll,roy-carroll-ii,no-pic,0.0,Real estate,Real Estate,M,United States,1777596602658,NC,North Carolina,2552.941,1628.0,1628.0,63.0,,1617.0,1611.0,2600.0,,,,,,
Chen Hua,Chen,chen-hua-1,chen-hua-1,219.65,Real estate,Real Estate,M,China,1777596602658,,,2742.085,1534.0,1534.0,60.0,https://specials-images.forbesimg.com/imageserve/61a52212402ed8086d7a1ac9/416x416.jpg?background=000000&cropX1=0&cropX2=800&cropY1=0&cropY2=800,1618.0,1611.0,2600.0,,,,,,
Cheng Xue,Cheng,cheng-xue,no-pic-female,-64.122,Soy sauce,Food & Beverage,F,China,1777596602658,,,2912.37,1442.0,1442.0,56.0,https://specials-images.forbesimg.com/imageserve/6050f48ca1ab099ed6e290cc/416x416.jpg?background=000000&cropX1=0&cropX2=800&cropY1=0&cropY2=800,1619.0,1611.0,2600.0,,,,,,
Sam Chong,Chong,sam-chong,no-pic,0.0,Mining,Metals & Mining,M,Australia,1777596602658,,,2589.94,1608.0,1608.0,83.0,https://specials-images.forbesimg.com/imageserve/67aa613127fbaf5c4cbe53ed/416x416.jpg?background=000000&cropX1=0&cropX2=800&cropY1=0&cropY2=800,1620.0,1611.0,2600.0,,,,,,
Cristiano Crippa,Crippa,cristiano-crippa,no-pic,137.271,Microchip testing,Manufacturing,M,Italy,1777596602658,,,2709.297,1544.0,1544.0,56.0,,1621.0,1611.0,2600.0,,,,,,
Roberto Crippa,Crippa,roberto-crippa,no-pic,137.271,Microchip testing,Manufacturing,M,Italy,1777596602658,,,2709.297,1544.0,1545.0,46.0,,1622.0,1611.0,2600.0,,,,,,
Alexandra Daitch,Daitch,alexandra-daitch,no-pic-female,0.0,Cargill,Food & Beverage,F,United States,1777596602658,CT,Connecticut,2624.085,1593.0,1593.0,63.0,,1623.0,1611.0,2600.0,,,,,,
D. Leopoldo Del Pino,Del Pino,d-leopoldo-del-pino,no-pic,32.67,Construction,Construction & Engineering,M,Spain,1777596602658,,,2500.369,1663.0,1663.0,63.0,,1624.0,1611.0,2600.0,,,,,,
Gurbachan Singh Dhingra,Dhingra,gurbachan-singh-dhingra,no-pic,49.299,Paints,Manufacturing,M,India,1777596602658,,,2545.405,1634.0,1634.0,76.0,,1625.0,1611.0,2600.0,,,,,,
Kuldip Singh Dhingra,Dhingra,kuldip-singh-dhingra,no-pic,49.299,Paints,Manufacturing,M,India,1777596602658,,,2545.405,1634.0,1635.0,78.0,,1626.0,1611.0,2600.0,,,,,,
Walter P.J. Droege,Droege,walter-pj-droege,no-pic,-20.764,Investing,Finance & Investments,M,Germany,1777596602658,,,2544.19,1636.0,1636.0,73.0,//specials-images.forbesimg.com/imageserve/5c6feea8a7ea4310004324ce/416x416.jpg?background=000000&cropX1=1167&cropX2=3848&cropY1=0&cropY2=2680,1627.0,1611.0,2600.0,,,,,,
Bernard Ecclestone,Ecclestone,bernard-ecclestone,bernard-ecclestone,0.0,Formula One,Sports,M,United Kingdom,1777596602658,,,2630.0,1589.0,1589.0,95.0,//specials-images.forbesimg.com/imageserve/5e77ec33c7b02d000666e172/416x416.jpg?background=000000&cropX1=959&cropX2=4277&cropY1=0&cropY2=3316,1628.0,1611.0,2600.0,,,,,,
"William Foley, II.",Foley,william-foley-ii,no-pic,1.266,Financial services,Finance & Investments,M,United States,1777596602658,NV,Nevada,2639.353,1582.0,1582.0,81.0,,1629.0,1611.0,2600.0,,,,,,
Gao Mingqing,Gao,gao-mingqing,no-pic,-96.748,Mining,Metals & Mining,M,China,1777596602659,,,1637.515,2468.0,2468.0,73.0,,1630.0,1611.0,2600.0,,,,,,
David Dean Halbert,Halbert,david-dean-halbert,no-pic,152.949,Biotech,Healthcare,M,United States,1777596602658,TX,Texas,2507.751,1660.0,1660.0,70.0,https://specials-images.forbesimg.com/imageserve/68dc01522005ffea31afc26b/416x416.jpg?background=000000&cropX1=5&cropX2=1293&cropY1=157&cropY2=1445,1631.0,1611.0,2600.0,,,,,,
Richard Hayne,Hayne,richard-hayne,richard-hayne,45.331,Urban Outfitters,Fashion & Retail,M,United States,1777596602658,PA,Pennsylvania,2755.245,1525.0,1525.0,78.0,//specials-images.forbesimg.com/imageserve/b741e71d3d0dfc959f5bb38b566cebd6/416x416.jpg?background=000000&cropX1=39&cropX2=712&cropY1=92&cropY2=766,1632.0,1611.0,2600.0,"Chairman, President & Chief Executive Officer, Urban Outfitters",False,,,1.0,
David Hoffmann,Hoffmann,david-hoffmann,no-pic,-0.097,"Executive search, investments",Diversified,M,United States,1777596602658,FL,Florida,2617.436,1599.0,1599.0,73.0,https://specials-images.forbesimg.com/imageserve/62505a9511733e99ab4ebda7/416x416.jpg?background=000000&cropX1=417&cropX2=2278&cropY1=175&cropY2=2034,1633.0,1611.0,2600.0,,,,,,
Bertil Hult,Hult,bertil-hult,bertil-hult,0.0,Education,Service,M,Sweden,1777596602658,,,2627.4,1591.0,1591.0,85.0,//specials-images.forbesimg.com/imageserve/5e7b9ab8d0da5d000715ea7b/416x416.jpg?background=000000&cropX1=1480&cropX2=2960&cropY1=938&cropY2=2419,1634.0,1611.0,2600.0,,,,,,
Sam Hupert,Hupert,sam-hupert,no-pic,22.632,Technology,Technology,M,Australia,1777596602658,,,2732.801,1537.0,1537.0,71.0,https://specials-images.forbesimg.com/imageserve/67aa60e8e41a1c4ca1f37690/416x416.jpg?background=000000&cropX1=0&cropX2=800&cropY1=0&cropY2=800,1635.0,1611.0,2600.0,,,,,,
Jin Xin,Jin,jin-xin,no-pic,-55.082,Manufacturing,Manufacturing,M,China,1777596602658,,,3162.428,1346.0,1346.0,59.0,,1636.0,1611.0,2600.0,,,,,,
George Joseph,Joseph,george-joseph,george-joseph,32.483,Insurance,Finance & Investments,M,United States,1777596602658,CA,California,2716.162,1542.0,1542.0,104.0,//specials-images.forbesimg.com/imageserve/f8b168c4a7bfccd92602385364f691b7/416x416.jpg?background=000000&cropX1=106&cropX2=641&cropY1=68&cropY2=603,1637.0,1611.0,2600.0,,,,,,
Bruce Karsh,Karsh,bruce-karsh,bruce-karsh,0.0,Private equity,Finance & Investments,M,United States,1777596602658,CA,California,2580.0,1612.0,1612.0,70.0,https://specials-images.forbesimg.com/imageserve/6660bd6190dc0a85254d3256/416x416.jpg?background=000000&cropX1=0&cropX2=330&cropY1=19&cropY2=350,1638.0,1611.0,2600.0,"President, Oaktree Capital Group LLC",False,,,,
Byunghoon Kim,Kim,byunghoon-kim,no-pic,-214.273,Beauty devices,Fashion & Retail,M,South Korea,1777596602658,,,3466.233,1233.0,1233.0,37.0,https://specials-images.forbesimg.com/imageserve/687a81f321a66ab9c59c9102/416x416.jpg?background=000000&cropX1=905&cropX2=1261&cropY1=167&cropY2=523,1639.0,1611.0,2600.0,"Cofounder, AprilSkin",False,,,,
Mustafa Rahmi Koc,Koc,mustafa-rahmi-koc,mustafa-rahmi-koc,-0.829,Diversified,Diversified,M,Turkey,1777596602658,,,2524.31,1649.0,1649.0,95.0,//specials-images.forbesimg.com/imageserve/56cc5097e4b062f6b59a505c/416x416.jpg?background=000000&cropX1=2&cropX2=738&cropY1=95&cropY2=831,1640.0,1611.0,2600.0,,,,,,
Koo Bon-neung,Koo,koo-bon-neung,koo-bon-neung,1.621,Electronics,Technology,M,South Korea,1777596602658,,,2610.442,1600.0,1600.0,77.0,https://specials-images.forbesimg.com/imageserve/60b1270858b3b0bc0386c057/416x416.jpg?background=000000&cropX1=58&cropX2=718&cropY1=26&cropY2=687,1641.0,1611.0,2600.0,Heesung Electronics,False,,,,
Jane Lauder,Lauder,jane-lauder,jane-lauder,20.349,Estée Lauder,Fashion & Retail,F,United States,1777596602659,NY,New York,1975.01,2114.0,2114.0,53.0,https://specials-images.forbesimg.com/imageserve/5f4977a36096df14bbef84d4/416x416.jpg?background=000000&cropX1=781&cropX2=1650&cropY1=314&cropY2=1183,1642.0,1611.0,2600.0,,,,,,
Peter Leibinger,Leibinger,peter-leibinger,peter-leibinger,0.0,Machine tools,Manufacturing,M,Germany,1777596602658,,,2521.792,1652.0,1653.0,59.0,//specials-images.forbesimg.com/imageserve/5e7633eed8e1ae0007b71c6e/416x416.jpg?background=000000&cropX1=449&cropX2=2886&cropY1=0&cropY2=2437,1643.0,1611.0,2600.0,,,,,,
Regine Leibinger,Leibinger,regine-leibinger,regine-leibinger,0.0,Machine tools,Manufacturing,F,Germany,1777596602658,,,2521.792,1652.0,1654.0,63.0,//specials-images.forbesimg.com/imageserve/5e7634a510380d0006fbadd5/416x416.jpg?background=000000&cropX1=1306&cropX2=3976&cropY1=0&cropY2=2668,1644.0,1611.0,2600.0,,,,,,
Nicola Leibinger-Kammueller,Leibinger-Kammueller,nicola-leibinger-kammueller,nicola-leibinger-kammueller,0.0,Manufacturing,Manufacturing,F,Germany,1777596602658,,,2521.792,1652.0,1652.0,66.0,//specials-images.forbesimg.com/imageserve/5e763314c7b02d000666c933/416x416.jpg?background=000000&cropX1=114&cropX2=2484&cropY1=74&cropY2=2445,1645.0,1611.0,2600.0,,,,,,
Li Gaiteng,Li,li-gaiteng,no-pic,39.434,Hair dryers,Manufacturing,M,China,1777596602658,,,2466.216,1691.0,1691.0,54.0,//specials-images.forbesimg.com/imageserve/5a904c9d4bbe6f0fa8265ebe/416x416.jpg?background=000000&cropX1=26&cropX2=321&cropY1=38&cropY2=333,1646.0,1611.0,2600.0,,,,,,
Li Zhongchu,Li,li-zhongchu,no-pic,26.142,Software,Technology,M,China,1777596602658,,,2242.34,1858.0,1858.0,62.0,,1647.0,1611.0,2600.0,,,,,,
Liang Xinjun,Liang,liang-xinjun,liang-xinjun,0.123,Investments,Finance & Investments,M,Singapore,1777596602658,,,2561.544,1622.0,1622.0,57.0,https://specials-images.forbesimg.com/imageserve/66d73081bf253330068fdfc4/416x416.jpg?background=000000&cropX1=36&cropX2=872&cropY1=155&cropY2=990,1648.0,1611.0,2600.0,,,,,,
Jimmy John Liautaud,Liautaud,jimmy-john-liautaud,no-pic,0.0,Sandwich chain,Food & Beverage,M,United States,1777596602658,FL,Florida,2618.0,1597.0,1597.0,62.0,//specials-images.forbesimg.com/imageserve/5bbf9b084bbe6f5889fca77a/416x416.jpg?background=000000&cropX1=995&cropX2=4824&cropY1=266&cropY2=4091,1649.0,1611.0,2600.0,,,,,,
Liu Chengyu,Liu,liu-chengyu,no-pic,-22.834,Power supply equipment,Manufacturing,M,China,1777596602658,,,2201.511,1897.0,1897.0,63.0,,1650.0,1611.0,2600.0,,,,,,
Lyu Yixiong,Lyu,lyu-yixiong,no-pic,-19.683,Cosmetics,Fashion & Retail,M,China,1777596602659,,,2073.192,2006.0,2006.0,63.0,,1651.0,1611.0,2600.0,,,,,,
Sarah MacMillan,MacMillan,sarah-macmillan,no-pic-female,0.0,Cargill,Food & Beverage,F,United States,1777596602658,CA,California,2624.085,1593.0,1595.0,72.0,,1652.0,1611.0,2600.0,,,,,,
Robert G. Miller,Miller,robert-g-miller,no-pic,0.0,Electronics components,Technology,M,Canada,1777596602658,,,2562.561,1620.0,1620.0,80.0,//specials-images.forbesimg.com/imageserve/ed24ab436c3c663da00f7fb579f7b55b/416x416.jpg?background=000000&cropX1=113&cropX2=607&cropY1=44&cropY2=539,1653.0,1611.0,2600.0,"Founder, Future Electronics",False,,,,
Or Wai Sheun,Or,or-wai-sheun,or-wai-sheun,-1.225,Real estate,Real Estate,M,Hong Kong,1777596602658,,,2491.699,1672.0,1672.0,74.0,https://specials-images.forbesimg.com/imageserve/620d399c3c603dceb88590d8/416x416.jpg?background=000000&cropX1=1331&cropX2=3463&cropY1=173&cropY2=2303,1654.0,1611.0,2600.0,,,,,,
Jorge Perez,Perez,jorge-perez,jorge-perez,0.0,Real estate,Real Estate,M,United States,1777596602658,FL,Florida,2641.728,1578.0,1578.0,76.0,//specials-images.forbesimg.com/imageserve/5ba59fc94bbe6f79516f67e8/416x416.jpg?background=000000&cropX1=13&cropX2=1560&cropY1=0&cropY2=1547,1655.0,1611.0,2600.0,,,,,,
Andreas Pohl,Pohl,andreas-pohl,andreas-pohl,0.0,Mutual funds,Finance & Investments,M,Germany,1777596602658,,,2576.343,1615.0,1615.0,61.0,//specials-images.forbesimg.com/imageserve/5c703d964bbe6f79679f057f/416x416.jpg?background=000000&cropX1=74&cropX2=840&cropY1=60&cropY2=826,1656.0,1611.0,2600.0,,,,,,
Olivier Pomel,Pomel,olivier-pomel,no-pic,-22.54,Cloud computing,Technology,M,France,1777596602658,NY,New York,2903.379,1450.0,1450.0,49.0,//specials-images.forbesimg.com/imageserve/5ebd9eea24c6230006f7d92f/416x416.jpg?background=000000&cropX1=0&cropX2=5470&cropY1=0&cropY2=5470,1657.0,1611.0,2600.0,"Cofounder, Datadog",False,,,,
Bris Rocher,Rocher,bris-rocher,no-pic,0.0,cosmetics,Fashion & Retail,M,France,1777596602658,,,2603.116,1605.0,1605.0,47.0,https://specials-images.forbesimg.com/imageserve/6619a1b8bf3031dab5e20daf/416x416.jpg?background=000000&cropX1=550&cropX2=1127&cropY1=210&cropY2=788,1658.0,1611.0,2600.0,,,,,,
Daniel Rocher,Rocher,daniel-rocher,no-pic,0.0,cosmetics,Fashion & Retail,M,France,1777596602658,,,2603.124,1604.0,1604.0,72.0,,1659.0,1611.0,2600.0,,,,,,
Fernando Roig,Roig,fernando-roig,fernando-roig,0.0,Supermarkets,Fashion & Retail,M,Spain,1777596602658,,,2500.651,1662.0,1662.0,78.0,//specials-images.forbesimg.com/imageserve/5a810d5b4bbe6f2652f54498/416x416.jpg?background=000000&cropX1=297&cropX2=1859&cropY1=173&cropY2=1734,1660.0,1611.0,2600.0,,,,,,
Atul Ruia,Ruia,atul-ruia,no-pic,-42.784,Real estate,Real Estate,M,India,1777596602658,,,2671.655,1565.0,1565.0,55.0,https://specials-images.forbesimg.com/imageserve/642b2b9c66cd59b1e6e1c15b/416x416.jpg?background=000000&cropX1=419&cropX2=1209&cropY1=152&cropY2=941,1661.0,1611.0,2600.0,,,,,,
Stephan Schmidheiny,Schmidheiny,stephan-schmidheiny,stephan-schmidheiny,0.0,Investments,Finance & Investments,M,Switzerland,1777596602658,,,2585.0,1610.0,1610.0,78.0,//specials-images.forbesimg.com/imageserve/bac4220ceab8f57ff9c9be926eeb8092/416x416.jpg?background=000000&cropX1=6&cropX2=744&cropY1=90&cropY2=828,1662.0,1611.0,2600.0,,,,,,
Devi Shetty,Shetty,devi-shetty,no-pic,-3.545,Healthcare,Healthcare,M,India,1777596602658,,,2443.946,1711.0,1711.0,73.0,https://specials-images.forbesimg.com/imageserve/6245ee2bcaf9d69fc6dcafbb/416x416.jpg?background=000000&cropX1=1665&cropX2=3236&cropY1=99&cropY2=1669,1663.0,1611.0,2600.0,,,,,,
Shi Yonghong,Shi,shi-yonghong,no-pic,-2.488,Restaurants,Food & Beverage,M,China,1777596602658,,,2296.955,1815.0,1815.0,57.0,//specials-images.forbesimg.com/imageserve/5bcfb0fb31358e5b43344b63/416x416.jpg?background=000000&cropX1=257&cropX2=2143&cropY1=782&cropY2=2667,1664.0,1611.0,2600.0,,,,,,
Shu Ping,Shu,shu-ping,no-pic-female,-6.908,Restaurants,Food & Beverage,F,Singapore,1777596602658,,,2247.338,1853.0,1853.0,,https://specials-images.forbesimg.com/imageserve/6050f48ca1ab099ed6e290cc/416x416.jpg?background=000000&cropX1=0&cropX2=800&cropY1=0&cropY2=800,1665.0,1611.0,2600.0,,,,,,
Zygmunt Solorz,Solorz,zygmunt-solorz,no-pic,-10.183,TV broadcasting,Media & Entertainment,M,Poland,1777596602658,,,2754.832,1526.0,1526.0,69.0,//specials-images.forbesimg.com/imageserve/56cbd399e4b062f6b59a4865/416x416.jpg?background=000000&cropX1=0&cropX2=720&cropY1=3&cropY2=723,1666.0,1611.0,2600.0,,,,,,
Lucy Stitzer,Stitzer,lucy-stitzer,no-pic-female,0.0,Cargill,Food & Beverage,F,United States,1777596602658,CT,Connecticut,2624.085,1593.0,1594.0,66.0,,1667.0,1611.0,2600.0,,,,,,
Alexander Svetakov,Svetakov,alexander-svetakov,alexander-svetakov,0.0,Real estate,Finance & Investments,M,Russia,1777596602658,,,2550.883,1630.0,1630.0,58.0,//specials-images.forbesimg.com/imageserve/5c71b5b54bbe6f24567aebf0/416x416.jpg?background=000000&cropX1=658&cropX2=3695&cropY1=0&cropY2=3038,1668.0,1611.0,2600.0,,,,,,
Henry Swieca,Swieca,henry-swieca,henry-swieca,0.0,Hedge funds,Finance & Investments,M,United States,1777596602658,NY,New York,2630.8,1588.0,1588.0,68.0,//specials-images.forbesimg.com/imageserve/5a84af4b31358e4955ad7b2f/416x416.jpg?background=000000&cropX1=1314&cropX2=2556&cropY1=18&cropY2=1259,1669.0,1611.0,2600.0,"Founder, Talpion Fund Management",False,,,,
Tang Yiu,Tang,tang-yiu,tang-yiu,0.0,Fashion retail,Fashion & Retail,M,Hong Kong,1777596602658,,,2617.974,1598.0,1598.0,92.0,https://specials-images.forbesimg.com/imageserve/603531e36ddcc3f739f6361e/416x416.jpg?background=000000&cropX1=955&cropX2=3819&cropY1=50&cropY2=2912,1670.0,1611.0,2600.0,,,,,,
Wu Yiling,Wu,wu-yiling,wu-yiling,9.3,Pharmaceuticals,Healthcare,M,China,1777596602658,,,2532.106,1643.0,1643.0,76.0,//specials-images.forbesimg.com/imageserve/52fe6d2bf24e45432177784f7e1b8666/416x416.jpg?background=000000&cropX1=0&cropX2=744&cropY1=66&cropY2=810,1671.0,1611.0,2600.0,,,,,,
William Young,Young,william-young,no-pic,0.0,Plastics,Manufacturing,M,United States,1777596602658,MI,Michigan,2582.0,1611.0,1611.0,85.0,,1672.0,1611.0,2600.0,,,,,,
Zeng Chaoyi,Zeng,zeng-chaoyi,no-pic,-104.442,Aluminum products,Manufacturing,M,China,1777596602658,,,2473.798,1685.0,1685.0,57.0,,1673.0,1611.0,2600.0,,,,,,
Zhao Lixin,Zhao,zhao-lixin,no-pic,78.367,Electronics,Technology,M,China,1777596602659,,,2123.251,1960.0,1960.0,60.0,,1674.0,1611.0,2600.0,,,,,,
Zhou Hongyi,Zhou,zhou-hongyi,zhou-hongyi,41.047,Security software,Technology,M,China,1777596602658,,,2413.666,1732.0,1732.0,55.0,https://specials-images.forbesimg.com/imageserve/6050f48ca1ab099ed6e290cc/416x416.jpg?background=000000&cropX1=0&cropX2=800&cropY1=0&cropY2=800,1675.0,1611.0,2600.0,,,,,,
Emad Al Muhaidib,Al Muhaidib,emad-al-muhaidib-1,no-pic,-4.36,Diversified,Diversified,M,Saudi Arabia,1777596602658,,,2564.021,1619.0,1619.0,69.0,,1676.0,1676.0,2500.0,,,,,,
Alexandra Andresen,Andresen,alexandra-andresen,no-pic-female,0.0,Investments,Diversified,F,Norway,1777596602658,,,2514.312,1658.0,1658.0,29.0,https://specials-images.forbesimg.com/imageserve/642b3f6fc851e4c17fbbf2c7/416x416.jpg?background=000000&cropX1=742&cropX2=2391&cropY1=59&cropY2=1708,1677.0,1676.0,2500.0,,,,,,
Katharina Andresen,Andresen,katharina-andresen,no-pic-female,0.0,Investments,Diversified,F,Norway,1777596602658,,,2558.904,1624.0,1624.0,30.0,https://specials-images.forbesimg.com/imageserve/642b3ee9c851e4c17fbbf2c3/416x416.jpg?background=000000&cropX1=1276&cropX2=2081&cropY1=0&cropY2=805,1678.0,1676.0,2500.0,,,,,,
Barbara Banke,Banke,barbara-banke-1,no-pic-female,0.0,Wine,Food & Beverage,F,United States,1777596602658,CA,California,2543.0,1638.0,1638.0,72.0,https://specials-images.forbesimg.com/imageserve/67e46c74b135c9783d8602c2/416x416.jpg?background=000000&cropX1=1415&cropX2=2652&cropY1=136&cropY2=1373,1679.0,1676.0,2500.0,,,,,,
Yvonne Bauer,Bauer,yvonne-bauer,yvonne-bauer,0.0,"Magazines, media",Media & Entertainment,F,Germany,1777596602658,,,2474.084,1684.0,1684.0,49.0,//specials-images.forbesimg.com/imageserve/5c702ac84bbe6f79679f00d7/416x416.jpg?background=000000&cropX1=734&cropX2=2882&cropY1=258&cropY2=2408,1680.0,1676.0,2500.0,,,,,,
Clay Bavor,Bavor,clay-bavor,no-pic,0.0,AI customer service agents,Technology,M,United States,1777596602658,CA,California,2500.0,1664.0,1665.0,43.0,,1681.0,1676.0,2500.0,,,,,,
Alex Beard,Beard,alex-beard,alex-beard,55.37,"Mining, commodities",Metals & Mining,M,United Kingdom,1777596602658,,,2643.211,1576.0,1576.0,58.0,//specials-images.forbesimg.com/imageserve/5c7278914bbe6f51818abdca/416x416.jpg?background=000000&cropX1=1150&cropX2=4556&cropY1=15&cropY2=3419,1682.0,1676.0,2500.0,,,,,,
Hussain Binghatti Aljbori,Binghatti Aljbori,hussain-binghatti-aljbori,no-pic,0.0,Real estate,Real Estate,M,United Arab Emirates,1777596602658,,,2506.738,1661.0,1661.0,69.0,,1683.0,1676.0,2500.0,,,,,,
Alberto Bombassei,Bombassei,alberto-bombassei,alberto-bombassei,-10.463,Automotive brakes,Automotive,M,Italy,1777596602659,,,2084.798,1998.0,1998.0,85.0,,1684.0,1676.0,2500.0,,,,,,
Charles Bronfman,Bronfman,charles-bronfman,charles-bronfman,0.0,Liquor,Food & Beverage,M,Canada,1777596602658,FL,Florida,2458.5,1695.0,1695.0,94.0,//specials-images.forbesimg.com/imageserve/5e74403707adf00006db9fbc/416x416.jpg?background=000000&cropX1=1440&cropX2=2420&cropY1=210&cropY2=1190,1685.0,1676.0,2500.0,,,,,,
Nicola Bulgari,Bulgari,nicola-bulgari,nicola-bulgari,1.476,Luxury goods,Fashion & Retail,M,Italy,1777596602658,,,2437.699,1714.0,1714.0,85.0,//specials-images.forbesimg.com/imageserve/5e76d8c9c7b02d000666d334/416x416.jpg?background=000000&cropX1=187&cropX2=2120&cropY1=332&cropY2=2265,1686.0,1676.0,2500.0,,,,,,
Vivek Chand Burman,Burman,vivek-chand-burman,no-pic,-48.485,Consumer goods,Food & Beverage,M,India,1777596602658,,,2161.121,1935.0,1935.0,89.0,//specials-images.forbesimg.com/imageserve/5c708ca64bbe6f65d4665a0b/416x416.jpg?background=000000&cropX1=385&cropX2=1776&cropY1=13&cropY2=1403,1687.0,1676.0,2500.0,,,,,,
Solina Chau,Chau,solina-chau,solina-chau,35.731,Investments,Finance & Investments,F,Hong Kong,1777596602658,,,2278.119,1832.0,1832.0,64.0,https://specials-images.forbesimg.com/imageserve/65e73de77cf33516662c7e98/416x416.jpg?background=000000&cropX1=148&cropX2=940&cropY1=154&cropY2=947,1688.0,1676.0,2500.0,"Director, Li Ka Shing Foundation",False,,,,
Chen Qixing,Chen,chen-qixing,no-pic,79.507,electronics components,Technology,M,China,1777596602658,,,2165.378,1933.0,1933.0,66.0,,1689.0,1676.0,2500.0,,,,,,
Chen Tei-fu,Chen,chen-tei-fu,no-pic,0.0,Herbal products,Fashion & Retail,M,Taiwan,1777596602658,CA,California,2472.0,1686.0,1686.0,78.0,https://specials-images.forbesimg.com/imageserve/6091c813dd227d1400675c51/416x416.jpg?background=000000&cropX1=6&cropX2=1049&cropY1=1&cropY2=1045,1690.0,1676.0,2500.0,,,,,,
Chu Lam Yiu,Chu,chu-lam-yiu,chu-lam-yiu,-16.816,Flavorings,Manufacturing,F,Hong Kong,1777596602658,,,2494.477,1669.0,1669.0,56.0,https://specials-images.forbesimg.com/imageserve/6050f48ca1ab099ed6e290cc/416x416.jpg?background=000000&cropX1=0&cropX2=800&cropY1=0&cropY2=800,1691.0,1676.0,2500.0,,,,,,
Chung Yong-jin,Chung,chung-yong-jin,chung-yong-jin,-48.554,Retail,Fashion & Retail,M,South Korea,1777596602658,,,2458.39,1696.0,1696.0,57.0,https://specials-images.forbesimg.com/imageserve/67fd384f124f402a08c49ce6/416x416.jpg?background=000000&cropX1=478&cropX2=2619&cropY1=82&cropY2=2223,1692.0,1676.0,2500.0,Shinsegae,False,,,,
Jim Crane,Crane,jim-crane,no-pic,0.0,"Logistics, baseball",Sports,M,United States,1777596602658,TX,Texas,2458.594,1694.0,1694.0,72.0,//specials-images.forbesimg.com/imageserve/5e134e634e291700061a8b06/416x416.jpg?background=000000&cropX1=206&cropX2=2525&cropY1=44&cropY2=2364,1693.0,1676.0,2500.0,,,,,,
Henry Davis,Davis,henry-davis,no-pic,0.0,Beef processing,Food & Beverage,M,United States,1777596602658,NE,Nebraska,2499.0,1667.0,1667.0,75.0,//specials-images.forbesimg.com/imageserve/5d387210090f4300070d7553/416x416.jpg?background=000000&cropX1=1611&cropX2=3485&cropY1=166&cropY2=2040,1694.0,1676.0,2500.0,,,,,,
Ana Lucia de Mattos Barretto Villela,de Mattos Barretto Villela,ana-lucia-de-mattos-barretto-villela,no-pic-female,37.582,Banking,Finance & Investments,F,Brazil,1777596602658,,,2491.369,1673.0,1673.0,52.0,//specials-images.forbesimg.com/imageserve/5e7422c310380d0006bdac2a/416x416.jpg?background=000000&cropX1=176&cropX2=2832&cropY1=268&cropY2=2925,1695.0,1676.0,2500.0,,,,,,
Gustavo Denegri,Denegri,gustavo-denegri,gustavo-denegri,31.796,Biotech,Healthcare,M,Italy,1777596602659,,,2066.385,2016.0,2016.0,89.0,//specials-images.forbesimg.com/imageserve/6dc3c89409cd980592f213524b3184bb/416x416.jpg?background=000000&cropX1=0&cropX2=744&cropY1=24&cropY2=768,1696.0,1676.0,2500.0,,,,,,
Egon Durban,Durban,egon-durban,no-pic,0.0,Private equity,Finance & Investments,M,United States,1777596602658,CA,California,2454.0,1700.0,1700.0,52.0,//specials-images.forbesimg.com/imageserve/5e7622d4d8e1ae0007b71a0e/416x416.jpg?background=000000&cropX1=163&cropX2=1057&cropY1=5&cropY2=899,1697.0,1676.0,2500.0,,,,,,
Wesley Edens,Edens,wesley-edens,no-pic,-0.033,Investments,Finance & Investments,M,United States,1777596602658,NY,New York,2476.856,1682.0,1682.0,64.0,https://specials-images.forbesimg.com/imageserve/632e143137efe01d9e44b11e/416x416.jpg?background=000000&cropX1=568&cropX2=2934&cropY1=0&cropY2=2366,1698.0,1676.0,2500.0,,,,,,
John Elkann,Elkann,john-elkann,no-pic,0.0,"FIAT, investments",Finance & Investments,M,Italy,1777596602658,,,2515.503,1657.0,1657.0,50.0,https://specials-images.forbesimg.com/imageserve/6063b30b31a03958fe4ae7fd/416x416.jpg?background=000000&cropX1=728&cropX2=2375&cropY1=66&cropY2=1711,1699.0,1676.0,2500.0,,,,,,
Kenneth Feld,Feld,kenneth-feld,kenneth-feld,0.0,Live entertainment,Media & Entertainment,M,United States,1777596602658,FL,Florida,2470.374,1687.0,1687.0,77.0,https://specials-images.forbesimg.com/imageserve/59dd88d1a7ea436b47b3af5f/416x416.jpg?background=000000&cropX1=267&cropX2=1573&cropY1=194&cropY2=1500,1700.0,1676.0,2500.0,"Chairman, Feld Entertainment",False,,,,
Tom Ford,Ford,tom-ford-1,no-pic,0.0,Fashion,Fashion & Retail,M,United States,1777596602658,CA,California,2522.735,1651.0,1651.0,64.0,https://specials-images.forbesimg.com/imageserve/642b3388641e50b0dfdeb166/416x416.jpg?background=000000&cropX1=0&cropX2=1535&cropY1=72&cropY2=1608,1701.0,1676.0,2500.0,,,,,,
Alexander Frolov,Frolov,alexander-frolov,alexander-frolov,0.0,"Mining, steel",Metals & Mining,M,Russia,1777596602658,,,2517.793,1655.0,1655.0,61.0,//specials-images.forbesimg.com/imageserve/5c71ade8a7ea431000434a19/416x416.jpg?background=000000&cropX1=1414&cropX2=3084&cropY1=0&cropY2=1669,1702.0,1676.0,2500.0,,,,,,
Alessandra Garavoglia,Garavoglia,alessandra-garavoglia,no-pic-female,50.491,Spirits,Food & Beverage,F,Italy,1777596602658,,,2466.833,1689.0,1689.0,66.0,,1703.0,1676.0,2500.0,,,,,,
Rolf Gerling,Gerling,rolf-gerling,rolf-gerling,0.0,Insurance,Finance & Investments,M,Germany,1777596602658,,,2435.942,1716.0,1716.0,71.0,//specials-images.forbesimg.com/imageserve/56c9dd05e4b062f6b59a2cd5/416x416.jpg?background=000000&cropX1=0&cropX2=744&cropY1=113&cropY2=857,1704.0,1676.0,2500.0,,,,,,
Mario Germano Giuliani,Giuliani,mario-germano-giuliani,no-pic,21.284,Pharmaceuticals,Healthcare,M,Switzerland,1777596602658,,,2593.901,1607.0,1607.0,54.0,https://specials-images.forbesimg.com/imageserve/6247104b25fc1694252b15f6/416x416.jpg?background=000000&cropX1=0&cropX2=433&cropY1=13&cropY2=446,1705.0,1676.0,2500.0,,,,,,
David Golub,Golub,david-golub,no-pic,0.0,Private equity,Finance & Investments,M,United States,1777596602658,NY,New York,2547.0,1633.0,1633.0,64.0,https://specials-images.forbesimg.com/imageserve/6657938a175cdc8b8667baf8/416x416.jpg?background=000000&cropX1=0&cropX2=399&cropY1=1&cropY2=400,1706.0,1676.0,2500.0,"President, Golub Capital",False,,,,
Sergei Gordeev,Gordeev,sergei-gordeev,no-pic,0.0,Real estate,Real Estate,M,Russia,1777596602658,,,2455.415,1698.0,1698.0,53.0,//specials-images.forbesimg.com/imageserve/58a397fa31358e1a35ab6448/416x416.jpg?background=000000&cropX1=0&cropX2=739&cropY1=119&cropY2=859,1707.0,1676.0,2500.0,,,,,,
Alec Gores,Gores,alec-gores,alec-gores,0.75,Private equity,Finance & Investments,M,United States,1777596602658,CA,California,2450.664,1706.0,1706.0,73.0,//specials-images.forbesimg.com/imageserve/5d8b3fd422254b0008e16c50/416x416.jpg?background=000000&cropX1=238&cropX2=1179&cropY1=74&cropY2=1015,1708.0,1676.0,2500.0,,,,,,
Alexandre Grendene Bartelle,Grendene Bartelle,alexandre-grendene-bartelle,alexandre-grendene-bartelle,3.498,Shoes,Fashion & Retail,M,Brazil,1777596602658,,,2420.364,1725.0,1725.0,76.0,https://specials-images.forbesimg.com/imageserve/61a52212402ed8086d7a1ac9/416x416.jpg?background=000000&cropX1=0&cropX2=800&cropY1=0&cropY2=800,1709.0,1676.0,2500.0,,,,,,
Yusuf Hamied,Hamied,yusuf-hamied,yusuf-hamied,-10.71,Pharmaceuticals,Healthcare,M,India,1777596602658,,,2359.42,1770.0,1770.0,89.0,http://specials-images.forbesimg.com/imageserve/57d88a054bbe6f6781c4f094/416x416.jpg?background=000000&cropX1=43&cropX2=744&cropY1=0&cropY2=701,1710.0,1676.0,2500.0,,,,,,
Kenneth Hao,Hao,kenneth-hao,no-pic,0.0,Private equity,Finance & Investments,M,United States,1777596602658,CA,California,2454.0,1700.0,1702.0,57.0,,1711.0,1676.0,2500.0,,,,,,
Ho Hung Anh,Ho,ho-hung-anh,no-pic,0.0,"Consumer products, banking",Finance & Investments,M,Vietnam,1777596602658,,,2332.386,1790.0,1790.0,55.0,//specials-images.forbesimg.com/imageserve/5c7177efa7ea431000434654/416x416.jpg?background=000000&cropX1=138&cropX2=499&cropY1=1&cropY2=362,1712.0,1676.0,2500.0,,,,,,
Reagan Horton,Horton,reagan-horton,no-pic,32.454,Homebuilding,Real Estate,M,United States,1777596602658,TX,Texas,2404.055,1739.0,1739.0,51.0,,1713.0,1676.0,2500.0,,,,,,
Ryan Horton,Horton,ryan-horton,no-pic,32.52,Homebuilding,Real Estate,M,United States,1777596602658,TX,Texas,2409.819,1734.0,1734.0,53.0,,1714.0,1676.0,2500.0,,,,,,
Huang Jiangji,Huang,huang-jiangji,no-pic,-75.03,smartphones,Technology,M,Hong Kong,1777596602659,,,2129.212,1955.0,1955.0,,,1715.0,1676.0,2500.0,,,,,,
Ajay Jaisinghani,Jaisinghani,ajay-jaisinghani,no-pic,-8.345,Wires and cables,Manufacturing,M,India,1777596602658,,,2227.922,1871.0,1871.0,74.0,,1716.0,1676.0,2500.0,,,,,,
Inder Jaisinghani,Jaisinghani,inder-jaisinghani-1,no-pic,-8.907,Cables & wires,Manufacturing,M,India,1777596602658,,,2305.079,1808.0,1808.0,73.0,https://specials-images.forbesimg.com/imageserve/68e6acb34a7a0f379cb67e92/416x416.jpg?background=000000&cropX1=382&cropX2=1185&cropY1=206&cropY2=1010,1717.0,1676.0,2500.0,,,,,,
Ramesh Jaisinghani,Jaisinghani,ramesh-jaisinghani,no-pic,-8.466,Cables and wires,Manufacturing,M,India,1777596602658,,,2232.204,1866.0,1866.0,69.0,,1718.0,1676.0,2500.0,,,,,,
Bent Jensen & Family,Jensen & Family,bent-jensen-family,no-pic,0.0,electric systems,Manufacturing,M,Denmark,1777596602658,,,2415.949,1731.0,1731.0,74.0,,1719.0,1676.0,2500.0,,,,,,
Jiang Yintai,Jiang,jiang-yintai,no-pic,74.663,Auto parts,Automotive,M,China,1777596602658,,,2548.299,1632.0,1632.0,75.0,,1720.0,1676.0,2500.0,,,,,,
T.S. Kalyanaraman,Kalyanaraman,ts-kalyanaraman,ts-kalyanaraman,1.496,Jewelry,Fashion & Retail,M,India,1777596602658,,,2444.264,1710.0,1710.0,78.0,//specials-images.forbesimg.com/imageserve/5c70ab3331358e35dd26ebc3/416x416.jpg?background=000000&cropX1=310&cropX2=870&cropY1=1&cropY2=562,1721.0,1676.0,2500.0,,,,,,
Liang Qin,Liang,liang-qin,no-pic-female,-56.594,Semiconductor devices,Technology,F,China,1777596602658,,,2230.899,1867.0,1867.0,54.0,,1722.0,1676.0,2500.0,,,,,,
Dmitry Mazepin,Mazepin,dmitry-mazepin,dmitry-mazepin,0.0,Chemicals,Manufacturing,M,Russia,1777596602658,,,2529.0,1646.0,1646.0,58.0,,1723.0,1676.0,2500.0,,,,,,
Mi Enhua,Mi,mi-enhua,no-pic,-1.048,Retail,Fashion & Retail,M,China,1777596602658,,,2488.802,1674.0,1674.0,68.0,,1724.0,1676.0,2500.0,,,,,,
Greg Mondre,Mondre,greg-mondre,no-pic,0.0,Private equity,Finance & Investments,M,United States,1777596602658,NY,New York,2454.0,1700.0,1701.0,51.0,//specials-images.forbesimg.com/imageserve/5e14f2839318b8000693770f/416x416.jpg?background=000000&cropX1=581&cropX2=1383&cropY1=77&cropY2=879,1725.0,1676.0,2500.0,,,,,,
Shigenobu Nagamori,Nagamori,shigenobu-nagamori,shigenobu-nagamori,28.739,Motors,Manufacturing,M,Japan,1777596602658,,,2359.986,1767.0,1767.0,81.0,https://specials-images.forbesimg.com/imageserve/66560b25b150172000f44a93/416x416.jpg?background=000000&cropX1=140&cropX2=1033&cropY1=113&cropY2=1008,1726.0,1676.0,2500.0,,,,,,
Oei Hong Leong,Oei,oei-hong-leong,oei-hong-leong,-0.002,Investments,Finance & Investments,M,Singapore,1777596602658,,,2492.485,1671.0,1671.0,78.0,https://specials-images.forbesimg.com/imageserve/61115a5bd5d51f7f93419c4e/416x416.jpg?background=000000&cropX1=0&cropX2=671&cropY1=0&cropY2=671,1727.0,1676.0,2500.0,,,,,,
Adebayo Ogunlesi,Ogunlesi,adebayo-ogunlesi,no-pic,47.038,Private Equity,Finance & Investments,M,United States,1777596602658,NY,New York,2533.686,1642.0,1642.0,72.0,https://specials-images.forbesimg.com/imageserve/675212eab85c8fbbf0b1e888/416x416.jpg?background=000000&cropX1=0&cropX2=1816&cropY1=168&cropY2=1985,1728.0,1676.0,2500.0,,,,,,
Michael Polsky,Polsky,michael-polsky,no-pic,0.0,Electric power,Energy,M,United States,1777596602658,IL,Illinois,2479.0,1681.0,1681.0,77.0,,1729.0,1676.0,2500.0,,,,,,
Jennifer Pritzker,Pritzker,jennifer-pritzker,jennifer-pritzker,13.683,"Hotels, investments",Finance & Investments,F,United States,1777596602658,IL,Illinois,2740.647,1535.0,1535.0,75.0,https://specials-images.forbesimg.com/imageserve/5f6cd94c20f01cf9fb5cc2a6/416x416.jpg?background=000000&cropX1=0&cropX2=1200&cropY1=52&cropY2=1253,1730.0,1676.0,2500.0,"CEO, Tawani Enterprises",False,,,,
Mike Repole,Repole,mike-repole,no-pic,0.0,Sports drink,Food & Beverage,M,United States,1777596602658,FL,Florida,2451.645,1704.0,1704.0,57.0,https://specials-images.forbesimg.com/imageserve/62447344fb0f582ec6b1927f/416x416.jpg?background=000000&cropX1=327&cropX2=1208&cropY1=276&cropY2=1157,1731.0,1676.0,2500.0,,,,,,
Igor Rotenberg,Rotenberg,igor-rotenberg,no-pic,0.0,"Investments, real estate",Diversified,M,Russia,1777596602658,,,2486.467,1676.0,1676.0,52.0,,1732.0,1676.0,2500.0,,,,,,
Karin Sartorius-Herbst,Sartorius-Herbst,karin-sartorius-herbst,no-pic-female,79.734,Biopharmaceuticals,Healthcare,F,Germany,1777596602658,,,2259.44,1844.0,1844.0,83.0,,1733.0,1676.0,2500.0,,,,,,
Dwight Schar,Schar,dwight-schar,dwight-schar,5.746,"Homebuilding, NFL team",Construction & Engineering,M,United States,1777596602658,FL,Florida,2493.949,1670.0,1670.0,84.0,,1734.0,1676.0,2500.0,,,,,,
"Karl Scheufele, III.",Scheufele,karl-scheufele-iii,karl-scheufele-iii,0.0,Jewelry,Fashion & Retail,M,Switzerland,1777596602659,,,2119.816,1961.0,1961.0,87.0,//specials-images.forbesimg.com/imageserve/5c723ad731358e35dd270010/416x416.jpg?background=000000&cropX1=3&cropX2=1305&cropY1=14&cropY2=1317,1735.0,1676.0,2500.0,,,,,,
Arnout Schuijff,Schuijff,arnout-schuijff,no-pic,1.507,Payments software,Technology,M,Netherlands,1777596602658,,,2391.334,1742.0,1742.0,58.0,,1736.0,1676.0,2500.0,,,,,,
Bhadresh Shah,Shah,bhadresh-shah,bhadresh-shah,5.18,Engineering,Manufacturing,M,India,1777596602658,,,2419.883,1726.0,1726.0,74.0,//specials-images.forbesimg.com/imageserve/5c79af93a7ea431000441f81/416x416.jpg?background=000000&cropX1=2863&cropX2=4946&cropY1=1612&cropY2=3696,1737.0,1676.0,2500.0,,,,,,
Salil Singhal,Singhal,salil-singhal-1,no-pic,-26.389,Agrochemicals,Manufacturing,M,India,1777596602658,,,2325.226,1797.0,1797.0,78.0,,1738.0,1676.0,2500.0,,,,,,
Sun Shoukuan,Sun,sun-shoukuan,sun-shoukuan,0.0,"Metals, coal",Manufacturing,M,China,1777596602658,,,2509.951,1659.0,1659.0,76.0,https://specials-images.forbesimg.com/imageserve/6050f48ca1ab099ed6e290cc/416x416.jpg?background=000000&cropX1=0&cropX2=800&cropY1=0&cropY2=800,1739.0,1676.0,2500.0,,,,,,
Djoko Susanto,Susanto,djoko-susanto,djoko-susanto,-49.92,Supermarkets,Fashion & Retail,M,Indonesia,1777596602659,,,1998.208,2089.0,2089.0,76.0,https://specials-images.forbesimg.com/imageserve/638e256db57f92b7a955d451/416x416.jpg?background=000000&cropX1=195&cropX2=964&cropY1=201&cropY2=970,1740.0,1676.0,2500.0,,,,,,
"Henry Sy, Jr.",Sy,henry-sy-jr,no-pic,-32.733,Diversified,Diversified,M,Philippines,1777596602658,,,2342.425,1777.0,1777.0,72.0,//specials-images.forbesimg.com/imageserve/5e7708bd10380d0006fbba3f/416x416.jpg?background=000000&cropX1=0&cropX2=2100&cropY1=52&cropY2=2153,1741.0,1676.0,2500.0,,,,,,
Mehmet Sinan & Family Tara,Tara,mehmet-sinan-family-tara,no-pic,-6.874,Construction,Construction & Engineering,M,Turkey,1777596602658,,,2542.932,1639.0,1639.0,67.0,//specials-images.forbesimg.com/imageserve/58b7569ba7ea431f321a6ff9/416x416.jpg?background=000000&cropX1=0&cropX2=744&cropY1=39&cropY2=783,1742.0,1676.0,2500.0,,,,,,
Bret Taylor,Taylor,bret-taylor,bret-taylor,0.0,AI customer service agents,Technology,M,United States,1777596602658,CA,California,2500.0,1664.0,1664.0,45.0,,1743.0,1676.0,2500.0,,,,,,
Tong Yongsheng,Tong,tong-yongsheng,no-pic,90.021,electrical equipment,Manufacturing,M,China,1777596602658,,,2416.242,1730.0,1730.0,61.0,,1744.0,1676.0,2500.0,,,,,,
Pierre van der Mersch,van der Mersch,pierre-van-der-mersch,no-pic,11.969,Investing,Finance & Investments,M,Belgium,1777596602658,,,2468.878,1688.0,1688.0,91.0,,1745.0,1676.0,2500.0,,,,,,
Wang Jianfeng,Wang,wang-jianfeng,no-pic,3.996,Auto parts,Automotive,M,China,1777596602658,,,2552.898,1629.0,1629.0,,,1746.0,1676.0,2500.0,,,,,,
Roger Wang,Wang,roger-wang,roger-wang,0.0,Retail,Fashion & Retail,M,United States,1777596602658,,,2523.817,1650.0,1650.0,77.0,https://specials-images.forbesimg.com/imageserve/55faac1de4b0ffa7afe4aeac/416x416.jpg?background=000000&cropX1=0&cropX2=744&cropY1=16&cropY2=760,1747.0,1676.0,2500.0,,,,,,
Wee Ee Lim,Wee,wee-ee-lim,no-pic,7.924,Banking,Finance & Investments,M,Singapore,1777596602658,,,2419.577,1727.0,1727.0,64.0,https://specials-images.forbesimg.com/imageserve/661ea1f41dba8edc23ec7c3a/416x416.jpg?background=000000&cropX1=937&cropX2=1540&cropY1=320&cropY2=923,1748.0,1676.0,2500.0,,,,,,
Kie Chie Wong,Wong,kie-chie-wong,no-pic,-19.009,Investments,Metals & Mining,M,Malaysia,1777596602658,,,2378.214,1753.0,1753.0,78.0,https://specials-images.forbesimg.com/imageserve/67aa6194ec9eb460c0ac3f5e/416x416.jpg?background=000000&cropX1=0&cropX2=800&cropY1=0&cropY2=800,1749.0,1676.0,2500.0,,,,,,
Xiang Guangming,Xiang,xiang-guangming,no-pic,23.709,Waste disposal,Manufacturing,M,China,1777596602659,,,1870.933,2215.0,2215.0,62.0,,1750.0,1676.0,2500.0,,,,,,
Xie Liangzhi,Xie,xie-liangzhi,no-pic,-6.159,Biotech,Healthcare,M,China,1777596602658,,,2540.394,1640.0,1640.0,60.0,,1751.0,1676.0,2500.0,,,,,,
Luis Enrique Yarur Rey,Yarur Rey,luis-enrique-yarur-rey,no-pic,-18.495,banking,Finance & Investments,M,Chile,1777596602658,,,2434.385,1717.0,1717.0,75.0,//specials-images.forbesimg.com/imageserve/5c6db4c9a7ea43100042f1fa/416x416.jpg?background=000000&cropX1=8&cropX2=186&cropY1=50&cropY2=228,1752.0,1676.0,2500.0,,,,,,
Huijiao Yu,Yu,huijiao-yu,no-pic,-42.305,Package delivery,Logistics,M,China,1777596602658,,,2693.058,1552.0,1552.0,60.0,https://specials-images.forbesimg.com/imageserve/6050f48ca1ab099ed6e290cc/416x416.jpg?background=000000&cropX1=0&cropX2=800&cropY1=0&cropY2=800,1753.0,1676.0,2500.0,"Founder and Chairman, Shanghai YTO Express (Logistics)",False,,,,
Zhang Yuqiang,Zhang,zhang-yuqiang,no-pic,-75.76,Fiberglass,Manufacturing,M,China,1777596602658,,,2804.17,1492.0,1492.0,70.0,,1754.0,1676.0,2500.0,,,,,,
David Adelman,Adelman,david-adelman,no-pic,0.0,"Real estate, asset management",Real Estate,M,United States,1777596602658,PA,Pennsylvania,2282.0,1826.0,1826.0,54.0,https://specials-images.forbesimg.com/imageserve/6495d858d90997e8347b6843/416x416.jpg?background=000000&cropX1=752&cropX2=3799&cropY1=6&cropY2=3059,1755.0,1755.0,2400.0,,,,,,
Mika Anttonen,Anttonen,mika-anttonen,no-pic,0.0,Oil & gas,Energy,M,Finland,1777596602658,,,2395.191,1741.0,1741.0,59.0,//specials-images.forbesimg.com/imageserve/58b061b1a7ea431f321a1929/416x416.jpg?background=000000&cropX1=0&cropX2=744&cropY1=79&cropY2=823,1756.0,1755.0,2400.0,,,,,,
Acharya Balkrishna,Balkrishna,acharya-balkrishna,acharya-balkrishna,0.0,Consumer goods,Food & Beverage,M,India,1777596602658,,,2285.184,1823.0,1823.0,53.0,//specials-images.forbesimg.com/imageserve/5bad43e14bbe6f1f844e9b1c/416x416.jpg?background=000000&cropX1=985&cropX2=2810&cropY1=0&cropY2=1825,1757.0,1755.0,2400.0,,,,,,
Haluk Bayraktar,Bayraktar,haluk-bayraktar,no-pic,0.0,Military drones,Technology,M,Turkey,1777596602658,,,2446.0,1709.0,1709.0,47.0,https://specials-images.forbesimg.com/imageserve/661f01a4c838cac5a19a895c/416x416.jpg?background=000000&cropX1=480&cropX2=957&cropY1=193&cropY2=669,1758.0,1755.0,2400.0,,,,,,
Sanjeev Bikhchandani,Bikhchandani,sanjeev-bikhchandani,no-pic,-42.677,Internet,Technology,M,India,1777596602658,,,2217.532,1881.0,1881.0,62.0,https://specials-images.forbesimg.com/imageserve/61577876055cebaeec235c55/416x416.jpg?background=000000&cropX1=1033&cropX2=2700&cropY1=30&cropY2=1697,1759.0,1755.0,2400.0,,,,,,
Julio Bozano,Bozano,julio-bozano,julio-bozano,0.0,Banking,Finance & Investments,M,Brazil,1777596602658,,,2455.159,1699.0,1699.0,90.0,//specials-images.forbesimg.com/imageserve/7c49586f49000892959270e53710d139/416x416.jpg?background=000000&cropX1=3&cropX2=744&cropY1=44&cropY2=785,1760.0,1755.0,2400.0,,,,,,
Steve Case,Case,steve-case,steve-case,1.809,AOL,Technology,M,United States,1777596602658,VA,Virginia,2348.601,1772.0,1772.0,67.0,//specials-images.forbesimg.com/imageserve/5a908ff631358e79a28a1f18/416x416.jpg?background=000000&cropX1=26&cropX2=2250&cropY1=77&cropY2=2300,1761.0,1755.0,2400.0,,,,,,
Jean-Pierre Cayard,Cayard,jean-pierre-cayard,no-pic,0.0,Spirits,Food & Beverage,M,France,1777596602659,,,1813.878,2273.0,2273.0,83.0,//specials-images.forbesimg.com/imageserve/5c6f8ad4a7ea43100043201c/416x416.jpg?background=000000&cropX1=333&cropX2=1458&cropY1=170&cropY2=1295,1762.0,1755.0,2400.0,,,,,,
Manas Chiaravanond,Chiaravanond,manas-chiaravanond,no-pic,-25.821,Diversified,Diversified,M,Thailand,1777596602658,,,2203.405,1893.0,1893.0,70.0,,1763.0,1755.0,2400.0,,,,,,
Phongthep Chiaravanont,Chiaravanont,phongthep-chiaravanont,no-pic,-26.042,Diversified,Diversified,M,Thailand,1777596602658,,,2223.679,1876.0,1876.0,74.0,,1764.0,1755.0,2400.0,,,,,,
Prathip Chiravanond,Chiravanond,prathip-chiravanond,no-pic,-25.837,Diversified,Diversified,M,Thailand,1777596602658,,,2182.696,1919.0,1919.0,77.0,,1765.0,1755.0,2400.0,,,,,,
Marcelo Claure,Claure,marcelo-claure,no-pic,-18.781,Cell phone distribution,Telecom,M,United States,1777596602658,FL,Florida,2251.147,1850.0,1850.0,55.0,https://specials-images.forbesimg.com/imageserve/642b31844c2a557af7e1c15e/416x416.jpg?background=000000&cropX1=717&cropX2=2728&cropY1=38&cropY2=2047,1766.0,1755.0,2400.0,,,,,,
Enrique Coppel Luken,Coppel Luken,enrique-coppel-luken,no-pic,0.0,Diversified,Fashion & Retail,M,Mexico,1777596602658,,,2328.002,1795.0,1795.0,78.0,,1767.0,1755.0,2400.0,,,,,,
Helena Dassault,Dassault,helena-dassault,no-pic-female,31.605,Inherited,Diversified,F,France,1777596602658,,,2201.54,1895.0,1895.0,36.0,https://specials-images.forbesimg.com/imageserve/66197de77365779bcaa3f5ca/416x416.jpg?background=000000&cropX1=1365&cropX2=1769&cropY1=167&cropY2=572,1768.0,1755.0,2400.0,,,,,,
Remi Dassault,Dassault,remi-dassault,no-pic,31.605,Diversified,Diversified,M,France,1777596602658,,,2201.54,1895.0,1896.0,25.0,,1769.0,1755.0,2400.0,,,,,,
John de Mol,de Mol,john-de-mol,john-de-mol,0.0,TV programs,Media & Entertainment,M,Netherlands,1777596602658,,,2398.5,1740.0,1740.0,71.0,//specials-images.forbesimg.com/imageserve/58a241814bbe6f0e5586b932/416x416.jpg?background=000000&cropX1=0&cropX2=744&cropY1=327&cropY2=1071,1770.0,1755.0,2400.0,,,,,,
Joaquin del Pino y Calvo-Sotelo,del Pino y Calvo-Sotelo,joaquin-del-pino-y-calvo-sotelo,no-pic,39.719,Construction,Construction & Engineering,M,Spain,1777596602658,,,2221.419,1878.0,1878.0,65.0,,1771.0,1755.0,2400.0,,,,,,
Anand Deshpande,Deshpande,anand-deshpande,no-pic,1.092,Technology,Technology,M,India,1777596602658,,,2369.78,1761.0,1761.0,64.0,https://specials-images.forbesimg.com/imageserve/612f916cbe677dcb7715be56/416x416.jpg?background=000000&cropX1=324&cropX2=1974&cropY1=103&cropY2=1754,1772.0,1755.0,2400.0,,,,,,
Beda Diethelm,Diethelm,beda-diethelm,no-pic,3.4,Hearing aids,Healthcare,M,Switzerland,1777596602659,,,2104.933,1975.0,1975.0,85.0,,1773.0,1755.0,2400.0,,,,,,
James Dinan,Dinan,james-dinan,james-dinan,0.0,Hedge funds,Finance & Investments,M,United States,1777596602658,NY,New York,2409.0,1735.0,1735.0,66.0,//specials-images.forbesimg.com/imageserve/5d8b3c9322254b0008e16bb8/416x416.jpg?background=000000&cropX1=76&cropX2=1190&cropY1=58&cropY2=1172,1774.0,1755.0,2400.0,"Founder, York Capital Management",False,,,,
Domenico Dolce,Dolce,domenico-dolce,domenico-dolce,0.0,Luxury goods,Fashion & Retail,M,Italy,1777596602659,,,2080.024,2001.0,2001.0,67.0,//specials-images.forbesimg.com/imageserve/5a7f8c02a7ea431690132e66/416x416.jpg?background=000000&cropX1=244&cropX2=936&cropY1=11&cropY2=703,1775.0,1755.0,2400.0,,,,,,
Charles Edelstenne,Edelstenne,charles-edelstenne,charles-edelstenne,14.081,Aviation,Manufacturing,M,France,1777596602658,,,2452.346,1703.0,1703.0,88.0,//specials-images.forbesimg.com/imageserve/5c6f8bc64bbe6f79679ef3ad/416x416.jpg?background=000000&cropX1=723&cropX2=3986&cropY1=7&cropY2=3268,1776.0,1755.0,2400.0,,,,,,
Fred Ehrsam,Ehrsam,fred-ehrsam,no-pic,51.231,cryptocurrency exchange,Finance & Investments,M,United States,1777596602658,CA,California,2529.665,1645.0,1645.0,37.0,https://specials-images.forbesimg.com/imageserve/6063888ca33337dd9e276465/416x416.jpg?background=000000&cropX1=465&cropX2=1482&cropY1=141&cropY2=1158,1777.0,1755.0,2400.0,"Cofounder, Coinbase",False,,,,
Stefano Gabbana,Gabbana,stefano-gabbana,stefano-gabbana,0.0,Luxury goods,Fashion & Retail,M,Italy,1777596602659,,,2080.023,2002.0,2002.0,63.0,//specials-images.forbesimg.com/imageserve/5a7fa0084bbe6f2652f5340b/416x416.jpg?background=000000&cropX1=257&cropX2=1812&cropY1=266&cropY2=1822,1778.0,1755.0,2400.0,,,,,,
Mark Hancock,Hancock,mark-hancock,no-pic,8.194,Nursing facilities,Healthcare,M,United States,1777596602658,UT,Utah,2193.391,1911.0,1911.0,51.0,,1779.0,1755.0,2400.0,,,,,,
Anurang Jain,Jain,anurang-jain-1,no-pic,1.925,Auto parts,Manufacturing,M,India,1777596602659,,,2019.161,2058.0,2058.0,64.0,//specials-images.forbesimg.com/imageserve/5d9f6c7c793bd50006ea487c/416x416.jpg?background=000000&cropX1=1786&cropX2=3590&cropY1=924&cropY2=2727,1780.0,1755.0,2400.0,,,,,,
Ke Zunhong,Ke,ke-zunhong,no-pic,-18.622,Pharmaceuticals,Healthcare,M,China,1777596602659,,,2068.489,2013.0,2013.0,71.0,https://specials-images.forbesimg.com/imageserve/603e8f5d4a2df75cef4fb25a/416x416.jpg?background=000000&cropX1=0&cropX2=800&cropY1=0&cropY2=800,1781.0,1755.0,2400.0,,,,,,
Christiane Knauf,Knauf,christiane-knauf,no-pic-female,0.0,Building materials,Manufacturing,F,Germany,1777596602658,,,2334.152,1784.0,1784.0,54.0,,1782.0,1755.0,2400.0,,,,,,
Christine Knauf,Knauf,christine-knauf,no-pic-female,0.0,Building materials,Construction & Engineering,F,Germany,1777596602658,,,2334.152,1784.0,1785.0,70.0,,1783.0,1755.0,2400.0,,,,,,
Karl Knauf,Knauf,karl-knauf,no-pic,0.0,Building materials,Manufacturing,M,Germany,1777596602658,,,2334.152,1784.0,1786.0,69.0,,1784.0,1755.0,2400.0,,,,,,
Shlomo Kramer,Kramer,shlomo-kramer,no-pic,0.0,"Software, investments",Technology,M,Israel,1777596602658,,,2391.0,1743.0,1743.0,60.0,,1785.0,1755.0,2400.0,,,,,,
Christopher Kwok,Kwok,christopher-kwok,no-pic,-49.798,Real estate,Real Estate,M,Hong Kong,1777596602658,,,2298.884,1812.0,1812.0,40.0,https://specials-images.forbesimg.com/imageserve/6050f48ca1ab099ed6e290cc/416x416.jpg?background=000000&cropX1=0&cropX2=800&cropY1=0&cropY2=800,1786.0,1755.0,2400.0,,,,,,
Edward Kwok,Kwok,edward-kwok,no-pic,-49.723,Real estate,Real Estate,M,Hong Kong,1777596602658,,,2295.753,1817.0,1817.0,45.0,,1787.0,1755.0,2400.0,,,,,,
Edward Lampert,Lampert,edward-lampert,edward-lampert,30.963,Sears,Finance & Investments,M,United States,1777596602658,FL,Florida,2359.927,1768.0,1768.0,63.0,//specials-images.forbesimg.com/imageserve/8cf1228c1a15189e60fb6041f47333eb/416x416.jpg?background=000000&cropX1=82&cropX2=744&cropY1=95&cropY2=757,1788.0,1755.0,2400.0,"Founder, ESL Investments Inc.",False,,,,
Somsri Lamsam,Lamsam,somsri-lamsam,no-pic-female,-26.301,Diversified,Diversified,F,Thailand,1777596602658,,,2205.601,1892.0,1892.0,70.0,,1789.0,1755.0,2400.0,,,,,,
Marianna Latsis,Latsis,marianna-latsis,no-pic-female,17.874,"Banking, shipping",Diversified,F,Greece,1777596602658,,,2497.468,1668.0,1668.0,73.0,,1790.0,1755.0,2400.0,,,,,,
Hans Jakob Limbach,Limbach,hans-jakob-limbach-1,no-pic,0.0,laboratories,Healthcare,M,Germany,1777596602658,,,2372.762,1757.0,1757.0,78.0,,1791.0,1755.0,2400.0,,,,,,
Lin Xiucheng,Lin,lin-xiucheng,lin-xiucheng,-27.758,Electronics,Technology,M,China,1777596602659,,,2128.746,1956.0,1956.0,70.0,https://specials-images.forbesimg.com/imageserve/61a52212402ed8086d7a1ac9/416x416.jpg?background=000000&cropX1=0&cropX2=800&cropY1=0&cropY2=800,1792.0,1755.0,2400.0,,,,,,
Ma Bin,Ma,ma-bin,no-pic,-50.971,manufacturing,Manufacturing,M,China,1777596602658,,,2433.926,1718.0,1718.0,55.0,,1793.0,1755.0,2400.0,,,,,,
Rafique Malik,Malik,rafique-malik,no-pic,-35.231,Footwear,Fashion & Retail,M,India,1777596602658,,,2259.292,1845.0,1845.0,75.0,https://specials-images.forbesimg.com/imageserve/6345d78a699e08969fde06a9/416x416.jpg?background=000000&cropX1=132&cropX2=1189&cropY1=101&cropY2=1158,1794.0,1755.0,2400.0,,,,,,
Brannin McBee,McBee,brannin-mcbee,no-pic,-59.368,Technology,Technology,M,United States,1777596602658,MT,Montana,3138.202,1356.0,1356.0,41.0,,1795.0,1755.0,2400.0,,,,,,
Jason Murray,Murray,jason-murray,no-pic,8.194,Nursing facilities,Healthcare,M,United States,1777596602658,UT,Utah,2200.852,1898.0,1898.0,47.0,,1796.0,1755.0,2400.0,,,,,,
Nan Cunhui,Nan,nan-cunhui,nan-cunhui,9.95,Power equipment,Manufacturing,M,China,1777596602658,,,2361.289,1764.0,1764.0,62.0,https://specials-images.forbesimg.com/imageserve/60bfc4a039671e95929b077f/416x416.jpg?background=000000&cropX1=1274&cropX2=2298&cropY1=769&cropY2=1793,1797.0,1755.0,2400.0,,,,,,
Rishad Naoroji,Naoroji,rishad-naoroji,rishad-naoroji,0.0,"Consumer goods, real estate",Diversified,M,India,1777596602658,,,2297.602,1814.0,1814.0,74.0,//specials-images.forbesimg.com/imageserve/3d6327ec52d731d04f873fb1bed5b59b/416x416.jpg?background=000000&cropX1=0&cropX2=744&cropY1=256&cropY2=1000,1798.0,1755.0,2400.0,,,,,,
Ni Zugen,Ni,ni-zugen,no-pic,54.729,Appliances,Manufacturing,M,China,1777596602658,,,2430.379,1719.0,1719.0,69.0,//specials-images.forbesimg.com/imageserve/5a9725ac4bbe6f0fa826ee2b/416x416.jpg?background=000000&cropX1=54&cropX2=1245&cropY1=217&cropY2=1408,1799.0,1755.0,2400.0,,,,,,
Ioannis Papalekas,Papalekas,ioannis-papalekas,no-pic,-17.429,Real estate,Real Estate,M,Greece,1777596602658,,,2407.743,1736.0,1736.0,50.0,,1800.0,1755.0,2400.0,,,,,,
David Paul,Paul,david-paul,no-pic,55.684,Medical devices,Healthcare,M,United States,1777596602658,PA,Pennsylvania,2285.797,1822.0,1822.0,59.0,,1801.0,1755.0,2400.0,"Founder and Executive Chairman, Globus Medical",False,,,,
Karl-Johan Persson,Persson,karl-johan-persson,karl-johan-persson,-5.874,H&M,Fashion & Retail,M,Sweden,1777596602659,,,2042.973,2031.0,2031.0,51.0,//specials-images.forbesimg.com/imageserve/5e77c710d8e1ae0007b73581/416x416.jpg?background=000000&cropX1=420&cropX2=2811&cropY1=0&cropY2=2389,1802.0,1755.0,2400.0,,,,,,
"Reinfried Pohl, Jr.",Pohl,reinfried-pohl-jr,no-pic,0.0,Mutual funds,Finance & Investments,M,Germany,1777596602658,,,2419.282,1728.0,1728.0,66.0,//specials-images.forbesimg.com/imageserve/5c703e0aa7ea431000433215/416x416.jpg?background=000000&cropX1=82&cropX2=735&cropY1=33&cropY2=686,1803.0,1755.0,2400.0,,,,,,
Manuel Puig Rocha,Puig Rocha,manuel-puig-rocha,no-pic,-20.969,Beauty retail,Fashion & Retail,M,Spain,1777596602658,,,2462.504,1692.0,1692.0,64.0,,1804.0,1755.0,2400.0,,,,,,
Vivek Ramaswamy,Ramaswamy,vivek-ramaswamy,vivek-ramaswamy,85.975,investments,Healthcare,M,United States,1777596602658,OH,Ohio,2372.334,1758.0,1758.0,40.0,https://specials-images.forbesimg.com/imageserve/67e5e2a4ef03bc049f46b501/416x416.jpg?background=000000&cropX1=679&cropX2=2481&cropY1=190&cropY2=1992,1805.0,1755.0,2400.0,,,,,,
Florian Rehm,Rehm,florian-rehm,no-pic,0.0,liquor,Food & Beverage,M,Germany,1777596602658,,,2426.582,1721.0,1721.0,48.0,,1806.0,1755.0,2400.0,,,,,,
Alexey Repik,Repik,alexey-repik,no-pic,0.0,Pharmaceuticals,Healthcare,M,Russia,1777596602658,,,2424.212,1722.0,1722.0,46.0,//specials-images.forbesimg.com/imageserve/5e777314d8e1ae0007b72c49/416x416.jpg?background=000000&cropX1=583&cropX2=3046&cropY1=23&cropY2=2483,1807.0,1755.0,2400.0,,,,,,
Ruan Shuilong,Ruan,ruan-shuilong,no-pic,-17.233,Chemicals,Manufacturing,M,China,1777596602659,,,2073.81,2005.0,2005.0,90.0,,1808.0,1755.0,2400.0,,,,,,
Surender Saluja,Saluja,surender-saluja,no-pic,-66.258,Solar energy,Energy,M,India,1777596602658,,,3175.196,1335.0,1335.0,79.0,https://specials-images.forbesimg.com/imageserve/68e6b8d6c5c1363e09ac7105/416x416.jpg?background=000000&cropX1=0&cropX2=799&cropY1=1&cropY2=800,1809.0,1755.0,2400.0,,,,,,
T. Denny Sanford,Sanford,t-denny-sanford,t-denny-sanford,0.0,"Banking, credit cards",Finance & Investments,M,United States,1777596602658,SD,South Dakota,2443.5,1712.0,1712.0,90.0,https://specials-images.forbesimg.com/imageserve/614b5fd82b2aaa7d55f46262/416x416.jpg?background=000000&cropX1=0&cropX2=2154&cropY1=162&cropY2=2315,1810.0,1755.0,2400.0,,,,,,
Paul Saville,Saville,paul-saville,no-pic,18.517,Homebuilder,Real Estate,M,United States,1777596602658,FL,Florida,2149.959,1945.0,1945.0,70.0,,1811.0,1755.0,2400.0,,,,,,
Steven Schonfeld,Schonfeld,steven-schonfeld,steven-schonfeld,0.0,Hedge funds,Finance & Investments,M,United States,1777596602658,NY,New York,2377.0,1754.0,1754.0,66.0,https://specials-images.forbesimg.com/imageserve/69617aa699a898e0c9fda636/416x416.jpg?background=000000&cropX1=1&cropX2=700&cropY1=0&cropY2=699,1812.0,1755.0,2400.0,,,,,,
Basudeo Singh,Singh,basudeo-singh,no-pic,23.576,Pharmaceuticals,Healthcare,M,India,1777596602658,,,2202.845,1894.0,1894.0,85.0,https://specials-images.forbesimg.com/imageserve/60401f1665c0e8045cca4eea/416x416.jpg?background=000000&cropX1=80&cropX2=1023&cropY1=68&cropY2=1012,1813.0,1755.0,2400.0,,,,,,
Alexander Skorobogatko,Skorobogatko,alexander-skorobogatko,alexander-skorobogatko,0.0,"Real estate, airport",Logistics,M,Russia,1777596602658,,,2439.829,1713.0,1713.0,58.0,//specials-images.forbesimg.com/imageserve/b0486d23f85a613e85336bd421161b18/416x416.jpg?background=000000&cropX1=6&cropX2=744&cropY1=85&cropY2=823,1814.0,1755.0,2400.0,,,,,,
Song Chi-hyung,Song,song-chi-hyung,no-pic,0.0,Fintech,Finance & Investments,M,South Korea,1777596602658,,,2378.913,1752.0,1752.0,47.0,https://specials-images.forbesimg.com/imageserve/643e9c3b387e1262db0990c5/416x416.jpg?background=000000&cropX1=138&cropX2=1381&cropY1=203&cropY2=1447,1815.0,1755.0,2400.0,,,,,,
John Stanton,Stanton,john-stanton,no-pic,-0.222,wireless,Telecom,M,United States,1777596602658,WA,Washington,2410.156,1733.0,1733.0,70.0,,1816.0,1755.0,2400.0,,,,,,
Thomas Steyer,Steyer,thomas-steyer,thomas-steyer,0.0,Hedge funds,Finance & Investments,M,United States,1777596602658,CA,California,2436.1,1715.0,1715.0,68.0,//specials-images.forbesimg.com/imageserve/5a8f089e31358e79a289ff38/416x416.jpg?background=000000&cropX1=543&cropX2=2766&cropY1=445&cropY2=2667,1817.0,1755.0,2400.0,,,,,,
Sylvia Stroeher,Stroeher,sylvia-stroeher,no-pic-female,0.0,Cosmetics,Fashion & Retail,F,Germany,1777596602658,,,2373.0,1755.0,1755.0,70.0,https://specials-images.forbesimg.com/imageserve/6050f48ca1ab099ed6e290cc/416x416.jpg?background=000000&cropX1=0&cropX2=800&cropY1=0&cropY2=800,1818.0,1755.0,2400.0,,,,,,
David Teoh,Teoh,david-teoh,no-pic,11.13,Telecom,Telecom,M,Australia,1777596602658,,,2427.737,1720.0,1720.0,70.0,//specials-images.forbesimg.com/imageserve/5e73f4c110380d0006bda8f8/416x416.jpg?background=000000&cropX1=1174&cropX2=4628&cropY1=120&cropY2=3572,1819.0,1755.0,2400.0,,,,,,
Ion Tiriac,Tiriac,ion-tiriac,ion-tiriac,0.0,"Banking, insurance",Finance & Investments,M,Romania,1777596602658,,,2324.708,1798.0,1798.0,86.0,//specials-images.forbesimg.com/imageserve/5e770e45c7b02d000666d44d/416x416.jpg?background=000000&cropX1=43&cropX2=1265&cropY1=320&cropY2=1543,1820.0,1755.0,2400.0,,,,,,
F.C. Tseng,Tseng,fc-tseng,no-pic,-49.324,Semiconductors,Technology,M,Taiwan,1777596602658,,,2515.641,1656.0,1656.0,,https://specials-images.forbesimg.com/imageserve/67e5b7fed5b58121e3a3e0df/416x416.jpg?background=000000&cropX1=508&cropX2=2336&cropY1=177&cropY2=2006,1821.0,1755.0,2400.0,,,,,,
Riaz Valani,Valani,riaz-valani,no-pic,0.0,E-cigarettes,Finance & Investments,M,United States,1777596602658,CA,California,2446.3,1708.0,1708.0,49.0,,1822.0,1755.0,2400.0,,,,,,
Wang Kunxiao,Wang,wang-kunxiao,no-pic,190.618,oilfield equipment,Manufacturing,M,China,1777596602658,,,2841.91,1475.0,1475.0,56.0,,1823.0,1755.0,2400.0,,,,,,
Cameron Winklevoss,Winklevoss,cameron-winklevoss,no-pic,11.269,Cryptocurrency,Finance & Investments,M,United States,1777596602658,NY,New York,2685.205,1558.0,1558.0,44.0,https://specials-images.forbesimg.com/imageserve/6063c068b8ad72d9041e7cda/416x416.jpg?background=000000&cropX1=40&cropX2=691&cropY1=190&cropY2=840,1824.0,1755.0,2400.0,,,,,,
Tyler Winklevoss,Winklevoss,tyler-winklevoss,no-pic,11.269,Cryptocurrency,Finance & Investments,M,United States,1777596602658,NY,New York,2685.205,1558.0,1559.0,44.0,https://specials-images.forbesimg.com/imageserve/60637fc2b4b5991e325d5b97/416x416.jpg?background=000000&cropX1=151&cropX2=709&cropY1=67&cropY2=625,1825.0,1755.0,2400.0,,,,,,
Wong Man Li,Wong,wong-man-li,wong-man-li,-27.926,Furniture,Manufacturing,M,Hong Kong,1777596602659,,,2085.249,1996.0,1996.0,61.0,https://specials-images.forbesimg.com/imageserve/65d4f095846727795158d65a/416x416.jpg?background=000000&cropX1=317&cropX2=767&cropY1=371&cropY2=821,1826.0,1755.0,2400.0,,,,,,
Anthony Wood,Wood,anthony-wood,no-pic,67.91,Roku,Technology,M,United States,1777596602658,CA,California,2760.87,1519.0,1519.0,60.0,//specials-images.forbesimg.com/imageserve/5c743514a7ea4310004380ec/416x416.jpg?background=000000&cropX1=352&cropX2=2081&cropY1=0&cropY2=1728,1827.0,1755.0,2400.0,,,,,,
Ye Guofu,Ye,ye-guofu,no-pic,34.32,Retail,Fashion & Retail,M,China,1777596602659,,,1965.231,2128.0,2128.0,48.0,https://specials-images.forbesimg.com/imageserve/603e8af3c4ddcfbbdfa14153/416x416.jpg?background=000000&cropX1=236&cropX2=1154&cropY1=19&cropY2=938,1828.0,1755.0,2400.0,,,,,,
Michael Ying,Ying,michael-ying,michael-ying,0.0,Retail,Fashion & Retail,M,Hong Kong,1777596602658,,,2347.701,1774.0,1774.0,76.0,https://specials-images.forbesimg.com/imageserve/63efeaddc3a033749bb8d5ba/416x416.jpg?background=000000&cropX1=813&cropX2=1707&cropY1=173&cropY2=1067,1829.0,1755.0,2400.0,,,,,,
Zeng Chaolin,Zeng,zeng-chaolin-1,no-pic,-94.898,Aluminium,Metals & Mining,M,China,1777596602658,,,2236.941,1863.0,1863.0,43.0,,1830.0,1755.0,2400.0,,,,,,
Zhang Jingzhang,Zhang,zhang-jingzhang,no-pic,-33.251,Precision machinery,Manufacturing,M,China,1777596602659,,,2033.181,2047.0,2047.0,90.0,,1831.0,1755.0,2400.0,,,,,,
Zhou Yahui,Zhou,zhou-yahui,no-pic,-48.057,online games,Media & Entertainment,M,China,1777596602659,,,1934.715,2151.0,2151.0,49.0,,1832.0,1755.0,2400.0,,,,,,
Zhu Yiming,Zhu,zhu-yiming,no-pic,27.45,Semiconductors,Technology,M,China,1777596602658,,,2543.059,1637.0,1637.0,53.0,https://specials-images.forbesimg.com/imageserve/6050f48ca1ab099ed6e290cc/416x416.jpg?background=000000&cropX1=0&cropX2=800&cropY1=0&cropY2=800,1833.0,1755.0,2400.0,,,,,,
Leonard Abess,Abess,leonard-abess,no-pic,0.0,Banking,Finance & Investments,M,United States,1777596602658,FL,Florida,2259.91,1843.0,1843.0,77.0,https://specials-images.forbesimg.com/imageserve/6619aea121ebf57ebe0beb96/416x416.jpg?background=000000&cropX1=668&cropX2=1947&cropY1=989&cropY2=2269,1834.0,1834.0,2300.0,,,,,,
Essam Al Muhaidib,Al Muhaidib,essam-al-muhaidib-1,no-pic,-3.554,Diversified,Diversified,M,Saudi Arabia,1777596602658,,,2406.02,1737.0,1737.0,67.0,,1835.0,1834.0,2300.0,,,,,,
Sulaiman Al Muhaidib,Al Muhaidib,sulaiman-al-muhaidib-1,no-pic,-3.554,Diversified,Diversified,M,Saudi Arabia,1777596602658,,,2406.02,1737.0,1738.0,71.0,,1836.0,1834.0,2300.0,,,,,,
Nerio Alessandri,Alessandri,nerio-alessandri,no-pic,-14.709,Gym equipment,Manufacturing,M,Italy,1777596602658,,,2357.157,1771.0,1771.0,65.0,,1837.0,1834.0,2300.0,,,,,,
Leslie Alexander,Alexander,leslie-alexander,leslie-alexander,0.0,Sports team,Sports,M,United States,1777596602658,TX,Texas,2329.42,1794.0,1794.0,82.0,//specials-images.forbesimg.com/imageserve/5ba6785831358e5690cdc0c6/416x416.jpg?background=000000&cropX1=56&cropX2=683&cropY1=53&cropY2=681,1838.0,1834.0,2300.0,,,,,,
Bill Austin,Austin,bill-austin,no-pic,0.0,Hearing aids,Manufacturing,M,United States,1777596602659,TX,Texas,2060.041,2022.0,2022.0,84.0,//specials-images.forbesimg.com/imageserve/5d8b11a66de3150009a50a64/416x416.jpg?background=000000&cropX1=1173&cropX2=3575&cropY1=0&cropY2=2400,1839.0,1834.0,2300.0,,,,,,
Jyoti Bansal,Bansal,jyoti-bansal,no-pic,0.0,AI software,Technology,M,United States,1777596602658,CA,California,2277.0,1833.0,1833.0,48.0,,1840.0,1834.0,2300.0,,,,,,
Pavel Baudis,Baudis,pavel-baudis,no-pic,7.443,Software,Technology,M,Czech Republic,1777596602658,,,2173.87,1927.0,1927.0,65.0,//specials-images.forbesimg.com/imageserve/5e758bfcc7b02d000666c36b/416x416.jpg?background=000000&cropX1=378&cropX2=1074&cropY1=114&cropY2=811,1841.0,1834.0,2300.0,,,,,,
Sabrina Benetton,Benetton,sabrina-benetton,no-pic-female,6.492,"Fashion retail, investments",Fashion & Retail,F,Italy,1777596602658,,,2228.591,1870.0,1870.0,52.0,//specials-images.forbesimg.com/imageserve/5c70da5031358e35dd26ee14/416x416.jpg?background=000000&cropX1=29&cropX2=714&cropY1=42&cropY2=727,1842.0,1834.0,2300.0,,,,,,
Ajay Bhardwaj,Bhardwaj,ajay-bhardwaj,no-pic,-49.76,Biopharma,Healthcare,M,India,1777596602658,,,2370.213,1760.0,1760.0,65.0,,1843.0,1834.0,2300.0,,,,,,
Christian Birkenstock,Birkenstock,christian-birkenstock,no-pic,17.308,Shoes,Fashion & Retail,M,Germany,1777596602658,,,2257.521,1847.0,1847.0,53.0,,1844.0,1834.0,2300.0,,,,,,
Ahmet Calik,Calik,ahmet-calik,ahmet-calik,0.0,"Energy, banking, construction",Diversified,M,Turkey,1777596602659,,,1550.0,2560.0,2560.0,68.0,//specials-images.forbesimg.com/imageserve/5e77de68d8e1ae0007b73860/416x416.jpg?background=000000&cropX1=1616&cropX2=2709&cropY1=60&cropY2=1152,1845.0,1834.0,2300.0,,,,,,
Yinon Costica,Costica,yinon-costica,no-pic,0.0,Security startup,Technology,M,Israel,1777596602658,,,2280.0,1828.0,1831.0,43.0,,1846.0,1834.0,2300.0,,,,,,
Carmen Daurella Aguilera,Daurella Aguilera,carmen-daurella-aguilera,no-pic-female,14.318,Coca-Cola bottler,Food & Beverage,F,Spain,1777596602659,,,1977.015,2112.0,2112.0,69.0,,1847.0,1834.0,2300.0,,,,,,
Dermot Desmond,Desmond,dermot-desmond,dermot-desmond,-0.273,Finance,Finance & Investments,M,Ireland,1777596602658,,,2323.435,1800.0,1800.0,75.0,//specials-images.forbesimg.com/imageserve/5e76c7dc10380d0006fbb7db/416x416.jpg?background=000000&cropX1=79&cropX2=695&cropY1=2&cropY2=619,1848.0,1834.0,2300.0,,,,,,
K. Dinesh,Dinesh,k-dinesh,k-dinesh,12.746,Software services,Technology,M,India,1777596602659,,,2075.562,2003.0,2003.0,71.0,//specials-images.forbesimg.com/imageserve/5e768d54c7b02d000666cf70/416x416.jpg?background=000000&cropX1=360&cropX2=1263&cropY1=184&cropY2=1087,1849.0,1834.0,2300.0,,,,,,
Dong Wei,Dong,dong-wei-2,no-pic,-23.797,Pharmaceuticals,Healthcare,M,China,1777596602658,,,2226.578,1874.0,1874.0,55.0,,1850.0,1834.0,2300.0,,,,,,
Thomas Dundon,Dundon,thomas-dundon,thomas-dundon,0.0,financial services,Sports,M,United States,1777596602658,TX,Texas,2310.0,1805.0,1805.0,54.0,,1851.0,1834.0,2300.0,,,,,,
Bob Ell,Ell,bob-ell,bob-ell,0.0,Real estate,Real Estate,M,Australia,1777596602658,,,2316.458,1803.0,1803.0,81.0,https://specials-images.forbesimg.com/imageserve/5c6ca60131358e1c187f0fb7/416x416.jpg?background=000000&cropX1=46&cropX2=258&cropY1=0&cropY2=212,1852.0,1834.0,2300.0,,,,,,
David Fong,Fong,david-fong-1,no-pic,0.0,Real estate,Real Estate,M,Hong Kong,1777596602658,,,2326.0,1796.0,1796.0,68.0,https://specials-images.forbesimg.com/imageserve/67c5e3c29f0fe69b603da963/416x416.jpg?background=000000&cropX1=0&cropX2=390&cropY1=29&cropY2=419,1853.0,1834.0,2300.0,,,,,,
Phillip Frost,Frost,phillip-frost,phillip-frost,2.364,Pharmaceuticals,Healthcare,M,United States,1777596602658,FL,Florida,2335.234,1782.0,1782.0,89.0,//specials-images.forbesimg.com/imageserve/5ba59e7c4bbe6f79516f67c1/416x416.jpg?background=000000&cropX1=139&cropX2=990&cropY1=21&cropY2=872,1854.0,1834.0,2300.0,,,,,,
Gao Jifan,Gao,gao-jifan,no-pic,134.658,Solar equipment,Energy,M,China,1777596602659,,,2102.369,1978.0,1978.0,61.0,https://specials-images.forbesimg.com/imageserve/6182cc393bf7c3b9cf3d1ca0/416x416.jpg?background=000000&cropX1=377&cropX2=2937&cropY1=63&cropY2=2621,1855.0,1834.0,2300.0,,,,,,
David Grain,Grain,david-grain,no-pic,0.0,Private equity,Finance & Investments,M,United States,1777596602658,DC,District of Columbia,2300.0,1811.0,1811.0,63.0,https://specials-images.forbesimg.com/imageserve/69960c46bb05cbf94cb7fb3e/416x416.jpg?background=000000&cropX1=15&cropX2=349&cropY1=24&cropY2=358,1856.0,1834.0,2300.0,"Founder & CEO, Grain Management",False,,,,
Madeleine Grogg,Grogg,madeleine-grogg,no-pic-female,82.049,Pharmaceuticals,Healthcare,F,Switzerland,1777596602658,,,2528.063,1647.0,1647.0,,,1857.0,1834.0,2300.0,,,,,,
Gu Wei,Gu,gu-wei,no-pic,-27.222,Consumer electronics,Manufacturing,M,China,1777596602658,,,2372.879,1756.0,1756.0,61.0,//specials-images.forbesimg.com/imageserve/5a97219931358e79a28a9b01/416x416.jpg?background=000000&cropX1=120&cropX2=4005&cropY1=549&cropY2=4432,1858.0,1834.0,2300.0,,,,,,
Luciano Hang,Hang,luciano-hang,no-pic,0.0,Department stores,Fashion & Retail,M,Brazil,1777596602658,,,2334.511,1783.0,1783.0,63.0,//specials-images.forbesimg.com/imageserve/5e74315107adf00006db9f42/416x416.jpg?background=000000&cropX1=697&cropX2=2148&cropY1=143&cropY2=1594,1859.0,1834.0,2300.0,,,,,,
Bahaa Hariri,Hariri,bahaa-hariri,bahaa-hariri,0.0,"Real estate, investments",Real Estate,M,Lebanon,1777596602658,,,2270.534,1842.0,1842.0,60.0,//specials-images.forbesimg.com/imageserve/107c94488c258501ef379d8bffaf7d4f/416x416.jpg?background=000000&cropX1=6&cropX2=744&cropY1=124&cropY2=862,1860.0,1834.0,2300.0,,,,,,
Michael Heine,Heine,michael-heine,no-pic,0.0,Financial services,Finance & Investments,M,Australia,1777596602658,,,2157.676,1940.0,1940.0,76.0,https://specials-images.forbesimg.com/imageserve/63ea7ef7f85c6fe5f9d77ed0/416x416.jpg?background=000000&cropX1=0&cropX2=941&cropY1=0&cropY2=941,1861.0,1834.0,2300.0,,,,,,
Heikki Herlin,Herlin,heikki-herlin,no-pic,9.545,"Elevators, escalators",Manufacturing,M,Finland,1777596602658,,,2166.44,1932.0,1932.0,39.0,,1862.0,1834.0,2300.0,,,,,,
Ilkka Herlin,Herlin,ilkka-herlin,ilkka-herlin,4.906,"Elevators, escalators",Manufacturing,M,Finland,1777596602659,,,2098.642,1985.0,1985.0,67.0,//specials-images.forbesimg.com/imageserve/5a7de14a4bbe6f2652f51f1e/416x416.jpg?background=000000&cropX1=136&cropX2=1278&cropY1=43&cropY2=1186,1863.0,1834.0,2300.0,,,,,,
Daniel Hirschfeld,Hirschfeld,daniel-hirschfeld,no-pic,4.86,Fashion retail,Fashion & Retail,M,United States,1777596602658,NE,Nebraska,2295.882,1816.0,1816.0,84.0,,1864.0,1834.0,2300.0,,,,,,
Willis Johnson,Johnson,willis-johnson,no-pic,-11.931,Damaged cars,Automotive,M,United States,1777596602659,TN,Tennessee,2008.055,2070.0,2070.0,78.0,https://specials-images.forbesimg.com/imageserve/5fb52b8651290292eff9b3a4/416x416.jpg?background=000000&cropX1=1641&cropX2=3326&cropY1=237&cropY2=1921,1865.0,1834.0,2300.0,,,,,,
Koo Kwang-mo,Koo,koo-kwang-mo,koo-kwang-mo,11.431,LG,Diversified,M,South Korea,1777596602659,,,2083.735,2000.0,2000.0,48.0,https://specials-images.forbesimg.com/imageserve/625f22b912f7ec9a24edc980/416x416.jpg?background=000000&cropX1=0&cropX2=1547&cropY1=143&cropY2=1691,1866.0,1834.0,2300.0,,,,,,
Alicia Koplowitz,Koplowitz,alicia-koplowitz,alicia-koplowitz,5.799,"Construction, investments",Finance & Investments,F,Spain,1777596602658,,,2253.516,1848.0,1848.0,72.0,https://specials-images.forbesimg.com/imageserve/66fc122ebc26dbb877a81e72/416x416.jpg?background=000000&cropX1=4&cropX2=2477&cropY1=0&cropY2=2472,1867.0,1834.0,2300.0,,,,,,
Heikki Kyostila,Kyostila,heikki-kyostila,no-pic,0.0,Dental products,Healthcare,M,Finland,1777596602658,,,2294.606,1818.0,1818.0,80.0,//specials-images.forbesimg.com/imageserve/58c70b80a7ea431f321b0d52/416x416.jpg?background=000000&cropX1=0&cropX2=744&cropY1=48&cropY2=792,1868.0,1834.0,2300.0,,,,,,
Joe Lacob,Lacob,joe-lacob,no-pic,0.0,Golden State Warriors,Sports,M,United States,1777596602658,CA,California,2344.0,1776.0,1776.0,70.0,//specials-images.forbesimg.com/imageserve/5e88d486b0a4e4000746bf35/416x416.jpg?background=000000&cropX1=0&cropX2=2000&cropY1=73&cropY2=2074,1869.0,1834.0,2300.0,,,,,,
Paul Lee,Lee,paul-lee-1,no-pic,-51.402,Battery separators,Manufacturing,M,United States,1777596602658,,,2975.273,1411.0,1411.0,68.0,,1870.0,1834.0,2300.0,,,,,,
Edwin Leong,Leong,edwin-leong,edwin-leong,0.0,Real estate,Real Estate,M,Hong Kong,1777596602658,,,2274.38,1835.0,1835.0,74.0,https://specials-images.forbesimg.com/imageserve/63efe67dd6f4d7a45fafaaf0/416x416.jpg?background=000000&cropX1=67&cropX2=852&cropY1=36&cropY2=821,1871.0,1834.0,2300.0,,,,,,
Li Jianquan,Li,li-jianquan,no-pic,2.38,Consumer products,Healthcare,M,Hong Kong,1777596602659,,,2069.74,2011.0,2011.0,69.0,,1872.0,1834.0,2300.0,,,,,,
Daniel Lubetzky,Lubetzky,daniel-lubetzky,no-pic,0.0,Snack bars,Food & Beverage,M,United States,1777596602658,NY,New York,2324.0,1799.0,1799.0,57.0,//specials-images.forbesimg.com/imageserve/5b4e6215a7ea434a79784539/416x416.jpg?background=000000&cropX1=454&cropX2=3463&cropY1=505&cropY2=3511,1873.0,1834.0,2300.0,,,,,,
Ami Luttwak,Luttwak,ami-luttwak,no-pic,0.0,Security startup,Technology,M,Israel,1777596602658,,,2280.0,1828.0,1828.0,42.0,,1874.0,1834.0,2300.0,,,,,,
Igor Makarov,Makarov,igor-makarov,igor-makarov,0.451,Investments,Energy,M,Cyprus,1777596602658,FL,Florida,2379.772,1751.0,1751.0,64.0,//specials-images.forbesimg.com/imageserve/5e777e1c10380d0006fbbe25/416x416.jpg?background=000000&cropX1=457&cropX2=2451&cropY1=16&cropY2=2008,1875.0,1834.0,2300.0,,,,,,
Bill Malhotra,Malhotra,bill-malhotra,no-pic,0.0,Real estate,Real Estate,M,Canada,1777596602658,,,2331.414,1791.0,1791.0,76.0,https://specials-images.forbesimg.com/imageserve/60664c552c01d690bf3ddff7/416x416.jpg?background=000000&cropX1=0&cropX2=1500&cropY1=93&cropY2=1593,1876.0,1834.0,2300.0,,,,,,
Mao Geping,Mao,mao-geping,no-pic,-4.269,Cosmetics,Fashion & Retail,M,China,1777596602658,,,2159.356,1936.0,1936.0,62.0,https://specials-images.forbesimg.com/imageserve/67e4704dda16e80cfb973d48/416x416.jpg?background=000000&cropX1=9&cropX2=970&cropY1=191&cropY2=1153,1877.0,1834.0,2300.0,,,,,,
Carlos March Delgado,March Delgado,carlos-march-delgado,no-pic,0.0,Banking,Finance & Investments,M,Spain,1777596602658,,,2312.404,1804.0,1804.0,80.0,,1878.0,1834.0,2300.0,,,,,,
Rubens Menin Teixeira de Souza,Menin Teixeira de Souza,rubens-menin-teixeira-de-souza,no-pic,20.11,"home building, banking",Diversified,M,Brazil,1777596602659,,,2075.223,2004.0,2004.0,70.0,//specials-images.forbesimg.com/imageserve/5e7438db07adf00006db9f90/416x416.jpg?background=000000&cropX1=183&cropX2=2793&cropY1=46&cropY2=2656,1879.0,1834.0,2300.0,,,,,,
Hisao Nagata,Nagata,hisao-nagata,no-pic,-66.596,Retail,Fashion & Retail,M,Japan,1777596602659,,,1873.353,2206.0,2206.0,69.0,https://specials-images.forbesimg.com/imageserve/683dd6ca91a0174946bfafe6/416x416.jpg?background=000000&cropX1=0&cropX2=800&cropY1=0&cropY2=800,1880.0,1834.0,2300.0,,,,,,
Natacha Nikolajevic,Nikolajevic,natacha-nikolajevic,no-pic-female,31.176,Inherited,Diversified,F,France,1777596602658,,,2174.018,1926.0,1926.0,59.0,https://specials-images.forbesimg.com/imageserve/6619821fcac082760af8982b/416x416.jpg?background=000000&cropX1=468&cropX2=900&cropY1=61&cropY2=493,1881.0,1834.0,2300.0,,,,,,
Ajay Parekh,Parekh,ajay-parekh,no-pic,-19.346,Adhesives,Manufacturing,M,India,1777596602659,,,2020.732,2057.0,2057.0,68.0,,1882.0,1834.0,2300.0,,,,,,
Narendrakumar Parekh,Parekh,narendrakumar-parekh,no-pic,-18.193,Adhesives,Manufacturing,M,India,1777596602659,,,2023.279,2055.0,2055.0,88.0,,1883.0,1834.0,2300.0,,,,,,
Tom Persson,Persson,tom-persson,tom-persson,-6.615,H&M,Fashion & Retail,M,Sweden,1777596602659,,,1939.9,2147.0,2147.0,41.0,//specials-images.forbesimg.com/imageserve/d4e25dcb718d51f70610dc7f77137d50/416x416.jpg?background=000000&cropX1=0&cropX2=744&cropY1=105&cropY2=849,1884.0,1834.0,2300.0,,,,,,
Alexander Ponomarenko,Ponomarenko,alexander-ponomarenko,alexander-ponomarenko,0.0,"Real estate, airport",Logistics,M,Russia,1777596602658,,,2307.829,1806.0,1806.0,61.0,https://specials-images.forbesimg.com/imageserve/622a54de1e5943247e7a7528/416x416.jpg?background=000000&cropX1=137&cropX2=1557&cropY1=0&cropY2=1419,1885.0,1834.0,2300.0,,,,,,
Matthew Pritzker,Pritzker,matthew-pritzker,no-pic,0.0,"Hotels, investments",Diversified,M,United States,1777596602658,IL,Illinois,2280.45,1827.0,1827.0,43.0,https://specials-images.forbesimg.com/imageserve/661d634ba9caa98bf15ee4da/416x416.jpg?background=000000&cropX1=0&cropX2=2275&cropY1=39&cropY2=2315,1886.0,1834.0,2300.0,,,,,,
Jupally Rameshwar Rao,Rameshwar Rao,jupally-rameshwar-rao,no-pic,0.0,Real estate,Real Estate,M,India,1777596602658,,,2214.83,1885.0,1885.0,70.0,,1887.0,1834.0,2300.0,,,,,,
Assaf Rappaport,Rappaport,assaf-rappaport,no-pic,0.0,Security startup,Technology,M,Israel,1777596602658,NY,New York,2280.0,1828.0,1829.0,42.0,https://specials-images.forbesimg.com/imageserve/6620047a9d81f2e69ff7a78b/416x416.jpg?background=000000&cropX1=1694&cropX2=2819&cropY1=71&cropY2=1196,1888.0,1834.0,2300.0,,,,,,
Jerry Reinsdorf,Reinsdorf,jerry-reinsdorf,jerry-reinsdorf,0.0,Sports teams,Sports,M,United States,1777596602658,IL,Illinois,2290.0,1819.0,1819.0,90.0,https://specials-images.forbesimg.com/imageserve/60381da7b017abb1996a3b92/416x416.jpg?background=000000&cropX1=859&cropX2=1988&cropY1=107&cropY2=1235,1889.0,1834.0,2300.0,,,,,,
Roy Reznik,Reznik,roy-reznik,no-pic,0.0,Security startup,Technology,M,Israel,1777596602658,,,2280.0,1828.0,1830.0,37.0,,1890.0,1834.0,2300.0,,,,,,
Christopher Rokos,Rokos,christopher-rokos,no-pic,0.0,Hedge fund,Finance & Investments,M,United Kingdom,1777596602658,,,2285.0,1824.0,1824.0,55.0,,1891.0,1834.0,2300.0,"CEO & Founder, Rokos Capital Management",False,,,,
Sheryl Sandberg,Sandberg,sheryl-sandberg,sheryl-sandberg,-72.651,Facebook,Technology,F,United States,1777596602658,CA,California,2382.066,1750.0,1750.0,56.0,https://specials-images.forbesimg.com/imageserve/5f7794e2f96d8cf1ef36a5e7/416x416.jpg?background=000000&cropX1=168&cropX2=1430&cropY1=132&cropY2=1394,1892.0,1834.0,2300.0,,,,,,
Ron Sim,Sim,ron-sim,ron-sim,0.051,Retail,Fashion & Retail,M,Singapore,1777596602658,,,2253.373,1849.0,1849.0,67.0,https://specials-images.forbesimg.com/imageserve/596e819b31358e4463b76550/416x416.jpg?background=000000&cropX1=290&cropX2=1623&cropY1=294&cropY2=1628,1893.0,1834.0,2300.0,,,,,,
Charlotte Soderstrom,Soderstrom,charlotte-soderstrom,no-pic-female,-6.433,H&M,Fashion & Retail,F,Sweden,1777596602659,,,1911.737,2171.0,2171.0,49.0,,1894.0,1834.0,2300.0,,,,,,
Stefan Soloviev,Soloviev,stefan-soloviev,no-pic,0.0,"Real estate, grains",Real Estate,M,United States,1777596602658,FL,Florida,2274.501,1834.0,1834.0,50.0,,1895.0,1834.0,2300.0,,,,,,
Sergei Sudarikov,Sudarikov,sergei-sudarikov,no-pic,0.0,"Finance, development",Finance & Investments,M,Russia,1777596602658,,,2287.057,1821.0,1821.0,54.0,,1896.0,1834.0,2300.0,,,,,,
Kevin Systrom,Systrom,kevin-systrom,no-pic,-50.345,Instagram,Technology,M,United States,1777596602658,CA,California,2302.981,1809.0,1809.0,42.0,https://specials-images.forbesimg.com/imageserve/618e7d3e66df456f8c0f9d01/416x416.jpg?background=000000&cropX1=216&cropX2=2314&cropY1=554&cropY2=2651,1897.0,1834.0,2300.0,"Cofounder, Instagram",False,,,,
Katsumi Tada,Tada,katsumi-tada,katsumi-tada,0.0,Real estate,Real Estate,M,Japan,1777596602658,,,2247.946,1851.0,1851.0,80.0,//specials-images.forbesimg.com/imageserve/10c5ecbe5c4b5ce4febd3e3afc9a5196/416x416.jpg?background=000000&cropX1=0&cropX2=372&cropY1=46&cropY2=418,1898.0,1834.0,2300.0,,,,,,
Jim Thompson,Thompson,jim-thompson,jim-thompson,0.0,Logistics,Logistics,M,Ireland,1777596602658,,,2245.109,1856.0,1856.0,86.0,https://specials-images.forbesimg.com/imageserve/63efec1272d392a076ed2987/416x416.jpg?background=000000&cropX1=537&cropX2=1495&cropY1=77&cropY2=1034,1899.0,1834.0,2300.0,,,,,,
Rita Tong Liu,Tong Liu,rita-tong-liu,no-pic-female,0.0,Real estate,Real Estate,F,Hong Kong,1777596602658,,,2287.287,1820.0,1820.0,77.0,https://specials-images.forbesimg.com/imageserve/60352e99e4589cfcfd71abaa/416x416.jpg?background=000000&cropX1=1334&cropX2=2444&cropY1=126&cropY2=1235,1900.0,1834.0,2300.0,,,,,,
Sunil Vachani,Vachani,sunil-vachani,no-pic,-25.83,Electronics,Manufacturing,M,India,1777596602658,,,2340.746,1778.0,1778.0,57.0,https://specials-images.forbesimg.com/imageserve/603958526b4ff6159350f147/416x416.jpg?background=000000&cropX1=145&cropX2=1097&cropY1=199&cropY2=1151,1901.0,1834.0,2300.0,,,,,,
Tibor Veres,Veres,tibor-veres,no-pic,-2.276,"Real Estate, Investments",Diversified,M,Hungary,1777596602658,,,2298.519,1813.0,1813.0,64.0,,1902.0,1834.0,2300.0,,,,,,
Todd Wagner,Wagner,todd-wagner,todd-wagner,0.0,Online media,Media & Entertainment,M,United States,1777596602658,TX,Texas,2330.734,1792.0,1792.0,65.0,//specials-images.forbesimg.com/imageserve/5a8f0d5c4bbe6f0fa82646b3/416x416.jpg?background=000000&cropX1=0&cropX2=1997&cropY1=133&cropY2=2130,1903.0,1834.0,2300.0,,,,,,
Wei Ing-Chou,Wei,wei-ing-chou,wei-ing-chou,-37.743,"Food, beverages",Food & Beverage,M,Taiwan,1777596602658,,,2271.764,1838.0,1838.0,72.0,//specials-images.forbesimg.com/imageserve/5c7247d5a7ea431000435306/416x416.jpg?background=000000&cropX1=1071&cropX2=2428&cropY1=54&cropY2=1411,1904.0,1834.0,2300.0,,,,,,
Wei Yin-Chun,Wei,wei-yin-chun,wei-yin-chun,-37.743,"Food, beverages",Food & Beverage,M,Taiwan,1777596602658,,,2271.764,1838.0,1839.0,69.0,//specials-images.forbesimg.com/imageserve/5c72483c4bbe6f51818abb48/416x416.jpg?background=000000&cropX1=39&cropX2=2225&cropY1=252&cropY2=2439,1905.0,1834.0,2300.0,,,,,,
Wei Yin-Heng,Wei,wei-yin-heng,wei-yin-heng,-37.743,"Food, beverages",Food & Beverage,M,Taiwan,1777596602658,,,2271.764,1838.0,1840.0,67.0,//specials-images.forbesimg.com/imageserve/5c7d5afc4bbe6f5e1846588e/416x416.jpg?background=000000&cropX1=421&cropX2=724&cropY1=157&cropY2=460,1906.0,1834.0,2300.0,,,,,,
Wei Ying-Chiao,Wei,wei-ying-chiao,wei-ying-chiao,-37.743,"Food, beverages",Food & Beverage,M,Taiwan,1777596602658,,,2271.764,1838.0,1841.0,71.0,//specials-images.forbesimg.com/imageserve/5c72489331358e35dd2700e7/416x416.jpg?background=000000&cropX1=18&cropX2=2702&cropY1=30&cropY2=2716,1907.0,1834.0,2300.0,,,,,,
Steven Witkoff,Witkoff,steven-witkoff,no-pic,0.0,Real estate,Real Estate,M,United States,1777596602658,FL,Florida,2319.382,1801.0,1801.0,69.0,,1908.0,1834.0,2300.0,,,,,,
Xu Shugen,Xu,xu-shugen,no-pic,-106.978,"Construction, mining machinery",Manufacturing,M,China,1777596602658,,,2145.541,1949.0,1949.0,60.0,,1909.0,1834.0,2300.0,,,,,,
Yang Qiumei,Yang,yang-qiumei,no-pic-female,-8.812,Software,Technology,F,Hong Kong,1777596602659,,,1744.828,2358.0,2358.0,61.0,https://specials-images.forbesimg.com/imageserve/67be4ce805f99bf2b01e75e8/416x416.jpg?background=000000&cropX1=422&cropX2=1594&cropY1=129&cropY2=1302,1910.0,1834.0,2300.0,,,,,,
Ales Zavoral,Zavoral,ales-zavoral,no-pic,0.0,E-commerce,Fashion & Retail,M,Czech Republic,1777596602658,,,2221.956,1877.0,1877.0,49.0,,1911.0,1834.0,2300.0,,,,,,
Zhou Jian,Zhou,zhou-jian-3,no-pic,138.299,Solar energy equipment,Energy,M,China,1777596602659,,,1853.159,2234.0,2234.0,49.0,,1912.0,1834.0,2300.0,,,,,,
Abdullah Al Othaim,Al Othaim,abdullah-al-othaim,no-pic,-1.716,"Grocery stores, malls",Fashion & Retail,M,Saudi Arabia,1777596602658,,,2235.459,1864.0,1864.0,69.0,https://specials-images.forbesimg.com/imageserve/67eebd8a282bc5a5c4376022/416x416.jpg?background=000000&cropX1=5&cropX2=1408&cropY1=39&cropY2=1442,1913.0,1913.0,2200.0,,,,,,
John Armitage,Armitage,john-armitage,no-pic,0.0,Hedge funds,Finance & Investments,M,Ireland,1777596602658,,,2189.0,1914.0,1914.0,66.0,//specials-images.forbesimg.com/imageserve/5c70c20631358e35dd26ec94/416x416.jpg?background=000000&cropX1=314&cropX2=1628&cropY1=1224&cropY2=2537,1914.0,1913.0,2200.0,Egerton Capital,False,,,,
Prem Kumar Arora,Arora,prem-kumar-arora,no-pic,-7.128,Pharmaceuticals,Healthcare,M,India,1777596602658,,,2144.589,1950.0,1950.0,87.0,,1915.0,1913.0,2200.0,,,,,,
Aneel Bhusri,Bhusri,aneel-bhusri,aneel-bhusri,-0.256,Business software,Technology,M,United States,1777596602659,CA,California,2105.705,1973.0,1973.0,60.0,//specials-images.forbesimg.com/imageserve/5d8b3ba422254b0008e16ba6/416x416.jpg?background=000000&cropX1=1821&cropX2=2361&cropY1=455&cropY2=995,1916.0,1913.0,2200.0,"CEO and Cofounder, Workday",False,,,,
Alex Birkenstock,Birkenstock,alex-birkenstock,no-pic,0.0,Shoes,Fashion & Retail,M,Germany,1777596602659,,,2140.105,1952.0,1952.0,57.0,,1917.0,1913.0,2200.0,,,,,,
Alexandra Burt,Burt,alexandra-burt,no-pic-female,0.0,Mining,Metals & Mining,F,Australia,1777596602658,,,2187.429,1915.0,1915.0,52.0,,1918.0,1913.0,2200.0,,,,,,
Chen Jinxia,Chen,chen-jinxia,no-pic-female,-0.483,Investments,Finance & Investments,F,China,1777596602658,,,2227.034,1873.0,1873.0,58.0,,1919.0,1913.0,2200.0,,,,,,
Chen Shibin,Chen,chen-shibin-1,no-pic,-20.294,Quartz products,Manufacturing,M,China,1777596602658,,,2499.562,1666.0,1666.0,59.0,,1920.0,1913.0,2200.0,,,,,,
Ed Craven,Craven,ed-craven,no-pic,0.0,Online casino,Gambling & Casinos,M,Australia,1777596602658,,,2246.289,1854.0,1854.0,30.0,https://specials-images.forbesimg.com/imageserve/67c5e2e6cfe464115e6aa55f/416x416.jpg?background=000000&cropX1=4&cropX2=664&cropY1=0&cropY2=662,1921.0,1913.0,2200.0,,,,,,
Pantaleo Dell'Orco,Dell'Orco,pantaleo-dellorco,no-pic,3.185,Luxury goods,Fashion & Retail,M,Italy,1777596602659,,,1910.943,2173.0,2173.0,73.0,https://specials-images.forbesimg.com/imageserve/69af2569f43a8508e65d781c/416x416.jpg?background=000000&cropX1=0&cropX2=2585&cropY1=124&cropY2=2710,1922.0,1913.0,2200.0,,,,,,
Dong Jinggui,Dong,dong-jinggui,no-pic,28.57,Electric scooters,Automotive,M,China,1777596602658,,,2329.494,1793.0,1793.0,,,1923.0,1913.0,2200.0,,,,,,
Marek Dospiva,Dospiva,marek-dospiva,no-pic,0.0,Investments,Finance & Investments,M,Czech Republic,1777596602658,,,2148.342,1947.0,1947.0,56.0,//specials-images.forbesimg.com/imageserve/5e758ba710380d0006fba90a/416x416.jpg?background=000000&cropX1=143&cropX2=2381&cropY1=148&cropY2=2385,1924.0,1913.0,2200.0,,,,,,
Du Jinhao,Du,du-jinhao,no-pic,-23.465,pharmaceuticals,Healthcare,M,China,1777596602658,,,2240.06,1861.0,1861.0,72.0,,1925.0,1913.0,2200.0,,,,,,
Vladislav Filev,Filev,vladislav-filev,no-pic,0.0,Airlines,Service,M,Russia,1777596602658,,,2153.122,1943.0,1943.0,62.0,https://specials-images.forbesimg.com/imageserve/6619cd51e48a14a53290f931/416x416.jpg?background=000000&cropX1=4&cropX2=2054&cropY1=193&cropY2=2242,1926.0,1913.0,2200.0,,,,,,
Brendan Foody,Foody,brendan-foody,no-pic,0.0,AI Software,Technology,M,United States,1777596602658,CA,California,2200.0,1899.0,1900.0,23.0,https://specials-images.forbesimg.com/imageserve/69af187f78c94a6112b76679/416x416.jpg?background=000000&cropX1=250&cropX2=641&cropY1=135&cropY2=526,1927.0,1913.0,2200.0,"Cofounder, Mercor",False,,,,
Mario Gabelli,Gabelli,mario-gabelli,mario-gabelli,4.802,Money management,Finance & Investments,M,United States,1777596602658,CT,Connecticut,2175.814,1923.0,1923.0,84.0,//specials-images.forbesimg.com/imageserve/5a8ee00ca7ea43169014191b/416x416.jpg?background=000000&cropX1=1466&cropX2=4449&cropY1=128&cropY2=3109,1928.0,1913.0,2200.0,,,,,,
Gao Xingjiang,Gao,gao-xingjiang-1,no-pic,94.07,Steel,Manufacturing,M,China,1777596602658,,,2790.591,1497.0,1497.0,62.0,,1929.0,1913.0,2200.0,,,,,,
Dennis Gillings,Gillings,dennis-gillings,no-pic,3.454,Clinical trials,Healthcare,M,United Kingdom,1777596602658,NC,North Carolina,2196.867,1906.0,1906.0,82.0,,1930.0,1913.0,2200.0,,,,,,
Noam Gottesman,Gottesman,noam-gottesman,noam-gottesman,1.512,Hedge funds,Finance & Investments,M,United States,1777596602658,NY,New York,2227.578,1872.0,1872.0,64.0,//specials-images.forbesimg.com/imageserve/57e1835731358e16c589bfad/416x416.jpg?background=000000&cropX1=40&cropX2=741&cropY1=11&cropY2=712,1931.0,1913.0,2200.0,"Chief Executive Officer, TOMS Capital",False,,,,
Cynthia Helena Grossman Fleishman,Grossman Fleishman,cynthia-helena-grossman-fleishman,no-pic-female,21.728,Arca Continental,Food & Beverage,F,Mexico,1777596602658,,,2192.449,1912.0,1912.0,71.0,,1932.0,1913.0,2200.0,,,,,,
Irving Grousbeck,Grousbeck,irving-grousbeck,no-pic,0.0,"Telecommunication, sports",Sports,M,United States,1777596602658,CA,California,2229.0,1869.0,1869.0,91.0,,1933.0,1913.0,2200.0,,,,,,
Guo Guangchang,Guo,guo-guangchang,guo-guangchang,-4.895,Diversified,Diversified,M,China,1777596602658,,,2284.44,1825.0,1825.0,59.0,https://specials-images.forbesimg.com/imageserve/5c6e1e8631358e35dd26b182/416x416.jpg?background=000000&cropX1=950&cropX2=4449&cropY1=0&cropY2=3497,1934.0,1913.0,2200.0,,,,,,
Jaroslav Hascak,Hascak,jaroslav-hascak,no-pic,0.0,Investments,Finance & Investments,M,Slovakia,1777596602658,,,2158.872,1937.0,1937.0,56.0,//specials-images.forbesimg.com/imageserve/5e77ab2bd8e1ae0007b73186/416x416.jpg?background=000000&cropX1=1456&cropX2=4652&cropY1=37&cropY2=3234,1935.0,1913.0,2200.0,,,,,,
Ilona Herlin,Herlin,ilona-herlin,no-pic-female,2.297,"Elevators, escalators",Manufacturing,F,Finland,1777596602659,,,2000.296,2084.0,2084.0,61.0,,1936.0,1913.0,2200.0,,,,,,
Brian Hill,Hill,brian-hill,no-pic,58.463,Fashion retailer,Fashion & Retail,M,Canada,1777596602658,,,2536.302,1641.0,1641.0,65.0,https://specials-images.forbesimg.com/imageserve/67e5af4188fe26e63ffbae2b/416x416.jpg?background=000000&cropX1=54&cropX2=1277&cropY1=88&cropY2=1312,1937.0,1913.0,2200.0,,,,,,
Adarsh Hiremath,Hiremath,adarsh-hiremath,no-pic,0.0,AI Software,Technology,M,United States,1777596602658,CA,California,2200.0,1899.0,1899.0,23.0,https://specials-images.forbesimg.com/imageserve/69af1764c89a11b2c4005c96/416x416.jpg?background=000000&cropX1=344&cropX2=1370&cropY1=104&cropY2=1130,1938.0,1913.0,2200.0,"Cofounder, Mercor",False,,,,
Archie Hwang,Hwang,archie-hwang,no-pic,0.637,Semiconductors,Technology,M,Singapore,1777596602659,,,2118.998,1962.0,1962.0,73.0,https://specials-images.forbesimg.com/imageserve/63a0c5f419ae5f47238ceb2f/416x416.jpg?background=000000&cropX1=9&cropX2=1333&cropY1=57&cropY2=1380,1939.0,1913.0,2200.0,,,,,,
Hiroshi Ishibashi,Ishibashi,hiroshi-ishibashi,hiroshi-ishibashi,-55.947,Tires,Automotive,M,Japan,1777596602659,,,1852.112,2236.0,2236.0,79.0,//specials-images.forbesimg.com/imageserve/551ad26fe4b0ffa93fd26764/416x416.jpg?background=000000&cropX1=0&cropX2=744&cropY1=48&cropY2=792,1940.0,1913.0,2200.0,,,,,,
Kishore Jain,Jain,kishore-jain,no-pic,0.0,Jewellery,Fashion & Retail,M,India,1777596602659,,,2125.555,1958.0,1958.0,62.0,,1941.0,1913.0,2200.0,,,,,,
Kim Nam-goo,Kim,kim-nam-goo,kim-nam-goo,-70.221,Korea Investment Holdings,Finance & Investments,M,South Korea,1777596602659,,,2024.3,2054.0,2054.0,62.0,https://specials-images.forbesimg.com/imageserve/60b12d15eb3de5f136564f27/416x416.jpg?background=000000&cropX1=0&cropX2=383&cropY1=0&cropY2=383,1942.0,1913.0,2200.0,,,,,,
Koh Wee Meng,Koh,koh-wee-meng,koh-wee-meng,0.016,"Real estate, hotels",Real Estate,M,Singapore,1777596602658,,,2150.988,1944.0,1944.0,62.0,//specials-images.forbesimg.com/imageserve/5c71f05231358e35dd26fbac/416x416.jpg?background=000000&cropX1=1211&cropX2=3741&cropY1=27&cropY2=2555,1943.0,1913.0,2200.0,,,,,,
Mustafa Kucuk,Kucuk,mustafa-kucuk,no-pic,0.0,Fashion retail,Fashion & Retail,M,Turkey,1777596602659,,,2113.412,1964.0,1964.0,62.0,//specials-images.forbesimg.com/imageserve/5a70e937a7ea43169012254c/416x416.jpg?background=000000&cropX1=81&cropX2=946&cropY1=460&cropY2=1325,1944.0,1913.0,2200.0,,,,,,
Kristo Käärmann,Käärmann,kristo-kaarmann,no-pic,33.915,"Payments, banking",Finance & Investments,M,Estonia,1777596602658,,,2641.569,1579.0,1579.0,45.0,https://specials-images.forbesimg.com/imageserve/60edcac7e1fc913cd859d7a9/416x416.jpg?background=000000&cropX1=0&cropX2=1080&cropY1=0&cropY2=1080,1945.0,1913.0,2200.0,"Cofounder, Wise",False,,,,
Marc Lasry,Lasry,marc-lasry,marc-lasry,0.0,Hedge funds,Finance & Investments,M,United States,1777596602658,NY,New York,2174.553,1925.0,1925.0,65.0,//specials-images.forbesimg.com/imageserve/56d1c883e4b0c144a7f66626/416x416.jpg?background=000000&cropX1=126&cropX2=588&cropY1=5&cropY2=467,1946.0,1913.0,2200.0,"Founder, Avenue Capital Group",False,,,,
Manfredi Lefebvre d'Ovidio,Lefebvre d'Ovidio,manfredi-lefebvre-dovidio,no-pic,30.42,Cruises,Service,M,Italy,1777596602659,,,2058.562,2024.0,2024.0,73.0,//specials-images.forbesimg.com/imageserve/5e76d6bbd8e1ae0007b72611/416x416.jpg?background=000000&cropX1=335&cropX2=1658&cropY1=243&cropY2=1566,1947.0,1913.0,2200.0,,,,,,
Solomon Lew,Lew,solomon-lew,solomon-lew,-14.956,Retail,Fashion & Retail,M,Australia,1777596602659,,,2094.965,1989.0,1989.0,81.0,https://specials-images.forbesimg.com/imageserve/65ca4b951563f99326c2d869/416x416.jpg?background=000000&cropX1=280&cropX2=914&cropY1=20&cropY2=654,1948.0,1913.0,2200.0,,,,,,
Liang Rubo,Liang,liang-rubo-1,no-pic,0.0,TikTok,Technology,M,China,1777596602658,,,2200.0,1899.0,1901.0,43.0,,1949.0,1913.0,2200.0,,,,,,
Juan March Delgado,March Delgado,juan-march-delgado,no-pic,0.0,Banking,Finance & Investments,M,Spain,1777596602658,,,2209.08,1891.0,1891.0,86.0,,1950.0,1913.0,2200.0,,,,,,
Pawel Marchewka,Marchewka,pawel-marchewka,no-pic,0.0,Videogames,Technology,M,Poland,1777596602658,,,2211.37,1889.0,1889.0,53.0,,1951.0,1913.0,2200.0,,,,,,
Howard Marks,Marks,howard-marks,howard-marks,0.923,Private equity,Finance & Investments,M,United States,1777596602658,NY,New York,2217.363,1882.0,1882.0,80.0,//specials-images.forbesimg.com/imageserve/5d8b3d536de3150009a50c7d/416x416.jpg?background=000000&cropX1=960&cropX2=2829&cropY1=0&cropY2=1867,1952.0,1913.0,2200.0,"Chairman, Oaktree Capital Group LLC",False,,,,
Constantinos Martinos,Martinos,constantinos-martinos,no-pic,0.0,Shipping,Logistics,M,Greece,1777596602658,,,2245.228,1855.0,1855.0,73.0,,1953.0,1913.0,2200.0,,,,,,
Surya Midha,Midha,surya-midha,no-pic,0.0,AI Software,Technology,M,United States,1777596602658,CA,California,2200.0,1899.0,1902.0,22.0,https://specials-images.forbesimg.com/imageserve/69af1cf72fbd9d979a24e49a/416x416.jpg?background=000000&cropX1=131&cropX2=402&cropY1=76&cropY2=347,1954.0,1913.0,2200.0,"Cofounder, Mercor",False,,,,
Jerry Moyes,Moyes,jerry-moyes,no-pic,8.587,Transportation,Logistics,M,United States,1777596602658,AZ,Arizona,2193.882,1910.0,1910.0,82.0,//specials-images.forbesimg.com/imageserve/5a90819c31358e79a28a1d46/416x416.jpg?background=000000&cropX1=717&cropX2=2028&cropY1=135&cropY2=1446,1955.0,1913.0,2200.0,,,,,,
Kabir Mulchandani,Mulchandani,kabir-mulchandani,no-pic,0.0,Real estate,Real Estate,M,India,1777596602658,,,2154.224,1941.0,1941.0,53.0,https://specials-images.forbesimg.com/imageserve/660c1d095b429341ce80a3e8/416x416.jpg?background=000000&cropX1=631&cropX2=1408&cropY1=1017&cropY2=1794,1956.0,1913.0,2200.0,,,,,,
Doug Ostrover,Ostrover,doug-ostrover,no-pic,66.454,Private equity,Finance & Investments,M,United States,1777596602658,CT,Connecticut,2185.748,1917.0,1917.0,63.0,https://specials-images.forbesimg.com/imageserve/660c23d4628fc596095284d2/416x416.jpg?background=000000&cropX1=191&cropX2=1402&cropY1=123&cropY2=1334,1957.0,1913.0,2200.0,,,,,,
Benjamin Otto,Otto,benjamin-otto,no-pic,0.0,Retail,Fashion & Retail,M,Germany,1777596602658,,,2225.342,1875.0,1875.0,50.0,,1958.0,1913.0,2200.0,,,,,,
Dragos Paval,Paval,dragos-paval,no-pic,0.0,Retail,Fashion & Retail,M,Romania,1777596602658,,,2173.862,1928.0,1928.0,59.0,,1959.0,1913.0,2200.0,,,,,,
Peng Hao,Peng,peng-hao,no-pic,150.193,electronics,Manufacturing,M,China,1777596602658,,,2585.976,1609.0,1609.0,58.0,,1960.0,1913.0,2200.0,,,,,,
Linda Pritzker,Pritzker,linda-pritzker,linda-pritzker,0.0,"Hotels, investments",Service,F,United States,1777596602658,MT,Montana,2184.2,1918.0,1918.0,72.0,//specials-images.forbesimg.com/imageserve/28dbf303ade0c2929ed7f04b8da8d7f4/416x416.jpg?background=000000&cropX1=0&cropX2=744&cropY1=0&cropY2=744,1961.0,1913.0,2200.0,,,,,,
Ren Jinsheng,Ren,ren-jinsheng,no-pic,-13.076,Pharmaceutical,Healthcare,M,China,1777596602659,,,2139.755,1953.0,1953.0,63.0,,1962.0,1913.0,2200.0,,,,,,
Mochtar Riady,Riady,mochtar-riady,mochtar-riady,-47.533,Diversified,Diversified,M,Indonesia,1777596602659,,,1891.415,2188.0,2188.0,96.0,//specials-images.forbesimg.com/imageserve/5de28ddfea103f000653be8a/416x416.jpg?background=000000&cropX1=194&cropX2=2387&cropY1=228&cropY2=2421,1963.0,1913.0,2200.0,,,,,,
Larry Robbins,Robbins,larry-robbins,larry-robbins,0.0,Hedge funds,Finance & Investments,M,United States,1777596602658,NJ,New Jersey,2164.0,1934.0,1934.0,56.0,//specials-images.forbesimg.com/imageserve/5ba66430a7ea434e4c696d0a/416x416.jpg?background=000000&cropX1=989&cropX2=2423&cropY1=457&cropY2=1892,1964.0,1913.0,2200.0,"Founder, Glenview Capital Management",False,,,,
Ruan Hongliang,Ruan,ruan-hongliang,no-pic,-28.657,Glass,Manufacturing,M,China,1777596602659,,,1819.754,2263.0,2263.0,65.0,https://specials-images.forbesimg.com/imageserve/6050f48ca1ab099ed6e290cc/416x416.jpg?background=000000&cropX1=0&cropX2=800&cropY1=0&cropY2=800,1965.0,1913.0,2200.0,,,,,,
Vasily Shikin,Shikin,vasily-shikin,no-pic,12.483,Advertising technology,Technology,M,United States,1777596602658,CA,California,2216.285,1883.0,1883.0,41.0,,1966.0,1913.0,2200.0,,,,,,
Jerry Speyer,Speyer,jerry-speyer,jerry-speyer,0.0,Real estate,Real Estate,M,United States,1777596602658,NY,New York,2219.312,1880.0,1880.0,85.0,//specials-images.forbesimg.com/imageserve/5d8ad7d222254b0008e164f9/416x416.jpg?background=000000&cropX1=162&cropX2=745&cropY1=78&cropY2=661,1967.0,1913.0,2200.0,,,,,,
Evan Spiegel,Spiegel,evan-spiegel,evan-spiegel,13.953,Snapchat,Technology,M,United States,1777596602658,CA,California,2334.049,1787.0,1787.0,35.0,//specials-images.forbesimg.com/imageserve/5d2e2895513b72000715c4c9/416x416.jpg?background=000000&cropX1=0&cropX2=2666&cropY1=340&cropY2=3006,1968.0,1913.0,2200.0,"Cofounder, Snap",False,,,,
Petter Stordalen,Stordalen,petter-stordalen,petter-stordalen,0.0,Hotels,Service,M,Norway,1777596602658,,,2179.894,1920.0,1920.0,63.0,//specials-images.forbesimg.com/imageserve/5e7703cbd8e1ae0007b7288a/416x416.jpg?background=000000&cropX1=142&cropX2=2997&cropY1=83&cropY2=2936,1969.0,1913.0,2200.0,,,,,,
Sergei Studennikov,Studennikov,sergei-studennikov,no-pic,0.0,"Liquor stores, supermarkets",Fashion & Retail,M,Russia,1777596602658,,,2230.23,1868.0,1868.0,59.0,,1970.0,1913.0,2200.0,,,,,,
Bijan Tehrani,Tehrani,bijan-tehrani,no-pic,0.0,Online casino,Gambling & Casinos,M,United States,1777596602658,,,2195.719,1907.0,1907.0,32.0,https://specials-images.forbesimg.com/imageserve/67c5e282e49260cafd9d8519/416x416.jpg?background=000000&cropX1=0&cropX2=658&cropY1=0&cropY2=658,1971.0,1913.0,2200.0,,,,,,
Wichai Thongtang,Thongtang,wichai-thongtang,wichai-thongtang,-2.127,"Healthcare, Investments",Finance & Investments,M,Thailand,1777596602659,,,2007.807,2071.0,2071.0,79.0,https://specials-images.forbesimg.com/imageserve/60d9f1892014462fc79cb54d/416x416.jpg?background=000000&cropX1=0&cropX2=844&cropY1=0&cropY2=844,1972.0,1913.0,2200.0,,,,,,
Laurie Tisch,Tisch,laurie-tisch,no-pic-female,1.684,"Loews, New York Giants",Diversified,F,United States,1777596602658,NY,New York,2199.478,1904.0,1904.0,75.0,,1973.0,1913.0,2200.0,,,,,,
Steven Tisch,Tisch,steven-tisch,no-pic,1.684,"Loews, New York Giants",Diversified,M,United States,1777596602658,CA,California,2199.478,1904.0,1905.0,77.0,,1974.0,1913.0,2200.0,,,,,,
Wilma Tisch,Tisch,wilma-tisch,wilma-tisch,16.285,Loews,Diversified,F,United States,1777596602658,NY,New York,2191.88,1913.0,1913.0,98.0,//specials-images.forbesimg.com/imageserve/56ce3338e4b062f6b59a807a/416x416.jpg?background=000000&cropX1=0&cropX2=744&cropY1=97&cropY2=841,1975.0,1913.0,2200.0,,,,,,
Bruce Toll,Toll,bruce-toll,no-pic,2.547,Homebuilding,Real Estate,M,United States,1777596602658,FL,Florida,2158.752,1938.0,1938.0,83.0,,1976.0,1913.0,2200.0,,,,,,
Jitendra Virwani,Virwani,jitendra-virwani,jitendra-virwani,-0.874,Real estate,Real Estate,M,India,1777596602659,,,1974.995,2115.0,2115.0,60.0,https://specials-images.forbesimg.com/imageserve/6345d924439e23240cde06a9/416x416.jpg?background=000000&cropX1=2847&cropX2=4833&cropY1=878&cropY2=2863,1977.0,1913.0,2200.0,,,,,,
Gordon Wu,Wu,gordon-wu,gordon-wu,0.0,Real estate,Real Estate,M,Hong Kong,1777596602658,,,2214.906,1884.0,1884.0,90.0,https://specials-images.forbesimg.com/imageserve/69824a951a1f38c442eba48f/416x416.jpg?background=000000&cropX1=1000&cropX2=3074&cropY1=377&cropY2=2450,1978.0,1913.0,2200.0,,,,,,
Xu Chuanhua,Xu,xu-chuanhua,no-pic,11.918,"Chemicals, logistics",Manufacturing,M,China,1777596602659,,,1972.342,2120.0,2120.0,91.0,,1979.0,1913.0,2200.0,"Founder, Transfar Group",False,,,,
Vlad Yatsenko,Yatsenko,vlad-yatsenko,no-pic,0.0,fintech,Finance & Investments,M,Ukraine,1777596602658,,,2200.0,1899.0,1903.0,42.0,,1980.0,1913.0,2200.0,,,,,,
Clayton Zekelman,Zekelman,clayton-zekelman,no-pic,0.0,Steel,Manufacturing,M,Canada,1777596602658,,,2242.0,1859.0,1859.0,57.0,,1981.0,1913.0,2200.0,,,,,,
Ibrahim Al Muhaidib,Al Muhaidib,ibrahim-al-muhaidib,no-pic,0.0,"Real estate, investments",Real Estate,M,Saudi Arabia,1777596602658,,,2146.068,1948.0,1948.0,39.0,https://specials-images.forbesimg.com/imageserve/69b093f1365b72fddb662ffc/416x416.jpg?background=000000&cropX1=0&cropX2=889&cropY1=135&cropY2=1024,1982.0,1982.0,2100.0,,,,,,
"Herbert Allen, Jr.",Allen,herbert-allen-jr,herbert-allen-jr,-1.459,Investment banking,Finance & Investments,M,United States,1777596602659,NY,New York,2063.515,2021.0,2021.0,86.0,//specials-images.forbesimg.com/imageserve/56d0d6d0e4b0c144a7f65d76/416x416.jpg?background=000000&cropX1=34&cropX2=675&cropY1=15&cropY2=656,1983.0,1982.0,2100.0,,,,,,
An Kang,An,an-kang,an-kang,-14.488,Pharmaceuticals,Healthcare,M,China,1777596602659,,,1996.186,2093.0,2093.0,77.0,https://specials-images.forbesimg.com/imageserve/603e8f5d4a2df75cef4fb25a/416x416.jpg?background=000000&cropX1=0&cropX2=800&cropY1=0&cropY2=800,1984.0,1982.0,2100.0,,,,,,
Vasily Anisimov,Anisimov,vasily-anisimov,vasily-anisimov,0.0,Real estate,Metals & Mining,M,Croatia,1777596602659,,,2125.0,1959.0,1959.0,74.0,//specials-images.forbesimg.com/imageserve/5e778fc9c7b02d000666d8ea/416x416.jpg?background=000000&cropX1=15&cropX2=2408&cropY1=80&cropY2=2475,1985.0,1982.0,2100.0,,,,,,
Manuel Arango Arias,Arango Arias,manuel-arango-arias,no-pic,0.0,Walmart Mexico,Fashion & Retail,M,Mexico,1777596602659,,,2104.0,1977.0,1977.0,90.0,,1986.0,1982.0,2100.0,,,,,,
Mehmet Ali Aydinlar,Aydinlar,mehmet-ali-aydinlar,mehmet-ali-aydinlar,1.304,Hospitals,Healthcare,M,Turkey,1777596602659,,,2006.047,2074.0,2074.0,69.0,//specials-images.forbesimg.com/imageserve/5e77e1f010380d0006fbc836/416x416.jpg?background=000000&cropX1=157&cropX2=1201&cropY1=35&cropY2=1080,1987.0,1982.0,2100.0,,,,,,
Leonie Baldock,Baldock,leonie-baldock,no-pic-female,0.0,Mining,Metals & Mining,F,Australia,1777596602659,,,2106.661,1972.0,1972.0,54.0,,1988.0,1982.0,2100.0,,,,,,
Guilherme Benchimol,Benchimol,guilherme-benchimol-1,no-pic,53.194,financial services,Finance & Investments,M,Brazil,1777596602659,,,1976.655,2113.0,2113.0,49.0,//specials-images.forbesimg.com/imageserve/5e74281a10380d0006bdac5e/416x416.jpg?background=000000&cropX1=394&cropX2=2816&cropY1=0&cropY2=2421,1989.0,1982.0,2100.0,,,,,,
John Bloor,Bloor,john-bloor,no-pic,0.0,"Real estate, manufacturing",Diversified,M,United Kingdom,1777596602659,,,2104.451,1976.0,1976.0,82.0,,1990.0,1982.0,2100.0,,,,,,
Bernhard Braun-Luedicke,Braun-Luedicke,bernhard-braun-luedicke,no-pic,0.0,Medical technology,Healthcare,M,Germany,1777596602659,,,2066.222,2017.0,2017.0,49.0,,1991.0,1982.0,2100.0,,,,,,
Eva Maria Braun-Luedicke,Braun-Luedicke,eva-maria-braun-luedicke,no-pic-female,0.0,Medical technology,Healthcare,F,Germany,1777596602659,,,2066.222,2017.0,2018.0,39.0,,1992.0,1982.0,2100.0,,,,,,
Friederike Braun-Luedicke,Braun-Luedicke,friederike-braun-luedicke,no-pic-female,0.0,Medical technology,Healthcare,F,Germany,1777596602659,,,2066.222,2017.0,2019.0,42.0,,1993.0,1982.0,2100.0,,,,,,
Paolo Bulgari,Bulgari,paolo-bulgari,paolo-bulgari,1.889,Luxury goods,Fashion & Retail,M,Italy,1777596602659,,,2064.995,2020.0,2020.0,88.0,//specials-images.forbesimg.com/imageserve/589faa694bbe6f0e55868f1c/416x416.jpg?background=000000&cropX1=184&cropX2=694&cropY1=56&cropY2=567,1994.0,1982.0,2100.0,,,,,,
Anthony Casalena,Casalena,anthony-casalena,no-pic,0.0,Software,Technology,M,United States,1777596602659,MD,Maryland,2102.0,1979.0,1979.0,44.0,https://specials-images.forbesimg.com/imageserve/6245cd7da7f40c120d1e176f/416x416.jpg?background=000000&cropX1=999&cropX2=1993&cropY1=56&cropY2=1050,1995.0,1982.0,2100.0,,,,,,
Chang Jianming,Chang,chang-jianming,no-pic,27.922,Industrial equipment,Manufacturing,M,China,1777596602659,,,1849.704,2240.0,2240.0,61.0,,1996.0,1982.0,2100.0,,,,,,
Binod Chaudhary,Chaudhary,binod-chaudhary,binod-chaudhary,0.0,Diversified,Diversified,M,Nepal,1777596602659,,,2072.374,2008.0,2008.0,71.0,//specials-images.forbesimg.com/imageserve/5e76fc47c7b02d000666d3f6/416x416.jpg?background=000000&cropX1=1134&cropX2=4052&cropY1=350&cropY2=3265,1997.0,1982.0,2100.0,,,,,,
Chen Xuehua,Chen,chen-xuehua,no-pic,-41.073,Minerals processing,Metals & Mining,M,China,1777596602659,,,1658.997,2453.0,2453.0,65.0,,1998.0,1982.0,2100.0,,,,,,
Larry Connor,Connor,larry-connor,no-pic,0.0,Real estate,Real Estate,M,United States,1777596602659,OH,Ohio,2087.939,1995.0,1995.0,76.0,https://specials-images.forbesimg.com/imageserve/66205c00a4c2391da518ea57/416x416.jpg?background=000000&cropX1=504&cropX2=1092&cropY1=779&cropY2=1368,1999.0,1982.0,2100.0,,,,,,
Mark Coombs,Coombs,mark-coombs,no-pic,11.441,Finance,Finance & Investments,M,United Kingdom,1777596602659,,,1998.048,2090.0,2090.0,65.0,,2000.0,1982.0,2100.0,,,,,,
Sandor Csanyi,Csanyi,sandor-csanyi,no-pic,-2.194,"Finance, real estate",Diversified,M,Hungary,1777596602658,,,2195.263,1908.0,1908.0,73.0,//specials-images.forbesimg.com/imageserve/5e76584ed8e1ae0007b71fac/416x416.jpg?background=000000&cropX1=329&cropX2=1774&cropY1=0&cropY2=1444,2001.0,1982.0,2100.0,,,,,,
Ishay Davidi,Davidi,ishay-davidi,no-pic,0.0,Private Equity,Finance & Investments,M,Israel,1777596602659,,,2105.55,1974.0,1974.0,64.0,https://specials-images.forbesimg.com/imageserve/699bb2aabaff938f034135e1/416x416.jpg?background=000000&cropX1=0&cropX2=5492&cropY1=8&cropY2=5500,2002.0,1982.0,2100.0,,,,,,
Mohammed Dewji,Dewji,mohammed-dewji,mohammed-dewji,0.0,Diversified,Diversified,M,Tanzania,1777596602659,,,2094.002,1991.0,1991.0,50.0,//specials-images.forbesimg.com/imageserve/5e77dd8710380d0006fbc7d0/416x416.jpg?background=000000&cropX1=2412&cropX2=4183&cropY1=331&cropY2=2103,2003.0,1982.0,2100.0,,,,,,
Elisabeth Douglas,Douglas,elisabeth-douglas,no-pic-female,11.336,Investments,Diversified,F,Sweden,1777596602659,,,1854.517,2233.0,2233.0,84.0,,2004.0,1982.0,2100.0,,,,,,
Robert Fisher,Fisher,robert-fisher,robert-fisher,12.306,Gap,Fashion & Retail,M,United States,1777596602659,CA,California,1967.294,2123.0,2123.0,72.0,//specials-images.forbesimg.com/imageserve/5a8ee5d44bbe6f2652f636d5/416x416.jpg?background=000000&cropX1=560&cropX2=1285&cropY1=288&cropY2=1013,2005.0,1982.0,2100.0,,,,,,
Richard Fortin,Fortin,richard-fortin,no-pic,103.958,Convinience stores,Fashion & Retail,M,Canada,1777596602659,,,2035.558,2043.0,2043.0,77.0,,2006.0,1982.0,2100.0,,,,,,
Serge Godin,Godin,serge-godin,serge-godin,-15.546,Information technology,Technology,M,Canada,1777596602659,,,1929.412,2154.0,2154.0,76.0,//specials-images.forbesimg.com/imageserve/5e7449c710380d0006bdad6d/416x416.jpg?background=000000&cropX1=1360&cropX2=5075&cropY1=0&cropY2=3712,2007.0,1982.0,2100.0,,,,,,
Roberto Hernandez Ramirez,Hernandez Ramirez,roberto-hernandez-ramirez,roberto-hernandez-ramirez,1.852,"Banking, investments",Finance & Investments,M,Mexico,1777596602658,,,2221.335,1879.0,1879.0,84.0,//specials-images.forbesimg.com/imageserve/5e76f83c10380d0006fbb96f/416x416.jpg?background=000000&cropX1=495&cropX2=1411&cropY1=178&cropY2=1093,2008.0,1982.0,2100.0,,,,,,
Johnny Ho,Ho,johnny-ho,no-pic,0.0,Artificial Intelligence,Technology,M,United States,1777596602659,NY,New York,2100.0,1980.0,1984.0,,,2009.0,1982.0,2100.0,,,,,,
Nicholas Howley,Howley,nicholas-howley,no-pic,10.655,Aerospace,Manufacturing,M,United States,1777596602659,FL,Florida,1965.634,2127.0,2127.0,64.0,,2010.0,1982.0,2100.0,,,,,,
"B. Wayne Hughes, Jr.",Hughes,b-wayne-hughes-jr,no-pic,42.343,Storage facilities,Real Estate,M,United States,1777596602659,WY,Wyoming,2110.909,1967.0,1967.0,66.0,,2011.0,1982.0,2100.0,,,,,,
Ji Wei,Ji,ji-wei,no-pic,45.392,Energy metering equipment,Manufacturing,M,China,1777596602659,,,2017.5,2059.0,2059.0,69.0,,2012.0,1982.0,2100.0,,,,,,
Robin Khuda,Khuda,robin-khuda,no-pic,0.0,data centers,Technology,M,Australia,1777596602659,,,2090.195,1993.0,1993.0,46.0,https://specials-images.forbesimg.com/imageserve/698b4a6cf0a30a0d865ab97e/416x416.jpg?background=000000&cropX1=0&cropX2=1322&cropY1=0&cropY2=1322,2013.0,1982.0,2100.0,,,,,,
Andy Konwinski,Konwinski,andy-konwinski,no-pic,0.0,Artificial Intelligence,Technology,M,United States,1777596602659,CA,California,2100.0,1980.0,1980.0,42.0,,2014.0,1982.0,2100.0,,,,,,
Hemendra Kothari,Kothari,hemendra-kothari,hemendra-kothari,0.0,Financial services,Finance & Investments,M,India,1777596602659,,,1973.901,2119.0,2119.0,79.0,//specials-images.forbesimg.com/imageserve/5e768c51d8e1ae0007b72302/416x416.jpg?background=000000&cropX1=630&cropX2=2155&cropY1=277&cropY2=1804,2015.0,1982.0,2100.0,,,,,,
Dominika Kulczyk,Kulczyk,dominika-kulczyk,no-pic-female,11.716,Diversified,Finance & Investments,F,Poland,1777596602659,,,2051.329,2028.0,2028.0,48.0,https://specials-images.forbesimg.com/imageserve/642b3599641e50b0dfdeb16e/416x416.jpg?background=000000&cropX1=729&cropX2=1209&cropY1=1132&cropY2=1612,2016.0,1982.0,2100.0,,,,,,
Manuel Lao Hernández,Lao Hernández,manuel-lao-hernandez,no-pic,12.66,Casinos,Gambling & Casinos,M,Spain,1777596602659,,,2094.498,1990.0,1990.0,81.0,//specials-images.forbesimg.com/imageserve/5e5d77047a0098000734b918/416x416.jpg?background=000000&cropX1=124&cropX2=1175&cropY1=61&cropY2=1112,2017.0,1982.0,2100.0,,,,,,
Angela Leong,Leong,angela-leong,angela-leong,-2.796,Casinos,Real Estate,F,Hong Kong,1777596602659,,,2052.829,2027.0,2027.0,65.0,https://specials-images.forbesimg.com/imageserve/65d4da61867f3919dc283be2/416x416.jpg?background=000000&cropX1=122&cropX2=582&cropY1=46&cropY2=507,2018.0,1982.0,2100.0,,,,,,
Li Qiong,Li,li-qiong,no-pic-female,-40.586,online games,Media & Entertainment,F,China,1777596602659,,,1767.193,2323.0,2323.0,48.0,,2019.0,1982.0,2100.0,,,,,,
John Liew,Liew,john-liew,no-pic,0.0,investment management,Finance & Investments,M,United States,1777596602659,CT,Connecticut,2138.8,1954.0,1954.0,58.0,//specials-images.forbesimg.com/imageserve/58c1a0f131358e1a35acb5df/416x416.jpg?background=000000&cropX1=0&cropX2=744&cropY1=29&cropY2=773,2020.0,1982.0,2100.0,,,,,,
Athanasios Martinos,Martinos,athanasios-martinos,no-pic,0.0,"Shipping, real estate",Logistics,M,Greece,1777596602659,,,2112.952,1965.0,1965.0,76.0,,2021.0,1982.0,2100.0,,,,,,
Strive Masiyiwa,Masiyiwa,strive-masiyiwa,strive-masiyiwa,0.0,Telecom,Telecom,M,Zimbabwe,1777596602658,,,2167.511,1930.0,1930.0,65.0,//specials-images.forbesimg.com/imageserve/5e78006dd8e1ae0007b73941/416x416.jpg?background=000000&cropX1=1577&cropX2=3675&cropY1=141&cropY2=2239,2022.0,1982.0,2100.0,,,,,,
Alan Miller,Miller,alan-miller-1,no-pic,2.708,Healthcare services,Healthcare,M,United States,1777596602659,PA,Pennsylvania,1655.135,2454.0,2454.0,88.0,,2023.0,1982.0,2100.0,,,,,,
Simon Nixon,Nixon,simon-nixon,no-pic,0.0,Price comparison website,Technology,M,United Kingdom,1777596602659,,,2128.252,1957.0,1957.0,58.0,//specials-images.forbesimg.com/imageserve/5c727ddca7ea431000435632/416x416.jpg?background=000000&cropX1=280&cropX2=1768&cropY1=695&cropY2=2183,2024.0,1982.0,2100.0,,,,,,
Pham Thuy Hang,Pham,pham-thuy-hang,no-pic-female,3.164,Diversified,Diversified,F,Vietnam,1777596602658,,,2644.564,1575.0,1575.0,51.0,https://specials-images.forbesimg.com/imageserve/69b064245ea38847460e6783/416x416.jpg?background=000000&cropX1=219&cropX2=1228&cropY1=114&cropY2=1123,2025.0,1982.0,2100.0,,,,,,
Alberto Prada,Prada,alberto-prada,no-pic,-31.34,Luxury goods,Fashion & Retail,M,Italy,1777596602659,,,1752.906,2343.0,2343.0,72.0,,2026.0,1982.0,2100.0,,,,,,
Marina Prada,Prada,marina-prada,marina-prada,-31.34,Luxury goods,Fashion & Retail,F,Italy,1777596602659,,,1752.906,2343.0,2344.0,80.0,//specials-images.forbesimg.com/imageserve/5a7f97da31358e4955ad1e5c/416x416.jpg?background=000000&cropX1=131&cropX2=1695&cropY1=72&cropY2=1636,2027.0,1982.0,2100.0,,,,,,
Nicholas Pritzker,Pritzker,nicholas-pritzker,nicholas-pritzker,2.309,"Hotels, investments",Finance & Investments,M,United States,1777596602658,CA,California,2140.701,1951.0,1951.0,82.0,//specials-images.forbesimg.com/imageserve/fff68dcb9c3c68ba93698e62f1fe80ce/416x416.jpg?background=000000&cropX1=5&cropX2=627&cropY1=21&cropY2=643,2028.0,1982.0,2100.0,,,,,,
Liesel Pritzker Simmons,Pritzker Simmons,liesel-pritzker-simmons,no-pic-female,0.0,"Hotels, investments",Diversified,F,United States,1777596602659,MA,Massachusetts,2054.155,2026.0,2026.0,42.0,https://specials-images.forbesimg.com/imageserve/661d8c68dd894e2726ed4176/416x416.jpg?background=000000&cropX1=1755&cropX2=3762&cropY1=444&cropY2=2450,2029.0,1982.0,2100.0,,,,,,
G. Rajendran,Rajendran,g-rajendran,no-pic,0.0,Jewellery,Fashion & Retail,M,India,1777596602659,,,1995.006,2096.0,2096.0,83.0,,2030.0,1982.0,2100.0,,,,,,
P.V. Krishna Reddy,Reddy,pv-krishna-reddy,no-pic,0.0,Infrastructure,Construction & Engineering,M,India,1777596602659,,,1966.583,2126.0,2126.0,56.0,//specials-images.forbesimg.com/imageserve/5c7ff64c31358e35dd282e1b/416x416.jpg?background=000000&cropX1=1714&cropX2=4680&cropY1=514&cropY2=3478,2031.0,1982.0,2100.0,,,,,,
Richard Saghian,Saghian,richard-saghian,no-pic,0.0,Fast fashion,Fashion & Retail,M,United States,1777596602658,CA,California,2149.0,1946.0,1946.0,44.0,https://specials-images.forbesimg.com/imageserve/66e9fcda1083737503583ce6/416x416.jpg?background=000000&cropX1=283&cropX2=1652&cropY1=33&cropY2=1402,2032.0,1982.0,2100.0,,,,,,
Per Sandberg,Sandberg,per-sandberg,no-pic,3.346,Pharmaceuticals,Healthcare,M,Sweden,1777596602659,,,2072.754,2007.0,2007.0,64.0,,2033.0,1982.0,2100.0,,,,,,
Andres Santo Domingo,Santo Domingo,andres-santo-domingo,andres-santo-domingo,43.874,Beer,Food & Beverage,M,United States,1777596602659,NY,New York,2056.527,2025.0,2025.0,47.0,//specials-images.forbesimg.com/imageserve/5d8ac21318444200084e70d8/416x416.jpg?background=000000&cropX1=202&cropX2=1311&cropY1=5&cropY2=1113,2034.0,1982.0,2100.0,,,,,,
Aravind Srinivas,Srinivas,aravind-srinivas,no-pic,0.0,Artificial Intelligence,Technology,M,India,1777596602659,CA,California,2100.0,1980.0,1981.0,31.0,,2035.0,1982.0,2100.0,,,,,,
Bambang Sutantio,Sutantio,bambang-sutantio,no-pic,-133.083,Dairy & consumer products,Food & Beverage,M,Indonesia,1777596602659,,,1732.267,2372.0,2372.0,67.0,https://specials-images.forbesimg.com/imageserve/638e265f8f8c006b8cea2e89/416x416.jpg?background=000000&cropX1=206&cropX2=812&cropY1=14&cropY2=620,2036.0,1982.0,2100.0,,,,,,
Gerda Tschira,Tschira,gerda-tschira,no-pic-female,-1.477,software,Technology,F,Germany,1777596602659,,,1974.373,2116.0,2116.0,82.0,,2037.0,1982.0,2100.0,,,,,,
Harald Tschira,Tschira,harald-tschira,no-pic,-1.477,Software,Technology,M,Germany,1777596602659,,,1974.373,2116.0,2117.0,52.0,,2038.0,1982.0,2100.0,,,,,,
Udo Tschira,Tschira,udo-tschira,no-pic,-1.477,Software,Technology,M,Germany,1777596602659,,,1974.373,2116.0,2118.0,56.0,,2039.0,1982.0,2100.0,,,,,,
Radha Vembu,Vembu,radha-vembu,no-pic-female,0.0,Business software,Technology,F,India,1777596602659,,,2040.634,2032.0,2032.0,53.0,//specials-images.forbesimg.com/imageserve/5e769ffdc7b02d000666d0b8/416x416.jpg?background=000000&cropX1=6&cropX2=450&cropY1=6&cropY2=450,2040.0,1982.0,2100.0,,,,,,
Walter Wang,Wang,walter-wang-1,no-pic,1.009,Manufacturing,Manufacturing,M,United States,1777596602659,CA,California,2107.757,1971.0,1971.0,61.0,https://specials-images.forbesimg.com/imageserve/66fb3b3e4a86e32db74d04eb/416x416.jpg?background=000000&cropX1=397&cropX2=1600&cropY1=0&cropY2=1202,2041.0,1982.0,2100.0,,,,,,
Wang Zhenggen,Wang,wang-zhenggen,no-pic,113.942,Solar power equipment,Technology,M,China,1777596602659,,,1724.575,2382.0,2382.0,54.0,,2042.0,1982.0,2100.0,,,,,,
Wang Zhenhua,Wang,wang-zhenhua,no-pic,10.78,Real estate,Real Estate,M,China,1777596602659,,,2069.389,2012.0,2012.0,64.0,https://specials-images.forbesimg.com/imageserve/5dc0b3455e338c0006623812/416x416.jpg?background=000000&cropX1=462&cropX2=1778&cropY1=613&cropY2=1930,2043.0,1982.0,2100.0,,,,,,
Wee Ee Chao,Wee,wee-ee-chao,no-pic,6.755,Banking,Finance & Investments,M,Singapore,1777596602659,,,2066.555,2015.0,2015.0,70.0,https://specials-images.forbesimg.com/imageserve/661ea10b67a7798609d15d3f/416x416.jpg?background=000000&cropX1=364&cropX2=1799&cropY1=720&cropY2=2153,2044.0,1982.0,2100.0,,,,,,
Drorit Wertheim,Wertheim,drorit-wertheim,no-pic-female,0.0,Coca Cola Israel,Food & Beverage,F,Israel,1777596602658,,,2232.783,1865.0,1865.0,70.0,,2045.0,1982.0,2100.0,,,,,,
Xue Xiangdong,Xue,xue-xiangdong,xue-xiangdong,0.0,Software,Technology,M,China,1777596602659,,,1901.617,2178.0,2178.0,67.0,//specials-images.forbesimg.com/imageserve/5a7d1709a7ea431690130e31/416x416.jpg?background=000000&cropX1=645&cropX2=2738&cropY1=475&cropY2=2570,2046.0,1982.0,2100.0,,,,,,
Denis Yarats,Yarats,denis-yarats,no-pic,0.0,Artificial Intelligence,Technology,M,United States,1777596602659,,,2100.0,1980.0,1982.0,38.0,,2047.0,1982.0,2100.0,,,,,,
Yoon Dae-in,Yoon,yoon-dae-in,no-pic,-148.251,Biotech,Healthcare,M,South Korea,1777596602658,,,2240.987,1860.0,1860.0,76.0,,2048.0,1982.0,2100.0,,,,,,
Zhang Bangxin,Zhang,zhang-bangxin,no-pic,45.999,Education,Service,M,China,1777596602658,,,2239.14,1862.0,1862.0,46.0,//specials-images.forbesimg.com/imageserve/5e79309b10380d0006fbe51f/416x416.jpg?background=000000&cropX1=1043&cropX2=2985&cropY1=104&cropY2=2044,2049.0,1982.0,2100.0,,,,,,
Zhang Yin,Zhang,zhang-yin,no-pic-female,-21.424,Paper manufacturing,Manufacturing,F,China,1777596602659,,,1707.343,2403.0,2403.0,69.0,//specials-images.forbesimg.com/imageserve/5e791e1bd8e1ae0007b75038/416x416.jpg?background=000000&cropX1=901&cropX2=4773&cropY1=28&cropY2=3897,2050.0,1982.0,2100.0,,,,,,
Zhong Ruonong,Zhong,zhong-ruonong,no-pic-female,-3.091,Electronics,Manufacturing,F,China,1777596602659,,,1959.485,2132.0,2132.0,63.0,,2051.0,1982.0,2100.0,,,,,,
John Abele,Abele,john-abele,john-abele,0.0,Healthcare,Healthcare,M,United States,1777596602659,VT,Vermont,2039.0,2037.0,2037.0,89.0,https://specials-images.forbesimg.com/imageserve/594983144bbe6f18d786ce70/416x416.jpg?background=000000&cropX1=0&cropX2=996&cropY1=0&cropY2=997,2052.0,2052.0,2000.0,,,,,,
Abdullah Amer Al Nahdi,Al Nahdi,abdullah-amer-al-nahdi,no-pic,-23.786,Pharmacies,Healthcare,M,Saudi Arabia,1777596602659,,,2071.629,2010.0,2010.0,65.0,,2053.0,2052.0,2000.0,,,,,,
Alberto Alcocer,Alcocer,alberto-alcocer,alberto-alcocer,24.891,Investments,Finance & Investments,M,Spain,1777596602659,,,2084.527,1999.0,1999.0,83.0,//specials-images.forbesimg.com/imageserve/5e77bb6e10380d0006fbc57e/416x416.jpg?background=000000&cropX1=61&cropX2=1246&cropY1=59&cropY2=1245,2054.0,2052.0,2000.0,,,,,,
Roberto Angelini Rossi,Angelini Rossi,roberto-angelini-rossi,roberto-angelini-rossi,11.732,"Forestry, mining",Diversified,M,Chile,1777596602659,,,2017.462,2060.0,2060.0,77.0,//specials-images.forbesimg.com/imageserve/5a67596fa7ea4316901185cf/416x416.jpg?background=000000&cropX1=1582&cropX2=3501&cropY1=204&cropY2=2122,2055.0,2052.0,2000.0,,,,,,
Michael Ashcroft,Ashcroft,michael-ashcroft,michael-ashcroft,0.772,Security,Finance & Investments,M,United Kingdom,1777596602659,,,1998.81,2088.0,2088.0,80.0,//specials-images.forbesimg.com/imageserve/5c72779c31358e35dd2702a8/416x416.jpg?background=000000&cropX1=407&cropX2=2519&cropY1=5&cropY2=2117,2056.0,2052.0,2000.0,,,,,,
Sezai Bacaksiz,Bacaksiz,sezai-bacaksiz,no-pic,0.0,Diversified,Diversified,M,Turkey,1777596602659,,,2097.76,1986.0,1987.0,76.0,//specials-images.forbesimg.com/imageserve/5a70d3e631358e4955ac0a68/416x416.jpg?background=000000&cropX1=117&cropX2=1154&cropY1=325&cropY2=1362,2057.0,2052.0,2000.0,,,,,,
Stéphane Bancel,Bancel,stephane-bancel,no-pic,6.621,"Biotech, vaccines",Healthcare,M,France,1777596602659,MA,Massachusetts,1804.073,2281.0,2281.0,53.0,//specials-images.forbesimg.com/imageserve/5ea8930bc331c8000647d057/416x416.jpg?background=000000&cropX1=1959&cropX2=4539&cropY1=286&cropY2=2863,2058.0,2052.0,2000.0,,,,,,
Ulrike Baro,Baro,ulrike-baro,no-pic-female,61.337,Biopharmaceuticals,Healthcare,F,Germany,1777596602659,,,1783.72,2303.0,2304.0,76.0,,2059.0,2052.0,2000.0,,,,,,
Juan Domingo Beckmann Legorreta,Beckmann Legorreta,juan-domingo-beckmann-legorreta,no-pic,-22.043,Tequila,Food & Beverage,M,Mexico,1777596602659,,,1598.819,2497.0,2497.0,58.0,https://specials-images.forbesimg.com/imageserve/624439ba862ca3a399859094/416x416.jpg?background=000000&cropX1=651&cropX2=1461&cropY1=111&cropY2=921,2060.0,2052.0,2000.0,,,,,,
Keith Bentley,Bentley,keith-bentley,no-pic,-11.635,Software,Technology,M,United States,1777596602659,PA,Pennsylvania,1812.934,2274.0,2274.0,67.0,,2061.0,2052.0,2000.0,,,,,,
Stephane Bonvin,Bonvin,stephane-bonvin,no-pic,6.267,Real estate,Real Estate,M,Switzerland,1777596602659,,,2034.674,2044.0,2044.0,59.0,https://specials-images.forbesimg.com/imageserve/62461ad38c909b2414503f2b/416x416.jpg?background=000000&cropX1=545&cropX2=1466&cropY1=22&cropY2=943,2062.0,2052.0,2000.0,,,,,,
Alex Bouaziz,Bouaziz,alex-bouaziz,no-pic,0.0,HR Software,Technology,M,France,1777596602659,,,2040.0,2033.0,2033.0,33.0,https://specials-images.forbesimg.com/imageserve/69af17dc11e05149224ba1d9/416x416.jpg?background=000000&cropX1=0&cropX2=1558&cropY1=64&cropY2=1622,2063.0,2052.0,2000.0,,,,,,
Daniel Chiu,Chiu,daniel-chiu,no-pic,-8.716,"Oil & gas, education",Energy,M,Hong Kong,1777596602659,,,1908.506,2175.0,2175.0,65.0,//specials-images.forbesimg.com/imageserve/5e3b38098b6cf300071df45c/416x416.jpg?background=000000&cropX1=337&cropX2=1080&cropY1=206&cropY2=950,2064.0,2052.0,2000.0,,,,,,
Gary Chouest,Chouest,gary-chouest,no-pic,0.0,Shipping,Logistics,M,United States,1777596602659,LA,Louisiana,2001.709,2078.0,2078.0,81.0,https://specials-images.forbesimg.com/imageserve/6619c56017ab279595d0a916/416x416.jpg?background=000000&cropX1=47&cropX2=1085&cropY1=84&cropY2=1122,2065.0,2052.0,2000.0,,,,,,
Ron Corio,Corio,ron-corio,no-pic,0.0,Solar,Energy,M,United States,1777596602659,NM,New Mexico,2029.9,2050.0,2050.0,64.0,https://specials-images.forbesimg.com/imageserve/6488d44966df53732fb12f52/416x416.jpg?background=000000&cropX1=0&cropX2=2210&cropY1=239&cropY2=2449,2066.0,2052.0,2000.0,,,,,,
Alberto Cortina,Cortina,alberto-cortina,alberto-cortina,29.16,Investments,Finance & Investments,M,Spain,1777596602659,,,2116.862,1963.0,1963.0,80.0,//specials-images.forbesimg.com/imageserve/5e77bbb210380d0006fbc58b/416x416.jpg?background=000000&cropX1=98&cropX2=1212&cropY1=117&cropY2=1232,2067.0,2052.0,2000.0,,,,,,
Richard Desmond,Desmond,richard-desmond,richard-desmond,0.0,Publishing,Media & Entertainment,M,United Kingdom,1777596602659,,,1984.609,2103.0,2103.0,74.0,//specials-images.forbesimg.com/imageserve/5e77f879d8e1ae0007b73924/416x416.jpg?background=000000&cropX1=1184&cropX2=3287&cropY1=12&cropY2=2117,2068.0,2052.0,2000.0,,,,,,
Diona Teh Li Shian,Diona Teh,diona-teh-li-shian,no-pic-female,-19.15,Banking,Finance & Investments,F,Malaysia,1777596602659,,,1919.964,2159.0,2159.0,,,2069.0,2052.0,2000.0,,,,,,
Sefik Yilmaz Dizdar,Dizdar,sefik-yilmaz-dizdar,no-pic,0.0,Fashion retail,Fashion & Retail,M,Turkey,1777596602659,,,1953.772,2137.0,2137.0,88.0,//specials-images.forbesimg.com/imageserve/58b75117a7ea431f321a6fd6/416x416.jpg?background=000000&cropX1=11&cropX2=697&cropY1=73&cropY2=759,2070.0,2052.0,2000.0,,,,,,
Alfons Doblinger,Doblinger,alfons-doblinger,no-pic,0.0,Real estate,Real Estate,M,Germany,1777596602659,,,1964.432,2129.0,2129.0,82.0,,2071.0,2052.0,2000.0,,,,,,
Tim Draper,Draper,tim-draper,no-pic,0.0,cryptocurrency,Finance & Investments,M,United States,1777596602658,CA,California,2186.719,1916.0,1916.0,67.0,https://specials-images.forbesimg.com/imageserve/6063bf522172f15d4ecc2f01/416x416.jpg?background=000000&cropX1=477&cropX2=1957&cropY1=31&cropY2=1513,2072.0,2052.0,2000.0,,,,,,
Gary Fegel,Fegel,gary-fegel,gary-fegel,0.0,"Commodities, investments",Metals & Mining,M,Switzerland,1777596602659,,,1960.0,2131.0,2131.0,52.0,https://specials-images.forbesimg.com/imageserve/64245c0926c40785bd66de23/416x416.jpg?background=000000&cropX1=0&cropX2=1504&cropY1=48&cropY2=1552,2073.0,2052.0,2000.0,,,,,,
Adam Forste,Forste,adam-forste,no-pic,42.769,Diversified,Diversified,M,United States,1777596602659,WY,Wyoming,1872.304,2212.0,2212.0,48.0,https://specials-images.forbesimg.com/imageserve/67e460f999dcbbcf264903f4/416x416.jpg?background=000000&cropX1=267&cropX2=1741&cropY1=29&cropY2=1502,2074.0,2052.0,2000.0,,,,,,
Christine Franken,Franken & family,christine-franken-family,no-pic-female,61.337,Biopharmaceuticals,Healthcare,F,Germany,1777596602659,,,1783.72,2303.0,2303.0,81.0,,2075.0,2052.0,2000.0,,,,,,
Luiz Frias,Frias,luiz-frias,no-pic,11.36,Media,Media & Entertainment,M,Brazil,1777596602659,,,2038.544,2038.0,2038.0,63.0,//specials-images.forbesimg.com/imageserve/5c6ccc5131358e1c187f1109/416x416.jpg?background=000000&cropX1=69&cropX2=335&cropY1=0&cropY2=266,2076.0,2052.0,2000.0,,,,,,
Gan Zhongru,Gan,gan-zhongru,no-pic,-29.222,Pharmaceuticals,Healthcare,M,China,1777596602659,,,1804.987,2280.0,2280.0,77.0,,2077.0,2052.0,2000.0,,,,,,
Gao Yunfeng,Gao,gao-yunfeng,no-pic,-59.584,Industrial lasers,Manufacturing,M,China,1777596602658,,,2678.904,1561.0,1561.0,59.0,//specials-images.forbesimg.com/imageserve/5a8df770a7ea431690141002/416x416.jpg?background=000000&cropX1=187&cropX2=1715&cropY1=102&cropY2=1630,2078.0,2052.0,2000.0,,,,,,
Philippe Ginestet,Ginestet,philippe-ginestet,no-pic,0.0,Retail stores,Fashion & Retail,M,France,1777596602659,,,1991.333,2098.0,2098.0,72.0,//specials-images.forbesimg.com/imageserve/5e75a50bc7b02d000666c467/416x416.jpg?background=000000&cropX1=718&cropX2=3327&cropY1=673&cropY2=3283,2079.0,2052.0,2000.0,,,,,,
Avram Glazer,Glazer,avram-glazer,no-pic,0.0,"Manchester United, Tampa Bay Buccaneers",Sports,M,United States,1777596602659,FL,Florida,2011.0,2062.0,2062.0,65.0,https://specials-images.forbesimg.com/imageserve/661d53fea2e63c25ca095747/416x416.jpg?background=000000&cropX1=1063&cropX2=2274&cropY1=197&cropY2=1408,2080.0,2052.0,2000.0,,,,,,
Bryan Glazer,Glazer,bryan-glazer,no-pic,0.0,"Manchester United, Tampa Bay Buccaneers",Sports,M,United States,1777596602659,IL,Illinois,2011.0,2062.0,2063.0,61.0,https://specials-images.forbesimg.com/imageserve/661d576d9932f758e8c16037/416x416.jpg?background=000000&cropX1=0&cropX2=2205&cropY1=350&cropY2=2557,2081.0,2052.0,2000.0,,,,,,
Edward Glazer,Glazer,edward-glazer,no-pic,0.0,"Manchester United, Tampa Bay Buccaneers",Sports,M,United States,1777596602659,CA,California,2011.0,2062.0,2065.0,56.0,https://specials-images.forbesimg.com/imageserve/661d58d424fd1f671bf8da01/416x416.jpg?background=000000&cropX1=686&cropX2=1888&cropY1=0&cropY2=1203,2082.0,2052.0,2000.0,,,,,,
Joel Glazer,Glazer,joel-glazer,no-pic,0.0,"Manchester United, Tampa Bay Buccaneers",Sports,M,United States,1777596602659,MD,Maryland,2011.0,2062.0,2066.0,59.0,https://specials-images.forbesimg.com/imageserve/661d5a8a52328d0ba7fb2834/416x416.jpg?background=000000&cropX1=977&cropX2=1801&cropY1=167&cropY2=992,2083.0,2052.0,2000.0,,,,,,
Kevin Glazer,Glazer,kevin-glazer,no-pic,0.0,"Manchester United, Tampa Bay Buccaneers",Sports,M,United States,1777596602659,NY,New York,2011.0,2062.0,2067.0,64.0,https://specials-images.forbesimg.com/imageserve/661d5b9efde3e8630867821b/416x416.jpg?background=000000&cropX1=536&cropX2=1219&cropY1=88&cropY2=771,2084.0,2052.0,2000.0,,,,,,
Darcie Glazer Kassewitz,Glazer Kassewitz,darcie-glazer-kassewitz,no-pic-female,0.0,"Manchester United, Tampa Bay Buccaneers",Sports,F,United States,1777596602659,FL,Florida,2011.0,2062.0,2064.0,57.0,https://specials-images.forbesimg.com/imageserve/661d5d22337529bd460aaa9a/416x416.jpg?background=000000&cropX1=1064&cropX2=1374&cropY1=52&cropY2=362,2085.0,2052.0,2000.0,,,,,,
Christopher Goldsbury,Goldsbury,christopher-goldsbury,christopher-goldsbury,0.0,Salsa,Food & Beverage,M,United States,1777596602659,TX,Texas,1950.591,2141.0,2141.0,83.0,//specials-images.forbesimg.com/imageserve/5a86c7ba4bbe6f2652f5bab3/416x416.jpg?background=000000&cropX1=1270&cropX2=3101&cropY1=106&cropY2=1936,2086.0,2052.0,2000.0,"Chief Executive Officer, Silver Ventures",False,,,,
Jeff T. Green,Green,jeff-t-green,no-pic,-33.257,Digital advertising,Media & Entertainment,M,United States,1777596602659,CA,California,2000.16,2085.0,2085.0,49.0,//specials-images.forbesimg.com/imageserve/5c7441a54bbe6f4bc9ec8e13/416x416.jpg?background=000000&cropX1=899&cropX2=3070&cropY1=236&cropY2=2406,2087.0,2052.0,2000.0,,,,,,
Bill Gross,Gross,bill-gross,bill-gross,0.0,Investments,Finance & Investments,M,United States,1777596602659,CA,California,2009.47,2069.0,2069.0,82.0,//specials-images.forbesimg.com/imageserve/59dd8a2831358e542c0394b0/416x416.jpg?background=000000&cropX1=914&cropX2=3337&cropY1=246&cropY2=2667,2088.0,2052.0,2000.0,"Cofounder and Co-Chief Investment Officer, Pacific Investment Management Company LLC",False,,,,
Saroj Rani Gupta,Gupta,saroj-rani-gupta,no-pic-female,-49.307,Steel tubes,Manufacturing,F,India,1777596602659,,,1640.432,2466.0,2466.0,75.0,,2089.0,2052.0,2000.0,,,,,,
Surjit Kumar Gupta,Gupta,surjit-kumar-gupta,no-pic,-13.634,Electrical equipment,Manufacturing,M,India,1777596602659,,,1717.227,2392.0,2392.0,84.0,//specials-images.forbesimg.com/imageserve/5c709e694bbe6f65d4665b58/416x416.jpg?background=000000&cropX1=3&cropX2=218&cropY1=12&cropY2=227,2090.0,2052.0,2000.0,,,,,,
Han Tao,Han,han-tao,no-pic,-30.285,electronics components,Manufacturing,M,China,1777596602658,,,3171.4,1338.0,1338.0,65.0,,2091.0,2052.0,2000.0,,,,,,
John Hancock,Hancock,john-hancock,no-pic,-0.1,Mining,Metals & Mining,M,Australia,1777596602659,,,1969.84,2122.0,2122.0,50.0,//specials-images.forbesimg.com/imageserve/5a7a58834bbe6f2652f4d5f8/416x416.jpg?background=000000&cropX1=1719&cropX2=3114&cropY1=133&cropY2=1529,2092.0,2052.0,2000.0,,,,,,
"J. Frank Harrison, III.",Harrison,j-frank-harrison-iii,no-pic,31.438,Coca-Cola bottling,Food & Beverage,M,United States,1777596602659,NC,North Carolina,2059.711,2023.0,2023.0,71.0,,2093.0,2052.0,2000.0,,,,,,
Christoph Henkel,Henkel,christoph-henkel,christoph-henkel,0.0,Consumer goods,Fashion & Retail,M,Germany,1777596602659,,,1815.072,2271.0,2271.0,68.0,//specials-images.forbesimg.com/imageserve/5e761fffd8e1ae0007b71988/416x416.jpg?background=000000&cropX1=279&cropX2=2452&cropY1=352&cropY2=2527,2094.0,2052.0,2000.0,,,,,,
Huang Zhenda,Huang,huang-zhenda,huang-zhenda,0.365,Construction,Construction & Engineering,M,China,1777596602659,,,1980.938,2107.0,2107.0,78.0,//specials-images.forbesimg.com/imageserve/102108d15afa7dd7e7a7e1fbcda3d866/416x416.jpg?background=000000&cropX1=129&cropX2=694&cropY1=151&cropY2=717,2095.0,2052.0,2000.0,,,,,,
Clark Hunt,Hunt,clark-hunt,no-pic,0.0,Kansas City Chiefs,Sports,M,United States,1777596602659,TX,Texas,2000.4,2080.0,2080.0,61.0,https://specials-images.forbesimg.com/imageserve/661d91c701acfb003ab1ca7e/416x416.jpg?background=000000&cropX1=559&cropX2=1328&cropY1=58&cropY2=826,2096.0,2052.0,2000.0,,,,,,
Daniel Hunt,Hunt,daniel-hunt,no-pic,0.0,Kansas City Chiefs,Sports,M,United States,1777596602659,TX,Texas,2000.4,2080.0,2081.0,49.0,https://specials-images.forbesimg.com/imageserve/661d93b31a5b89342849be11/416x416.jpg?background=000000&cropX1=979&cropX2=1421&cropY1=37&cropY2=479,2097.0,2052.0,2000.0,,,,,,
"Lamar Hunt, Jr.",Hunt,lamar-hunt-jr,no-pic,0.0,Kansas City Chiefs,Sports,M,United States,1777596602659,KS,Kansas,2000.4,2080.0,2082.0,69.0,https://specials-images.forbesimg.com/imageserve/661d9513f5220cd6ff98887a/416x416.jpg?background=000000&cropX1=578&cropX2=1371&cropY1=68&cropY2=861,2098.0,2052.0,2000.0,,,,,,
Sharron Hunt,Hunt,sharron-hunt,no-pic-female,0.0,Kansas City Chiefs,Sports,F,United States,1777596602659,TX,Texas,2000.4,2080.0,2083.0,68.0,https://specials-images.forbesimg.com/imageserve/661d975bd9a3512140e167b4/416x416.jpg?background=000000&cropX1=279&cropX2=673&cropY1=210&cropY2=603,2099.0,2052.0,2000.0,,,,,,
Joseph 'Pitt'  Reeves Hyde III,Hyde III,joseph-pitt-reeves-hyde-iii,no-pic,0.0,Auto Parts,Automotive,M,United States,1777596602659,TN,Tennessee,2000.0,2086.0,2086.0,83.0,https://specials-images.forbesimg.com/imageserve/69af19981bdc3d7d03aa5804/416x416.jpg?background=000000&cropX1=0&cropX2=2330&cropY1=77&cropY2=2408,2100.0,2052.0,2000.0,,,,,,
Gregg Hymowitz,Hymowitz,gregg-hymowitz,no-pic,0.0,Asset management,Finance & Investments,M,United States,1777596602659,NY,New York,1996.0,2094.0,2094.0,60.0,https://specials-images.forbesimg.com/imageserve/642d772ac7d56fd13e392965/416x416.jpg?background=000000&cropX1=0&cropX2=862&cropY1=196&cropY2=1059,2101.0,2052.0,2000.0,,,,,,
Girdhari Jaisinghani,Jaisinghani,girdhari-jaisinghani,no-pic,-6.967,Cables & wires,Manufacturing,M,India,1777596602659,,,1862.292,2228.0,2228.0,81.0,,2102.0,2052.0,2000.0,,,,,,
David Kabiller,Kabiller,david-kabiller,no-pic,0.0,investment management,Finance & Investments,M,United States,1777596602659,CT,Connecticut,2004.0,2075.0,2075.0,62.0,//specials-images.forbesimg.com/imageserve/58c0780f31358e1a35aca9f4/416x416.jpg?background=000000&cropX1=0&cropX2=744&cropY1=21&cropY2=765,2103.0,2052.0,2000.0,,,,,,
Eugene Kaspersky,Kaspersky,eugene-kaspersky,eugene-kaspersky,0.0,Software,Technology,M,Russia,1777596602659,,,2027.579,2053.0,2053.0,60.0,//specials-images.forbesimg.com/imageserve/5e777c5ed8e1ae0007b72d26/416x416.jpg?background=000000&cropX1=1802&cropX2=4365&cropY1=14&cropY2=2576,2104.0,2052.0,2000.0,,,,,,
Randal J. Kirk,Kirk,randal-j-kirk,no-pic,4.654,Pharmaceuticals,Healthcare,M,United States,1777596602659,FL,Florida,2039.863,2035.0,2035.0,72.0,//specials-images.forbesimg.com/imageserve/5a825b3aa7ea431690135c09/416x416.jpg?background=000000&cropX1=444&cropX2=2978&cropY1=27&cropY2=2561,2105.0,2052.0,2000.0,,,,,,
William Koch,Koch,william-koch,william-koch,0.0,"Oil, investments",Energy,M,United States,1777596602659,FL,Florida,1951.0,2140.0,2140.0,85.0,//specials-images.forbesimg.com/imageserve/5a8eecc84bbe6f2652f637b6/416x416.jpg?background=000000&cropX1=955&cropX2=3256&cropY1=142&cropY2=2442,2106.0,2052.0,2000.0,,,,,,
Koo Bon-sik,Koo,koo-bon-sik,koo-bon-sik,3.672,LG,Technology,M,South Korea,1777596602659,,,1916.212,2167.0,2167.0,67.0,//specials-images.forbesimg.com/imageserve/5d247af934a5c400084ac9fd/416x416.jpg?background=000000&cropX1=3&cropX2=266&cropY1=4&cropY2=267,2107.0,2052.0,2000.0,Heesung,False,,,,
Yuri Kovalchuk,Kovalchuk,yuri-kovalchuk,yuri-kovalchuk,0.0,"Banking, insurance, media",Finance & Investments,M,Russia,1777596602659,,,2036.41,2040.0,2040.0,74.0,//specials-images.forbesimg.com/imageserve/c4c9576de7cabcb986363f5b2963c9e5/416x416.jpg?background=000000&cropX1=126&cropX2=711&cropY1=32&cropY2=617,2108.0,2052.0,2000.0,,,,,,
Raymond Kwok,Kwok,raymond-kwok,no-pic,-39.811,Real estate,Real Estate,M,Hong Kong,1777596602659,,,1888.151,2192.0,2192.0,73.0,//specials-images.forbesimg.com/imageserve/5e7650e110380d0006fbb08c/416x416.jpg?background=000000&cropX1=875&cropX2=2849&cropY1=109&cropY2=2085,2109.0,2052.0,2000.0,,,,,,
Niklas Köhler,Köhler,niklas-kohler,no-pic,0.0,Defense tech,Technology,M,Germany,1777596602659,,,1989.002,2099.0,2100.0,34.0,,2110.0,2052.0,2000.0,,,,,,
Wenaas Lars,Lars,wenaas-lars,no-pic,0.0,hotels,Service,M,Norway,1777596602659,,,2002.637,2077.0,2077.0,75.0,,2111.0,2052.0,2000.0,,,,,,
Lee Chae-yoon,Lee,lee-chae-yoon,no-pic,128.659,Semiconductors,Technology,M,South Korea,1777596602658,,,2177.563,1921.0,1921.0,75.0,https://specials-images.forbesimg.com/imageserve/69dd76ab545cb2351300c938/416x416.jpg?background=000000&cropX1=0&cropX2=800&cropY1=0&cropY2=800,2112.0,2052.0,2000.0,,,,,,
Li Weiguo,Li,li-weiguo,no-pic,-11.507,Construction materials,Manufacturing,M,China,1777596602659,,,1819.747,2264.0,2264.0,61.0,//specials-images.forbesimg.com/imageserve/5a8df8614bbe6f2652f62c5c/416x416.jpg?background=000000&cropX1=19&cropX2=2906&cropY1=905&cropY2=3794,2113.0,2052.0,2000.0,,,,,,
David Lichtenstein,Lichtenstein,david-lichtenstein,david-lichtenstein,0.0,Real estate,Real Estate,M,United States,1777596602659,NY,New York,1996.614,2091.0,2091.0,64.0,//specials-images.forbesimg.com/imageserve/58c07bad4bbe6f0e558835c3/416x416.jpg?background=000000&cropX1=40&cropX2=683&cropY1=19&cropY2=662,2114.0,2052.0,2000.0,,,,,,
Lillian Teh Li Ming,Lillian Teh,lillian-teh-li-ming,no-pic-female,-19.15,Banking,Finance & Investments,F,Malaysia,1777596602659,,,1919.964,2159.0,2160.0,,,2115.0,2052.0,2000.0,,,,,,
Lillyn Teh Li Hua,Lillyn Teh,lillyn-teh-li-hua,no-pic-female,-19.15,Finance,Finance & Investments,F,Malaysia,1777596602659,,,1919.964,2159.0,2161.0,,,2116.0,2052.0,2000.0,,,,,,
Peter Lim,Lim,peter-lim,peter-lim,16.687,Investments,Finance & Investments,M,Singapore,1777596602659,,,1923.138,2157.0,2157.0,72.0,//specials-images.forbesimg.com/imageserve/5e779f66c7b02d000666d9cd/416x416.jpg?background=000000&cropX1=68&cropX2=930&cropY1=74&cropY2=937,2117.0,2052.0,2000.0,,,,,,
Liu Fangyi,Liu,liu-fangyi,no-pic,-7.129,Medical equipment,Healthcare,M,China,1777596602658,,,2608.822,1602.0,1602.0,,https://specials-images.forbesimg.com/imageserve/600703c5b3e81bc7b68e39c5/416x416.jpg?background=000000&cropX1=269&cropX2=852&cropY1=236&cropY2=819,2118.0,2052.0,2000.0,,,,,,
Liu Zhenfeng,Liu,liu-zhenfeng,no-pic,153.475,oilfield equipment,Manufacturing,M,China,1777596602658,,,2316.771,1802.0,1802.0,64.0,,2119.0,2052.0,2000.0,,,,,,
Holger Loclair,Loclair,holger-loclair,no-pic,0.0,Adhesives,Manufacturing,M,Germany,1777596602659,,,1936.352,2149.0,2149.0,75.0,,2120.0,2052.0,2000.0,,,,,,
Luo Yangyong,Luo,luo-yangyong-1,no-pic,-20.6,Mining,Metals & Mining,M,China,1777596602659,,,1538.81,2580.0,2580.0,50.0,,2121.0,2052.0,2000.0,,,,,,
Melissa Ma,Ma,melissa-ma-1,no-pic-female,67.675,Internet search,Technology,F,China,1777596602659,,,2001.658,2079.0,2079.0,,//specials-images.forbesimg.com/imageserve/5c6e95c04bbe6f2fbddc4d4d/416x416.jpg?background=000000&cropX1=992&cropX2=4080&cropY1=0&cropY2=3085,2122.0,2052.0,2000.0,,,,,,
Edir Macedo,Macedo,edir-macedo,edir-macedo,0.0,broadcasting,Media & Entertainment,M,Brazil,1777596602659,GA,Georgia,2030.52,2048.0,2048.0,81.0,,2123.0,2052.0,2000.0,,,,,,
Kevin Marchetti,Marchetti,kevin-marchetti,no-pic,42.769,Diversified,Diversified,M,United States,1777596602659,CA,California,1872.304,2212.0,2213.0,48.0,https://specials-images.forbesimg.com/imageserve/67e46214250040afade2f455/416x416.jpg?background=000000&cropX1=357&cropX2=1512&cropY1=0&cropY2=1154,2124.0,2052.0,2000.0,,,,,,
Carsten Maschmeyer,Maschmeyer,carsten-maschmeyer,no-pic,10.302,Finance services,Finance & Investments,M,Germany,1777596602659,,,2010.598,2068.0,2068.0,66.0,,2125.0,2052.0,2000.0,,,,,,
Meng Qingshan,Meng,meng-qingshan,no-pic,-13.884,Chemicals,Manufacturing,M,China,1777596602659,,,1750.167,2347.0,2347.0,77.0,,2126.0,2052.0,2000.0,,,,,,
Robert Miller,Miller,robert-miller,robert-miller,0.0,Retail,Fashion & Retail,M,United Kingdom,1777596602659,,,1984.054,2105.0,2105.0,92.0,//specials-images.forbesimg.com/imageserve/5e77f8f7c7b02d000666e220/416x416.jpg?background=000000&cropX1=934&cropX2=3406&cropY1=441&cropY2=2915,2127.0,2052.0,2000.0,,,,,,
Pawan Munjal,Munjal,pawan-munjal-1,no-pic,-2.814,Motorcycles,Automotive,M,India,1777596602659,,,1811.673,2275.0,2275.0,71.0,https://specials-images.forbesimg.com/imageserve/68e6ae18f550c61f07275a9c/416x416.jpg?background=000000&cropX1=441&cropX2=2230&cropY1=0&cropY2=1788,2128.0,2052.0,2000.0,,,,,,
Renu Munjal,Munjal,renu-munjal,no-pic-female,-2.65,Motorcycles,Automotive,F,India,1777596602659,,,1730.343,2374.0,2374.0,71.0,,2129.0,2052.0,2000.0,,,,,,
Suman Munjal,Munjal,suman-munjal,no-pic,-2.664,Motorcycles,Automotive,M,India,1777596602659,,,1737.356,2361.0,2361.0,73.0,,2130.0,2052.0,2000.0,,,,,,
Toby Neugebauer,Neugebauer,toby-neugebauer,no-pic,,"Energy, data centers",Real Estate,M,United States,1773096356752,TX,Texas,,,,54.0,,2131.0,2052.0,2000.0,,,,,,
Scott Nuttall,Nuttall,scott-nuttall,no-pic,101.111,Private equity,Finance & Investments,M,United States,1777596602658,NY,New York,2339.029,1780.0,1780.0,53.0,https://specials-images.forbesimg.com/imageserve/61966d280698c531342f4fd4/416x416.jpg?background=000000&cropX1=366&cropX2=2617&cropY1=97&cropY2=2347,2132.0,2052.0,2000.0,,,,,,
Melchior Oeri,Oeri,melchior-oeri,no-pic,14.346,Pharmaceuticals,Healthcare,M,Switzerland,1777596602659,,,1673.324,2437.0,2437.0,32.0,,2133.0,2052.0,2000.0,,,,,,
Alfred Oetker,Oetker,alfred-oetker,alfred-oetker,0.0,Consumer goods,Fashion & Retail,M,Germany,1777596602659,,,1967.205,2124.0,2124.0,59.0,//specials-images.forbesimg.com/imageserve/5a7e0642a7ea431690131d18/416x416.jpg?background=000000&cropX1=1&cropX2=560&cropY1=74&cropY2=633,2134.0,2052.0,2000.0,,,,,,
Carl Ferdinand Oetker,Oetker,carl-ferdinand-oetker,no-pic,0.0,Consumer goods,Fashion & Retail,M,Germany,1777596602659,,,1967.205,2124.0,2125.0,53.0,//specials-images.forbesimg.com/imageserve/5a7e0dda31358e4955ad0e11/416x416.jpg?background=000000&cropX1=886&cropX2=3401&cropY1=293&cropY2=2806,2135.0,2052.0,2000.0,,,,,,
Stephen Orenstein,Orenstein,stephen-orenstein,no-pic,0.0,Supply chain services,Diversified,M,United States,1777596602659,,,2030.331,2049.0,2049.0,62.0,,2136.0,2052.0,2000.0,,,,,,
Nihat Ozdemir,Ozdemir,nihat-ozdemir,nihat-ozdemir,0.0,Diversified,Diversified,M,Turkey,1777596602659,,,2097.76,1986.0,1986.0,76.0,//specials-images.forbesimg.com/imageserve/5e77e30e10380d0006fbc84b/416x416.jpg?background=000000&cropX1=805&cropX2=2976&cropY1=76&cropY2=2246,2137.0,2052.0,2000.0,,,,,,
Husnu Ozyegin,Ozyegin,husnu-ozyegin,husnu-ozyegin,0.0,"finance, diversified",Finance & Investments,M,Turkey,1777596602659,,,1988.94,2102.0,2102.0,81.0,//specials-images.forbesimg.com/imageserve/5e77e1a8d8e1ae0007b7386e/416x416.jpg?background=000000&cropX1=1035&cropX2=2696&cropY1=135&cropY2=1797,2138.0,2052.0,2000.0,,,,,,
Geoffrey Palmer,Palmer,geoffrey-palmer,no-pic,0.0,Real estate,Real Estate,M,United States,1777596602659,CA,California,1952.451,2138.0,2138.0,75.0,,2139.0,2052.0,2000.0,,,,,,
Mrudula Parekh,Parekh,mrudula-parekh,no-pic-female,-16.279,Adhesives,Manufacturing,F,India,1777596602659,,,1760.504,2331.0,2331.0,78.0,,2140.0,2052.0,2000.0,,,,,,
Park Dong-suk,Park,park-dong-suk,no-pic,511.425,Electrical equipment,Manufacturing,M,South Korea,1777596602658,,,3049.693,1386.0,1386.0,64.0,,2141.0,2052.0,2000.0,,,,,,
Vikram Punia,Punia,vikram-punia,no-pic,0.0,Pharmaceuticals,Healthcare,M,Russia,1777596602659,,,2029.651,2051.0,2051.0,53.0,https://specials-images.forbesimg.com/imageserve/680e5517c98ac88700ad12f4/416x416.jpg?background=000000&cropX1=491&cropX2=1334&cropY1=321&cropY2=1166,2142.0,2052.0,2000.0,,,,,,
Qiu Minxiu,Qiu,qiu-minxiu,no-pic-female,28.283,Semiconductors,Technology,F,China,1777596602659,,,1534.885,2584.0,2584.0,80.0,,2143.0,2052.0,2000.0,,,,,,
P.P. Reddy,Reddy,pp-reddy,no-pic,0.0,Infrastructure,Construction & Engineering,M,India,1777596602659,,,1893.246,2187.0,2187.0,68.0,https://specials-images.forbesimg.com/imageserve/65256cee036eccfff46f61f5/416x416.jpg?background=000000&cropX1=1526&cropX2=2409&cropY1=786&cropY2=1669,2144.0,2052.0,2000.0,,,,,,
Torsten Reil,Reil,torsten-reil,no-pic,0.0,Defense tech,Technology,M,Germany,1777596602659,,,1989.002,2099.0,2101.0,52.0,,2145.0,2052.0,2000.0,,,,,,
Helena Revoredo,Revoredo,helena-revoredo,helena-revoredo,14.199,Security services,Service,F,Spain,1777596602659,,,1845.191,2247.0,2247.0,79.0,//specials-images.forbesimg.com/imageserve/1b841917128c0c838ecfcaa4cbacb3b0/416x416.jpg?background=000000&cropX1=43&cropX2=711&cropY1=44&cropY2=713,2146.0,2052.0,2000.0,,,,,,
Ginia Rinehart,Rinehart,ginia-rinehart,no-pic-female,0.0,Mining,Metals & Mining,F,Australia,1777596602659,,,1956.1,2135.0,2135.0,39.0,//specials-images.forbesimg.com/imageserve/5a7a536931358e4955acc865/416x416.jpg?background=000000&cropX1=1187&cropX2=2359&cropY1=97&cropY2=1269,2147.0,2052.0,2000.0,,,,,,
"Joe Rogers, Jr.",Rogers,joe-rogers-jr,no-pic,0.0,Waffle House,Food & Beverage,M,United States,1777596602659,GA,Georgia,1984.0,2106.0,2106.0,79.0,https://specials-images.forbesimg.com/imageserve/6050f48ca1ab099ed6e290cc/416x416.jpg?background=000000&cropX1=0&cropX2=800&cropY1=0&cropY2=800,2148.0,2052.0,2000.0,,,,,,
Bennett Rosenthal,Rosenthal,bennett-rosenthal,no-pic,60.734,Finance,Finance & Investments,M,United States,1777596602659,CA,California,2003.366,2076.0,2076.0,62.0,https://specials-images.forbesimg.com/imageserve/63e52bf1231cb675e5db7366/416x416.jpg?background=000000&cropX1=574&cropX2=2198&cropY1=231&cropY2=1854,2149.0,2052.0,2000.0,,,,,,
Stephen Rubin,Rubin,stephen-rubin,stephen-rubin,3.569,Sports apparel,Fashion & Retail,M,United Kingdom,1777596602659,,,1733.846,2369.0,2369.0,89.0,//specials-images.forbesimg.com/imageserve/5e77f9ecc7b02d000666e254/416x416.jpg?background=000000&cropX1=351&cropX2=1486&cropY1=999&cropY2=2135,2150.0,2052.0,2000.0,,,,,,
Raj Sardana,Sardana,raj-sardana,no-pic,0.0,Technology services,Technology,M,United States,1777596602659,GA,Georgia,2033.898,2045.0,2045.0,66.0,https://specials-images.forbesimg.com/imageserve/642b267eb88adb6d23bbf2c5/416x416.jpg?background=000000&cropX1=0&cropX2=2400&cropY1=163&cropY2=2563,2151.0,2052.0,2000.0,,,,,,
Gundbert Scherf,Scherf,gundbert-scherf,no-pic,0.0,Defense tech,Technology,M,Germany,1777596602659,,,1989.002,2099.0,2099.0,44.0,,2152.0,2052.0,2000.0,,,,,,
Peter Sperling,Sperling,peter-sperling,peter-sperling,0.0,Education,Service,M,United States,1777596602659,AZ,Arizona,1980.0,2108.0,2109.0,66.0,//specials-images.forbesimg.com/imageserve/91f3da758eeea38c95c76fe1260352d0/416x416.jpg?background=000000&cropX1=0&cropX2=744&cropY1=0&cropY2=744,2153.0,2052.0,2000.0,,,,,,
Taylor Swift,Swift,taylor-swift,taylor-swift,0.0,Music,Media & Entertainment,F,United States,1777596602659,,,2006.5,2073.0,2073.0,36.0,https://specials-images.forbesimg.com/imageserve/646e6affb9a2a85595a62c39/416x416.jpg?background=000000&cropX1=239&cropX2=1812&cropY1=256&cropY2=1830,2154.0,2052.0,2000.0,Musician,False,202.0,,,
Masateru Uno,Uno,masateru-uno,no-pic,-20.413,Drugstores,Fashion & Retail,M,Japan,1777596602659,,,1794.979,2295.0,2295.0,79.0,https://specials-images.forbesimg.com/imageserve/683dc8e5373404948a6df40a/416x416.jpg?background=000000&cropX1=0&cropX2=800&cropY1=0&cropY2=800,2155.0,2052.0,2000.0,,,,,,
John Van Lieshout,Van Lieshout,john-van-lieshout,john-van-lieshout,0.0,Real estate,Real Estate,M,Australia,1777596602659,,,1984.189,2104.0,2104.0,80.0,https://specials-images.forbesimg.com/imageserve/698663896fed9698cfe3810e/416x416.jpg?background=000000&cropX1=41&cropX2=681&cropY1=86&cropY2=725,2156.0,2052.0,2000.0,,,,,,
David Walentas,Walentas,david-walentas,david-walentas,0.0,Real estate,Real Estate,M,United States,1777596602659,NY,New York,2007.328,2072.0,2072.0,87.0,//specials-images.forbesimg.com/imageserve/5d8b11656de3150009a50a5b/416x416.jpg?background=000000&cropX1=486&cropX2=803&cropY1=234&cropY2=551,2157.0,2052.0,2000.0,,,,,,
Shuo Wang,Wang,shuo-wang,no-pic-female,0.0,HR software,Technology,F,United States,1777596602659,WA,Washington,2040.0,2033.0,2034.0,37.0,https://specials-images.forbesimg.com/imageserve/6839de5729b0c5bae12e45e3/416x416.jpg?background=000000&cropX1=492&cropX2=858&cropY1=62&cropY2=428,2158.0,2052.0,2000.0,,,,,,
Tom Werner,Werner,tom-werner-1,no-pic,0.0,Sports teams,Sports,M,United States,1777596602659,CA,California,2036.43,2039.0,2039.0,76.0,https://specials-images.forbesimg.com/imageserve/62448edf1c86e6cb5831a3b8/416x416.jpg?background=000000&cropX1=1150&cropX2=2332&cropY1=69&cropY2=1250,2159.0,2052.0,2000.0,,,,,,
Dan Wilks,Wilks,dan-wilks,dan-wilks,-10.374,Natural gas,Energy,M,United States,1777596602658,TX,Texas,2420.416,1724.0,1724.0,69.0,//specials-images.forbesimg.com/imageserve/8fc970638be98f55b64ae148840cddad/416x416.jpg?background=000000&cropX1=106&cropX2=726&cropY1=48&cropY2=668,2160.0,2052.0,2000.0,,,,,,
William Teh Lee Pang,William Teh,william-teh-lee-pang,no-pic,-19.15,Banking,Finance & Investments,M,Malaysia,1777596602659,,,1919.964,2159.0,2162.0,,,2161.0,2052.0,2000.0,,,,,,
Evan Williams,Williams,evan-williams,evan-williams,0.0,Twitter,Technology,M,United States,1777596602659,CA,California,1952.0,2139.0,2139.0,54.0,//specials-images.forbesimg.com/imageserve/5f442fba6eb909db375d0172/416x416.jpg?background=000000&cropX1=669&cropX2=4226&cropY1=1080&cropY2=4637,2162.0,2052.0,2000.0,"Cofounder and Director, Twitter",False,,,,
Ian Wood,Wood,ian-wood,ian-wood,0.0,Energy services,Energy,M,United Kingdom,1777596602659,,,2020.855,2056.0,2056.0,83.0,//specials-images.forbesimg.com/imageserve/5e77f25dd8e1ae0007b738e5/416x416.jpg?background=000000&cropX1=79&cropX2=978&cropY1=83&cropY2=982,2163.0,2052.0,2000.0,,,,,,
Wu Lanlan,Wu,wu-lanlan,no-pic-female,-41.56,Packaging,Manufacturing,F,China,1777596602658,,,2333.313,1789.0,1789.0,52.0,,2164.0,2052.0,2000.0,,,,,,
Wu Shaoxun,Wu,wu-shaoxun,no-pic,0.0,Wine,Food & Beverage,M,China,1777596602659,,,2028.771,2052.0,2052.0,70.0,https://specials-images.forbesimg.com/imageserve/6050f48ca1ab099ed6e290cc/416x416.jpg?background=000000&cropX1=0&cropX2=800&cropY1=0&cropY2=800,2165.0,2052.0,2000.0,,,,,,
Amy Wyss,Wyss,amy-wyss,amy-wyss,0.0,Medical equipment,Healthcare,F,United States,1777596602659,WY,Wyoming,1979.0,2110.0,2110.0,55.0,//specials-images.forbesimg.com/imageserve/55fb1546e4b0ffa7afe4b467/416x416.jpg?background=000000&cropX1=93&cropX2=632&cropY1=53&cropY2=593,2166.0,2052.0,2000.0,,,,,,
Xu Yingzhuo,Xu,xu-yingzhuo,no-pic,6.045,Agribusiness,Food & Beverage,M,China,1777596602659,,,1871.582,2214.0,2214.0,58.0,,2167.0,2052.0,2000.0,,,,,,
Vadim Yakunin,Yakunin,vadim-yakunin,no-pic,0.0,Pharmacy,Healthcare,M,Russia,1777596602659,,,2036.044,2041.0,2041.0,63.0,//specials-images.forbesimg.com/imageserve/5c71de19a7ea431000434d79/416x416.jpg?background=000000&cropX1=4&cropX2=500&cropY1=12&cropY2=508,2168.0,2052.0,2000.0,,,,,,
Yao Kuizhang,Yao,yao-kuizhang,no-pic,87.242,Beverages,Food & Beverage,M,China,1777596602658,,,2366.253,1762.0,1762.0,61.0,,2169.0,2052.0,2000.0,,,,,,
Gavril Yushvaev,Yushvaev,gavril-yushvaev,gavril-yushvaev,5.282,"Precious metals, real estate",Finance & Investments,M,Russia,1777596602659,,,2039.252,2036.0,2036.0,68.0,//specials-images.forbesimg.com/imageserve/5c71cb414bbe6f24567aed4e/416x416.jpg?background=000000&cropX1=397&cropX2=1325&cropY1=197&cropY2=1125,2170.0,2052.0,2000.0,,,,,,
Michelle Zatlyn,Zatlyn,michelle-zatlyn,no-pic-female,-64.568,Cybersecurity,Technology,F,Canada,1777596602658,CA,California,2338.852,1781.0,1781.0,46.0,https://specials-images.forbesimg.com/imageserve/5bf46dbaa7ea43705917d82b/416x416.jpg?background=000000&cropX1=1167&cropX2=2622&cropY1=164&cropY2=1618,2171.0,2052.0,2000.0,,,,,,
Oren Zeev,Zeev,oren-zeev,no-pic,0.0,Investments,Finance & Investments,M,Israel,1777596602659,CA,California,2000.0,2086.0,2087.0,61.0,https://specials-images.forbesimg.com/imageserve/6231f93c0a4839bc3c162440/416x416.jpg?background=000000&cropX1=596&cropX2=2281&cropY1=43&cropY2=1730,2172.0,2052.0,2000.0,,,,,,
Zhang Jianguo,Zhang,zhang-jianguo-1,no-pic,-63.858,energy,Energy,M,China,1777596602659,,,1848.639,2241.0,2241.0,63.0,,2173.0,2052.0,2000.0,,,,,,
Zhao Ding,Zhao,zhao-ding,no-pic,-58.113,Snacks,Food & Beverage,M,China,1777596602659,,,2085.029,1997.0,1997.0,36.0,,2174.0,2052.0,2000.0,,,,,,
Zhao Tao,Zhao,zhao-tao,zhao-tao,-19.64,Pharmaceuticals,Healthcare,M,Singapore,1777596602659,,,1972.094,2121.0,2121.0,60.0,//specials-images.forbesimg.com/imageserve/5a80f59c4bbe6f2652f543c3/416x416.jpg?background=000000&cropX1=315&cropX2=2923&cropY1=563&cropY2=3172,2175.0,2052.0,2000.0,,,,,,
Zhuang Kuilong,Zhuang,zhuang-kuilong,no-pic,10.245,polyester,Manufacturing,M,China,1777596602659,,,1757.248,2338.0,2338.0,63.0,,2176.0,2052.0,2000.0,,,,,,
Will Adderley,Adderley,will-adderley,no-pic,5.457,Home furnishings,Fashion & Retail,M,United Kingdom,1777596602659,,,1688.453,2420.0,2420.0,54.0,,2177.0,2177.0,1900.0,,,,,,
Noubar Afeyan,Afeyan,noubar-afeyan,no-pic,0.833,Biotech,Healthcare,M,United States,1777596602659,MA,Massachusetts,1887.12,2193.0,2193.0,63.0,https://specials-images.forbesimg.com/imageserve/615b18822324216fa0fe0d69/416x416.jpg?background=000000&cropX1=0&cropX2=1957&cropY1=89&cropY2=2047,2178.0,2177.0,1900.0,,,,,,
Anju Agarwal,Agarwal,anju-agarwal,no-pic-female,0.0,Pharmaceuticals,Healthcare,F,India,1777596602659,,,1822.655,2260.0,2260.0,58.0,,2179.0,2177.0,1900.0,,,,,,
Marc Andreessen,Andreessen,marc-andreessen,marc-andreessen,0.474,Venture capital investing,Finance & Investments,M,United States,1777596602659,CA,California,1889.729,2190.0,2190.0,54.0,//specials-images.forbesimg.com/imageserve/5c9d179331358e79cabff237/416x416.jpg?background=000000&cropX1=531&cropX2=2520&cropY1=9&cropY2=1996,2180.0,2177.0,1900.0,"Founder and General Partner, Andreessen Horowitz",False,,,,
Jose Maria Aristrain,Aristrain,jose-maria-aristrain,no-pic,3.125,Steel,Metals & Mining,M,Spain,1777596602659,,,1806.608,2278.0,2278.0,63.0,//specials-images.forbesimg.com/imageserve/5c72190b31358e35dd26fe49/416x416.jpg?background=000000&cropX1=2&cropX2=414&cropY1=1&cropY2=413,2181.0,2177.0,1900.0,,,,,,
Michael Arougheti,Arougheti,michael-arougheti,no-pic,45.634,Finance,Finance & Investments,M,United States,1777596602659,NY,New York,1908.97,2174.0,2174.0,53.0,https://specials-images.forbesimg.com/imageserve/63ea62a63566dd44e5ffa636/416x416.jpg?background=000000&cropX1=127&cropX2=907&cropY1=146&cropY2=927,2182.0,2177.0,1900.0,,,,,,
Giovanni Arvedi,Arvedi,giovanni-arvedi,no-pic,0.0,Steel,Metals & Mining,M,Italy,1777596602659,,,1874.314,2202.0,2202.0,88.0,,2183.0,2177.0,1900.0,,,,,,
Karim Atiyeh,Atiyeh,karim-atiyeh,no-pic,0.0,Fintech,Finance & Investments,M,United States,1777596602659,FL,Florida,1900.0,2180.0,2183.0,36.0,https://specials-images.forbesimg.com/imageserve/688902e3f4c60f2711a0029e/416x416.jpg?background=000000&cropX1=0&cropX2=800&cropY1=0&cropY2=800,2184.0,2177.0,1900.0,,,,,,
Mark Attanasio,Attanasio,mark-attanasio,no-pic,0.0,Finance,Finance & Investments,M,United States,1777596602659,CA,California,1855.3,2232.0,2232.0,68.0,,2185.0,2177.0,1900.0,,,,,,
Joseph Bae,Bae,joseph-bae,no-pic,92.022,Private equity,Finance & Investments,M,United States,1777596602658,NY,New York,2157.973,1939.0,1939.0,54.0,https://specials-images.forbesimg.com/imageserve/61966ca25030ca16c72f4fd4/416x416.jpg?background=000000&cropX1=463&cropX2=3006&cropY1=126&cropY2=2666,2186.0,2177.0,1900.0,,,,,,
Lesley Bamberger,Bamberger,lesley-bamberger,no-pic,0.0,Real estate,Real Estate,M,Netherlands,1777596602659,,,1914.063,2169.0,2169.0,60.0,//specials-images.forbesimg.com/imageserve/58a380994bbe6f0e5586cf65/416x416.jpg?background=000000&cropX1=129&cropX2=712&cropY1=135&cropY2=718,2187.0,2177.0,1900.0,,,,,,
Banwari Lal Bawri,Bawri,banwari-lal-bawri,no-pic,0.0,Pharmaceuticals,Healthcare,M,India,1777596602659,,,1781.254,2309.0,2309.0,73.0,,2188.0,2177.0,1900.0,,,,,,
Girdhari Lal Bawri,Bawri,girdhari-lal-bawri,no-pic,0.0,Pharmaceuticals,Healthcare,M,India,1777596602659,,,1835.122,2254.0,2254.0,78.0,https://specials-images.forbesimg.com/imageserve/60401fd746275cec21413b67/416x416.jpg?background=000000&cropX1=22&cropX2=1137&cropY1=74&cropY2=1189,2189.0,2177.0,1900.0,,,,,,
Barbara Benetton,Benetton,barbara-benetton,no-pic-female,5.442,"Fashion retail, investments",Fashion & Retail,F,Italy,1777596602659,,,1868.083,2219.0,2219.0,56.0,,2190.0,2177.0,1900.0,,,,,,
Barbara Berlusconi,Berlusconi,barbara-berlusconi,no-pic-female,-4.698,Media,Media & Entertainment,F,Italy,1777596602659,,,1872.609,2208.0,2208.0,41.0,https://specials-images.forbesimg.com/imageserve/661ea86a19aa1e64a86c0116/416x416.jpg?background=000000&cropX1=1116&cropX2=1919&cropY1=131&cropY2=934,2191.0,2177.0,1900.0,,,,,,
Eleonora Berlusconi,Berlusconi,eleonora-berlusconi,no-pic-female,-4.698,Media,Media & Entertainment,F,Italy,1777596602659,,,1872.609,2208.0,2209.0,39.0,https://specials-images.forbesimg.com/imageserve/661eaa83bd773d29dc8723de/416x416.jpg?background=000000&cropX1=783&cropX2=1586&cropY1=198&cropY2=1002,2192.0,2177.0,1900.0,,,,,,
Luigi Berlusconi,Berlusconi,luigi-berlusconi,no-pic,-4.698,Media,Media & Entertainment,M,Italy,1777596602659,,,1872.609,2208.0,2210.0,37.0,https://specials-images.forbesimg.com/imageserve/661eac8be96eaa021112851f/416x416.jpg?background=000000&cropX1=1964&cropX2=3153&cropY1=40&cropY2=1229,2193.0,2177.0,1900.0,,,,,,
Oleg Boyko,Boyko,oleg-boyko,oleg-boyko,0.0,Diversified,Diversified,M,Russia,1777596602659,,,1912.239,2170.0,2170.0,61.0,//specials-images.forbesimg.com/imageserve/5a80ae4a4bbe6f2652f53f2e/416x416.jpg?background=000000&cropX1=312&cropX2=2475&cropY1=11&cropY2=2176,2194.0,2177.0,1900.0,,,,,,
Timothy Boyle,Boyle,timothy-boyle,timothy-boyle,21.242,Columbia Sportswear,Fashion & Retail,M,United States,1777596602659,OR,Oregon,1847.797,2245.0,2245.0,76.0,//specials-images.forbesimg.com/imageserve/5d8b0b1a6de3150009a509e7/416x416.jpg?background=000000&cropX1=814&cropX2=3788&cropY1=334&cropY2=3308,2195.0,2177.0,1900.0,,,,,,
Anand Burman,Burman,anand-burman-1,anand-burman-1,-46.217,Consumer goods,Food & Beverage,M,India,1777596602659,,,1631.803,2473.0,2473.0,73.0,,2196.0,2177.0,1900.0,,,,,,
Rubén Coppel Luken,Coppel Luken,ruben-coppel-luken,no-pic,0.0,Diversified,Fashion & Retail,M,Mexico,1777596602659,,,1862.398,2227.0,2227.0,76.0,,2197.0,2177.0,1900.0,,,,,,
Yigal Dimri,Dimri,yigal-dimri,no-pic,-4.87,Construction,Construction & Engineering,M,Israel,1777596602659,,,1778.32,2311.0,2311.0,70.0,,2198.0,2177.0,1900.0,,,,,,
Thomas Eisert,Eisert,thomas-eisert,no-pic,0.0,Electrical Products,Manufacturing,M,Germany,1777596602659,,,1907.102,2176.0,2176.0,33.0,,2199.0,2177.0,1900.0,,,,,,
Itzhak Ezratti,Ezratti,itzhak-ezratti,no-pic,0.0,Homebuilding,Real Estate,M,United States,1777596602659,FL,Florida,1872.509,2211.0,2211.0,73.0,,2200.0,2177.0,1900.0,,,,,,
Fan Xiulian,Fan,fan-xiulian,no-pic-female,107.454,Pharmaceuticals,Healthcare,F,China,1777596602658,,,2359.719,1769.0,1769.0,62.0,,2201.0,2177.0,1900.0,,,,,,
David Fattal,Fattal,david-fattal,no-pic,4.303,hotels,Service,M,Israel,1777596602658,,,2300.066,1810.0,1810.0,68.0,//specials-images.forbesimg.com/imageserve/5e7b98960f95490006b74f99/416x416.jpg?background=000000&cropX1=163&cropX2=3289&cropY1=2031&cropY2=5160,2202.0,2177.0,1900.0,,,,,,
Bernd Freier,Freier,bernd-freier,bernd-freier,0.0,Fashion retail,Fashion & Retail,M,Germany,1777596602659,,,1773.627,2315.0,2315.0,69.0,//specials-images.forbesimg.com/imageserve/5a7e0cae31358e4955ad0dd1/416x416.jpg?background=000000&cropX1=763&cropX2=2623&cropY1=133&cropY2=1992,2203.0,2177.0,1900.0,,,,,,
Scot French,French,scot-french,no-pic,31.412,Private equity,Finance & Investments,M,United States,1777596602659,FL,Florida,1882.589,2196.0,2197.0,55.0,https://specials-images.forbesimg.com/imageserve/661f08906658bdb0648a701d/416x416.jpg?background=000000&cropX1=1406&cropX2=2726&cropY1=748&cropY2=2067,2204.0,2177.0,1900.0,,,,,,
Yasuhiro Fukushima,Fukushima,yasuhiro-fukushima,yasuhiro-fukushima,-35.871,Video games,Media & Entertainment,M,Japan,1777596602659,,,1814.633,2272.0,2272.0,78.0,//specials-images.forbesimg.com/imageserve/5c70e72c31358e35dd26ee51/416x416.jpg?background=000000&cropX1=60&cropX2=566&cropY1=2&cropY2=508,2205.0,2177.0,1900.0,,,,,,
Giammaria Giuliani,Giuliani,giammaria-giuliani,no-pic,14.946,Pharmaceuticals,Healthcare,M,Switzerland,1777596602659,,,1992.097,2097.0,2097.0,48.0,https://specials-images.forbesimg.com/imageserve/62470f3eae3d060f6feac76b/416x416.jpg?background=000000&cropX1=258&cropX2=1088&cropY1=30&cropY2=860,2206.0,2177.0,1900.0,,,,,,
Eric Glyman,Glyman,eric-glyman,no-pic,0.0,Fintech,Finance & Investments,M,United States,1777596602659,NY,New York,1900.0,2180.0,2181.0,36.0,https://specials-images.forbesimg.com/imageserve/67e592737f4af97e6b52d79a/416x416.jpg?background=000000&cropX1=11&cropX2=1904&cropY1=75&cropY2=1968,2207.0,2177.0,1900.0,,,,,,
John Goff,Goff,john-goff,no-pic,-1.47,Real estate,Real Estate,M,United States,1777596602659,TX,Texas,1906.81,2177.0,2177.0,70.0,//specials-images.forbesimg.com/imageserve/5bbbca304bbe6f67d2e8d975/416x416.jpg?background=000000&cropX1=2398&cropX2=4138&cropY1=1287&cropY2=3028,2208.0,2177.0,1900.0,,,,,,
Sue Gross,Gross,sue-gross,no-pic-female,0.0,Investments,Finance & Investments,F,United States,1777596602659,CA,California,1937.372,2148.0,2148.0,76.0,//specials-images.forbesimg.com/imageserve/5bb38c964bbe6f67d2e84e56/416x416.jpg?background=000000&cropX1=0&cropX2=2751&cropY1=212&cropY2=2965,2209.0,2177.0,1900.0,,,,,,
Anil Gupta,Gupta,anil-gupta,no-pic,-27.478,Cables,Manufacturing,M,India,1777596602659,,,1747.837,2351.0,2351.0,66.0,https://specials-images.forbesimg.com/imageserve/65d764b7cd5ff6ef3954275d/416x416.jpg?background=000000&cropX1=315&cropX2=934&cropY1=20&cropY2=639,2210.0,2177.0,1900.0,,,,,,
Asok Kumar Hiranandani,Hiranandani,asok-kumar-hiranandani,asok-kumar-hiranandani,0.0,Real estate,Real Estate,M,Singapore,1777596602659,,,1914.114,2168.0,2168.0,71.0,https://specials-images.forbesimg.com/imageserve/61115e4fe1be2f8419419c4e/416x416.jpg?background=000000&cropX1=0&cropX2=322&cropY1=254&cropY2=576,2211.0,2177.0,1900.0,,,,,,
Drew Houston,Houston,drew-houston,drew-houston,-2.045,Cloud storage service,Technology,M,United States,1777596602659,CA,California,1853.048,2235.0,2235.0,43.0,https://specials-images.forbesimg.com/imageserve/618e793ad4b8f4524893c0c6/416x416.jpg?background=000000&cropX1=686&cropX2=3354&cropY1=0&cropY2=2667,2212.0,2177.0,1900.0,"CEO, Dropbox",False,,,,
Hu Yangzhong,Hu,hu-yangzhong,no-pic,47.882,Technology,Technology,M,China,1777596602659,,,2015.359,2061.0,2061.0,61.0,,2213.0,2177.0,1900.0,,,,,,
Stanley Hubbard,Hubbard,stanley-hubbard,stanley-hubbard,6.498,DirecTV,Media & Entertainment,M,United States,1777596602659,MN,Minnesota,1843.817,2248.0,2248.0,92.0,https://specials-images.forbesimg.com/imageserve/59de6c0f4bbe6f37dda056b5/416x416.jpg?background=000000&cropX1=163&cropX2=871&cropY1=150&cropY2=858,2214.0,2177.0,1900.0,"Chairman and CEO, Hubbard Broadcasting, Inc.",False,,,,
Hui Wing Mau,Hui,hui-wing-mau,hui-wing-mau,-2.057,Real estate,Real Estate,M,Hong Kong,1777596602659,,,1886.24,2194.0,2194.0,75.0,//specials-images.forbesimg.com/imageserve/5dc054da5e338c0006622d3e/416x416.jpg?background=000000&cropX1=726&cropX2=2516&cropY1=169&cropY2=1959,2215.0,2177.0,1900.0,,,,,,
Peter Jackson,Jackson,peter-jackson,peter-jackson,0.861,"Movies, digital effects",Media & Entertainment,M,New Zealand,1777596602659,,,1898.015,2185.0,2185.0,64.0,https://specials-images.forbesimg.com/imageserve/6244745e2f6e3bb59831a3b8/416x416.jpg?background=000000&cropX1=1343&cropX2=3326&cropY1=29&cropY2=2011,2216.0,2177.0,1900.0,"Director, Film",False,580.0,,,
Conni Jonsson,Jonsson,conni-jonsson,no-pic,-28.572,Asset management,Finance & Investments,M,Sweden,1777596602659,,,1954.584,2136.0,2136.0,65.0,,2217.0,2177.0,1900.0,,,,,,
Cristina Junqueira,Junqueira,cristina-junqueira,no-pic-female,56.76,fintech,Finance & Investments,F,Brazil,1777596602659,,,1867.92,2220.0,2220.0,43.0,https://specials-images.forbesimg.com/imageserve/61ba654f78b47e603201f125/416x416.jpg?background=000000&cropX1=652&cropX2=1942&cropY1=288&cropY2=1579,2218.0,2177.0,1900.0,,,,,,
Zbigniew Juroszek,Juroszek,zbigniew-juroszek,no-pic,1.971,"Real estate, gambling",Diversified,M,Poland,1777596602659,,,1901.27,2179.0,2179.0,63.0,https://specials-images.forbesimg.com/imageserve/606dd027c57d33c71827fbec/416x416.jpg?background=000000&cropX1=1216&cropX2=2021&cropY1=198&cropY2=1003,2219.0,2177.0,1900.0,,,,,,
Kim Kardashian,Kardashian,kim-kardashian,kim-kardashian,0.0,"Shapewear, skincare",Fashion & Retail,F,United States,1777596602659,CA,California,1885.0,2195.0,2195.0,45.0,https://specials-images.forbesimg.com/imageserve/69374c8b4e808d6dd33577cf/416x416.jpg?background=000000&cropX1=198&cropX2=939&cropY1=65&cropY2=807,2220.0,2177.0,1900.0,"Cofounder, Skims",False,,,,
Lai Shixian,Lai,lai-shixian,no-pic,-46.169,Sports apparel,Fashion & Retail,M,China,1777596602659,,,1841.844,2252.0,2252.0,51.0,//specials-images.forbesimg.com/imageserve/5e78ba1b10380d0006fbd127/416x416.jpg?background=000000&cropX1=1383&cropX2=3931&cropY1=23&cropY2=2570,2221.0,2177.0,1900.0,,,,,,
Gene Lee,Lee,gene-lee,no-pic,0.0,Fintech,Finance & Investments,M,United States,1777596602659,NY,New York,1900.0,2180.0,2182.0,35.0,https://specials-images.forbesimg.com/imageserve/67e594ee70f6c620d6f2e256/416x416.jpg?background=000000&cropX1=72&cropX2=1155&cropY1=479&cropY2=1563,2222.0,2177.0,1900.0,,,,,,
Lee Jay-hyun,Lee,lee-jay-hyun,lee-jay-hyun,-23.172,"food products, entertainment",Diversified,M,South Korea,1777596602659,,,1924.467,2156.0,2156.0,66.0,//specials-images.forbesimg.com/imageserve/5e77b5e7c7b02d000666dc31/416x416.jpg?background=000000&cropX1=81&cropX2=1168&cropY1=95&cropY2=1183,2223.0,2177.0,1900.0,CJ Corporation,False,,,,
Yin Yee Lee,Lee,yin-yee-lee,no-pic,-57.121,Glass,Manufacturing,M,China,1777596602659,,,1785.869,2301.0,2301.0,74.0,https://specials-images.forbesimg.com/imageserve/6050f48ca1ab099ed6e290cc/416x416.jpg?background=000000&cropX1=0&cropX2=800&cropY1=0&cropY2=800,2224.0,2177.0,1900.0,,,,,,
James Leininger,Leininger,james-leininger,james-leininger,0.0,Medical products,Healthcare,M,United States,1777596602659,TX,Texas,1852.041,2237.0,2237.0,81.0,//specials-images.forbesimg.com/imageserve/041a945d6f58b58c25ed00c227dde161/416x416.jpg?background=000000&cropX1=35&cropX2=718&cropY1=92&cropY2=775,2225.0,2177.0,1900.0,,,,,,
Li Haiyan,Li,li-haiyan,no-pic-female,-2.488,Restaurants,Food & Beverage,F,China,1777596602659,,,1653.774,2456.0,2456.0,54.0,,2226.0,2177.0,1900.0,,,,,,
Li Jianli,Li,li-jianli,no-pic,-1.82,Battery parts,Manufacturing,M,China,1777596602658,,,2213.469,1887.0,1887.0,53.0,,2227.0,2177.0,1900.0,,,,,,
Li Rucheng,Li,li-rucheng,li-rucheng,38.997,Apparel,Fashion & Retail,M,China,1777596602659,,,1963.719,2130.0,2130.0,74.0,//specials-images.forbesimg.com/imageserve/5a7cca7631358e4955acf926/416x416.jpg?background=000000&cropX1=1354&cropX2=3459&cropY1=5&cropY2=2108,2228.0,2177.0,1900.0,,,,,,
Li Shui-po,Li,li-shui-po,no-pic,63.322,Stainless steel products,Manufacturing,M,Taiwan,1777596602659,,,1732.035,2373.0,2373.0,69.0,,2229.0,2177.0,1900.0,,,,,,
Liang Guangwei,Liang,liang-guangwei,no-pic,74.158,Conglomerate,Manufacturing,M,China,1777596602658,,,2632.385,1587.0,1587.0,62.0,https://specials-images.forbesimg.com/imageserve/6050f48ca1ab099ed6e290cc/416x416.jpg?background=000000&cropX1=0&cropX2=800&cropY1=0&cropY2=800,2230.0,2177.0,1900.0,,,,,,
Lim Kok Thay,Lim,lim-kok-thay,lim-kok-thay,-12.143,Casinos,Gambling & Casinos,M,Malaysia,1777596602659,,,1767.95,2322.0,2322.0,74.0,https://specials-images.forbesimg.com/imageserve/67fd4f4c81732c414f26cade/416x416.jpg?background=000000&cropX1=0&cropX2=832&cropY1=59&cropY2=892,2231.0,2177.0,1900.0,,,,,,
Scott Lin,Lin,scott-lin,scott-lin,-47.939,Optical components,Technology,M,Taiwan,1777596602659,,,1842.559,2250.0,2250.0,93.0,https://specials-images.forbesimg.com/imageserve/63a0cbcb19ae5f47238ceb42/416x416.jpg?background=000000&cropX1=28&cropX2=1648&cropY1=429&cropY2=2048,2232.0,2177.0,1900.0,,,,,,
Liu Ming Chung,Liu,liu-ming-chung,liu-ming-chung,-20.37,Paper,Manufacturing,M,Brazil,1777596602659,,,1489.394,2644.0,2644.0,63.0,//specials-images.forbesimg.com/imageserve/5c6cda1da7ea437e33f376f8/416x416.jpg?background=000000&cropX1=829&cropX2=2493&cropY1=4&cropY2=1667,2233.0,2177.0,1900.0,,,,,,
Max Lytvyn,Lytvyn,max-lytvyn,no-pic,0.0,Software,Technology,M,Canada,1777596602659,CA,California,1869.0,2217.0,2218.0,46.0,https://specials-images.forbesimg.com/imageserve/61a55248f172a6b1b306c32e/416x416.jpg?background=000000&cropX1=1391&cropX2=4255&cropY1=90&cropY2=2951,2234.0,2177.0,1900.0,,,,,,
Samir Mane,Mane,samir-mane,no-pic,0.0,Diversified,Diversified,M,Albania,1777596602659,,,1863.489,2226.0,2226.0,58.0,https://specials-images.forbesimg.com/imageserve/67e584cbddf507b4d30745a2/416x416.jpg?background=000000&cropX1=557&cropX2=2218&cropY1=192&cropY2=1854,2235.0,2177.0,1900.0,,,,,,
Charlwin Mao,Mao,charlwin-mao,no-pic,0.0,E-commerce,Fashion & Retail,M,China,1777596602659,,,1900.0,2180.0,2180.0,41.0,,2236.0,2177.0,1900.0,,,,,,
Massimo Moratti,Moratti,massimo-moratti,massimo-moratti,0.0,Oil refinery,Energy,M,Italy,1777596602659,,,1921.957,2158.0,2158.0,80.0,//specials-images.forbesimg.com/imageserve/5e76d7cfc7b02d000666d32d/416x416.jpg?background=000000&cropX1=47&cropX2=1761&cropY1=47&cropY2=1761,2237.0,2177.0,1900.0,,,,,,
Mario Moretti Polegato,Moretti Polegato,mario-moretti-polegato,mario-moretti-polegato,-0.916,Shoes,Fashion & Retail,M,Italy,1777596602659,,,1860.832,2229.0,2229.0,73.0,//specials-images.forbesimg.com/imageserve/5e76d77810380d0006fbb83d/416x416.jpg?background=000000&cropX1=19&cropX2=1101&cropY1=33&cropY2=1116,2238.0,2177.0,1900.0,,,,,,
Philip O'Doherty,O'Doherty,philip-odoherty,no-pic,0.0,Information technology,Technology,M,Ireland,1777596602659,,,1850.0,2239.0,2239.0,65.0,,2239.0,2177.0,1900.0,,,,,,
Maike Oberwelland-Height,Oberwelland-Height,maike-oberwelland-height,no-pic-female,0.0,Candy,Food & Beverage,F,Germany,1777596602659,,,1773.071,2316.0,2316.0,63.0,,2240.0,2177.0,1900.0,,,,,,
John Oyler,Oyler,john-oyler,no-pic,21.298,Biotech,Healthcare,M,United States,1777596602659,NV,Nevada,1771.638,2318.0,2318.0,58.0,https://specials-images.forbesimg.com/imageserve/69a1c6217198997a31d0d7ee/416x416.jpg?background=000000&cropX1=359&cropX2=2381&cropY1=86&cropY2=2108,2241.0,2177.0,1900.0,,,,,,
Pan Dong,Pan,pan-dong-1,no-pic-female,38.644,Consumer goods,Fashion & Retail,F,Canada,1777596602659,,,2088.333,1994.0,1994.0,61.0,,2242.0,2177.0,1900.0,,,,,,
Michael Patterson,Patterson,michael-patterson,no-pic,31.412,Private equity,Finance & Investments,M,United States,1777596602659,NY,New York,1882.589,2196.0,2196.0,51.0,https://specials-images.forbesimg.com/imageserve/661fecdd92deac9a3f41cebf/416x416.jpg?background=000000&cropX1=1754&cropX2=2988&cropY1=520&cropY2=1754,2243.0,2177.0,1900.0,,,,,,
Catherine Phillips,Phillips,catherine-phillips,no-pic-female,-1.82,investments,Finance & Investments,F,Canada,1777596602659,,,1866.655,2221.0,2221.0,74.0,,2244.0,2177.0,1900.0,,,,,,
John Phillips,Phillips,john-phillips,no-pic,-1.82,investments,Finance & Investments,M,Canada,1777596602659,,,1866.655,2221.0,2222.0,75.0,,2245.0,2177.0,1900.0,,,,,,
Heloise Pratt,Pratt,heloise-pratt,no-pic-female,0.0,"Manufacturing, investment",Manufacturing,F,Australia,1777596602659,,,1397.588,2773.0,2773.0,63.0,https://specials-images.forbesimg.com/imageserve/67aa675b959ed652d0304f13/416x416.jpg?background=000000&cropX1=0&cropX2=819&cropY1=100&cropY2=920,2246.0,2177.0,1900.0,,,,,,
Miranda Qu,Qu,miranda-qu,no-pic-female,0.0,E-commerce,Fashion & Retail,F,China,1777596602659,,,1900.0,2180.0,2184.0,41.0,https://specials-images.forbesimg.com/imageserve/624431ed08a2b9f7f36f0b15/416x416.jpg?background=000000&cropX1=1326&cropX2=2777&cropY1=583&cropY2=2034,2247.0,2177.0,1900.0,,,,,,
Ruslan Rahimkulov,Rahimkulov,ruslan-rahimkulov,no-pic,0.004,diversified,Diversified,M,Russia,1777596602659,,,2033.434,2046.0,2046.0,47.0,,2248.0,2177.0,1900.0,,,,,,
Bianca Rinehart,Rinehart,bianca-rinehart,no-pic-female,0.0,Mining,Metals & Mining,F,Australia,1777596602659,,,1941.817,2145.0,2145.0,49.0,//specials-images.forbesimg.com/imageserve/5a7a4b8da7ea43169012d8be/416x416.jpg?background=000000&cropX1=0&cropX2=1605&cropY1=271&cropY2=1877,2249.0,2177.0,1900.0,,,,,,
Matthew Roszak,Roszak,matthew-roszak,no-pic,0.0,Cryptocurrency,Finance & Investments,M,United States,1777596602659,IL,Illinois,2093.23,1992.0,1992.0,53.0,,2250.0,2177.0,1900.0,,,,,,
Abbas Sajwani,Sajwani,abbas-sajwani,no-pic,0.0,Real estate,Real Estate,M,United Arab Emirates,1777596602659,,,1874.189,2203.0,2203.0,26.0,https://specials-images.forbesimg.com/imageserve/69b0938fb68c7f9a720047a2/416x416.jpg?background=000000&cropX1=474&cropX2=1971&cropY1=435&cropY2=1933,2251.0,2177.0,1900.0,,,,,,
Airat Shaimiev,Shaimiev,airat-shaimiev,airat-shaimiev,0.0,"Refinery, chemicals",Energy,M,Russia,1777596602659,,,1931.651,2152.0,2152.0,64.0,//specials-images.forbesimg.com/imageserve/c7fdc1b03060abf8c5b1b48d4ead44e5/416x416.jpg?background=000000&cropX1=3&cropX2=744&cropY1=89&cropY2=830,2252.0,2177.0,1900.0,,,,,,
Shao Qinxiang,Shao,shao-qinxiang,no-pic,-2.896,Diversified,Manufacturing,M,China,1777596602659,,,1784.38,2302.0,2302.0,71.0,,2253.0,2177.0,1900.0,,,,,,
Alex Shevchenko,Shevchenko,alex-shevchenko,no-pic,0.0,Software,Technology,M,Canada,1777596602659,CA,California,1869.0,2217.0,2217.0,46.0,https://specials-images.forbesimg.com/imageserve/61a552d47ccd1331f306c32e/416x416.jpg?background=000000&cropX1=798&cropX2=2775&cropY1=171&cropY2=2146,2254.0,2177.0,1900.0,,,,,,
Zakhar Smushkin,Smushkin,zakhar-smushkin,no-pic,0.0,"Pulp and paper, diversified",Diversified,M,Russia,1777596602659,,,1870.676,2216.0,2216.0,64.0,//specials-images.forbesimg.com/imageserve/5e779329d8e1ae0007b72f06/416x416.jpg?background=000000&cropX1=506&cropX2=3159&cropY1=0&cropY2=2651,2255.0,2177.0,1900.0,,,,,,
Sun Mengquan,Sun,sun-mengquan,no-pic,0.0,Edible oil,Food & Beverage,M,China,1777596602659,,,1925.081,2155.0,2155.0,76.0,,2256.0,2177.0,1900.0,,,,,,
Tang Jie,Tang,tang-jie,no-pic,176.348,Artificial intelligence,Technology,M,China,1777596602658,,,2972.23,1412.0,1412.0,49.0,,2257.0,2177.0,1900.0,,,,,,
Terry Taylor,Taylor,terry-taylor,no-pic,0.0,Car dealerships,Automotive,M,United States,1777596602659,FL,Florida,1875.2,2201.0,2201.0,75.0,,2258.0,2177.0,1900.0,,,,,,
Tian Ming,Tian,tian-ming,no-pic,-7.865,Measuring instruments,Technology,M,China,1777596602659,,,1688.416,2421.0,2421.0,72.0,,2259.0,2177.0,1900.0,,,,,,
James Tisch,Tisch,james-tisch,no-pic,22.393,Loews,Diversified,M,United States,1777596602659,NY,New York,1918.526,2163.0,2163.0,73.0,https://specials-images.forbesimg.com/imageserve/661e9bdffd42afbd620f59e3/416x416.jpg?background=000000&cropX1=801&cropX2=2005&cropY1=381&cropY2=1584,2260.0,2177.0,1900.0,,,,,,
Joop van den Ende,van den Ende,joop-van-den-ende,joop-van-den-ende,0.0,TV shows,Media & Entertainment,M,Netherlands,1777596602659,,,1880.192,2200.0,2200.0,84.0,,2261.0,2177.0,1900.0,,,,,,
Wang Linxiang,Wang,wang-linxiang,no-pic,21.119,cashmere,Fashion & Retail,M,China,1777596602659,,,1771.842,2317.0,2317.0,74.0,,2262.0,2177.0,1900.0,,,,,,
Wang Wenmo,Wang,wang-wenmo,no-pic,-38.243,Sports apparel,Fashion & Retail,M,China,1777596602659,,,1821.216,2261.0,2261.0,69.0,,2263.0,2177.0,1900.0,,,,,,
Wang Zhenghua,Wang,wang-zhenghua,wang-zhenghua,-0.98,Budget airline,Service,M,China,1777596602659,,,1491.297,2642.0,2642.0,82.0,//specials-images.forbesimg.com/imageserve/5c6f1f60a7ea431000431960/416x416.jpg?background=000000&cropX1=574&cropX2=1888&cropY1=20&cropY2=1333,2264.0,2177.0,1900.0,,,,,,
Hope Welker,Welker,hope-welker,no-pic-female,0.0,Mining,Metals & Mining,F,Australia,1777596602659,NY,New York,1941.817,2145.0,2146.0,40.0,,2265.0,2177.0,1900.0,,,,,,
Christoffel Wiese,Wiese,christoffel-wiese,christoffel-wiese,18.31,retail,Fashion & Retail,M,South Africa,1777596602659,,,1831.388,2257.0,2257.0,84.0,//specials-images.forbesimg.com/imageserve/5a80fb33a7ea431690133f0a/416x416.jpg?background=000000&cropX1=1537&cropX2=3611&cropY1=0&cropY2=2074,2266.0,2177.0,1900.0,"Chairman, Shoprite Holdings",False,,,,
Farris Wilks,Wilks,farris-wilks,farris-wilks,-9.526,Natural gas,Energy,M,United States,1777596602659,TX,Texas,2097.034,1988.0,1988.0,74.0,//specials-images.forbesimg.com/imageserve/5a871699a7ea43169013aedf/416x416.jpg?background=000000&cropX1=74&cropX2=547&cropY1=85&cropY2=559,2267.0,2177.0,1900.0,,,,,,
Ralph Winterhalter,Winterhalter,ralph-winterhalter,no-pic,0.0,Appliances,Manufacturing,M,Germany,1777596602659,,,1916.462,2166.0,2166.0,48.0,,2268.0,2177.0,1900.0,,,,,,
Horst Wortmann,Wortmann,horst-wortmann,horst-wortmann,0.0,Footwear,Fashion & Retail,M,Germany,1777596602659,,,1705.173,2404.0,2404.0,84.0,//specials-images.forbesimg.com/imageserve/5a7e182aa7ea431690132282/416x416.jpg?background=000000&cropX1=99&cropX2=859&cropY1=82&cropY2=841,2269.0,2177.0,1900.0,,,,,,
Yeh Kuo-I,Yeh,yeh-kuo-i,no-pic,20.106,Computers,Manufacturing,M,Taiwan,1777596602659,,,2035.928,2042.0,2042.0,85.0,https://specials-images.forbesimg.com/imageserve/63a0cf75c894b4f0c7e821c1/416x416.jpg?background=000000&cropX1=2&cropX2=681&cropY1=0&cropY2=679,2270.0,2177.0,1900.0,,,,,,
Alan Zekelman,Zekelman,alan-zekelman,no-pic,0.0,Steel,Manufacturing,M,Canada,1777596602659,MI,Michigan,1856.0,2231.0,2231.0,63.0,//specials-images.forbesimg.com/imageserve/5e75813810380d0006fba88d/416x416.jpg?background=000000&cropX1=292&cropX2=1223&cropY1=167&cropY2=1099,2271.0,2177.0,1900.0,,,,,,
Zhang Xiaojuan,Zhang,zhang-xiaojuan,no-pic-female,-24.804,Logistics,Logistics,F,China,1777596602659,,,1996.552,2092.0,2092.0,56.0,//specials-images.forbesimg.com/imageserve/5c6f1092a7ea4310004316d9/416x416.jpg?background=000000&cropX1=0&cropX2=1410&cropY1=333&cropY2=1744,2272.0,2177.0,1900.0,,,,,,
Boris Zingarevich,Zingarevich,boris-zingarevich,no-pic,0.0,"Pulp and paper, diversified",Diversified,M,Russia,1777596602659,,,1935.185,2150.0,2150.0,66.0,//specials-images.forbesimg.com/imageserve/5ad8b4844bbe6f2310f30482/416x416.jpg?background=000000&cropX1=1177&cropX2=4510&cropY1=247&cropY2=3577,2273.0,2177.0,1900.0,,,,,,
Raamdeo Agrawal,Agrawal,raamdeo-agrawal,no-pic,33.661,Financial services,Finance & Investments,M,India,1777596602659,,,1873.808,2204.0,2204.0,69.0,//specials-images.forbesimg.com/imageserve/5a7f439a4bbe6f2652f52fd9/416x416.jpg?background=000000&cropX1=1046&cropX2=2903&cropY1=811&cropY2=2667,2274.0,2274.0,1800.0,,,,,,
Hamdi Akin,Akin,hamdi-akin,no-pic,52.277,Diversified,Diversified,M,Turkey,1777596602658,,,2176.132,1922.0,1922.0,71.0,//specials-images.forbesimg.com/imageserve/5e77e164c7b02d000666e0aa/416x416.jpg?background=000000&cropX1=37&cropX2=1079&cropY1=181&cropY2=1223,2275.0,2274.0,1800.0,,,,,,
Faisal Bin Qassim Al Thani,Al Thani,faisal-bin-qassim-al-thani,faisal-bin-qassim-al-thani,-4.424,"Hotels, diversified",Diversified,M,Qatar,1777596602659,,,1671.575,2439.0,2439.0,78.0,https://specials-images.forbesimg.com/imageserve/603d6305b2625c09d1c1e13d/416x416.jpg?background=000000&cropX1=732&cropX2=1423&cropY1=151&cropY2=843,2276.0,2274.0,1800.0,,,,,,
Grigory Berezkin,Berezkin,grigory-berezkin,no-pic,0.0,Energy trading,Energy,M,Russia,1777596602659,,,1800.548,2284.0,2284.0,59.0,https://specials-images.forbesimg.com/imageserve/67e5b936546ef4725d298a9b/416x416.jpg?background=000000&cropX1=834&cropX2=3194&cropY1=308&cropY2=2667,2277.0,2274.0,1800.0,,,,,,
Hari Bhartia,Bhartia,hari-bhartia,no-pic,-5.32,Diversified,Diversified,M,India,1777596602659,,,1690.065,2419.0,2419.0,69.0,https://specials-images.forbesimg.com/imageserve/67047e11496434edd26baf90/416x416.jpg?background=000000&cropX1=628&cropX2=2455&cropY1=134&cropY2=1962,2278.0,2274.0,1800.0,,,,,,
Shyam Bhartia,Bhartia,shyam-bhartia,no-pic,-5.31,"Pharmaceuticals, food",Healthcare,M,India,1777596602659,,,1693.123,2417.0,2417.0,73.0,,2279.0,2274.0,1800.0,,,,,,
O. Francis Biondi,Biondi,o-francis-biondi,no-pic,0.0,Hedge funds,Finance & Investments,M,United States,1777596602659,NY,New York,1800.0,2285.0,2289.0,61.0,,2280.0,2274.0,1800.0,,,,,,
Anna Maria Braun,Braun,anna-maria-braun,no-pic-female,0.0,Medical technology,Healthcare,F,Germany,1777596602659,,,1773.722,2312.0,2312.0,47.0,//specials-images.forbesimg.com/imageserve/5c703d1aa7ea4310004331fa/416x416.jpg?background=000000&cropX1=15&cropX2=532&cropY1=24&cropY2=541,2281.0,2274.0,1800.0,,,,,,
Johanna Braun,Braun,johanna-braun,no-pic-female,0.0,Medical technology,Healthcare,F,Germany,1777596602659,,,1773.722,2312.0,2313.0,46.0,,2282.0,2274.0,1800.0,,,,,,
Karl Friedrich Braun,Braun,karl-friedrich-braun,no-pic,0.0,Medical technology,Healthcare,M,Germany,1777596602659,,,1773.722,2312.0,2314.0,43.0,,2283.0,2274.0,1800.0,,,,,,
Gerry Cardinale,Cardinale,gerry-cardinale,no-pic,0.0,Private equity,Finance & Investments,M,United States,1777596602659,FL,Florida,1800.0,2285.0,2287.0,59.0,,2284.0,2274.0,1800.0,,,,,,
Samuel Chen,Chen,samuel-chen,no-pic,-2.88,Investments,Finance & Investments,M,Taiwan,1777596602659,,,1634.635,2471.0,2471.0,76.0,https://specials-images.forbesimg.com/imageserve/643ffbeb4190502f1a052dee/416x416.jpg?background=000000&cropX1=196&cropX2=842&cropY1=21&cropY2=667,2285.0,2274.0,1800.0,,,,,,
Chow Shing Yuk,Chow,chow-shing-yuk,no-pic,0.0,Logistics,Logistics,M,Hong Kong,1777596602659,,,1781.0,2310.0,2310.0,48.0,https://specials-images.forbesimg.com/imageserve/65d4f11a14377a1444b69667/416x416.jpg?background=000000&cropX1=146&cropX2=540&cropY1=112&cropY2=506,2286.0,2274.0,1800.0,,,,,,
Alberto Coppel Luken,Coppel Luken,alberto-coppel-luken,no-pic,0.0,Diversified,Fashion & Retail,M,Mexico,1777596602659,,,1769.29,2320.0,2320.0,74.0,,2287.0,2274.0,1800.0,,,,,,
José Coppel Luken,Coppel Luken,jose-coppel-luken,no-pic,0.0,Diversified,Fashion & Retail,M,Mexico,1777596602659,,,1769.29,2320.0,2321.0,67.0,,2288.0,2274.0,1800.0,,,,,,
Stephane Courbit,Courbit,stephane-courbit,no-pic,3.966,Entertainment,Media & Entertainment,M,France,1777596602659,,,1863.519,2225.0,2225.0,61.0,https://specials-images.forbesimg.com/imageserve/67e481a44534cf922d9c72a2/416x416.jpg?background=000000&cropX1=161&cropX2=2140&cropY1=0&cropY2=1977,2289.0,2274.0,1800.0,,,,,,
Monica Crippa,Crippa,monica-crippa-1,no-pic-female,95.975,Microchip testing,Manufacturing,F,Italy,1777596602659,,,1890.923,2189.0,2189.0,61.0,,2290.0,2274.0,1800.0,,,,,,
Larry Culp,Culp,larry-culp,no-pic,14.942,"General Electric, manufacturing",Manufacturing,M,United States,1777596602659,OH,Ohio,1799.076,2292.0,2292.0,63.0,https://specials-images.forbesimg.com/imageserve/682f38e0f2b96eaf24454d26/416x416.jpg?background=000000&cropX1=796&cropX2=1794&cropY1=3&cropY2=1000,2291.0,2274.0,1800.0,,,,,,
Piotr Dabkowski,Dabkowski,piotr-dabkowski,no-pic,0.0,AI voice cloning,Technology,M,Poland,1777596602659,,,1750.0,2348.0,2350.0,31.0,,2292.0,2274.0,1800.0,"Founder, ElevenLabs",False,,,,
Pavel Demidov,Demidov,pavel-demidov,no-pic,0.0,Agriculture,Food & Beverage,M,Russia,1777596602659,,,1751.331,2345.0,2345.0,57.0,,2293.0,2274.0,1800.0,,,,,,
Alexander Diehl,Diehl,alexander-diehl,no-pic,0.0,"Defense, aviation",Manufacturing,M,Germany,1777596602659,,,1745.642,2352.0,2352.0,47.0,,2294.0,2274.0,1800.0,,,,,,
Carla Diehl,Diehl,carla-diehl,no-pic-female,0.0,"Defense, aviation",Manufacturing,F,Germany,1777596602659,,,1745.642,2352.0,2353.0,36.0,,2295.0,2274.0,1800.0,,,,,,
Konstantin Diehl,Diehl,konstantin-diehl,no-pic,0.0,"Defense, aviation",Manufacturing,M,Germany,1777596602659,,,1745.642,2352.0,2354.0,33.0,,2296.0,2274.0,1800.0,,,,,,
Laura Diehl,Diehl,laura-diehl,no-pic-female,0.0,"Defense, aviation",Manufacturing,F,Germany,1777596602659,,,1745.642,2352.0,2355.0,37.0,,2297.0,2274.0,1800.0,,,,,,
Markus Diehl,Diehl,markus-diehl,no-pic,0.0,"Defense, aviation",Manufacturing,M,Germany,1777596602659,,,1745.642,2352.0,2356.0,42.0,,2298.0,2274.0,1800.0,,,,,,
Timothy Dunn,Dunn,timothy-dunn,no-pic,0.0,Energy,Energy,M,United States,1777596602659,TX,Texas,1800.0,2285.0,2290.0,70.0,,2299.0,2274.0,1800.0,,,,,,
Zsolt Felcsuti,Felcsuti,zsolt-felcsuti,no-pic,0.0,Manufacturing,Manufacturing,M,Hungary,1777596602659,,,1823.303,2259.0,2259.0,54.0,,2300.0,2274.0,1800.0,,,,,,
William Fisher,Fisher,william-fisher,william-fisher,13.911,Gap,Fashion & Retail,M,United States,1777596602659,CA,California,1666.616,2445.0,2445.0,69.0,//specials-images.forbesimg.com/imageserve/5a84b89f31358e4955ad7c18/416x416.jpg?background=000000&cropX1=1610&cropX2=2325&cropY1=453&cropY2=1168,2301.0,2274.0,1800.0,"Director, Gap Inc.",False,,,,
Casey Foyt,Foyt,casey-foyt,no-pic-female,0.0,Indianapolis Colts,Sports,F,United States,1777596602659,IN,Indiana,1848.6,2242.0,2243.0,43.0,https://specials-images.forbesimg.com/imageserve/68d6a9af5534838f3b8a88ca/416x416.jpg?background=000000&cropX1=119&cropX2=1733&cropY1=253&cropY2=1868,2302.0,2274.0,1800.0,,,,,,
James France,France,james-france,james-france,0.0,"Nascar, racing",Sports,M,United States,1777596602659,FL,Florida,1771.443,2319.0,2319.0,81.0,https://specials-images.forbesimg.com/imageserve/57e1991931358e16c589c119/416x416.jpg?background=000000&cropX1=35&cropX2=703&cropY1=29&cropY2=698,2303.0,2274.0,1800.0,,,,,,
Donald Friese,Friese,donald-friese,no-pic,0.0,Manufacturing,Manufacturing,M,United States,1777596602659,CA,California,1750.0,2348.0,2348.0,85.0,//specials-images.forbesimg.com/imageserve/5a9096ee4bbe6f0fa8266983/416x416.jpg?background=000000&cropX1=1485&cropX2=2684&cropY1=905&cropY2=2104,2304.0,2274.0,1800.0,,,,,,
Fu Guangming,Fu,fu-guangming,fu-guangming,-0.878,Poultry,Food & Beverage,M,China,1777596602659,,,1720.248,2387.0,2387.0,72.0,//specials-images.forbesimg.com/imageserve/562e5762e4b0ffa7afe645e2/416x416.jpg?background=000000&cropX1=0&cropX2=676&cropY1=171&cropY2=848,2305.0,2274.0,1800.0,,,,,,
Said Gutseriev,Gutseriev,said-gutseriev,no-pic,0.0,"Retail, investments",Energy,M,Russia,1777596602659,,,1815.858,2270.0,2270.0,38.0,//specials-images.forbesimg.com/imageserve/5c71cd14a7ea431000434c1d/416x416.jpg?background=000000&cropX1=737&cropX2=3308&cropY1=29&cropY2=2599,2306.0,2274.0,1800.0,,,,,,
Stephanie Haas,Haas,stephanie-haas,no-pic-female,0.0,"Defense, aviation",Manufacturing,F,Germany,1777596602659,,,1745.642,2352.0,2357.0,44.0,,2307.0,2274.0,1800.0,,,,,,
Gideon Hamburger,Hamburger,gideon-hamburger,no-pic,-2.108,Financial Services,Finance & Investments,M,Israel,1777596602659,,,2108.065,1968.0,1968.0,81.0,,2308.0,2274.0,1800.0,,,,,,
Yair Hamburger,Hamburger,yair-hamburger,no-pic,-2.108,Financial Services,Finance & Investments,M,Israel,1777596602659,,,2108.065,1968.0,1970.0,79.0,,2309.0,2274.0,1800.0,,,,,,
Brian Higgins,Higgins,brian-higgins,no-pic,0.0,Hedge funds,Finance & Investments,M,United States,1777596602659,NY,New York,1800.0,2285.0,2286.0,61.0,,2310.0,2274.0,1800.0,"Co-Founder, King Street Capital Management",False,,,,
Kai-Uwe Hollweg,Hollweg,kai-uwe-hollweg,no-pic,0.0,Plumbing and heating supplies,Manufacturing,M,Germany,1777596602659,,,1759.682,2333.0,2333.0,60.0,,2311.0,2274.0,1800.0,,,,,,
Pia Hollweg-Vajen,Hollweg-Vajen,pia-hollweg-vajen,no-pic-female,0.0,Plumbing and heating supplies,Manufacturing,F,Germany,1777596602659,,,1760.852,2330.0,2330.0,51.0,,2312.0,2274.0,1800.0,,,,,,
Michael Hsing,Hsing,michael-hsing,no-pic,92.141,Semiconductors,Technology,M,United States,1777596602658,WA,Washington,2339.677,1779.0,1779.0,65.0,,2313.0,2274.0,1800.0,,,,,,
Huang Dawen,Huang,huang-dawen,no-pic,-5.461,Silicon,Manufacturing,M,Hong Kong,1777596602659,,,1736.703,2362.0,2362.0,65.0,,2314.0,2274.0,1800.0,,,,,,
Huang Yi,Huang,huang-yi,no-pic,-15.669,Car dealerships,Automotive,M,Hong Kong,1777596602659,,,1488.73,2646.0,2646.0,64.0,//specials-images.forbesimg.com/imageserve/5e7648e4d8e1ae0007b71def/416x416.jpg?background=000000&cropX1=2227&cropX2=4640&cropY1=351&cropY2=2763,2315.0,2274.0,1800.0,,,,,,
Carlie Irsay-Gordon,Irsay-Gordon,carlie-irsay-gordon,no-pic-female,0.0,Indianapolis Colts,Sports,F,United States,1777596602659,IN,Indiana,1848.6,2242.0,2242.0,45.0,https://specials-images.forbesimg.com/imageserve/68d6aace97266de5372cd1ab/416x416.jpg?background=000000&cropX1=66&cropX2=2157&cropY1=0&cropY2=2092,2316.0,2274.0,1800.0,,,,,,
Alexander Isaev,Isaev,alexander-isaev,no-pic,0.0,Mining,Energy,M,Russia,1777596602659,,,1843.295,2249.0,2249.0,50.0,https://specials-images.forbesimg.com/imageserve/67eaa575a2c4b50ffb0cdca5/416x416.jpg?background=000000&cropX1=745&cropX2=1883&cropY1=151&cropY2=1289,2317.0,2274.0,1800.0,,,,,,
Kalen Jackson,Jackson,kalen-jackson,no-pic-female,0.0,Indianapolis Colts,Sports,F,United States,1777596602659,IN,Indiana,1848.6,2242.0,2244.0,38.0,https://specials-images.forbesimg.com/imageserve/68d6a7eddb2fd77f12f4d5c7/416x416.jpg?background=000000&cropX1=478&cropX2=2563&cropY1=121&cropY2=2208,2318.0,2274.0,1800.0,,,,,,
Mitchell Jacobson,Jacobson,mitchell-jacobson,mitchell-jacobson,11.788,Industrial equipment,Service,M,United States,1777596602659,NY,New York,1836.604,2253.0,2253.0,75.0,//specials-images.forbesimg.com/imageserve/5a90919da7ea434a0c2721de/416x416.jpg?background=000000&cropX1=1039&cropX2=1975&cropY1=144&cropY2=1081,2319.0,2274.0,1800.0,,,,,,
Pavan Jain,Jain,pavan-jain,no-pic,-31.378,Chemicals,Manufacturing,M,India,1777596602659,,,1956.34,2134.0,2134.0,74.0,,2320.0,2274.0,1800.0,,,,,,
Fumio Kaneko,Kaneko,fumio-kaneko,no-pic,-67.162,Waste management,Service,M,Japan,1777596602659,,,1718.307,2389.0,2389.0,69.0,https://specials-images.forbesimg.com/imageserve/63e65cb99073392361f721e9/416x416.jpg?background=000000&cropX1=451&cropX2=1438&cropY1=202&cropY2=1190,2321.0,2274.0,1800.0,,,,,,
David Kaplan,Kaplan,david-kaplan,no-pic,60.865,Finance,Finance & Investments,M,United States,1777596602659,CA,California,1820.54,2262.0,2262.0,58.0,,2322.0,2274.0,1800.0,,,,,,
Sergei Katsiev,Katsiev,sergei-katsiev,sergei-katsiev,0.0,"Retail, wholesale",Fashion & Retail,M,Russia,1777596602659,,,1805.674,2279.0,2279.0,68.0,//specials-images.forbesimg.com/imageserve/e753977d890754dbba7047e45c7f4f80/416x416.jpg?background=000000&cropX1=2&cropX2=744&cropY1=27&cropY2=770,2323.0,2274.0,1800.0,,,,,,
Artem Khachatryan,Khachatryan,artem-khachatryan,no-pic,0.0,Retail,Fashion & Retail,M,Russia,1777596602659,,,1831.0,2258.0,2258.0,51.0,,2324.0,2274.0,1800.0,,,,,,
Kim Sang-beom,Kim,kim-sang-beom,no-pic,7.646,Semiconductors,Technology,M,South Korea,1777596602659,,,1977.063,2111.0,2111.0,65.0,,2325.0,2274.0,1800.0,,,,,,
Alexander Knauf,Knauf,alexander-knauf,no-pic,0.0,building materials,Manufacturing,M,Germany,1777596602659,,,1793.612,2296.0,2296.0,51.0,,2326.0,2274.0,1800.0,,,,,,
Walter Kortschak,Kortschak,walter-kortschak,no-pic,0.0,Venture capital,Finance & Investments,M,United States,1777596602659,CO,Colorado,1797.7,2294.0,2294.0,67.0,https://specials-images.forbesimg.com/imageserve/67e48232c754c8acf328d6d7/416x416.jpg?background=000000&cropX1=0&cropX2=1602&cropY1=72&cropY2=1673,2327.0,2274.0,1800.0,,,,,,
Sebastian Kulczyk,Kulczyk,sebastian-kulczyk,no-pic,0.0,Diversified,Finance & Investments,M,Poland,1777596602659,,,1807.76,2277.0,2277.0,45.0,//specials-images.forbesimg.com/imageserve/5e770c39c7b02d000666d431/416x416.jpg?background=000000&cropX1=1829&cropX2=3974&cropY1=771&cropY2=2917,2328.0,2274.0,1800.0,,,,,,
Kwee Liong Keng,Kwee,kwee-liong-keng,no-pic,0.0,Real estate,Real Estate,M,Singapore,1777596602659,,,1818.146,2265.0,2265.0,80.0,,2329.0,2274.0,1800.0,,,,,,
Kwee Liong Phing,Kwee,kwee-liong-phing,no-pic,0.0,Real estate,Real Estate,M,Singapore,1777596602659,,,1818.146,2265.0,2266.0,68.0,,2330.0,2274.0,1800.0,,,,,,
Kwee Liong Seen,Kwee,kwee-liong-seen,no-pic,0.0,Real estate,Real Estate,M,Singapore,1777596602659,,,1818.146,2265.0,2267.0,73.0,,2331.0,2274.0,1800.0,,,,,,
Kwee Liong Tek,Kwee,kwee-liong-tek,no-pic,0.0,Real estate,Real Estate,M,Singapore,1777596602659,,,1818.146,2265.0,2268.0,79.0,,2332.0,2274.0,1800.0,,,,,,
Timothée Lacroix,Lacroix,timothee-lacroix-1,no-pic,0.0,Artificial intelligence,Technology,M,France,1777596602659,,,1800.0,2285.0,2291.0,34.0,,2333.0,2274.0,1800.0,,,,,,
Guillaume Lample,Lample,guillaume-lample,no-pic,0.0,Artificial intelligence,Technology,M,France,1777596602659,,,1800.0,2285.0,2288.0,35.0,,2334.0,2274.0,1800.0,,,,,,
Aerin Lauder,Lauder,aerin-lauder,aerin-lauder,12.084,Estee Lauder,Fashion & Retail,F,United States,1777596602659,NY,New York,1369.804,2808.0,2808.0,56.0,https://specials-images.forbesimg.com/imageserve/5f46b424808a289780083f05/416x416.jpg?background=000000&cropX1=895&cropX2=2304&cropY1=287&cropY2=1696,2335.0,2274.0,1800.0,,,,,,
William Lauder,Lauder,william-lauder,no-pic,12.797,Estee Lauder,Fashion & Retail,M,United States,1777596602659,NY,New York,1385.393,2785.0,2785.0,66.0,//specials-images.forbesimg.com/imageserve/5d8b03a818444200084e744c/416x416.jpg?background=000000&cropX1=336&cropX2=3503&cropY1=194&cropY2=3363,2336.0,2274.0,1800.0,,,,,,
Lee Kar Whatt,Lee,lee-kar-whatt,no-pic,-44.619,Dollar store,Fashion & Retail,M,Malaysia,1777596602659,,,1440.286,2703.0,2703.0,52.0,https://specials-images.forbesimg.com/imageserve/69dd7a9391a04ae769ccd9e3/416x416.jpg?background=000000&cropX1=208&cropX2=1119&cropY1=128&cropY2=1040,2337.0,2274.0,1800.0,,,,,,
Lei Jufang,Lei,lei-jufang,lei-jufang,-3.924,Pharmaceuticals,Healthcare,F,China,1777596602659,,,1724.292,2384.0,2384.0,73.0,https://specials-images.forbesimg.com/imageserve/603e8f5d4a2df75cef4fb25a/416x416.jpg?background=000000&cropX1=0&cropX2=800&cropY1=0&cropY2=800,2338.0,2274.0,1800.0,,,,,,
Li Jinyang,Li,li-jinyang,no-pic-female,-21.687,Mining,Metals & Mining,F,China,1777596602659,,,1757.668,2337.0,2337.0,43.0,,2339.0,2274.0,1800.0,,,,,,
Li Weiwei,Li,li-weiwei,no-pic,-25.927,Online games,Technology,M,China,1777596602659,,,1661.731,2450.0,2450.0,49.0,,2340.0,2274.0,1800.0,,,,,,
Liu Xiaodong,Liu,liu-xiaodong,no-pic,47.449,Flavorings,Manufacturing,M,China,1777596602659,,,1762.331,2328.0,2328.0,58.0,,2341.0,2274.0,1800.0,,,,,,
Duncan MacMillan,MacMillan,duncan-macmillan,no-pic,0.0,Bloomberg LP,Finance & Investments,M,United States,1777596602659,NJ,New Jersey,1834.0,2255.0,2255.0,88.0,//specials-images.forbesimg.com/imageserve/5a971bb731358e79a28a995c/416x416.jpg?background=000000&cropX1=1&cropX2=210&cropY1=7&cropY2=216,2342.0,2274.0,1800.0,,,,,,
Nurit Manor,Manor,nurit-manor,no-pic-female,-2.108,Financial Services,Finance & Investments,F,Israel,1777596602659,,,2108.065,1968.0,1969.0,73.0,,2343.0,2274.0,1800.0,,,,,,
Youssef Mansour,Mansour,youssef-mansour,youssef-mansour,0.0,Diversified,Diversified,M,Egypt,1777596602659,,,1817.0,2269.0,2269.0,80.0,//specials-images.forbesimg.com/imageserve/72835a43efc192956271eb1c1b055490/416x416.jpg?background=000000&cropX1=0&cropX2=744&cropY1=45&cropY2=789,2344.0,2274.0,1800.0,,,,,,
Ilson Mateus,Mateus,ilson-mateus,no-pic,9.615,Supermarkets,Fashion & Retail,M,Brazil,1777596602659,,,1496.043,2640.0,2640.0,63.0,,2345.0,2274.0,1800.0,,,,,,
Gabriella Meister,Meister,gabriella-meister,no-pic-female,-33.546,Appliances,Manufacturing,F,Germany,1777596602659,,,1541.257,2575.0,2575.0,77.0,,2346.0,2274.0,1800.0,,,,,,
Ulrike Meister,Meister,ulrike-meister,no-pic-female,-33.752,Appliances,Manufacturing,F,Germany,1777596602659,,,1523.541,2598.0,2598.0,59.0,,2347.0,2274.0,1800.0,,,,,,
Arthur Mensch,Mensch,arthur-mensch-1,no-pic,0.0,Artificial intelligence,Technology,M,France,1777596602659,,,1800.0,2285.0,2285.0,33.0,,2348.0,2274.0,1800.0,,,,,,
Gary Michelson,Michelson,gary-michelson,gary-michelson,0.0,Medical patents,Healthcare,M,United States,1777596602659,CA,California,1764.1,2326.0,2326.0,77.0,//specials-images.forbesimg.com/imageserve/5a84b50f31358e4955ad7bea/416x416.jpg?background=000000&cropX1=0&cropX2=1708&cropY1=114&cropY2=1823,2349.0,2274.0,1800.0,,,,,,
David Mindus,Mindus,david-mindus,no-pic,21.734,Real estate,Real Estate,M,Sweden,1777596602659,,,1672.981,2438.0,2438.0,54.0,,2350.0,2274.0,1800.0,,,,,,
Marius Nacht,Nacht,marius-nacht,marius-nacht,0.011,Software,Technology,M,Israel,1777596602659,,,1810.316,2276.0,2276.0,60.0,//specials-images.forbesimg.com/imageserve/5c70c6f94bbe6f79c5474094/416x416.jpg?background=000000&cropX1=0&cropX2=1275&cropY1=180&cropY2=1456,2351.0,2274.0,1800.0,,,,,,
Gretel Packer,Packer,gretel-packer,gretel-packer,3.471,Investments,Finance & Investments,F,Australia,1777596602659,,,1761.069,2329.0,2329.0,60.0,https://specials-images.forbesimg.com/imageserve/65ca4c10a7a315cfe33640bc/416x416.jpg?background=000000&cropX1=161&cropX2=815&cropY1=13&cropY2=667,2352.0,2274.0,1800.0,,,,,,
Forrest Preston,Preston,forrest-preston,no-pic,0.0,Health care,Healthcare,M,United States,1777596602659,TN,Tennessee,1482.018,2659.0,2659.0,93.0,//specials-images.forbesimg.com/imageserve/580f60ee31358e2383160e88/416x416.jpg?background=000000&cropX1=0&cropX2=744&cropY1=100&cropY2=844,2353.0,2274.0,1800.0,,,,,,
Timur Rahimkulov,Rahimkulov,timur-rahimkulov,no-pic,0.004,diversified,Diversified,M,Russia,1777596602659,,,1948.261,2144.0,2144.0,49.0,,2354.0,2274.0,1800.0,,,,,,
Hans-Ueli Rihs,Rihs,hans-ueli-rihs,no-pic,1.866,Hearing Aids,Manufacturing,M,Switzerland,1777596602659,,,1568.242,2536.0,2536.0,82.0,https://specials-images.forbesimg.com/imageserve/67e47d446ceefa34eaf1ec2d/416x416.jpg?background=000000&cropX1=726&cropX2=1755&cropY1=307&cropY2=1337,2355.0,2274.0,1800.0,,,,,,
Luis Riu,Riu,luis-riu,no-pic,0.0,Hotels,Real Estate,M,Spain,1777596602659,,,1755.563,2341.0,2342.0,66.0,,2356.0,2274.0,1800.0,,,,,,
Carmen Riu Guell,Riu Guell,carmen-riu-guell,no-pic-female,0.0,Hotels,Service,F,Spain,1777596602659,,,1755.563,2341.0,2341.0,71.0,,2357.0,2274.0,1800.0,,,,,,
Karin Schick,Schick,karin-schick,no-pic-female,1.759,Information technology,Technology,F,Germany,1777596602659,,,1514.843,2611.0,2611.0,55.0,//specials-images.forbesimg.com/imageserve/5a7e1c0131358e4955ad10a9/416x416.jpg?background=000000&cropX1=2030&cropX2=5379&cropY1=270&cropY2=3616,2358.0,2274.0,1800.0,,,,,,
Radik Shaimiev,Shaimiev,radik-shaimiev,radik-shaimiev,0.0,"Refinery, chemicals",Energy,M,Russia,1777596602659,,,1786.8,2298.0,2298.0,61.0,//specials-images.forbesimg.com/imageserve/87610e924802aeeaed879067d5de2b4d/416x416.jpg?background=000000&cropX1=0&cropX2=744&cropY1=127&cropY2=871,2359.0,2274.0,1800.0,,,,,,
Amnon Shashua,Shashua,amnon-shashua,no-pic,0.0,Automotive technology,Automotive,M,Israel,1777596602659,,,1765.2,2324.0,2324.0,65.0,https://specials-images.forbesimg.com/imageserve/6231fa33d87b512598bf3797/416x416.jpg?background=000000&cropX1=677&cropX2=3185&cropY1=0&cropY2=2506,2360.0,2274.0,1800.0,,,,,,
Albert Shigaboutdinov,Shigaboutdinov,albert-shigaboutdinov,albert-shigaboutdinov,0.0,"Refinery, chemicals",Diversified,M,Russia,1777596602659,,,1759.715,2332.0,2332.0,73.0,//specials-images.forbesimg.com/imageserve/5a807a5e4bbe6f2652f53c13/416x416.jpg?background=000000&cropX1=601&cropX2=2934&cropY1=5&cropY2=2336,2361.0,2274.0,1800.0,,,,,,
Rick Smith,Smith,rick-smith,no-pic,4.126,Tasers,Technology,M,United States,1777596602659,AZ,Arizona,1402.953,2761.0,2761.0,55.0,,2362.0,2274.0,1800.0,,,,,,
Song Fei,Song,song-fei,no-pic,37.871,Machinery,Manufacturing,M,China,1777596602659,,,1686.533,2426.0,2426.0,59.0,,2363.0,2274.0,1800.0,,,,,,
Mati Staniszewski,Staniszewski,mati-staniszewski,no-pic,0.0,AI voice cloning,Technology,M,Poland,1777596602659,,,1750.0,2348.0,2349.0,31.0,,2364.0,2274.0,1800.0,"Founder, ElevenLabs",False,,,,
JB Straubel,Straubel,jb-straubel,no-pic,0.12,Tesla,Automotive,M,United States,1777596602659,NV,Nevada,1798.946,2293.0,2293.0,50.0,https://specials-images.forbesimg.com/imageserve/67e4885b694d41cf5f8a6619/416x416.jpg?background=000000&cropX1=2&cropX2=887&cropY1=68&cropY2=953,2365.0,2274.0,1800.0,,,,,,
Rustem Sulteev,Sulteev,rustem-sulteev,rustem-sulteev,0.0,"Refinery, chemicals",Energy,M,Russia,1777596602659,,,1756.209,2340.0,2340.0,72.0,//specials-images.forbesimg.com/imageserve/5a80b4224bbe6f2652f53fd0/416x416.jpg?background=000000&cropX1=4&cropX2=2224&cropY1=9&cropY2=2228,2366.0,2274.0,1800.0,,,,,,
Hans Sy,Sy,hans-sy,no-pic,-30.465,Diversified,Diversified,M,Philippines,1777596602659,,,1500.518,2626.0,2626.0,70.0,//specials-images.forbesimg.com/imageserve/5e770874d8e1ae0007b728b1/416x416.jpg?background=000000&cropX1=1086&cropX2=5413&cropY1=9&cropY2=4339,2367.0,2274.0,1800.0,,,,,,
Herbert Sy,Sy,herbert-sy,no-pic,-30.357,Diversified,Diversified,M,Philippines,1777596602659,,,1470.504,2667.0,2667.0,69.0,//specials-images.forbesimg.com/imageserve/5c716f494bbe6f79c5474858/416x416.jpg?background=000000&cropX1=5&cropX2=927&cropY1=5&cropY2=927,2368.0,2274.0,1800.0,,,,,,
Tang Jinkui,Tang,tang-jinkui,no-pic,1.401,"Textiles, petrochemicals",Manufacturing,M,China,1777596602659,,,1846.791,2246.0,2246.0,70.0,,2369.0,2274.0,1800.0,,,,,,
Alexander Tkachev,Tkachev,alexander-tkachev,no-pic,0.0,Food & beverages,Food & Beverage,M,Russia,1777596602659,,,1802.676,2283.0,2283.0,65.0,,2370.0,2274.0,1800.0,,,,,,
Pieter van der Does,van der Does,pieter-van-der-does,no-pic,1.402,Payments software,Technology,M,Netherlands,1777596602659,,,1734.393,2368.0,2368.0,57.0,//specials-images.forbesimg.com/imageserve/5c7156744bbe6f79c54746ce/416x416.jpg?background=000000&cropX1=494&cropX2=2752&cropY1=77&cropY2=2333,2371.0,2274.0,1800.0,,,,,,
Shamsheer Vayalil,Vayalil,shamsheer-vayalil,shamsheer-vayalil,-32.138,Healthcare,Healthcare,M,India,1777596602659,,,1543.375,2572.0,2572.0,49.0,//specials-images.forbesimg.com/imageserve/59cc1beea7ea434a34f46d83/416x416.jpg?background=000000&cropX1=0&cropX2=426&cropY1=19&cropY2=445,2372.0,2274.0,1800.0,,,,,,
Wang Shuifu,Wang,wang-shuifu,no-pic,-9.898,Manufacturing,Manufacturing,M,China,1777596602659,,,1562.656,2547.0,2547.0,71.0,,2373.0,2274.0,1800.0,,,,,,
Wang Xicheng,Wang,wang-xicheng,no-pic,-17.744,Tires,Manufacturing,M,China,1777596602659,,,1639.392,2467.0,2467.0,77.0,,2374.0,2274.0,1800.0,,,,,,
Charlotte Colket Weber,Weber,charlotte-colket-weber,charlotte-colket-weber,3.018,Campbell Soup,Food & Beverage,F,United States,1777596602659,FL,Florida,1787.658,2297.0,2297.0,83.0,//specials-images.forbesimg.com/imageserve/4261ede6963e00c839342eb5e764441c/416x416.jpg?background=000000&cropX1=5&cropX2=669&cropY1=21&cropY2=685,2375.0,2274.0,1800.0,"Director, Campbell Soup",False,,,,
"Alfred West, Jr.",West,alfred-west-jr,no-pic,-3.144,Money management,Finance & Investments,M,United States,1777596602659,PA,Pennsylvania,1950.268,2142.0,2142.0,83.0,,2376.0,2274.0,1800.0,,,,,,
Alan Wilson,Wilson,alan-wilson,no-pic,24.636,Retailing,Fashion & Retail,M,Australia,1777596602659,,,1591.628,2505.0,2505.0,85.0,,2377.0,2274.0,1800.0,,,,,,
Bruce Wilson,Wilson,bruce-wilson,no-pic,24.636,Retailing,Fashion & Retail,M,Australia,1777596602659,,,1591.628,2505.0,2506.0,80.0,,2378.0,2274.0,1800.0,,,,,,
John Wilson,Wilson,john-wilson,no-pic,24.636,Retailing,Fashion & Retail,M,Australia,1777596602659,,,1591.628,2505.0,2507.0,88.0,,2379.0,2274.0,1800.0,,,,,,
Jon Winkelried,Winkelried,jon-winkelried,no-pic,27.831,"Private equity, banking",Finance & Investments,M,United States,1777596602659,CA,California,1783.316,2305.0,2305.0,66.0,https://specials-images.forbesimg.com/imageserve/682e4df2a35d9f93c86dac9a/416x416.jpg?background=000000&cropX1=389&cropX2=867&cropY1=44&cropY2=521,2380.0,2274.0,1800.0,,,,,,
Franziska Wuerbser,Wuerbser,franziska-wuerbser,no-pic-female,-33.508,Kitchen appliances,Manufacturing,F,Germany,1777596602659,,,1512.888,2613.0,2613.0,38.0,,2381.0,2274.0,1800.0,,,,,,
George Yancopoulos,Yancopoulos,george-yancopoulos,george-yancopoulos,36.313,Pharmaceuticals,Healthcare,M,United States,1777596602659,NY,New York,1631.364,2474.0,2474.0,66.0,//specials-images.forbesimg.com/imageserve/5b3a90d24bbe6f604389c909/416x416.jpg?background=000000&cropX1=1821&cropX2=3680&cropY1=1511&cropY2=3369,2382.0,2274.0,1800.0,,,,,,
Yu Kai,Yu,yu-kai,no-pic,-4.424,Autonomous driving,Technology,M,China,1777596602659,,,1603.783,2494.0,2494.0,49.0,,2383.0,2274.0,1800.0,,,,,,
Michael Minhong Yu,Yu,michael-minhong-yu,no-pic,27.674,Education,Service,M,China,1777596602659,,,1782.088,2307.0,2308.0,64.0,//specials-images.forbesimg.com/imageserve/5e792df4d8e1ae0007b75227/416x416.jpg?background=000000&cropX1=1296&cropX2=3940&cropY1=407&cropY2=3049,2384.0,2274.0,1800.0,,,,,,
Zhou Jian,Zhou,zhou-jian-1,no-pic,4.517,robotics,Technology,M,China,1777596602659,,,1596.039,2501.0,2501.0,49.0,https://specials-images.forbesimg.com/imageserve/6050f48ca1ab099ed6e290cc/416x416.jpg?background=000000&cropX1=0&cropX2=800&cropY1=0&cropY2=800,2385.0,2274.0,1800.0,,,,,,
Antti Aarnio-Wihuri,Aarnio-Wihuri,antti-aarnio-wihuri,no-pic,-14.585,Diversified,Diversified,M,Finland,1777596602659,,,1531.966,2587.0,2587.0,86.0,//specials-images.forbesimg.com/imageserve/58b739304bbe6f0e5587d172/416x416.jpg?background=000000&cropX1=0&cropX2=744&cropY1=176&cropY2=920,2386.0,2386.0,1700.0,,,,,,
Madhusudan Agarwal,Agarwal,madhusudan-agarwal,no-pic,0.0,Indian sweets and snacks,Food & Beverage,M,India,1777596602659,,,1716.6,2394.0,2394.0,70.0,,2387.0,2386.0,1700.0,,,,,,
Farkhad Akhmedov,Akhmedov,farkhad-akhmedov,farkhad-akhmedov,0.0,Investments,Energy,M,Russia,1777596602659,,,1687.0,2425.0,2425.0,70.0,//specials-images.forbesimg.com/imageserve/5c71cb9931358e35dd26fa12/416x416.jpg?background=000000&cropX1=140&cropX2=1588&cropY1=6&cropY2=1455,2388.0,2386.0,1700.0,,,,,,
Bang Si-hyuk,Bang,bang-si-hyuk,no-pic,,Entertainment,Media & Entertainment,M,South Korea,1776116816476,,,,,,53.0,https://specials-images.forbesimg.com/imageserve/69d925a03dac12a59d55c03a/416x416.jpg?background=000000&cropX1=394&cropX2=1814&cropY1=114&cropY2=1533,2389.0,2386.0,1700.0,,,,,,
Othman Benjelloun,Benjelloun,othman-benjelloun,othman-benjelloun,-3.508,"Banking, insurance",Finance & Investments,M,Morocco,1777596602659,,,1653.811,2455.0,2455.0,93.0,//specials-images.forbesimg.com/imageserve/589fd70c31358e1a35ab2cff/416x416.jpg?background=000000&cropX1=95&cropX2=744&cropY1=13&cropY2=662,2390.0,2386.0,1700.0,,,,,,
Barry Bentley,Bentley,barry-bentley,no-pic,-9.454,Software,Technology,M,United States,1777596602659,PA,Pennsylvania,1517.257,2606.0,2606.0,70.0,,2391.0,2386.0,1700.0,,,,,,
Lloyd Blankfein,Blankfein,lloyd-blankfein,lloyd-blankfein,13.045,Banking,Finance & Investments,M,United States,1777596602659,NY,New York,1707.806,2402.0,2402.0,71.0,http://specials-images.forbesimg.com/imageserve/572263414bbe6f6f9575032b/416x416.jpg?background=000000&cropX1=89&cropX2=728&cropY1=2&cropY2=641,2392.0,2386.0,1700.0,,,,,,
Ludwig Theodor Braun,Braun,ludwig-theodor-braun,no-pic,0.0,Medical technology,Healthcare,M,Germany,1777596602659,,,1668.188,2443.0,2443.0,36.0,,2393.0,2386.0,1700.0,,,,,,
Thomas Bruch,Bruch,thomas-bruch,thomas-bruch,0.0,Retail,Fashion & Retail,M,Germany,1777596602659,,,1685.972,2427.0,2427.0,76.0,//specials-images.forbesimg.com/imageserve/1edeb6db1484069b9169eba6abaacea4/416x416.jpg?background=000000&cropX1=5&cropX2=744&cropY1=6&cropY2=746,2394.0,2386.0,1700.0,,,,,,
Cai Zaihua,Cai,cai-zaihua,no-pic,-22.09,chemicals,Manufacturing,M,China,1777596602659,,,1447.472,2699.0,2699.0,63.0,,2395.0,2386.0,1700.0,,,,,,
Cao Ji,Cao,cao-ji,no-pic,-2.224,Manufacturing,Manufacturing,M,China,1777596602659,,,1865.719,2224.0,2224.0,74.0,,2396.0,2386.0,1700.0,,,,,,
Cao Jianwei,Cao,cao-jianwei,no-pic,23.917,Semiconductors,Manufacturing,M,China,1777596602659,,,1344.03,2841.0,2841.0,47.0,,2397.0,2386.0,1700.0,,,,,,
Chen Yung-tai,Chen,chen-yung-tai,chen-yung-tai,-2.713,Real estate,Real Estate,M,Taiwan,1777596602659,,,1659.908,2452.0,2452.0,90.0,https://specials-images.forbesimg.com/imageserve/63a0c8d1c894b4f0c7e82195/416x416.jpg?background=000000&cropX1=17&cropX2=1674&cropY1=0&cropY2=1658,2398.0,2386.0,1700.0,,,,,,
Ivan Chrenko,Chrenko,ivan-chrenko,no-pic,0.0,Real estate,Real Estate,M,Slovakia,1777596602659,,,1723.412,2385.0,2385.0,58.0,//specials-images.forbesimg.com/imageserve/5c71f307a7ea431000434ea4/416x416.jpg?background=000000&cropX1=132&cropX2=612&cropY1=2&cropY2=481,2399.0,2386.0,1700.0,,,,,,
Chu Jian,Chu,chu-jian-1,no-pic,39.699,Manufacturing,Manufacturing,M,China,1777596602659,,,1734.97,2367.0,2367.0,63.0,,2400.0,2386.0,1700.0,,,,,,
Jack Cogen,Cogen,jack-cogen,no-pic,-39.185,Technology,Technology,M,United States,1777596602658,NY,New York,2209.796,1890.0,1890.0,70.0,,2401.0,2386.0,1700.0,,,,,,
Sasson Dayan,Dayan,sasson-dayan,no-pic,0.0,Banking,Finance & Investments,M,Brazil,1777596602659,,,1718.014,2391.0,2391.0,86.0,,2402.0,2386.0,1700.0,,,,,,
Diego Della Valle,Della Valle,diego-della-valle,diego-della-valle,-0.508,Shoes,Fashion & Retail,M,Italy,1777596602659,,,1662.97,2448.0,2448.0,72.0,https://specials-images.forbesimg.com/imageserve/6408df7a1db294f683ffe093/416x416.jpg?background=000000&cropX1=723&cropX2=2065&cropY1=59&cropY2=1400,2403.0,2386.0,1700.0,,,,,,
Christian Dreyer,Dreyer,christian-dreyer,no-pic,0.0,Agricultural Machinery,Manufacturing,M,Germany,1777596602659,,,1702.352,2405.0,2405.0,61.0,,2404.0,2386.0,1700.0,,,,,,
Justus Dreyer,Dreyer,justus-dreyer,no-pic,0.0,Agricultural Machinery,Manufacturing,M,Germany,1777596602659,,,1702.352,2405.0,2406.0,55.0,,2405.0,2386.0,1700.0,,,,,,
Fang Hongbo,Fang,fang-hongbo,no-pic,-3.596,Home appliances,Manufacturing,M,China,1777596602659,,,1762.831,2327.0,2327.0,59.0,//specials-images.forbesimg.com/imageserve/5a8751a34bbe6f2652f5cacf/416x416.jpg?background=000000&cropX1=863&cropX2=3423&cropY1=109&cropY2=2667,2406.0,2386.0,1700.0,,,,,,
Artur Grynbaum,Grynbaum,artur-grynbaum-1,no-pic,0.0,Cosmetics,Fashion & Retail,M,Brazil,1777596602659,,,1714.427,2396.0,2396.0,57.0,,2407.0,2386.0,1700.0,,,,,,
Hao Hong,Hao,hao-hong,no-pic,-17.421,Pharmaceuticals,Healthcare,M,United States,1777596602659,,,2067.074,2014.0,2014.0,70.0,https://specials-images.forbesimg.com/imageserve/6050f48ca1ab099ed6e290cc/416x416.jpg?background=000000&cropX1=0&cropX2=800&cropY1=0&cropY2=800,2408.0,2386.0,1700.0,,,,,,
Eric Hémar,Hémar,eric-hemar,no-pic,10.565,Logistics,Logistics,M,France,1777596602659,,,1523.981,2595.0,2595.0,63.0,https://specials-images.forbesimg.com/imageserve/67d44f1e75bf0ed2174338b5/416x416.jpg?background=000000&cropX1=523&cropX2=1703&cropY1=16&cropY2=1194,2409.0,2386.0,1700.0,,,,,,
Huang Xu,Huang,huang-xu,no-pic,5.166,semiconductor,Technology,M,China,1777596602659,,,1782.641,2306.0,2306.0,58.0,,2410.0,2386.0,1700.0,,,,,,
Harvey Jones,Jones,harvey-jones,no-pic,-67.114,Nvidia,Technology,M,United States,1777596602659,FL,Florida,1881.915,2198.0,2198.0,73.0,,2411.0,2386.0,1700.0,,,,,,
Igor Khudokormov,Khudokormov,igor-khudokormov,no-pic,0.0,Agriculture,Food & Beverage,M,Russia,1777596602659,,,1728.84,2375.0,2375.0,58.0,,2412.0,2386.0,1700.0,,,,,,
Kim Jung-min,Kim,kim-jung-min,no-pic-female,-13.3,Online gaming,Media & Entertainment,F,South Korea,1777596602659,,,1487.838,2648.0,2648.0,24.0,,2413.0,2386.0,1700.0,,,,,,
Kim Jung-youn,Kim,kim-jung-youn,no-pic-female,-13.3,Online gaming,Media & Entertainment,F,South Korea,1777596602659,,,1487.841,2647.0,2647.0,22.0,,2414.0,2386.0,1700.0,,,,,,
Carsten Koerl,Koerl,carsten-koerl,no-pic,34.489,Sports data,Sports,M,Germany,1777596602659,,,1312.714,2879.0,2879.0,61.0,https://specials-images.forbesimg.com/imageserve/624600d3f81acecef88590d2/416x416.jpg?background=000000&cropX1=0&cropX2=600&cropY1=0&cropY2=600,2415.0,2386.0,1700.0,,,,,,
Lai Jianfa,Lai,lai-jianfa,no-pic,13.959,Express delivery,Logistics,M,China,1777596602659,,,1732.686,2371.0,2371.0,,,2416.0,2386.0,1700.0,,,,,,
Guy Laliberté,Laliberté,guy-laliberte,guy-laliberte,0.0,Cirque du Soleil,Media & Entertainment,M,Canada,1777596602659,,,1697.711,2414.0,2414.0,66.0,//specials-images.forbesimg.com/imageserve/5e7b96a008d8460006c88c6e/416x416.jpg?background=000000&cropX1=1567&cropX2=3690&cropY1=1035&cropY2=3159,2417.0,2386.0,1700.0,"Cofounder and CEO, Cirque du Soleil",False,,,,
Margarita Latsis Catsiapis,Latsis Catsiapis,margarita-latsis-catsiapis,no-pic-female,8.652,"banking, shipping",Diversified,F,Greece,1777596602659,,,1544.441,2569.0,2569.0,64.0,,2418.0,2386.0,1700.0,,,,,,
Lau Cho Kun,Lau,lau-cho-kun,lau-cho-kun,3.04,"Palm oil, property",Diversified,M,Malaysia,1777596602659,,,1701.081,2408.0,2408.0,90.0,https://specials-images.forbesimg.com/imageserve/6050f48ca1ab099ed6e290cc/416x416.jpg?background=000000&cropX1=0&cropX2=800&cropY1=0&cropY2=800,2419.0,2386.0,1700.0,,,,,,
Mariarosa Lavelli,Lavelli,mariarosa-lavelli,no-pic-female,87.99,Microchip testing,Manufacturing,F,Italy,1777596602659,,,1759.144,2335.0,2335.0,82.0,,2420.0,2386.0,1700.0,,,,,,
Lee Hae-jin,Lee,lee-hae-jin,lee-hae-jin,-37.537,Internet,Technology,M,South Korea,1777596602659,,,1451.255,2689.0,2689.0,58.0,https://specials-images.forbesimg.com/imageserve/643e9b3d51ee8eed2ea008c1/416x416.jpg?background=000000&cropX1=834&cropX2=3371&cropY1=131&cropY2=2668,2421.0,2386.0,1700.0,NAVER Corp.,False,,,,
Vladimir Leshchikov,Leshchikov,vladimir-leshchikov,no-pic,0.0,real estate,Real Estate,M,Russia,1777596602659,,,1700.0,2410.0,2412.0,69.0,//specials-images.forbesimg.com/imageserve/5e626fa5e1e61700075904f9/416x416.jpg?background=000000&cropX1=467&cropX2=2618&cropY1=120&cropY2=2272,2422.0,2386.0,1700.0,,,,,,
Charles Liang,Liang,charles-liang,no-pic,57.523,Computer hardware,Technology,M,United States,1777596602659,CA,California,1457.809,2686.0,2686.0,68.0,https://specials-images.forbesimg.com/imageserve/66180c20115beb795c4d7c7d/416x416.jpg?background=000000&cropX1=298&cropX2=950&cropY1=85&cropY2=737,2423.0,2386.0,1700.0,,,,,,
Liang Yunchao,Liang,liang-yunchao,liang-yunchao,-5.2,Nutritional supplements,Food & Beverage,M,China,1777596602659,,,1569.532,2534.0,2534.0,57.0,//specials-images.forbesimg.com/imageserve/05045a69750222dbe55bce25e523ad1c/416x416.jpg?background=000000&cropX1=3&cropX2=744&cropY1=224&cropY2=965,2424.0,2386.0,1700.0,,,,,,
Lin Fanlian,Lin,lin-fanlian,no-pic,0.0,"Energy, real estate",Energy,M,China,1777596602659,,,1716.912,2393.0,2393.0,64.0,,2425.0,2386.0,1700.0,,,,,,
K.C. Liu,Liu,kc-liu,no-pic,-26.203,Manufacturing,Technology,M,Taiwan,1777596602659,,,1724.483,2383.0,2383.0,72.0,https://specials-images.forbesimg.com/imageserve/643ffd38c3782c135b1e5605/416x416.jpg?background=000000&cropX1=0&cropX2=395&cropY1=0&cropY2=395,2426.0,2386.0,1700.0,,,,,,
Aloke Lohia,Lohia,aloke-lohia,aloke-lohia,13.905,Petrochemicals,Manufacturing,M,India,1777596602659,,,1759.159,2334.0,2334.0,67.0,https://specials-images.forbesimg.com/imageserve/667c412c46e26fbd07537c08/416x416.jpg?background=000000&cropX1=213&cropX2=1709&cropY1=26&cropY2=1521,2427.0,2386.0,1700.0,,,,,,
Brandt Louie,Louie,brandt-louie,brandt-louie,0.0,Drugstores,Food & Beverage,M,Canada,1777596602659,,,1695.935,2415.0,2415.0,82.0,//specials-images.forbesimg.com/imageserve/5a8df41731358e4955adff40/416x416.jpg?background=000000&cropX1=3&cropX2=1265&cropY1=49&cropY2=1312,2428.0,2386.0,1700.0,,,,,,
Lu Di,Lu,lu-di,no-pic,0.0,Drones,Technology,M,China,1777596602659,,,1680.0,2431.0,2431.0,,,2429.0,2386.0,1700.0,,,,,,
"Cargill MacMillan, III.",MacMillan,cargill-macmillan-iii,no-pic,0.0,Cargill,Food & Beverage,M,United States,1777596602659,CO,Colorado,1736.499,2363.0,2363.0,66.0,,2430.0,2386.0,1700.0,,,,,,
John MacMillan,MacMillan,john-macmillan-1,no-pic,0.0,Cargill,Food & Beverage,M,United States,1777596602659,MN,Minnesota,1736.499,2363.0,2364.0,76.0,,2431.0,2386.0,1700.0,,,,,,
Martha MacMillan,MacMillan,martha-macmillan,no-pic-female,0.0,Cargill,Food & Beverage,F,United States,1777596602659,MN,Minnesota,1736.499,2363.0,2365.0,74.0,//specials-images.forbesimg.com/imageserve/5a908f9b31358e79a28a1f10/416x416.jpg?background=000000&cropX1=103&cropX2=2410&cropY1=686&cropY2=2992,2432.0,2386.0,1700.0,,,,,,
William MacMillan,MacMillan,william-macmillan,no-pic,0.0,Cargill,Food & Beverage,M,United States,1777596602659,CO,Colorado,1736.499,2363.0,2366.0,71.0,,2433.0,2386.0,1700.0,,,,,,
Satish Mehta,Mehta,satish-mehta,satish-mehta,-57.76,Pharmaceuticals,Healthcare,M,India,1777596602659,,,1859.186,2230.0,2230.0,75.0,http://specials-images.forbesimg.com/imageserve/57dc49a531358e16c589a744/416x416.jpg?background=000000&cropX1=209&cropX2=694&cropY1=118&cropY2=603,2434.0,2386.0,1700.0,,,,,,
Ulrich Mommert,Mommert,ulrich-mommert,no-pic,0.0,Lighting,Automotive,M,Austria,1777596602659,,,1712.882,2400.0,2400.0,85.0,,2435.0,2386.0,1700.0,,,,,,
Jahm Najafi,Najafi,jahm-najafi,no-pic,0.0,Investments,Finance & Investments,M,United States,1777596602659,AZ,Arizona,1667.0,2444.0,2444.0,63.0,,2436.0,2386.0,1700.0,,,,,,
Helene Odfjell,Odfjell,helene-odfjell,no-pic-female,17.482,Drilling,Construction & Engineering,F,Norway,1777596602659,,,1688.18,2423.0,2423.0,60.0,,2437.0,2386.0,1700.0,,,,,,
Sam Pollock,Pollock,sam-pollock,no-pic,65.241,Private equity,Finance & Investments,M,Canada,1777596602659,,,1756.834,2339.0,2339.0,59.0,,2438.0,2386.0,1700.0,,,,,,
Ren Jianhua,Ren,ren-jianhua,ren-jianhua,-26.383,Kitchen appliances,Manufacturing,M,China,1777596602659,,,1515.68,2609.0,2609.0,69.0,//specials-images.forbesimg.com/imageserve/562a5a9ee4b0ffa7afe63015/416x416.jpg?background=000000&cropX1=2&cropX2=744&cropY1=84&cropY2=827,2439.0,2386.0,1700.0,,,,,,
Francisco Jose Riberas Mera,Riberas Mera,francisco-jose-riberas-mera,no-pic,14.471,"Steel, autoparts",Manufacturing,M,Spain,1777596602659,,,1660.767,2451.0,2451.0,61.0,//specials-images.forbesimg.com/imageserve/5c7210a14bbe6f51818ab809/416x416.jpg?background=000000&cropX1=2004&cropX2=4114&cropY1=24&cropY2=2132,2440.0,2386.0,1700.0,,,,,,
Juan Maria Riberas Mera,Riberas Mera,juan-maria-riberas-mera,no-pic,14.656,"Steel, investments",Metals & Mining,M,Spain,1777596602659,,,1653.208,2458.0,2458.0,57.0,,2441.0,2386.0,1700.0,,,,,,
Martine Rothblatt,Rothblatt,martine-rothblatt,martine-rothblatt,0.804,Pharmaceuticals,Healthcare,F,United States,1777596602659,FL,Florida,1873.403,2205.0,2205.0,71.0,https://specials-images.forbesimg.com/imageserve/64c4171fe52717eb5716a800/416x416.jpg?background=000000&cropX1=0&cropX2=1080&cropY1=0&cropY2=1080,2442.0,2386.0,1700.0,"Founder & CEO, United Therapeutics",False,,,,
Carlos Sanchez,Sanchez,carlos-sanchez,carlos-sanchez,0.0,Generic drugs,Healthcare,M,Brazil,1777596602659,,,1719.755,2388.0,2388.0,64.0,//specials-images.forbesimg.com/imageserve/58a0f626a7ea431f32195be9/416x416.jpg?background=000000&cropX1=0&cropX2=744&cropY1=29&cropY2=773,2443.0,2386.0,1700.0,,,,,,
Steven Sarowitz,Sarowitz,steven-sarowitz,no-pic,-20.724,Payroll software,Technology,M,United States,1777596602659,IL,Illinois,1678.528,2434.0,2434.0,60.0,,2444.0,2386.0,1700.0,,,,,,
Ivan Savvidis,Savvidis,ivan-savvidis,no-pic,-2.58,Agribusiness,Diversified,M,Russia,1777596602659,,,1701.172,2407.0,2407.0,67.0,//specials-images.forbesimg.com/imageserve/5e777ee0c7b02d000666d7e9/416x416.jpg?background=000000&cropX1=579&cropX2=2273&cropY1=21&cropY2=1716,2445.0,2386.0,1700.0,,,,,,
James Scapa,Scapa,james-scapa,no-pic,0.0,Software,Technology,M,United States,1777596602659,CA,California,1732.767,2370.0,2370.0,69.0,https://specials-images.forbesimg.com/imageserve/606c7439b17c51af5331e4a1/416x416.jpg?background=000000&cropX1=0&cropX2=1500&cropY1=54&cropY2=1554,2446.0,2386.0,1700.0,,,,,,
Phil Shawe,Shawe,phil-shawe,no-pic,0.0,Translation services,Technology,M,United States,1777596602659,,Puerto Rico,1680.0,2431.0,2432.0,56.0,https://specials-images.forbesimg.com/imageserve/67e47ee2ba2552498d0229ee/416x416.jpg?background=000000&cropX1=0&cropX2=1444&cropY1=260&cropY2=1703,2447.0,2386.0,1700.0,,,,,,
S.D. Shibulal,Shibulal,sd-shibulal,sd-shibulal,8.806,Software services,Technology,M,India,1777596602659,,,1603.57,2495.0,2495.0,71.0,//specials-images.forbesimg.com/imageserve/5e76a8df10380d0006fbb6e9/416x416.jpg?background=000000&cropX1=691&cropX2=2982&cropY1=377&cropY2=2666,2448.0,2386.0,1700.0,,,,,,
Sergey Shishkarev,Shishkarev,sergey-shishkarev,no-pic,0.0,Transport,Logistics,M,Russia,1777596602659,,,1718.213,2390.0,2390.0,58.0,,2449.0,2386.0,1700.0,,,,,,
Leonid Simanovsky,Simanovsky,leonid-simanovsky,leonid-simanovsky,0.0,Investments,Finance & Investments,M,Russia,1777596602659,,,1653.614,2457.0,2457.0,76.0,https://specials-images.forbesimg.com/imageserve/62471cd5f49c0f4de3eac76b/416x416.jpg?background=000000&cropX1=163&cropX2=2292&cropY1=0&cropY2=2127,2450.0,2386.0,1700.0,,,,,,
Hal Steinbrenner,Steinbrenner,hal-steinbrenner,no-pic,0.0,Sports,Sports,M,United States,1777596602659,FL,Florida,1727.149,2376.0,2376.0,57.0,,2451.0,2386.0,1700.0,,,,,,
Jessica Steinbrenner,Steinbrenner,jessica-steinbrenner,no-pic-female,0.0,Sports,Sports,F,United States,1777596602659,FL,Florida,1727.149,2376.0,2378.0,62.0,,2452.0,2386.0,1700.0,,,,,,
Jennifer Steinbrenner Swindal,Steinbrenner Swindal,jennifer-steinbrenner-swindal,no-pic-female,0.0,Sports,Sports,F,United States,1777596602659,FL,Florida,1727.149,2376.0,2377.0,66.0,,2453.0,2386.0,1700.0,,,,,,
Harley Sy,Sy,harley-sy,no-pic,-28.009,Diversified,Diversified,M,Philippines,1777596602659,,,1353.107,2825.0,2825.0,66.0,,2454.0,2386.0,1700.0,,,,,,
Sze Man Bok,Sze,sze-man-bok,sze-man-bok,-10.37,Hygiene products,Manufacturing,M,China,1777596602659,,,1580.865,2517.0,2517.0,76.0,https://specials-images.forbesimg.com/imageserve/6050f48ca1ab099ed6e290cc/416x416.jpg?background=000000&cropX1=0&cropX2=800&cropY1=0&cropY2=800,2455.0,2386.0,1700.0,,,,,,
Andrew Tan,Tan,andrew-tan,andrew-tan,-18.188,Diversified,Diversified,M,Philippines,1777596602659,,,1599.831,2496.0,2496.0,74.0,https://specials-images.forbesimg.com/imageserve/612e4661a7757a542e4e4bdc/416x416.jpg?background=000000&cropX1=0&cropX2=1094&cropY1=0&cropY2=1094,2456.0,2386.0,1700.0,,,,,,
Min-Liang Tan,Tan,min-liang-tan,min-liang-tan,0.0,Gaming hardware,Media & Entertainment,M,Singapore,1777596602659,,,1647.003,2463.0,2463.0,48.0,https://specials-images.forbesimg.com/imageserve/68b73403eaf3e2b4535fa66d/416x416.jpg?background=000000&cropX1=241&cropX2=802&cropY1=70&cropY2=631,2457.0,2386.0,1700.0,,,,,,
Tang Xiuguo,Tang,tang-xiuguo,tang-xiuguo,-42.858,Manufacturing,Manufacturing,M,China,1777596602659,,,1436.458,2712.0,2712.0,62.0,,2458.0,2386.0,1700.0,,,,,,
Andrew Tisch,Tisch,andrew-tisch,no-pic,19.903,Loews,Diversified,M,United States,1777596602659,NY,New York,1700.256,2409.0,2409.0,76.0,https://specials-images.forbesimg.com/imageserve/661ef3ceab3bbae1c4057b52/416x416.jpg?background=000000&cropX1=50&cropX2=521&cropY1=161&cropY2=632,2459.0,2386.0,1700.0,,,,,,
Torsten Toeller,Toeller,torsten-toeller,torsten-toeller,0.0,Pet food,Fashion & Retail,M,Germany,1777596602659,,,1651.158,2460.0,2460.0,60.0,//specials-images.forbesimg.com/imageserve/5e763984c7b02d000666c988/416x416.jpg?background=000000&cropX1=2043&cropX2=4382&cropY1=9&cropY2=2346,2460.0,2386.0,1700.0,,,,,,
Kenny Troutt,Troutt,kenny-troutt,kenny-troutt,0.0,Telecom,Telecom,M,United States,1777596602659,TX,Texas,1653.205,2459.0,2459.0,78.0,//specials-images.forbesimg.com/imageserve/b491c82df35b9f005aeda31736537e21/416x416.jpg?background=000000&cropX1=0&cropX2=744&cropY1=98&cropY2=842,2461.0,2386.0,1700.0,,,,,,
Igor Tulchinsky,Tulchinsky,igor-tulchinsky,no-pic,0.0,Hedge funds,Finance & Investments,M,United States,1777596602659,CT,Connecticut,1700.0,2410.0,2410.0,59.0,https://specials-images.forbesimg.com/imageserve/67e485c31e09326801db411a/416x416.jpg?background=000000&cropX1=190&cropX2=2211&cropY1=0&cropY2=2020,2462.0,2386.0,1700.0,,,,,,
Paul Van Zuydam,Van Zuydam,paul-van-zuydam,no-pic,0.0,Le Creuset,Manufacturing,M,South Africa,1777596602659,,,1714.354,2397.0,2397.0,88.0,,2463.0,2386.0,1700.0,,,,,,
Pacal Vanhalst,Vanhalst,pacal-vanhalst,no-pic,0.0,Industrial and agricultural equipment parts,Finance & Investments,M,Belgium,1777596602659,,,1680.787,2430.0,2430.0,56.0,,2464.0,2386.0,1700.0,,,,,,
Sandro Veronesi,Veronesi,sandro-veronesi,sandro-veronesi,190.582,Fashion,Fashion & Retail,M,Italy,1777596602659,,,1916.775,2165.0,2165.0,66.0,//specials-images.forbesimg.com/imageserve/5e76db69d8e1ae0007b726aa/416x416.jpg?background=000000&cropX1=170&cropX2=1398&cropY1=13&cropY2=1241,2465.0,2386.0,1700.0,,,,,,
Ricardo Villela Marino,Villela Marino,ricardo-villela-marino,no-pic,21.448,Banking,Finance & Investments,M,Brazil,1777596602659,,,1713.983,2398.0,2398.0,52.0,//specials-images.forbesimg.com/imageserve/5c6cd48fa7ea437e33f376cb/416x416.jpg?background=000000&cropX1=22&cropX2=2201&cropY1=13&cropY2=2194,2466.0,2386.0,1700.0,,,,,,
Rodolfo Villela Marino,Villela Marino,rodolfo-villela-marino,no-pic,21.448,banking,Finance & Investments,M,Brazil,1777596602659,,,1712.4,2401.0,2401.0,50.0,,2467.0,2386.0,1700.0,,,,,,
Eduardo Voigt Schwartz,Voigt Schwartz,eduardo-voigt-schwartz,no-pic,24.573,Industrial Machinery,Manufacturing,M,Brazil,1777596602659,,,1596.151,2499.0,2499.0,36.0,,2468.0,2386.0,1700.0,,,,,,
Mariana Voigt Schwartz Gomes,Voigt Schwartz Gomes,mariana-voigt-schwartz-gomes,no-pic-female,24.573,Industrial Machinery,Manufacturing,F,Brazil,1777596602659,,,1596.151,2499.0,2500.0,40.0,,2469.0,2386.0,1700.0,,,,,,
Wang Chaobin,Wang,wang-chaobin,wang-chaobin,0.0,Real estate,Real Estate,M,China,1777596602659,,,1700.0,2410.0,2413.0,70.0,//specials-images.forbesimg.com/imageserve/5c6ed65ea7ea431000430c84/416x416.jpg?background=000000&cropX1=1041&cropX2=2755&cropY1=287&cropY2=2000,2470.0,2386.0,1700.0,,,,,,
Richard Warke,Warke,richard-warke,no-pic,29.787,Mining,Metals & Mining,M,Canada,1777596602659,,,1532.748,2586.0,2586.0,66.0,https://specials-images.forbesimg.com/imageserve/624618188401e733d6503f2e/416x416.jpg?background=000000&cropX1=0&cropX2=300&cropY1=0&cropY2=300,2471.0,2386.0,1700.0,,,,,,
Xiang Wenbo,Xiang,xiang-wenbo,xiang-wenbo,-39.291,Manufacturing,Manufacturing,M,China,1777596602659,,,1439.779,2705.0,2705.0,63.0,,2472.0,2386.0,1700.0,,,,,,
Tony Xu,Xu,tony-xu,no-pic,-5.109,food delivery service,Technology,M,United States,1777596602659,CA,California,1620.421,2482.0,2482.0,41.0,https://specials-images.forbesimg.com/imageserve/6022e7378d2f6211a3daf44a/416x416.jpg?background=000000&cropX1=81&cropX2=2035&cropY1=34&cropY2=1988,2473.0,2386.0,1700.0,,,,,,
Ye Xiaoping,Ye,ye-xiaoping,no-pic,-30.607,Pharmaceuticals,Healthcare,M,China,1777596602659,,,1612.795,2488.0,2488.0,63.0,,2474.0,2386.0,1700.0,,,,,,
Yoshiaki Yoshida,Yoshida,yoshiaki-yoshida,no-pic,0.0,Cosmetics,Fashion & Retail,M,Japan,1777596602659,,,1609.656,2490.0,2490.0,85.0,https://specials-images.forbesimg.com/imageserve/683dccfd49775f8d463579b4/416x416.jpg?background=000000&cropX1=0&cropX2=800&cropY1=0&cropY2=800,2475.0,2386.0,1700.0,,,,,,
Yu Qibing,Yu,yu-qibing,no-pic,-27.975,Glass,Manufacturing,M,China,1777596602659,,,1564.412,2545.0,2545.0,60.0,,2476.0,2386.0,1700.0,,,,,,
Yuan Zhongxue,Yuan,yuan-zhongxue,no-pic,-41.736,Tires,Manufacturing,M,China,1777596602659,,,1547.43,2568.0,2568.0,71.0,,2477.0,2386.0,1700.0,,,,,,
Zeng Kaitian,Zeng,zeng-kaitian,no-pic,-19.744,Online games,Technology,M,China,1777596602659,,,1581.73,2515.0,2515.0,51.0,,2478.0,2386.0,1700.0,,,,,,
Zhang Yubo,Zhang,zhang-yubo,no-pic,74.712,Semiconductor,Manufacturing,M,China,1777596602659,,,2048.688,2030.0,2030.0,41.0,,2479.0,2386.0,1700.0,,,,,,
Ivan Zhao,Zhao,ivan-zhao,no-pic,0.0,Software,Technology,M,Canada,1777596602659,CA,California,1700.0,2410.0,2411.0,39.0,,2480.0,2386.0,1700.0,,,,,,
Mohammad Abunayyan,Abunayyan,mohammad-abunayyan,no-pic,-8.043,Diversified,Diversified,M,Saudi Arabia,1777596602659,,,1620.118,2483.0,2483.0,63.0,https://specials-images.forbesimg.com/imageserve/67e459c39da6d4016563b5ad/416x416.jpg?background=000000&cropX1=1371&cropX2=2297&cropY1=188&cropY2=1113,2481.0,2481.0,1600.0,,,,,,
A. Jayson Adair,Adair,a-jayson-adair,no-pic,-7.389,Damaged cars,Automotive,M,United States,1777596602659,TX,Texas,1388.126,2784.0,2784.0,56.0,https://specials-images.forbesimg.com/imageserve/5fb529400560bf6784deea95/416x416.jpg?background=000000&cropX1=887&cropX2=1362&cropY1=707&cropY2=1183,2482.0,2481.0,1600.0,,,,,,
Sanjay Agarwal,Agarwal,sanjay-agarwal,no-pic,0.16,Banking,Finance & Investments,M,India,1777596602659,,,1632.966,2472.0,2472.0,55.0,https://specials-images.forbesimg.com/imageserve/603d155ee1bade0139e7000c/416x416.jpg?background=000000&cropX1=119&cropX2=1036&cropY1=33&cropY2=951,2483.0,2481.0,1600.0,,,,,,
Aziz Akhannouch,Akhannouch,aziz-akhannouch,aziz-akhannouch,0.0,"Petroleum, diversified",Diversified,M,Morocco,1777596602659,,,1596.91,2498.0,2498.0,65.0,//specials-images.forbesimg.com/imageserve/5a7fd2694bbe6f2652f536c4/416x416.jpg?background=000000&cropX1=286&cropX2=2317&cropY1=16&cropY2=2049,2484.0,2481.0,1600.0,,,,,,
Dmitry Alexeyev,Alexeyev,dmitry-alexeyev,no-pic,0.0,Retail,Fashion & Retail,M,Russia,1777596602659,,,1622.005,2481.0,2481.0,51.0,,2485.0,2481.0,1600.0,,,,,,
Akirov Alfred,Alfred,akirov-alfred,no-pic,-13.439,Real estate,Real Estate,M,Israel,1777596602659,,,1714.911,2395.0,2395.0,85.0,,2486.0,2481.0,1600.0,,,,,,
Jeremy Allaire,Allaire,jeremy-allaire,no-pic,-86.94,Cryptocurrency,Finance & Investments,M,United States,1777596602659,MA,Massachusetts,1725.278,2381.0,2381.0,54.0,,2487.0,2481.0,1600.0,,,,,,
Patricia Angelini Rossi,Angelini Rossi,patricia-angelini-rossi,patricia-angelini-rossi,9.488,"Forestry, mining",Diversified,F,Chile,1777596602659,,,1605.652,2492.0,2492.0,72.0,//specials-images.forbesimg.com/imageserve/5a6759cca7ea4316901185ea/416x416.jpg?background=000000&cropX1=200&cropX2=770&cropY1=42&cropY2=612,2488.0,2481.0,1600.0,,,,,,
Ben Ashkenazy,Ashkenazy,ben-ashkenazy,no-pic,0.0,Real estate,Real Estate,M,United States,1777596602659,NY,New York,1570.873,2533.0,2533.0,56.0,//specials-images.forbesimg.com/imageserve/59ef795e4bbe6f37dda1056d/416x416.jpg?background=000000&cropX1=1613&cropX2=3298&cropY1=1291&cropY2=2975,2489.0,2481.0,1600.0,,,,,,
Kapil Bhatia,Bhatia,kapil-bhatia,no-pic,-13.085,Aviation,Service,M,India,1777596602659,,,1409.429,2751.0,2751.0,93.0,,2490.0,2481.0,1600.0,,,,,,
Annika Bootsman Kleberg,Bootsman Kleberg,annika-bootsman-kleberg,no-pic-female,4.307,Shipping,Logistics,F,Sweden,1777596602659,,,1510.0,2616.0,2616.0,60.0,,2491.0,2481.0,1600.0,,,,,,
R.G. Chandramogan,Chandramogan,rg-chandramogan,no-pic,-4.296,Dairy,Food & Beverage,M,India,1777596602659,,,1693.303,2416.0,2416.0,77.0,//specials-images.forbesimg.com/imageserve/5a8f033d4bbe6f0fa82645d1/416x416.jpg?background=000000&cropX1=178&cropX2=3434&cropY1=600&cropY2=3859,2492.0,2481.0,1600.0,,,,,,
Chen Shiliang,Chen,chen-shiliang,no-pic,75.317,Polyester,Manufacturing,M,China,1777596602659,,,1645.546,2464.0,2464.0,62.0,,2493.0,2481.0,1600.0,,,,,,
Chen Zhisong,Chen,chen-zhisong,no-pic,-9.8,Communication equipment,Technology,M,China,1777596602659,,,1549.802,2561.0,2561.0,60.0,,2494.0,2481.0,1600.0,,,,,,
Cheng Zhenghui,Cheng,cheng-zhenghui,no-pic,-16.853,medical equipment,Healthcare,M,China,1777596602659,,,1570.983,2532.0,2532.0,61.0,,2495.0,2481.0,1600.0,,,,,,
Chu Mang Yee,Chu,chu-mang-yee,chu-mang-yee,594.385,Real estate,Real Estate,M,China,1777596602659,,,2049.348,2029.0,2029.0,66.0,//specials-images.forbesimg.com/imageserve/33f3416ee4f4e17cb8ea4cf680b1179c/416x416.jpg?background=000000&cropX1=0&cropX2=688&cropY1=3&cropY2=691,2496.0,2481.0,1600.0,,,,,,
Lucio Co,Co,lucio-co,lucio-co,4.264,Retail,Fashion & Retail,M,Philippines,1777596602659,,,1432.865,2717.0,2717.0,71.0,,2497.0,2481.0,1600.0,,,,,,
Agustín Coppel Luken,Coppel Luken,agustin-coppel-luken,no-pic,0.0,Diversified,Fashion & Retail,M,Mexico,1777596602659,,,1583.011,2513.0,2513.0,64.0,https://specials-images.forbesimg.com/imageserve/661d649009c7f89309117c9d/416x416.jpg?background=000000&cropX1=468&cropX2=1145&cropY1=13&cropY2=690,2498.0,2481.0,1600.0,,,,,,
Bharat Desai,Desai,bharat-desai,bharat-desai,0.0,IT consulting,Technology,M,United States,1777596602659,FL,Florida,1557.0,2554.0,2554.0,73.0,//specials-images.forbesimg.com/imageserve/73371aed5d8a47d09f73069801fb7c45/416x416.jpg?background=000000&cropX1=206&cropX2=522&cropY1=60&cropY2=375,2499.0,2481.0,1600.0,"Chairman and Co-founder, Syntel",False,,,,
Viren Doshi,Doshi,viren-doshi,no-pic,-211.985,Solar modules,Energy,M,India,1777596602659,,,1758.025,2336.0,2336.0,57.0,https://specials-images.forbesimg.com/imageserve/691384582838ab40f69dbcf6/416x416.jpg?background=000000&cropX1=0&cropX2=3136&cropY1=128&cropY2=3266,2500.0,2481.0,1600.0,,,,,,
Bulent Eczacibasi,Eczacibasi,bulent-eczacibasi,bulent-eczacibasi,-11.317,"Pharmaceuticals, diversified",Diversified,M,Turkey,1777596602659,,,1539.438,2578.0,2578.0,76.0,//specials-images.forbesimg.com/imageserve/5e77df7e10380d0006fbc7f3/416x416.jpg?background=000000&cropX1=1077&cropX2=5200&cropY1=56&cropY2=4176,2501.0,2481.0,1600.0,,,,,,
Fernando Espinosa Abdalá,Espinosa Abdalá,fernando-espinosa-abdala,no-pic,0.0,Pharmaceuticals,Healthcare,M,Mexico,1777596602659,,,1574.849,2529.0,2529.0,76.0,,2502.0,2481.0,1600.0,,,,,,
Leopoldo Espinosa Abdalá,Espinosa Abdalá,leopoldo-espinosa-abdala,no-pic,0.0,Pharmaceutical,Healthcare,M,Mexico,1777596602659,,,1574.849,2529.0,2530.0,,,2503.0,2481.0,1600.0,,,,,,
Richard Fairbank,Fairbank,richard-fairbank,no-pic,1.878,banking,Finance & Investments,M,United States,1777596602659,VA,Virginia,1583.893,2512.0,2512.0,75.0,https://specials-images.forbesimg.com/imageserve/6246165f16d976ab03503f2b/416x416.jpg?background=000000&cropX1=105&cropX2=1782&cropY1=41&cropY2=1719,2504.0,2481.0,1600.0,,,,,,
Dylan Field,Field,dylan-field,no-pic,,Software,Technology,M,United States,1773097265800,CA,California,,,,34.0,https://specials-images.forbesimg.com/imageserve/69af18fc88fa7ac7c7adfb44/416x416.jpg?background=000000&cropX1=201&cropX2=1185&cropY1=162&cropY2=1146,2505.0,2481.0,1600.0,"CEO, Figma",False,,,,
Doris Fisher,Fisher,doris-fisher,doris-fisher,3.471,Gap,Fashion & Retail,F,United States,1777596602659,CA,California,1671.32,2440.0,2440.0,94.0,//specials-images.forbesimg.com/imageserve/8f509677141935bbb172e12367d1e853/416x416.jpg?background=000000&cropX1=0&cropX2=744&cropY1=106&cropY2=850,2506.0,2481.0,1600.0,"Cofounder, Gap Inc.",False,,,,
Christina Flügel,Flügel,christina-flugel,no-pic-female,0.0,liquor,Food & Beverage,F,Germany,1777596602659,,,1544.402,2570.0,2570.0,50.0,,2507.0,2481.0,1600.0,,,,,,
Ge Tairong,Ge,ge-tairong,no-pic,129.811,Mica tapes,Manufacturing,M,China,1777596602659,,,1434.092,2715.0,2715.0,69.0,,2508.0,2481.0,1600.0,,,,,,
Premchand Godha,Godha,premchand-godha,no-pic,-10.341,Pharmaceuticals,Healthcare,M,India,1777596602659,,,1539.631,2577.0,2577.0,79.0,,2509.0,2481.0,1600.0,,,,,,
Konstantin Goncharov,Goncharov,konstantin-goncharov,no-pic,0.0,transportation,Logistics,M,Russia,1777596602659,,,1560.772,2551.0,2551.0,54.0,https://specials-images.forbesimg.com/imageserve/67e5c6202074cd47c5a84af2/416x416.jpg?background=000000&cropX1=153&cropX2=2046&cropY1=4&cropY2=1897,2510.0,2481.0,1600.0,,,,,,
Jeffrey Gundlach,Gundlach,jeffrey-gundlach,jeffrey-gundlach,0.0,Investments,Finance & Investments,M,United States,1777596602659,CA,California,1643.8,2465.0,2465.0,67.0,//specials-images.forbesimg.com/imageserve/5d8b402418444200084e77ee/416x416.jpg?background=000000&cropX1=1349&cropX2=2903&cropY1=74&cropY2=1627,2511.0,2481.0,1600.0,"CEO, DoubleLine Capital",False,,,,
Patrick Hanrahan,Hanrahan,patrick-hanrahan,no-pic,-31.953,Software,Technology,M,United States,1777596602659,CA,California,1448.699,2696.0,2696.0,70.0,//specials-images.forbesimg.com/imageserve/5d94f02a67dd830006a286fe/416x416.jpg?background=000000&cropX1=77&cropX2=2217&cropY1=146&cropY2=2285,2512.0,2481.0,1600.0,,,,,,
Georg Haub,Haub,georg-haub,no-pic,0.0,Retail,Fashion & Retail,M,Germany,1777596602659,,,1567.802,2539.0,2539.0,64.0,//specials-images.forbesimg.com/imageserve/5c7031744bbe6f79679f0201/416x416.jpg?background=000000&cropX1=6&cropX2=1048&cropY1=10&cropY2=1051,2513.0,2481.0,1600.0,,,,,,
He Zhaoxi,He,he-zhaoxi,no-pic,44.134,Software,Technology,M,China,1777596602659,,,1451.361,2688.0,2688.0,52.0,,2514.0,2481.0,1600.0,,,,,,
Fabian Hedin,Hedin,fabian-hedin,no-pic,0.0,AI coding,Technology,M,Sweden,1777596602659,,,1568.0,2537.0,2538.0,26.0,https://specials-images.forbesimg.com/imageserve/67f423109aacae1b60491992/416x416.jpg?background=000000&cropX1=627&cropX2=1563&cropY1=436&cropY2=1372,2515.0,2481.0,1600.0,"Cofounder, Lovable",False,,,,
Magic Johnson,Johnson,magic-johnson,no-pic,0.0,"Basketball, investments",Diversified,M,United States,1777596602659,CA,California,1551.725,2557.0,2557.0,66.0,https://specials-images.forbesimg.com/imageserve/676066aa9fc9bbfe2b1ae181/416x416.jpg?background=000000&cropX1=44&cropX2=1645&cropY1=89&cropY2=1692,2516.0,2481.0,1600.0,,,,,,
Gloria Joseph,Joseph,gloria-joseph,no-pic-female,15.206,Insurance,Finance & Investments,F,United States,1777596602659,CA,California,1678.36,2435.0,2435.0,102.0,,2517.0,2481.0,1600.0,,,,,,
Bachtiar Karim,Karim,bachtiar-karim-1,no-pic,0.0,Palm oil,Manufacturing,M,Indonesia,1777596602659,,,1550.62,2559.0,2559.0,68.0,,2518.0,2481.0,1600.0,,,,,,
Ke Xiping,Ke,ke-xiping,ke-xiping,0.0,Investments,Diversified,M,China,1777596602659,,,1580.66,2518.0,2518.0,65.0,//specials-images.forbesimg.com/imageserve/5e754b3507adf00006dbbff7/416x416.jpg?background=000000&cropX1=1518&cropX2=4117&cropY1=274&cropY2=2872,2519.0,2481.0,1600.0,,,,,,
Brad Keywell,Keywell,brad-keywell,brad-keywell,70.155,"Software, investments",Technology,M,United States,1777596602659,TN,Tennessee,1635.861,2470.0,2470.0,56.0,,2520.0,2481.0,1600.0,,,,,,
Lalit Khaitan,Khaitan,lalit-khaitan,no-pic,-18.075,alcohol,Food & Beverage,M,India,1777596602659,,,1948.35,2143.0,2143.0,82.0,https://specials-images.forbesimg.com/imageserve/65776e7c4b3176c035e3219b/416x416.jpg?background=000000&cropX1=148&cropX2=490&cropY1=66&cropY2=408,2521.0,2481.0,1600.0,,,,,,
Sidney Kimmel,Kimmel,sidney-kimmel,sidney-kimmel,0.0,Retail,Fashion & Retail,M,United States,1777596602659,NY,New York,1576.25,2526.0,2526.0,98.0,//specials-images.forbesimg.com/imageserve/5a908cca31358e79a28a1eb7/416x416.jpg?background=000000&cropX1=447&cropX2=2035&cropY1=57&cropY2=1646,2522.0,2481.0,1600.0,,,,,,
Jonas Kleberg,Kleberg,jonas-kleberg,no-pic,4.307,Shipping,Logistics,M,Sweden,1777596602659,,,1510.0,2616.0,2617.0,62.0,,2523.0,2481.0,1600.0,,,,,,
Robert Knauf,Knauf,robert-knauf,no-pic,0.0,building materials,Manufacturing,M,Germany,1777596602659,,,1549.082,2562.0,2562.0,48.0,,2524.0,2481.0,1600.0,,,,,,
Vladimir Krupchak,Krupchak,vladimir-krupchak,no-pic,0.0,Manufacturing,Manufacturing,M,Cyprus,1777596602659,,,1630.054,2475.0,2475.0,68.0,,2525.0,2481.0,1600.0,,,,,,
Raj Kumar,Kumar,raj-kumar,raj-kumar,0.0,"Real estate, hotels",Real Estate,M,Singapore,1777596602659,,,1625.508,2478.0,2479.0,71.0,,2526.0,2481.0,1600.0,,,,,,
Ramesh Kunhikannan,Kunhikannan,ramesh-kunhikannan,no-pic,-23.52,Electronics,Manufacturing,M,India,1777596602659,,,1591.818,2504.0,2504.0,62.0,,2527.0,2481.0,1600.0,,,,,,
Kwek Leng Keow,Kwek,kwek-leng-keow,no-pic,0.0,Diversified,Diversified,M,Singapore,1777596602659,,,1575.921,2527.0,2527.0,74.0,,2528.0,2481.0,1600.0,,,,,,
Kwek Leng Peck,Kwek,kwek-leng-peck,no-pic,0.0,Diversified,Diversified,M,Singapore,1777596602659,,,1575.921,2527.0,2528.0,70.0,,2529.0,2481.0,1600.0,,,,,,
Lai Guogui,Lai,lai-guogui,no-pic,-8.064,machinery,Manufacturing,M,China,1777596602659,,,1782.088,2307.0,2307.0,62.0,,2530.0,2481.0,1600.0,,,,,,
Lee Sang-hoon,Lee,lee-sang-hoon,no-pic,,Biotech,Healthcare,M,United States,1776116814409,,,,,,63.0,https://specials-images.forbesimg.com/imageserve/69dd77a4aac823c7c56be2a3/416x416.jpg?background=000000&cropX1=0&cropX2=800&cropY1=0&cropY2=800,2531.0,2481.0,1600.0,,,,,,
Art Levinson,Levinson,art-levinson,no-pic,16.712,"Genentech, Apple",Diversified,M,United States,1777596602659,CA,California,1675.443,2436.0,2436.0,76.0,https://specials-images.forbesimg.com/imageserve/6245ce21c2533739d81e1771/416x416.jpg?background=000000&cropX1=4&cropX2=2192&cropY1=159&cropY2=2348,2532.0,2481.0,1600.0,,,,,,
Li Jiaquan,Li,li-jiaquan,no-pic,-3.303,Chemicals,Manufacturing,M,China,1777596602659,,,1447.625,2698.0,2698.0,62.0,,2533.0,2481.0,1600.0,,,,,,
Li Zhigang,Li,li-zhigang,no-pic,-47.335,Machinery,Manufacturing,M,China,1777596602659,,,1764.368,2325.0,2325.0,49.0,,2534.0,2481.0,1600.0,,,,,,
Lim Chap Huat,Lim,lim-chap-huat,lim-chap-huat,-5.989,Property,Real Estate,M,Singapore,1777596602659,,,1561.645,2550.0,2550.0,71.0,//specials-images.forbesimg.com/imageserve/5d60049d68cb0a000917ec75/416x416.jpg?background=000000&cropX1=337&cropX2=3482&cropY1=0&cropY2=3143,2535.0,2481.0,1600.0,,,,,,
Harald Link,Link,harald-link,harald-link,-16.326,Diversified,Diversified,M,Thailand,1777596602659,,,1385.13,2786.0,2786.0,71.0,//specials-images.forbesimg.com/imageserve/5e78c6e2d8e1ae0007b74175/416x416.jpg?background=000000&cropX1=875&cropX2=2263&cropY1=1435&cropY2=2824,2536.0,2481.0,1600.0,,,,,,
Marc Lipschultz,Lipschultz,marc-lipschultz,no-pic,53.706,Private equity,Finance & Investments,M,United States,1777596602659,NY,New York,1551.368,2558.0,2558.0,57.0,https://specials-images.forbesimg.com/imageserve/660c26c913ee01f061f095c5/416x416.jpg?background=000000&cropX1=55&cropX2=1200&cropY1=55&cropY2=1200,2537.0,2481.0,1600.0,,,,,,
Liu Gexin,Liu,liu-gexin,liu-gexin,22.775,Pharmaceuticals,Healthcare,M,China,1777596602659,,,1833.56,2256.0,2256.0,74.0,https://specials-images.forbesimg.com/imageserve/6050f48ca1ab099ed6e290cc/416x416.jpg?background=000000&cropX1=0&cropX2=800&cropY1=0&cropY2=800,2538.0,2481.0,1600.0,,,,,,
Liu Shengjun,Liu,liu-shengjun,no-pic,-41.981,Mechanical equipment,Manufacturing,M,China,1777596602659,,,1450.32,2691.0,2691.0,57.0,,2539.0,2481.0,1600.0,,,,,,
Lu Hongyan,Lu,lu-hongyan,no-pic,-28.171,Online games,Media & Entertainment,M,China,1777596602659,,,1537.473,2583.0,2583.0,48.0,,2540.0,2481.0,1600.0,,,,,,
Lu Lili,Lu,lu-lili,no-pic-female,9.188,Financial information,Technology,F,China,1777596602659,,,1484.709,2656.0,2656.0,,,2541.0,2481.0,1600.0,,,,,,
Lu Ruibo,Lu,lu-ruibo,no-pic,-15.591,High-precision components,Manufacturing,M,China,1777596602659,,,1842.395,2251.0,2251.0,62.0,,2542.0,2481.0,1600.0,,,,,,
Lu Yiwen,Lu,lu-yiwen,no-pic-female,-7.132,Jewelry,Fashion & Retail,F,China,1777596602659,,,1464.637,2675.0,2675.0,38.0,,2543.0,2481.0,1600.0,,,,,,
Ma Fei,Ma,ma-fei,no-pic,-36.208,electronics components,Technology,M,China,1777596602659,,,1429.953,2721.0,2721.0,58.0,,2544.0,2481.0,1600.0,,,,,,
Vitali Machitski,Machitski,vitali-machitski,no-pic,-19.939,deversified,Diversified,M,Russia,1777596602659,,,1496.278,2639.0,2639.0,71.0,,2545.0,2481.0,1600.0,,,,,,
Yusaku Maezawa,Maezawa,yusaku-maezawa,yusaku-maezawa,-0.847,Online retail,Technology,M,Japan,1777596602659,,,1522.115,2600.0,2600.0,50.0,https://specials-images.forbesimg.com/imageserve/66560b7adaad0c6a2f04ae05/416x416.jpg?background=000000&cropX1=673&cropX2=2936&cropY1=21&cropY2=2282,2546.0,2481.0,1600.0,,,,,,
Mao Zhongwu,Mao,mao-zhongwu,mao-zhongwu,-39.054,Manufacturing,Manufacturing,M,China,1777596602659,,,1422.293,2730.0,2730.0,63.0,,2547.0,2481.0,1600.0,,,,,,
Yves-Loic Martin,Martin,yves-loic-martin,no-pic,33.103,Laboratory services,Healthcare,M,France,1777596602659,,,1415.622,2740.0,2740.0,60.0,,2548.0,2481.0,1600.0,,,,,,
Terence (Terry) Matthews,Matthews,terence-terry-matthews,no-pic,0.0,Telecom,Telecom,M,Canada,1777596602659,,,1577.886,2522.0,2522.0,83.0,//specials-images.forbesimg.com/imageserve/5e744a872a573300068fcda0/416x416.jpg?background=000000&cropX1=546&cropX2=2621&cropY1=58&cropY2=2134,2549.0,2481.0,1600.0,,,,,,
Jim McKelvey,McKelvey,jim-mckelvey,no-pic,12.676,Mobile payments,Technology,M,United States,1777596602659,MO,Missouri,1720.867,2386.0,2386.0,60.0,//specials-images.forbesimg.com/imageserve/5e628c87e1e61700075908cd/416x416.jpg?background=000000&cropX1=814&cropX2=2327&cropY1=137&cropY2=1649,2550.0,2481.0,1600.0,,,,,,
Shalom Meckenzie,Meckenzie,shalom-meckenzie,no-pic,0.342,sports betting,Gambling & Casinos,M,Israel,1777596602659,,,1590.908,2510.0,2510.0,49.0,https://specials-images.forbesimg.com/imageserve/672960ba8db05aba2346136c/416x416.jpg?background=000000&cropX1=190&cropX2=2143&cropY1=348&cropY2=2302,2551.0,2481.0,1600.0,,,,,,
Kirill Minovalov,Minovalov,kirill-minovalov,no-pic,0.0,"Agriculture, finance",Diversified,M,Russia,1777596602659,,,1580.317,2519.0,2519.0,55.0,,2552.0,2481.0,1600.0,,,,,,
Bobby Murphy,Murphy,bobby-murphy,bobby-murphy,15.338,Snapchat,Technology,M,United States,1777596602659,CA,California,1743.45,2359.0,2359.0,37.0,https://specials-images.forbesimg.com/imageserve/618e9d085c54b67a7e93c0c6/416x416.jpg?background=000000&cropX1=0&cropX2=1080&cropY1=0&cropY2=1080,2553.0,2481.0,1600.0,"Cofounder, Snap",False,,,,
Edward Netylko,Netylko,edward-netylko,no-pic,0.0,pharmacy,Healthcare,M,Russia,1777596602659,,,1647.294,2462.0,2462.0,58.0,,2554.0,2481.0,1600.0,,,,,,
Dmitry Nikolaev,Nikolaev,dmitry-nikolaev,no-pic,0.0,Coal,Energy,M,Russia,1777596602659,,,1591.393,2509.0,2509.0,59.0,,2555.0,2481.0,1600.0,,,,,,
Julia Oetker,Oetker,julia-oetker,julia-oetker,0.0,Consumer goods,Fashion & Retail,F,Germany,1777596602659,,,1576.857,2524.0,2524.0,47.0,//specials-images.forbesimg.com/imageserve/5e7629b7c7b02d000666c856/416x416.jpg?background=000000&cropX1=851&cropX2=2990&cropY1=259&cropY2=2399,2556.0,2481.0,1600.0,,,,,,
Anton Osika,Osika,anton-osika,no-pic,0.0,AI coding,Technology,M,Sweden,1777596602659,,,1568.0,2537.0,2537.0,35.0,,2557.0,2481.0,1600.0,,,,,,
Nelson Peltz,Peltz,nelson-peltz,nelson-peltz,2.045,Investments,Finance & Investments,M,United States,1777596602659,NY,New York,1544.152,2571.0,2571.0,83.0,//specials-images.forbesimg.com/imageserve/5a8ee57ca7ea4316901419c6/416x416.jpg?background=000000&cropX1=373&cropX2=1209&cropY1=142&cropY2=979,2558.0,2481.0,1600.0,"Founder, Trian Fund Management",False,,,,
Ronald Perelman,Perelman,ronald-perelman,ronald-perelman,3.136,Leveraged buyouts,Finance & Investments,M,United States,1777596602659,NY,New York,1566.183,2542.0,2542.0,83.0,https://specials-images.forbesimg.com/imageserve/5f4e6a3053a1cbfeb0b167b8/416x416.jpg?background=000000&cropX1=866&cropX2=1623&cropY1=0&cropY2=757,2559.0,2481.0,1600.0,,,,,,
Jose Isaac Peres,Peres,jose-isaac-peres,jose-isaac-peres,4.839,Shopping malls,Real Estate,M,Brazil,1777596602659,,,1484.65,2657.0,2657.0,85.0,//specials-images.forbesimg.com/imageserve/5c6cd98431358e1c187f11bc/416x416.jpg?background=000000&cropX1=40&cropX2=466&cropY1=0&cropY2=426,2560.0,2481.0,1600.0,,,,,,
G.V. Prasad,Prasad,gv-prasad,no-pic,-8.21,Pharmaceuticals,Healthcare,M,India,1777596602659,,,1567.269,2541.0,2541.0,65.0,,2561.0,2481.0,1600.0,,,,,,
Qin Hua,Qin,qin-hua,no-pic,-34.83,Pet Food,Food & Beverage,M,China,1777596602659,,,1468.233,2669.0,2669.0,58.0,,2562.0,2481.0,1600.0,,,,,,
Satish Reddy,Reddy,satish-reddy,no-pic,-8.547,Pharmaceuticals,Healthcare,M,India,1777596602659,,,1562.479,2549.0,2549.0,58.0,,2563.0,2481.0,1600.0,,,,,,
Kishin RK,RK,kishin-rk,no-pic,0.0,"Real estate, hotels",Real Estate,M,Singapore,1777596602659,,,1625.508,2478.0,2478.0,42.0,,2564.0,2481.0,1600.0,,,,,,
Brian Roberts,Roberts,brian-roberts,brian-roberts,8.77,Comcast,Media & Entertainment,M,United States,1777596602659,PA,Pennsylvania,1522.353,2599.0,2599.0,66.0,https://specials-images.forbesimg.com/imageserve/618be22a430d0dd3ba3b72d2/416x416.jpg?background=000000&cropX1=1050&cropX2=1670&cropY1=279&cropY2=898,2565.0,2481.0,1600.0,"CEO, Comcast",False,,,,
Deniz Sahenk,Sahenk,deniz-sahenk,deniz-sahenk,0.122,Diversified,Diversified,F,Turkey,1777596602659,,,1593.749,2502.0,2502.0,80.0,//specials-images.forbesimg.com/imageserve/ddbd6d4875910de0fb53a4eb89fcc2f4/416x416.jpg?background=000000&cropX1=15&cropX2=578&cropY1=21&cropY2=584,2566.0,2481.0,1600.0,,,,,,
Dhruv Sawhney,Sawhney,dhruv-sawhney,no-pic,-0.77,"Engineering, sugar",Construction & Engineering,M,India,1777596602659,,,1741.176,2360.0,2360.0,81.0,https://specials-images.forbesimg.com/imageserve/6245f103580ccff7731e179d/416x416.jpg?background=000000&cropX1=357&cropX2=1404&cropY1=42&cropY2=1089,2567.0,2481.0,1600.0,,,,,,
Gerald Schwartz,Schwartz,gerald-schwartz,gerald-schwartz,19.118,Finance,Finance & Investments,M,Canada,1777596602659,,,1666.465,2446.0,2446.0,84.0,//specials-images.forbesimg.com/imageserve/5e7444f92a573300068fcd7c/416x416.jpg?background=000000&cropX1=1801&cropX2=4410&cropY1=716&cropY2=3328,2568.0,2481.0,1600.0,,,,,,
Ronnie Screwvala,Screwvala,ronnie-screwvala,no-pic,-2.415,"edtech, entertainment",Media & Entertainment,M,India,1777596602659,,,1566.123,2543.0,2543.0,69.0,https://specials-images.forbesimg.com/imageserve/67d453877bb8c6107f9666b8/416x416.jpg?background=000000&cropX1=124&cropX2=771&cropY1=0&cropY2=646,2569.0,2481.0,1600.0,,,,,,
Thaksin Shinawatra,Shinawatra,thaksin-shinawatra,thaksin-shinawatra,1.472,Investments,Finance & Investments,M,Thailand,1777596602659,,,1580.934,2516.0,2516.0,76.0,https://specials-images.forbesimg.com/imageserve/6863fc57a936977474dead85/416x416.jpg?background=000000&cropX1=151&cropX2=535&cropY1=72&cropY2=456,2570.0,2481.0,1600.0,,,,,,
Evgeny (Eugene) Shvidler,Shvidler,evgeny-eugene-shvidler,evgeny-eugene-shvidler,0.0,"Metals, investments",Metals & Mining,M,United States,1777596602659,,,1562.622,2548.0,2548.0,62.0,//specials-images.forbesimg.com/imageserve/56d0cda7e4b0c144a7f65cb5/416x416.jpg?background=000000&cropX1=0&cropX2=744&cropY1=48&cropY2=792,2571.0,2481.0,1600.0,,,,,,
Dean Solon,Solon,dean-solon,no-pic,0.0,Solar systems,Energy,M,United States,1777596602659,TN,Tennessee,1592.0,2503.0,2503.0,61.0,,2572.0,2481.0,1600.0,,,,,,
Michael Steinhardt,Steinhardt,michael-steinhardt,michael-steinhardt,0.0,Hedge funds,Finance & Investments,M,United States,1777596602659,NY,New York,1558.737,2553.0,2553.0,85.0,//specials-images.forbesimg.com/imageserve/5c9e77ce4bbe6f04e11897d2/416x416.jpg?background=000000&cropX1=0&cropX2=2400&cropY1=95&cropY2=2494,2573.0,2481.0,1600.0,,,,,,
Suh Kyung-bae,Suh,suh-kyung-bae,suh-kyung-bae,-51.555,Cosmetics,Fashion & Retail,M,South Korea,1777596602659,,,1396.074,2775.0,2775.0,63.0,//specials-images.forbesimg.com/imageserve/5539280de4b0bacdbd748e4e/416x416.jpg?background=000000&cropX1=19&cropX2=744&cropY1=53&cropY2=778,2574.0,2481.0,1600.0,"Chairman, Amorepacific Corp. (New)",False,,,,
Teresita Sy-Coson,Sy-Coson,teresita-sy-coson,no-pic-female,-27.377,Diversified,Diversified,F,Philippines,1777596602659,,,1306.367,2894.0,2894.0,75.0,https://specials-images.forbesimg.com/imageserve/66abb06b3592e52d53f85eb1/416x416.jpg?background=000000&cropX1=338&cropX2=1271&cropY1=216&cropY2=1151,2575.0,2481.0,1600.0,,,,,,
Tan Yu Yeh,Tan,tan-yu-yeh,no-pic,-24.878,Retail,Fashion & Retail,M,Malaysia,1777596602659,,,1506.726,2619.0,2619.0,55.0,,2576.0,2481.0,1600.0,,,,,,
Teo Swee Ann,Teo,teo-swee-ann,no-pic,32.649,Semiconductors,Technology,M,Singapore,1777596602659,,,1615.268,2486.0,2486.0,50.0,https://specials-images.forbesimg.com/imageserve/61115ede28a1388d36419c4e/416x416.jpg?background=000000&cropX1=0&cropX2=578&cropY1=0&cropY2=578,2577.0,2481.0,1600.0,,,,,,
Hans Thomann,Thomann,hans-thomann,no-pic,0.0,music retail,Fashion & Retail,M,Germany,1777596602659,,,1579.502,2520.0,2520.0,63.0,,2578.0,2481.0,1600.0,,,,,,
Michael Tojner,Tojner,michael-tojner,no-pic,,"Batteries, investments",Manufacturing,M,Austria,1773097445920,,,,,,60.0,//specials-images.forbesimg.com/imageserve/5e8b669213f3c100062748e6/416x416.jpg?background=000000&cropX1=0&cropX2=4000&cropY1=720&cropY2=4723,2579.0,2481.0,1600.0,,,,,,
Jose Llorens Torra,Torra,jose-llorens-torra,no-pic,0.0,Investments,Finance & Investments,M,Spain,1777596602659,,,1616.942,2485.0,2485.0,82.0,,2580.0,2481.0,1600.0,,,,,,
Shintaro Tsuji,Tsuji,shintaro-tsuji,shintaro-tsuji,,Hello Kitty,Fashion & Retail,M,Japan,1773097450459,,,,,,98.0,https://specials-images.forbesimg.com/imageserve/683dcc3501bbe2e9dd3cbe87/416x416.jpg?background=000000&cropX1=275&cropX2=1749&cropY1=375&cropY2=1850,2581.0,2481.0,1600.0,,,,,,
Surin Upatkoon,Upatkoon,surin-upatkoon,surin-upatkoon,-0.649,"Telecom, lotteries, insurance",Diversified,M,Thailand,1777596602659,,,1527.293,2592.0,2592.0,77.0,//specials-images.forbesimg.com/imageserve/58a783104bbe6f0e5587106d/416x416.jpg?background=000000&cropX1=0&cropX2=744&cropY1=248&cropY2=992,2582.0,2481.0,1600.0,,,,,,
Rolly van Rappard,van Rappard,rolly-van-rappard,no-pic,34.684,Private Equity,Finance & Investments,M,Netherlands,1777596602659,,,1604.399,2493.0,2493.0,65.0,,2583.0,2481.0,1600.0,,,,,,
Sekar Vembu,Vembu,sekar-vembu,no-pic,0.0,Business software,Technology,M,India,1777596602659,,,1502.726,2624.0,2624.0,54.0,,2584.0,2481.0,1600.0,,,,,,
Wang Minwen,Wang,wang-minwen,no-pic,30.299,Semiconductor,Technology,M,China,1777596602659,,,1538.798,2581.0,2581.0,62.0,,2585.0,2481.0,1600.0,,,,,,
Allan Wong,Wong,allan-wong,allan-wong,-7.242,Electronics,Manufacturing,M,Hong Kong,1777596602659,,,1558.869,2552.0,2552.0,76.0,https://specials-images.forbesimg.com/imageserve/69824b7d418ec85b4c7c0f09/416x416.jpg?background=000000&cropX1=74&cropX2=636&cropY1=49&cropY2=611,2586.0,2481.0,1600.0,,,,,,
Rick Workman,Workman,rick-workman,no-pic,,Dentistry,Healthcare,M,United States,1773097464798,FL,Florida,,,,71.0,,2587.0,2481.0,1600.0,,,,,,
Wu Cheng,Wu,wu-cheng,no-pic,94.266,Mining,Metals & Mining,M,China,1777596602658,,,2271.878,1837.0,1837.0,41.0,,2588.0,2481.0,1600.0,,,,,,
Ingrid Wu,Wu,ingrid-wu,no-pic-female,-26.218,Manufacturing,Manufacturing,F,United States,1777596602659,,,1577.333,2523.0,2523.0,54.0,,2589.0,2481.0,1600.0,,,,,,
Wu Zhigang,Wu,wu-zhigang,no-pic,-6.382,Bakery chain,Food & Beverage,M,China,1777596602659,,,1579.244,2521.0,2521.0,91.0,,2590.0,2481.0,1600.0,,,,,,
Xu Xudong,Xu,xu-xudong,no-pic,22.816,Auto parts,Automotive,M,China,1777596602659,,,1422.065,2733.0,2733.0,56.0,,2591.0,2481.0,1600.0,,,,,,
Yang Yunchun,Yang,yang-yunchun,no-pic,21.637,electronic equipment,Manufacturing,M,China,1777596602659,,,1428.285,2723.0,2723.0,56.0,,2592.0,2481.0,1600.0,,,,,,
Vladimir Yevtushenkov,Yevtushenkov,vladimir-yevtushenkov,vladimir-yevtushenkov,0.0,"Telecom, investments",Telecom,M,Russia,1777596602659,,,1614.696,2487.0,2487.0,77.0,//specials-images.forbesimg.com/imageserve/5e77925210380d0006fbc11f/416x416.jpg?background=000000&cropX1=370&cropX2=3190&cropY1=20&cropY2=2841,2593.0,2481.0,1600.0,,,,,,
Yi Dasheng,Yi,yi-dasheng,no-pic,0.0,Conglomerate,Diversified,M,China,1777596602659,,,1609.788,2489.0,2489.0,65.0,,2594.0,2481.0,1600.0,,,,,,
Yu Lili,Yu,yu-lili,no-pic-female,83.165,Electronic components,Manufacturing,F,China,1777596602659,,,1487.725,2649.0,2649.0,58.0,,2595.0,2481.0,1600.0,,,,,,
Zhang Liguo,Zhang,zhang-liguo,no-pic,-11.564,skincare,Manufacturing,M,China,1777596602659,,,1865.722,2223.0,2223.0,62.0,,2596.0,2481.0,1600.0,,,,,,
Zhang Shilong,Zhang,zhang-shilong,no-pic,83.901,Semiconductor,Technology,M,China,1777596602659,,,2071.844,2009.0,2009.0,60.0,,2597.0,2481.0,1600.0,,,,,,
Zhong Huaijun,Zhong,zhong-huaijun,no-pic,49.94,Food,Food & Beverage,M,China,1777596602659,,,1353.422,2824.0,2824.0,61.0,,2598.0,2481.0,1600.0,,,,,,
Anita Zucker,Zucker,anita-zucker,no-pic-female,0.527,Chemicals,Manufacturing,F,United States,1777596602659,SC,South Carolina,1691.305,2418.0,2418.0,74.0,//specials-images.forbesimg.com/imageserve/57e124e131358e16c589bb77/416x416.jpg?background=000000&cropX1=0&cropX2=744&cropY1=15&cropY2=759,2599.0,2481.0,1600.0,,,,,,
Chirayu Amin,Amin,chirayu-amin,chirayu-amin,-9.986,Pharmaceuticals,Healthcare,M,India,1777596602659,,,1499.005,2636.0,2636.0,79.0,https://specials-images.forbesimg.com/imageserve/606f4c997d5828540a5645bf/416x416.jpg?background=000000&cropX1=560&cropX2=1152&cropY1=201&cropY2=793,2600.0,2600.0,1500.0,,,,,,
Mori Arkin,Arkin,mori-arkin,mori-arkin,4.035,Pharmaceuticals,Healthcare,M,Israel,1777596602659,,,1525.279,2594.0,2594.0,73.0,//specials-images.forbesimg.com/imageserve/8608c40a98b3c1609e133a50d8f0e02b/416x416.jpg?background=000000&cropX1=63&cropX2=640&cropY1=48&cropY2=625,2601.0,2600.0,1500.0,,,,,,
Miguel Tomás Arrufat Pujol,Arrufat Pujol,miguel-tomas-arrufat-pujol,no-pic,0.0,Education technology,Technology,M,Spain,1777596602659,,,1523.751,2596.0,2596.0,65.0,,2602.0,2600.0,1500.0,,,,,,
Filip Balcaen,Balcaen,filip-balcaen,no-pic,0.0,Textiles,Diversified,M,Belgium,1777596602659,,,1481.221,2661.0,2661.0,66.0,,2603.0,2600.0,1500.0,,,,,,
Gregory Bentley,Bentley,gregory-bentley,no-pic,-8.335,Software,Technology,M,United States,1777596602659,PA,Pennsylvania,1303.142,2897.0,2897.0,70.0,,2604.0,2600.0,1500.0,,,,,,
Andrew Bialecki,Bialecki,andrew-bialecki,no-pic,15.509,Marketing software,Technology,M,United States,1777596602659,MA,Massachusetts,1685.813,2428.0,2428.0,40.0,https://specials-images.forbesimg.com/imageserve/661979b0a0b59a3f4bfbef59/416x416.jpg?background=000000&cropX1=586&cropX2=1303&cropY1=233&cropY2=950,2605.0,2600.0,1500.0,,,,,,
Greg Brown,Brown,greg-brown,no-pic,18.256,Motorola,Technology,M,United States,1777596602659,IL,Illinois,1378.485,2795.0,2795.0,65.0,https://specials-images.forbesimg.com/imageserve/682f3dd54023959e9ad8545f/416x416.jpg?background=000000&cropX1=762&cropX2=2037&cropY1=20&cropY2=1294,2606.0,2600.0,1500.0,"CEO, Motorola Solutions",False,,,,
Stewart Butterfield,Butterfield,stewart-butterfield,no-pic,-5.961,Messaging software,Technology,M,Canada,1777596602659,CO,Colorado,1485.87,2653.0,2653.0,53.0,//specials-images.forbesimg.com/imageserve/5d9f4d1867dd830006a3215e/416x416.jpg?background=000000&cropX1=462&cropX2=2277&cropY1=490&cropY2=2306,2607.0,2600.0,1500.0,,,,,,
Cao Kejian,Cao,cao-kejian,cao-kejian,67.536,Air compressors,Manufacturing,M,China,1777596602659,,,1894.725,2186.0,2186.0,64.0,//specials-images.forbesimg.com/imageserve/49e29e276e6cce1a013720fcdb4c4bcc/416x416.jpg?background=000000&cropX1=0&cropX2=742&cropY1=127&cropY2=870,2608.0,2600.0,1500.0,,,,,,
Chang Chung-Hsing,Chang,chang-chung-hsing,no-pic,69.103,High-precision gearboxes,Manufacturing,M,Taiwan,1777596602659,,,1669.813,2441.0,2441.0,64.0,https://specials-images.forbesimg.com/imageserve/683dc5e961f3493340c9d5d1/416x416.jpg?background=000000&cropX1=0&cropX2=800&cropY1=0&cropY2=800,2609.0,2600.0,1500.0,,,,,,
Satyanarayana Chava,Chava,satyanarayana-chava,no-pic,-8.749,pharmaceuticals,Healthcare,M,India,1777596602659,,,1485.213,2654.0,2654.0,65.0,https://specials-images.forbesimg.com/imageserve/613239cde7c2aea28572de2e/416x416.jpg?background=000000&cropX1=0&cropX2=927&cropY1=0&cropY2=927,2610.0,2600.0,1500.0,,,,,,
Chen Jinghong,Chen,chen-jinghong,no-pic,,auto parts,Manufacturing,M,China,1773097520798,,,,,,80.0,,2611.0,2600.0,1500.0,,,,,,
Chen Kaichen,Chen,chen-kaichen,no-pic,1.326,Household chemicals,Manufacturing,M,China,1777596602659,,,1519.23,2604.0,2604.0,70.0,,2612.0,2600.0,1500.0,,,,,,
Chen Wenyuan,Chen,chen-wenyuan,no-pic,-90.885,Testing equipment,Technology,M,China,1777596602658,,,2333.934,1788.0,1788.0,58.0,,2613.0,2600.0,1500.0,,,,,,
Chey Ki-won,Chey,chey-ki-won,chey-ki-won,0.0,"computer services, telecom",Technology,F,South Korea,1777596602659,,,1518.23,2605.0,2605.0,61.0,//specials-images.forbesimg.com/imageserve/5c72021b4bbe6f51818ab6df/416x416.jpg?background=000000&cropX1=28&cropX2=466&cropY1=88&cropY2=526,2614.0,2600.0,1500.0,SK Holdings,False,,,,
George Christ,Christ,george-christ,no-pic,0.0,Technology,Technology,M,United States,1777596602659,AZ,Arizona,1517.138,2607.0,2607.0,71.0,,2615.0,2600.0,1500.0,,,,,,
Chua Thian Poh,Chua,chua-thian-poh,chua-thian-poh,-8.065,Real estate,Real Estate,M,Singapore,1777596602659,,,1421.383,2735.0,2735.0,77.0,https://specials-images.forbesimg.com/imageserve/63176349f251e86cbb478895/416x416.jpg?background=000000&cropX1=1065&cropX2=2233&cropY1=167&cropY2=1335,2616.0,2600.0,1500.0,,,,,,
Turgay Ciner,Ciner,turgay-ciner,turgay-ciner,0.404,Diversified,Diversified,M,Turkey,1777596602659,,,1494.181,2641.0,2641.0,70.0,//specials-images.forbesimg.com/imageserve/5c725c0aa7ea4310004353c9/416x416.jpg?background=000000&cropX1=272&cropX2=1487&cropY1=39&cropY2=1255,2617.0,2600.0,1500.0,,,,,,
Ronald Clarke,Clarke,ronald-clarke,no-pic,-1.629,payments technology,Technology,M,United States,1777596602659,GA,Georgia,1415.223,2742.0,2742.0,70.0,//specials-images.forbesimg.com/imageserve/5d6be439673aa300083cb920/416x416.jpg?background=000000&cropX1=73&cropX2=769&cropY1=5&cropY2=701,2618.0,2600.0,1500.0,,,,,,
Susan Co,Co,susan-co,no-pic-female,3.342,Retail,Fashion & Retail,F,Philippines,1777596602659,,,1344.506,2840.0,2840.0,68.0,,2619.0,2600.0,1500.0,,,,,,
Jose Ignacio Comenge,Comenge,jose-ignacio-comenge,no-pic,6.441,Beverages,Food & Beverage,M,Spain,1777596602659,,,1370.401,2805.0,2805.0,75.0,,2620.0,2600.0,1500.0,,,,,,
"Thomas Crowley, Jr.",Crowley,thomas-crowley-jr,no-pic,0.0,Shipping,Logistics,M,United States,1777596602659,FL,Florida,1500.0,2627.0,2634.0,59.0,,2621.0,2600.0,1500.0,,,,,,
Mark Dixon,Dixon,mark-dixon,mark-dixon,6.195,Office real estate,Real Estate,M,United Kingdom,1777596602659,,,1326.92,2861.0,2861.0,66.0,//specials-images.forbesimg.com/imageserve/5e77f60fc7b02d000666e1fc/416x416.jpg?background=000000&cropX1=574&cropX2=2798&cropY1=0&cropY2=2226,2622.0,2600.0,1500.0,,,,,,
Roland Duchatelet,Duchatelet,roland-duchatelet,no-pic,22.735,Semiconductors,Technology,M,Belgium,1777596602659,,,1679.287,2433.0,2433.0,79.0,,2623.0,2600.0,1500.0,,,,,,
Henry Engelhardt,Engelhardt,henry-engelhardt,henry-engelhardt,-16.425,Insurance,Finance & Investments,M,United States,1777596602659,,,1637.177,2469.0,2469.0,68.0,//specials-images.forbesimg.com/imageserve/4c8c43f00e04cbd4ab49c7914c8439f7/416x416.jpg?background=000000&cropX1=201&cropX2=541&cropY1=21&cropY2=361,2624.0,2600.0,1500.0,"Chief Executive Officer, Admiral Group",False,,,,
Alexander Evnevich,Evnevich,alexander-evnevich,no-pic,0.0,"tea, retail",Food & Beverage,M,Russia,1777596602659,,,1531.583,2589.0,2589.0,66.0,,2625.0,2600.0,1500.0,,,,,,
Andy Fang,Fang,andy-fang,no-pic,-4.048,food delivery app,Technology,M,United States,1777596602659,CA,California,1432.782,2718.0,2718.0,33.0,https://specials-images.forbesimg.com/imageserve/618e9ac85531987afd163397/416x416.jpg?background=000000&cropX1=215&cropX2=2294&cropY1=58&cropY2=2139,2626.0,2600.0,1500.0,"Cofounder, DoorDash",False,,,,
Wirastuty Fangiono,Fangiono,wirastuty-fangiono,no-pic-female,24.428,Palm oil,Manufacturing,F,Indonesia,1777596602659,,,1713.891,2399.0,2399.0,53.0,,2627.0,2600.0,1500.0,,,,,,
Vladimir Fartushnyak,Fartushnyak,vladimir-fartushnyak,no-pic,0.0,retail,Fashion & Retail,M,Russia,1777596602659,,,1510.484,2615.0,2615.0,64.0,,2628.0,2600.0,1500.0,,,,,,
Philip Fayer,Fayer,philip-fayer,no-pic,0.0,Fintech,Technology,M,Canada,1777596602659,,,1481.844,2660.0,2660.0,48.0,,2629.0,2600.0,1500.0,,,,,,
Daniel Feffer,Feffer,daniel-feffer,no-pic,,Pulp and paper,Manufacturing,M,Brazil,1773097571700,,,,,,66.0,https://specials-images.forbesimg.com/imageserve/6050f48ca1ab099ed6e290cc/416x416.jpg?background=000000&cropX1=0&cropX2=800&cropY1=0&cropY2=800,2630.0,2600.0,1500.0,,,,,,
David Feffer,Feffer,david-feffer,no-pic,,Pulp and paper,Manufacturing,M,Brazil,1773097573920,,,,,,69.0,https://specials-images.forbesimg.com/imageserve/6050f48ca1ab099ed6e290cc/416x416.jpg?background=000000&cropX1=0&cropX2=800&cropY1=0&cropY2=800,2631.0,2600.0,1500.0,,,,,,
Ruben Feffer,Feffer,ruben-feffer,no-pic,,Pulp and paper,Manufacturing,M,Brazil,1773097576126,,,,,,,,2632.0,2600.0,1500.0,,,,,,
Paul Fireman,Fireman,paul-fireman,no-pic,0.0,Reebok,Fashion & Retail,M,United States,1777596602659,MA,Massachusetts,1489.0,2645.0,2645.0,82.0,//specials-images.forbesimg.com/imageserve/5a90acd04bbe6f0fa8266b77/416x416.jpg?background=000000&cropX1=810&cropX2=1341&cropY1=390&cropY2=921,2633.0,2600.0,1500.0,,,,,,
Gao Shuhua,Gao,gao-shuhua,no-pic,3.23,pharmaceuticals,Healthcare,M,China,1777596602659,,,1369.884,2807.0,2807.0,79.0,,2634.0,2600.0,1500.0,,,,,,
Alan Gerry,Gerry,alan-gerry,alan-gerry,0.0,Cable television,Media & Entertainment,M,United States,1777596602659,NY,New York,1496.4,2638.0,2638.0,97.0,//specials-images.forbesimg.com/imageserve/e520ca6f0acfc9c577cccce57d14dddf/416x416.jpg?background=000000&cropX1=0&cropX2=2336&cropY1=275&cropY2=2613,2635.0,2600.0,1500.0,,,,,,
Dan Gertler,Gertler,dan-gertler,dan-gertler,0.0,Mining,Metals & Mining,M,Israel,1777596602659,,,1480.72,2663.0,2663.0,52.0,//specials-images.forbesimg.com/imageserve/5e76cbbb10380d0006fbb802/416x416.jpg?background=000000&cropX1=1040&cropX2=2509&cropY1=748&cropY2=2215,2636.0,2600.0,1500.0,,,,,,
Filippo Ghirelli,Ghirelli,filippo-ghirelli,no-pic,0.0,"Infrastructure, energy",Energy,M,Italy,1777596602659,,,1552.742,2555.0,2555.0,46.0,https://specials-images.forbesimg.com/imageserve/689e6a5436b2a8001db11b41/416x416.jpg?background=000000&cropX1=238&cropX2=2501&cropY1=174&cropY2=2439,2637.0,2600.0,1500.0,,,,,,
Peter Guber,Guber,peter-guber,no-pic,0.0,"Sports teams, movies",Sports,M,United States,1777596602659,CA,California,1543.1,2573.0,2573.0,84.0,https://specials-images.forbesimg.com/imageserve/67e48a5e4160d7f1505ad812/416x416.jpg?background=000000&cropX1=0&cropX2=1439&cropY1=281&cropY2=1721,2638.0,2600.0,1500.0,,,,,,
Rajeev Gulati,Gulati,rajeev-gulati,no-pic,0.0,Food,Food & Beverage,M,India,1777596602659,,,1431.059,2720.0,2720.0,61.0,,2639.0,2600.0,1500.0,,,,,,
Karl Hedin,Hedin,karl-hedin,no-pic,0.0,Lumber,Construction & Engineering,M,Sweden,1777596602659,,,1503.876,2623.0,2623.0,76.0,,2640.0,2600.0,1500.0,,,,,,
William Heinecke,Heinecke,william-heinecke,william-heinecke,,Hotels,Real Estate,M,Thailand,1773097597296,,,,,,76.0,https://specials-images.forbesimg.com/imageserve/667c40402fed21058fa21218/416x416.jpg?background=000000&cropX1=52&cropX2=964&cropY1=27&cropY2=939,2641.0,2600.0,1500.0,,,,,,
Martin Herrenknecht,Herrenknecht,martin-herrenknecht,no-pic,0.0,Construction Equipment,Manufacturing,M,Germany,1777596602659,,,1461.331,2681.0,2681.0,83.0,,2642.0,2600.0,1500.0,,,,,,
Olivia Holding,Holding,olivia-holding-1,no-pic-female,8.85,Banking,Finance & Investments,F,United States,1777596602659,NC,North Carolina,1591.42,2508.0,2508.0,61.0,,2643.0,2600.0,1500.0,,,,,,
Hou Juncheng,Hou,hou-juncheng,no-pic,-7.804,Cosmetics,Healthcare,M,China,1777596602659,,,1336.899,2850.0,2850.0,61.0,//specials-images.forbesimg.com/imageserve/5e78b944c7b02d000666ea8f/416x416.jpg?background=000000&cropX1=341&cropX2=850&cropY1=211&cropY2=720,2644.0,2600.0,1500.0,,,,,,
Leo Huang,Huang,leo-huang,no-pic,68.463,Testing equipment,Manufacturing,M,Taiwan,1777596602658,,,2257.997,1846.0,1846.0,75.0,,2645.0,2600.0,1500.0,,,,,,
Huang Yimeng,Huang,huang-yimeng,no-pic,-35.597,mobile games,Media & Entertainment,M,China,1777596602659,,,1265.199,2953.0,2953.0,44.0,,2646.0,2600.0,1500.0,,,,,,
Naresh Jain,Jain,naresh-jain,no-pic,8.022,Auto components,Automotive,M,India,1777596602659,,,1311.012,2884.0,2884.0,91.0,https://specials-images.forbesimg.com/imageserve/65cbc86362e34c5e08f238d8/416x416.jpg?background=000000&cropX1=13&cropX2=828&cropY1=128&cropY2=943,2647.0,2600.0,1500.0,,,,,,
Arsen Kanokov,Kanokov,arsen-kanokov,no-pic,0.0,Real estate,Real Estate,M,Russia,1777596602659,,,1504.405,2622.0,2622.0,69.0,https://specials-images.forbesimg.com/imageserve/661ec201040ee6f851ccebef/416x416.jpg?background=000000&cropX1=429&cropX2=1655&cropY1=21&cropY2=1247,2648.0,2600.0,1500.0,,,,,,
Onkar Kanwar,Kanwar,onkar-kanwar,onkar-kanwar,-30.86,Tires,Automotive,M,India,1777596602659,,,1337.299,2848.0,2848.0,83.0,,2649.0,2600.0,1500.0,,,,,,
Seth Klarman,Klarman,seth-klarman,seth-klarman,0.0,Investments,Finance & Investments,M,United States,1777596602659,MA,Massachusetts,1500.0,2627.0,2633.0,69.0,//specials-images.forbesimg.com/imageserve/5c82c7664bbe6f3f4f4beb9b/416x416.jpg?background=000000&cropX1=837&cropX2=2241&cropY1=330&cropY2=1733,2650.0,2600.0,1500.0,"CEO & President, Baupost Group",False,,,,
Andrei Komarov,Komarov,andrei-komarov,andrei-komarov,0.0,investments,Manufacturing,M,Russia,1777596602659,,,1526.229,2593.0,2593.0,59.0,,2651.0,2600.0,1500.0,,,,,,
Eduard Kucera,Kucera,eduard-kucera,no-pic,2.899,Software,Technology,M,Czech Republic,1777596602659,,,1439.165,2706.0,2706.0,73.0,,2652.0,2600.0,1500.0,,,,,,
Arvind Lal,Lal,arvind-lal,no-pic,-27.636,Medical diagnostics,Healthcare,M,India,1777596602659,,,1422.106,2732.0,2732.0,76.0,https://specials-images.forbesimg.com/imageserve/615b2e721e985ac48d218a18/416x416.jpg?background=000000&cropX1=349&cropX2=1232&cropY1=123&cropY2=1006,2653.0,2600.0,1500.0,,,,,,
Frank Laukien,Laukien,frank-laukien,no-pic,84.929,Scientific equipment,Manufacturing,M,United States,1777596602659,MA,Massachusetts,1345.837,2839.0,2839.0,66.0,,2654.0,2600.0,1500.0,,,,,,
Li Li,Li,li-li-3,no-pic,,Healthcare,Healthcare,M,China,1773097628934,,,,,,60.0,,2655.0,2600.0,1500.0,,,,,,
Li Xiaohua,Li,li-xiaohua,no-pic,-27.788,Packaging,Manufacturing,M,China,1777596602659,,,1930.873,2153.0,2153.0,64.0,,2656.0,2600.0,1500.0,,,,,,
Lin Chang Su-O,Lin,lin-chang-su-o,no-pic-female,-1.509,Real estate,Real Estate,F,Taiwan,1777596602659,,,1485.142,2655.0,2655.0,85.0,,2657.0,2600.0,1500.0,,,,,,
Jenny Lindén Urnes,Lindén Urnes,jenny-linden-urnes,no-pic-female,0.0,Powdered metal,Manufacturing,F,Sweden,1777596602659,,,1476.69,2665.0,2665.0,55.0,,2658.0,2600.0,1500.0,,,,,,
Vincent Lo,Lo,vincent-lo,vincent-lo,-1.068,Real estate,Real Estate,M,Hong Kong,1777596602659,,,1374.595,2802.0,2802.0,78.0,https://specials-images.forbesimg.com/imageserve/63eff425c058e9c91fed2989/416x416.jpg?background=000000&cropX1=38&cropX2=991&cropY1=180&cropY2=1133,2659.0,2600.0,1500.0,,,,,,
Eustasio Lopez Gonzalez,Lopez Gonzalez,eustasio-lopez-gonzalez,no-pic,0.0,Hotels,Real Estate,M,Spain,1777596602659,,,1521.002,2603.0,2603.0,72.0,,2660.0,2600.0,1500.0,,,,,,
Lou Jing,Lou,lou-jing,no-pic,62.6,biotechnology,Healthcare,M,China,1777596602659,,,1627.703,2476.0,2476.0,63.0,,2661.0,2600.0,1500.0,,,,,,
Lu Zongjun,Lu,lu-zongjun,no-pic,2.451,Logistics,Logistics,M,China,1777596602659,,,1537.892,2582.0,2582.0,62.0,,2662.0,2600.0,1500.0,,,,,,
Peter Ludwig,Ludwig,peter-ludwig,no-pic,0.0,AI software,Technology,M,United States,1777596602659,CA,California,1500.0,2627.0,2630.0,41.0,https://specials-images.forbesimg.com/imageserve/69af1b64dc5e928fc6ff7090/416x416.jpg?background=000000&cropX1=165&cropX2=854&cropY1=136&cropY2=825,2663.0,2600.0,1500.0,"CTO and Co-founder, Applied Intuition",False,,,,
George Marcus,Marcus,george-marcus,no-pic,-6.144,Real estate,Real Estate,M,United States,1777596602659,CA,California,1486.464,2652.0,2652.0,84.0,//specials-images.forbesimg.com/imageserve/5a9098104bbe6f0fa82669f6/416x416.jpg?background=000000&cropX1=767&cropX2=1606&cropY1=242&cropY2=1080,2664.0,2600.0,1500.0,,,,,,
Frank McCourt,McCourt,frank-mccourt,no-pic,0.0,baseball,Sports,M,United States,1777596602659,FL,Florida,1548.0,2567.0,2567.0,72.0,https://specials-images.forbesimg.com/imageserve/661d9edc1078dff547c6af49/416x416.jpg?background=000000&cropX1=335&cropX2=1171&cropY1=511&cropY2=1347,2665.0,2600.0,1500.0,,,,,,
John Morgan,Morgan,john-morgan,no-pic,0.0,personal injury law,Service,M,United States,1777596602659,FL,Florida,1500.0,2627.0,2628.0,70.0,https://specials-images.forbesimg.com/imageserve/67e48d197f0dd8883a361b72/416x416.jpg?background=000000&cropX1=392&cropX2=1012&cropY1=236&cropY2=856,2666.0,2600.0,1500.0,,,,,,
Robert Mouawad,Mouawad,robert-mouawad,no-pic,0.0,Fine jewelry,Service,M,Lebanon,1777596602659,,,1548.8,2564.0,2564.0,81.0,//specials-images.forbesimg.com/imageserve/589fcfdf4bbe6f0e5586905e/416x416.jpg?background=000000&cropX1=3&cropX2=742&cropY1=40&cropY2=780,2667.0,2600.0,1500.0,,,,,,
Mofatraj Munot,Munot,mofatraj-munot,mofatraj-munot,-15.288,Real estate,Real Estate,M,India,1777596602659,,,1436.383,2713.0,2713.0,81.0,http://specials-images.forbesimg.com/imageserve/7c6c5d8021800a5b72c6170da704db3c/416x416.jpg?background=000000&cropX1=56&cropX2=567&cropY1=31&cropY2=542,2668.0,2600.0,1500.0,,,,,,
Erik Must,Must,erik-must,no-pic,10.893,stock brokerage,Finance & Investments,M,Norway,1777596602659,,,1349.898,2829.0,2829.0,83.0,https://specials-images.forbesimg.com/imageserve/6245f23b580ccff7731e17a4/416x416.jpg?background=000000&cropX1=18&cropX2=428&cropY1=34&cropY2=444,2669.0,2600.0,1500.0,,,,,,
Rubens Ometto Silveira Mello,Ometto Silveira Mello,rubens-ometto-silveira-mello,rubens-ometto-silveira-mello,9.819,"Sugar, ethanol",Energy,M,Brazil,1777596602659,,,1420.695,2737.0,2737.0,76.0,//specials-images.forbesimg.com/imageserve/5a7b99144bbe6f2652f4f1ec/416x416.jpg?background=000000&cropX1=2137&cropX2=5492&cropY1=24&cropY2=3377,2670.0,2600.0,1500.0,,,,,,
Motilal Oswal,Oswal,motilal-oswal,no-pic,29.159,Financial services,Finance & Investments,M,India,1777596602659,,,1622.425,2480.0,2480.0,63.0,https://specials-images.forbesimg.com/imageserve/661fead14139ddfa2cd8bfa1/416x416.jpg?background=000000&cropX1=515&cropX2=1914&cropY1=402&cropY2=1802,2671.0,2600.0,1500.0,,,,,,
Adrian Paval,Paval,adrian-paval,no-pic,0.0,Retail,Fashion & Retail,M,Romania,1777596602659,,,1449.631,2692.0,2692.0,57.0,,2672.0,2600.0,1500.0,,,,,,
Peng Qian,Peng,peng-qian,no-pic,85.256,Testing equipment,Manufacturing,M,China,1777596602659,,,1409.056,2752.0,2752.0,51.0,,2673.0,2600.0,1500.0,,,,,,
Markus Persson,Persson,markus-persson,markus-persson,0.0,Computer games,Media & Entertainment,M,Sweden,1777596602659,,,1438.163,2708.0,2708.0,46.0,//specials-images.forbesimg.com/imageserve/5c7227ada7ea4310004351c2/416x416.jpg?background=000000&cropX1=680&cropX2=2462&cropY1=560&cropY2=2343,2674.0,2600.0,1500.0,,,,,,
Sundar Pichai,Pichai,sundar-pichai,no-pic,101.884,Alphabet,Technology,M,United States,1777596602659,CA,California,1726.768,2380.0,2380.0,53.0,https://specials-images.forbesimg.com/imageserve/67e5cbc9823431a56b4ad600/416x416.jpg?background=000000&cropX1=1828&cropX2=2900&cropY1=0&cropY2=1072,2675.0,2600.0,1500.0,,,,,,
Petro Poroshenko,Poroshenko,petro-poroshenko,petro-poroshenko,0.0,confectionery,Food & Beverage,M,Ukraine,1777596602659,,,1301.651,2899.0,2899.0,60.0,,2676.0,2600.0,1500.0,,,,,,
Jimmy Rane,Rane,jimmy-rane,no-pic,0.0,Lumber,Manufacturing,M,United States,1777596602659,AL,Alabama,1464.0,2677.0,2677.0,79.0,https://specials-images.forbesimg.com/imageserve/642b3721484fb27401e1c15d/416x416.jpg?background=000000&cropX1=138&cropX2=1920&cropY1=910&cropY2=2693,2677.0,2600.0,1500.0,,,,,,
Alessandro Rosano,Rosano,alessandro-rosano,no-pic,5.248,Shoes,Fashion & Retail,M,Italy,1777596602659,,,1567.347,2540.0,2540.0,57.0,,2678.0,2600.0,1500.0,,,,,,
Prasanna Sankar,Sankar,prasanna-sankar,no-pic,0.0,software,Technology,M,India,1777596602659,,,1500.0,2627.0,2631.0,37.0,https://specials-images.forbesimg.com/imageserve/67e5a0e1d20039281834401f/416x416.jpg?background=000000&cropX1=60&cropX2=466&cropY1=8&cropY2=414,2679.0,2600.0,1500.0,,,,,,
Vinod Saraf,Saraf,vinod-saraf,no-pic,5.168,Chemicals,Manufacturing,M,India,1777596602659,,,1330.637,2857.0,2857.0,73.0,https://specials-images.forbesimg.com/imageserve/5f7b7155a2e7e6ce8c99bc10/416x416.jpg?background=000000&cropX1=265&cropX2=631&cropY1=72&cropY2=438,2680.0,2600.0,1500.0,,,,,,
Alexander Savelyev,Savelyev,alexander-savelyev,no-pic,0.0,banking,Finance & Investments,M,Russia,1777596602659,,,1457.347,2687.0,2687.0,72.0,,2681.0,2600.0,1500.0,,,,,,
Rajju Shroff,Shroff,rajju-shroff,no-pic,-7.345,Agrochemicals,Manufacturing,M,India,1777596602659,,,1419.306,2738.0,2738.0,92.0,https://specials-images.forbesimg.com/imageserve/5f7b7588fd01e01e5885e95f/416x416.jpg?background=000000&cropX1=69&cropX2=454&cropY1=114&cropY2=499,2682.0,2600.0,1500.0,,,,,,
Alexander Sixt,Sixt,alexander-sixt,no-pic,22.408,Car rentals,Automotive,M,Germany,1777596602659,,,1548.562,2565.0,2565.0,46.0,https://specials-images.forbesimg.com/imageserve/624dda4ada6528aa708fb28a/416x416.jpg?background=000000&cropX1=3&cropX2=769&cropY1=67&cropY2=833,2683.0,2600.0,1500.0,,,,,,
Konstantin Sixt,Sixt,konstantin-sixt,no-pic,22.408,Car rentals,Automotive,M,Germany,1777596602659,,,1548.562,2565.0,2566.0,43.0,https://specials-images.forbesimg.com/imageserve/624ddb0919514045f9ea5453/416x416.jpg?background=000000&cropX1=24&cropX2=787&cropY1=93&cropY2=857,2684.0,2600.0,1500.0,,,,,,
Elizabeth Sy,Sy,elizabeth-sy,no-pic-female,,Diversified,Diversified,F,Philippines,1773097699704,,,,,,73.0,,2685.0,2600.0,1500.0,,,,,,
Herriot Tabuteau,Tabuteau,herriot-tabuteau,no-pic,215.969,Healthcare,Healthcare,M,United States,1777596602659,NY,New York,1851.546,2238.0,2238.0,57.0,https://specials-images.forbesimg.com/imageserve/67e5cf00142b7f34c3fce7ff/416x416.jpg?background=000000&cropX1=333&cropX2=1253&cropY1=76&cropY2=996,2686.0,2600.0,1500.0,,,,,,
Michael Teel,Teel,michael-teel,no-pic,0.0,supermarkets,Fashion & Retail,M,United States,1777596602659,CA,California,1506.9,2618.0,2618.0,74.0,,2687.0,2600.0,1500.0,,,,,,
Carmen Thyssen,Thyssen,carmen-thyssen,no-pic-female,0.0,"Investments, art",Manufacturing,F,Spain,1777596602659,,,1498.114,2637.0,2637.0,83.0,,2688.0,2600.0,1500.0,,,,,,
Ignacio Torras,Torras,ignacio-torras,no-pic,0.0,Trading,Energy,M,United States,1777596602659,TX,Texas,1500.0,2627.0,2627.0,61.0,https://specials-images.forbesimg.com/imageserve/69baf59917b844842eab86fa/416x416.jpg?background=000000&cropX1=203&cropX2=2151&cropY1=74&cropY2=2022,2689.0,2600.0,1500.0,,,,,,
Vadim Vikulov,Vikulov,vadim-vikulov,no-pic,0.0,"grain, vegetable oil",Food & Beverage,M,Russia,1777596602659,,,1460.414,2682.0,2682.0,62.0,,2690.0,2600.0,1500.0,,,,,,
Thomas von Koch,von Koch,thomas-von-koch,no-pic,-17.884,Asset management,Finance & Investments,M,Sweden,1777596602659,,,1514.019,2612.0,2612.0,60.0,,2691.0,2600.0,1500.0,,,,,,
Vladimir Voronin,Voronin,vladimir-voronin,no-pic,0.0,Real estate,Construction & Engineering,M,Russia,1777596602659,,,1531.609,2588.0,2588.0,50.0,https://specials-images.forbesimg.com/imageserve/697a5d453e062546e4c921eb/416x416.jpg?background=000000&cropX1=1&cropX2=960&cropY1=0&cropY2=959,2692.0,2600.0,1500.0,,,,,,
Chris Wallin,Wallin,chris-wallin,chris-wallin,-0.341,Mining,Metals & Mining,M,Australia,1777596602659,,,1448.375,2697.0,2697.0,73.0,https://specials-images.forbesimg.com/imageserve/61a52212402ed8086d7a1ac9/416x416.jpg?background=000000&cropX1=0&cropX2=800&cropY1=0&cropY2=800,2693.0,2600.0,1500.0,,,,,,
Wang Qiangxiang,Wang,wang-qiangxiang,no-pic,142.441,artificial turf,Service,M,China,1777596602659,,,1648.779,2461.0,2461.0,54.0,,2694.0,2600.0,1500.0,,,,,,
Sylvia Wedemeyer,Wedemeyer,sylvia-wedemeyer,no-pic-female,0.0,Plumbing and heating supplies,Manufacturing,F,Germany,1777596602659,,,1466.011,2674.0,2674.0,58.0,,2695.0,2600.0,1500.0,,,,,,
Weng Xianding,Weng,weng-xianding,no-pic,-3.863,Medical devices,Healthcare,M,China,1777596602659,,,1380.216,2792.0,2792.0,64.0,,2696.0,2600.0,1500.0,,,,,,
Stephen Winn,Winn,stephen-winn,no-pic,0.0,Real estate services,Real Estate,M,United States,1777596602659,TX,Texas,1486.8,2651.0,2651.0,79.0,//specials-images.forbesimg.com/imageserve/5a90b07531358e79a28a2165/416x416.jpg?background=000000&cropX1=4&cropX2=2083&cropY1=210&cropY2=2290,2697.0,2600.0,1500.0,,,,,,
Dick Wolf,Wolf,dick-wolf-1,no-pic,0.0,Law & Order,Media & Entertainment,M,United States,1777596602659,CA,California,1539.0,2579.0,2579.0,79.0,,2698.0,2600.0,1500.0,,,,,,
Tiger Woods,Woods,tiger-woods,tiger-woods,0.0,Golf,Sports,M,United States,1777596602659,FL,Florida,1491.0,2643.0,2643.0,50.0,https://specials-images.forbesimg.com/imageserve/6760746591778e75e50e6390/416x416.jpg?background=000000&cropX1=2183&cropX2=3945&cropY1=270&cropY2=2031,2699.0,2600.0,1500.0,"Athlete, Golf",False,55.0,,10.0,45.0
Wu Bo,Wu,wu-bo,no-pic,57.037,Machinery,Manufacturing,M,China,1777596602659,,,1388.523,2783.0,2783.0,72.0,,2700.0,2600.0,1500.0,,,,,,
Wu Chung-yi,Wu,wu-chung-yi,wu-chung-yi,-0.062,Manufacturing,Manufacturing,M,Taiwan,1777596602659,,,1541.311,2574.0,2574.0,70.0,https://specials-images.forbesimg.com/imageserve/683dc63784471eed894851a5/416x416.jpg?background=000000&cropX1=0&cropX2=800&cropY1=0&cropY2=800,2701.0,2600.0,1500.0,,,,,,
Wu Xiaoge,Wu,wu-xiaoge,no-pic-female,-40.115,Battery components,Manufacturing,F,China,1777596602659,,,1687.107,2424.0,2424.0,53.0,,2702.0,2600.0,1500.0,,,,,,
Xu Yuejuan,Xu,xu-yuejuan,no-pic-female,26.834,Petro Fibre,Manufacturing,F,China,1777596602659,,,1395.143,2776.0,2776.0,64.0,,2703.0,2600.0,1500.0,,,,,,
Xu Zhenhua,Xu,xu-zhenhua,no-pic,0.0,Online games,Media & Entertainment,M,China,1777596602659,,,1500.0,2627.0,2635.0,47.0,,2704.0,2600.0,1500.0,,,,,,
Yang Ying,Yang,yang-ying,no-pic-female,,pharmaceuticals,Healthcare,F,China,1773097748901,,,,,,63.0,,2705.0,2600.0,1500.0,,,,,,
Yao Hsiao Tung,Yao,yao-hsiao-tung,yao-hsiao-tung,0.0,Manufacturing,Manufacturing,M,Singapore,1777596602659,,,1435.298,2714.0,2714.0,86.0,//specials-images.forbesimg.com/imageserve/5d6011f395808800097db391/416x416.jpg?background=000000&cropX1=2086&cropX2=3572&cropY1=234&cropY2=1718,2706.0,2600.0,1500.0,,,,,,
Qasar Younis,Younis,qasar-younis,no-pic,0.0,AI software,Technology,M,United States,1777596602659,CA,California,1500.0,2627.0,2632.0,44.0,https://specials-images.forbesimg.com/imageserve/69af1c50dc5e928fc6ff7092/416x416.jpg?background=000000&cropX1=5&cropX2=2766&cropY1=140&cropY2=2900,2707.0,2600.0,1500.0,,,,,,
Justin Yuan,Yuan,justin-yuan,no-pic,0.0,Online games,Media & Entertainment,M,China,1777596602659,,,1500.0,2627.0,2629.0,45.0,,2708.0,2600.0,1500.0,,,,,,
Zhang Changhong,Zhang,zhang-changhong,zhang-changhong,0.974,financial information service,Technology,M,China,1777596602659,,,1309.65,2888.0,2888.0,68.0,https://specials-images.forbesimg.com/imageserve/6050f48ca1ab099ed6e290cc/416x416.jpg?background=000000&cropX1=0&cropX2=800&cropY1=0&cropY2=800,2709.0,2600.0,1500.0,,,,,,
Zhao Hongfei,Zhao,zhao-hongfei,no-pic,-0.353,Software,Technology,M,China,1777596602659,,,1358.862,2820.0,2820.0,51.0,,2710.0,2600.0,1500.0,,,,,,
Zhao Tongtong,Zhao,zhao-tongtong-1,no-pic-female,-5.794,Hotels,Service,F,Canada,1777596602659,,,1413.198,2743.0,2743.0,59.0,,2711.0,2600.0,1500.0,,,,,,
Ziv Aviram,Aviram,ziv-aviram,ziv-aviram,-0.011,Automotive technology,Automotive,M,Israel,1777596602659,,,1389.304,2780.0,2780.0,67.0,,2712.0,2712.0,1400.0,,,,,,
Tope Awotona,Awotona,tope-awotona,no-pic,0.0,Software,Technology,M,United States,1777596602659,GA,Georgia,1350.0,2828.0,2828.0,45.0,https://specials-images.forbesimg.com/imageserve/62449077d0f3d5647c31a3b8/416x416.jpg?background=000000&cropX1=0&cropX2=1677&cropY1=262&cropY2=1941,2713.0,2712.0,1400.0,Calendly,False,,,,
Mirwais Azizi,Azizi,mirwais-azizi,no-pic,0.0,Real estate,Real Estate,M,Afghanistan,1777596602659,,,1399.2,2770.0,2770.0,63.0,https://specials-images.forbesimg.com/imageserve/69b0928a6c4466b7a5326978/416x416.jpg?background=000000&cropX1=332&cropX2=1620&cropY1=428&cropY2=1717,2714.0,2712.0,1400.0,,,,,,
Binny Bansal,Bansal,binny-bansal,binny-bansal,0.0,Flipkart,Technology,M,India,1777596602659,,,1410.043,2747.0,2747.0,43.0,https://specials-images.forbesimg.com/imageserve/61116090217cdebfc35a536a/416x416.jpg?background=000000&cropX1=0&cropX2=548&cropY1=0&cropY2=548,2715.0,2712.0,1400.0,,,,,,
Simón Pedro Barceló Vadell,Barceló Vadell,simon-pedro-barcelo-vadell,no-pic,0.0,Hotels,Real Estate,M,Spain,1777596602659,,,1343.161,2842.0,2842.0,60.0,,2716.0,2712.0,1400.0,,,,,,
Karen Virginia Beckmann Legoretta,Beckmann Legoretta,karen-virginia-beckmann-legoretta,no-pic-female,,Tequila,Food & Beverage,F,Mexico,1773097777898,,,,,,,,2717.0,2712.0,1400.0,,,,,,
Sara Blakely,Blakely,sara-blakely,sara-blakely,0.0,Spanx,Fashion & Retail,F,United States,1777596602659,GA,Georgia,1309.512,2890.0,2890.0,55.0,//specials-images.forbesimg.com/imageserve/5ceedf889736330008aa67c8/416x416.jpg?background=000000&cropX1=759&cropX2=2600&cropY1=472&cropY2=2314,2718.0,2712.0,1400.0,"Founder, Spanx",False,,,,
Vladimir Bogdanov,Bogdanov,vladimir-bogdanov,vladimir-bogdanov,0.0,Oil,Energy,M,Russia,1777596602659,,,1410.592,2745.0,2745.0,74.0,//specials-images.forbesimg.com/imageserve/5e779103d8e1ae0007b72ee5/416x416.jpg?background=000000&cropX1=963&cropX2=3864&cropY1=0&cropY2=2904,2719.0,2712.0,1400.0,,,,,,
Josef Boquoi,Boquoi,josef-boquoi,no-pic,0.0,Frozen foods,Food & Beverage,M,Germany,1777596602659,,,1375.921,2799.0,2799.0,92.0,,2720.0,2712.0,1400.0,,,,,,
Carson Brice,Brice,carson-brice,no-pic-female,7.778,Banking,Finance & Investments,F,United States,1777596602659,NC,North Carolina,1409.913,2748.0,2748.0,58.0,,2721.0,2712.0,1400.0,,,,,,
Claire Bristow,Bristow,claire-bristow,no-pic-female,7.792,banking,Finance & Investments,F,United States,1777596602659,NC,North Carolina,1409.478,2750.0,2750.0,59.0,,2722.0,2712.0,1400.0,,,,,,
Saket Burman,Burman,saket-burman,no-pic,,Consumer goods,Food & Beverage,M,United Kingdom,1773097792634,,,,,,49.0,//specials-images.forbesimg.com/imageserve/58a0dd82a7ea431f32195ac2/416x416.jpg?background=000000&cropX1=114&cropX2=674&cropY1=50&cropY2=611,2723.0,2712.0,1400.0,,,,,,
Daniel Calugar,Calugar,daniel-calugar,no-pic,0.0,Investing,Finance & Investments,M,United States,1777596602659,NV,Nevada,1409.906,2749.0,2749.0,72.0,https://specials-images.forbesimg.com/imageserve/69b094710f9790dfd1b1f9fc/416x416.jpg?background=000000&cropX1=643&cropX2=2496&cropY1=143&cropY2=1995,2724.0,2712.0,1400.0,,,,,,
Chen Guodong,Chen,chen-guodong,no-pic,,Gold and jewelry,Fashion & Retail,M,China,1773097797510,,,,,,60.0,,2725.0,2712.0,1400.0,,,,,,
Rui Chen,Chen,rui-chen,no-pic,,Online entertainment,Media & Entertainment,M,China,1773097799769,,,,,,48.0,//specials-images.forbesimg.com/imageserve/5e78b838c7b02d000666ea2f/416x416.jpg?background=000000&cropX1=1218&cropX2=3195&cropY1=57&cropY2=2033,2726.0,2712.0,1400.0,,,,,,
Chen Yuantai,Chen,chen-yuantai,no-pic,-31.92,Batteries,Energy,M,China,1777596602659,,,1786.375,2299.0,2299.0,58.0,,2727.0,2712.0,1400.0,,,,,,
Chaitanya Desai,Desai,chaitanya-desai,no-pic,-7.247,Electric cables,Manufacturing,M,India,1777596602659,,,1521.483,2601.0,2601.0,54.0,https://specials-images.forbesimg.com/imageserve/669949de2ea91e8bc8df7e21/416x416.jpg?background=000000&cropX1=42&cropX2=766&cropY1=0&cropY2=724,2728.0,2712.0,1400.0,,,,,,
Kushal Desai,Desai,kushal-desai,no-pic,-7.247,Electrical cables,Manufacturing,M,India,1777596602659,,,1521.483,2601.0,2602.0,59.0,https://specials-images.forbesimg.com/imageserve/669949602ea91e8bc8df7e1f/416x416.jpg?background=000000&cropX1=93&cropX2=1481&cropY1=100&cropY2=1489,2729.0,2712.0,1400.0,,,,,,
Sergey Dmitriev,Dmitriev,sergey-dmitriev,no-pic,0.0,Software,Technology,M,Cyprus,1777596602659,,,1389.0,2782.0,2782.0,60.0,,2730.0,2712.0,1400.0,,,,,,
Dong Fan,Dong,dong-fan,no-pic,-1.039,Medical devices,Healthcare,M,China,1777596602659,,,1390.272,2778.0,2778.0,,//specials-images.forbesimg.com/imageserve/5c6f04ff31358e35dd26c742/416x416.jpg?background=000000&cropX1=3&cropX2=408&cropY1=8&cropY2=413,2731.0,2712.0,1400.0,,,,,,
Hitesh Doshi,Doshi,hitesh-doshi,no-pic,-185.233,Solar panels,Energy,M,India,1777596602659,,,1530.112,2590.0,2590.0,59.0,https://specials-images.forbesimg.com/imageserve/691384e915cb10925cc73098/416x416.jpg?background=000000&cropX1=673&cropX2=3192&cropY1=180&cropY2=2698,2732.0,2712.0,1400.0,,,,,,
Pankaj Doshi,Doshi,pankaj-doshi,no-pic,-184.617,Solar panels,Energy,M,India,1777596602659,,,1528.594,2591.0,2591.0,63.0,https://specials-images.forbesimg.com/imageserve/6913849c209ca92e5adbc2c1/416x416.jpg?background=000000&cropX1=827&cropX2=2956&cropY1=162&cropY2=2291,2733.0,2712.0,1400.0,,,,,,
Faruk Eczacibasi,Eczacibasi,faruk-eczacibasi,faruk-eczacibasi,-11.317,"Pharmaceuticals, diversified",Diversified,M,Turkey,1777596602659,,,1349.438,2834.0,2834.0,71.0,//specials-images.forbesimg.com/imageserve/58b73e0da7ea431f321a6e54/416x416.jpg?background=000000&cropX1=0&cropX2=744&cropY1=81&cropY2=825,2734.0,2712.0,1400.0,,,,,,
Jose Roberto Ermirio de Moraes,Ermirio de Moraes,jose-roberto-ermirio-de-moraes,no-pic,0.0,Diversified,Diversified,M,Brazil,1777596602659,,,1467.283,2671.0,2672.0,68.0,,2735.0,2712.0,1400.0,,,,,,
Jose Ermirio de Moraes Neto,Ermirio de Moraes Neto,jose-ermirio-de-moraes-neto,no-pic,0.0,Diversified,Diversified,M,Brazil,1777596602659,,,1467.283,2671.0,2671.0,73.0,,2736.0,2712.0,1400.0,,,,,,
Jorge Feffer,Feffer,jorge-feffer,no-pic,,pulp and paper,Manufacturing,M,Brazil,1773097826302,,,,,,61.0,,2737.0,2712.0,1400.0,,,,,,
Luca Ferrari,Ferrari,luca-ferrari,no-pic,0.0,Software investment,Technology,M,Italy,1777596602659,,,1400.0,2764.0,2766.0,41.0,,2738.0,2712.0,1400.0,,,,,,
Gleb Fetisov,Fetisov,gleb-fetisov,gleb-fetisov,0.0,Investments,Telecom,M,Russia,1777596602659,,,1397.0,2774.0,2774.0,59.0,//specials-images.forbesimg.com/imageserve/5a80a73c4bbe6f2652f53e56/416x416.jpg?background=000000&cropX1=268&cropX2=2388&cropY1=0&cropY2=2119,2739.0,2712.0,1400.0,,,,,,
Andrei Filatov,Filatov,andrei-filatov,andrei-filatov,0.0,"ports, railway transport",Logistics,M,Russia,1777596602659,,,1432.534,2719.0,2719.0,54.0,//specials-images.forbesimg.com/imageserve/5c71da8c4bbe6f24567aee8b/416x416.jpg?background=000000&cropX1=1158&cropX2=3954&cropY1=6&cropY2=2800,2740.0,2712.0,1400.0,,,,,,
Antonio Gallardo Ballart,Gallardo Ballart,antonio-gallardo-ballart,no-pic,10.429,pharmaceuticals,Healthcare,M,Spain,1777596602659,,,1369.67,2809.0,2809.0,90.0,//specials-images.forbesimg.com/imageserve/5c72171031358e35dd26fe39/416x416.jpg?background=000000&cropX1=3&cropX2=295&cropY1=67&cropY2=359,2741.0,2712.0,1400.0,,,,,,
Jan-Hendrik Goldbeck,Goldbeck,jan-hendrik-goldbeck,no-pic,0.0,construction,Construction & Engineering,M,Germany,1777596602659,,,1407.511,2754.0,2754.0,49.0,,2742.0,2712.0,1400.0,,,,,,
Joachim Goldbeck,Goldbeck,joachim-goldbeck,no-pic,0.0,construction,Construction & Engineering,M,Germany,1777596602659,,,1407.511,2754.0,2755.0,55.0,,2743.0,2712.0,1400.0,,,,,,
Jörg-Uwe Goldbeck,Goldbeck,jorg-uwe-goldbeck,no-pic,0.0,construction,Construction & Engineering,M,Germany,1777596602659,,,1407.511,2754.0,2756.0,58.0,,2744.0,2712.0,1400.0,,,,,,
Deepinder Goyal,Goyal,deepinder-goyal,no-pic,-42.323,Food delivery service,Service,M,India,1777596602659,,,1365.595,2811.0,2811.0,43.0,https://specials-images.forbesimg.com/imageserve/66909a76958368dfeb416a5b/416x416.jpg?background=000000&cropX1=160&cropX2=1148&cropY1=57&cropY2=1047,2745.0,2712.0,1400.0,,,,,,
Ryan Graves,Graves,ryan-graves,ryan-graves,1.34,Uber,Technology,M,United States,1777596602659,HI,Hawaii,1348.011,2835.0,2835.0,42.0,//specials-images.forbesimg.com/imageserve/5a9093ac4bbe6f0fa8266912/416x416.jpg?background=000000&cropX1=646&cropX2=1389&cropY1=412&cropY2=1154,2746.0,2712.0,1400.0,,,,,,
Cristina Green,Green,cristina-green,no-pic-female,0.0,Fashion retail,Fashion & Retail,F,United Kingdom,1777596602659,,,1399.013,2771.0,2771.0,76.0,,2747.0,2712.0,1400.0,,,,,,
Philip Green,Green,philip-green,no-pic,0.0,Fashion retail,Fashion & Retail,M,United Kingdom,1777596602659,,,1399.013,2771.0,2772.0,74.0,,2748.0,2712.0,1400.0,,,,,,
Lucy Guo,Guo,lucy-guo,no-pic-female,0.0,Artificial intelligence,Technology,F,United States,1777596602659,CA,California,1447.4,2700.0,2700.0,31.0,https://specials-images.forbesimg.com/imageserve/69af1ac9d45d44a2eed82f26/416x416.jpg?background=000000&cropX1=0&cropX2=766&cropY1=199&cropY2=965,2749.0,2712.0,1400.0,,,,,,
Nanu Gupta,Gupta,nanu-gupta,no-pic,0.0,Retail,Fashion & Retail,M,India,1777596602659,,,1377.847,2796.0,2796.0,83.0,,2750.0,2712.0,1400.0,,,,,,
Polys Haji-Ioannou,Haji-Ioannou,polys-haji-ioannou,no-pic,2.246,EasyJet,Service,M,Cyprus,1777596602659,,,1299.523,2912.0,2912.0,66.0,,2751.0,2712.0,1400.0,,,,,,
Stelios Haji-Ioannou,Haji-Ioannou,stelios-haji-ioannou,stelios-haji-ioannou,1.557,EasyJet,Service,M,Cyprus,1777596602659,,,1389.358,2779.0,2779.0,59.0,//specials-images.forbesimg.com/imageserve/5e75873cc7b02d000666c33e/416x416.jpg?background=000000&cropX1=598&cropX2=1754&cropY1=820&cropY2=1975,2752.0,2712.0,1400.0,,,,,,
Ayman Hariri,Hariri,ayman-hariri,ayman-hariri,0.0,"Construction, investments",Construction & Engineering,M,Lebanon,1777596602659,,,1400.0,2764.0,2764.0,47.0,//specials-images.forbesimg.com/imageserve/5e76eb7210380d0006fbb92c/416x416.jpg?background=000000&cropX1=84&cropX2=847&cropY1=64&cropY2=827,2753.0,2712.0,1400.0,,,,,,
He Zhenggang,He,he-zhenggang,no-pic,-17.419,Chemicals,Manufacturing,M,China,1777596602659,,,1467.661,2670.0,2670.0,72.0,,2754.0,2712.0,1400.0,,,,,,
Susan Carol Holland,Holland,susan-carol-holland,no-pic-female,,Hearing aids,Manufacturing,F,Italy,1773097868802,,,,,,69.0,,2755.0,2712.0,1400.0,,,,,,
Hua Xuande,Hua,hua-xuande,no-pic,,Pharmaceuticals,Healthcare,M,China,1773097871182,,,,,,82.0,,2756.0,2712.0,1400.0,,,,,,
Huang Chulong,Huang,huang-chulong,huang-chulong,0.0,Real estate,Real Estate,M,Canada,1777596602659,,,1363.724,2813.0,2813.0,67.0,//specials-images.forbesimg.com/imageserve/5e74458610380d0006bdad2e/416x416.jpg?background=000000&cropX1=283&cropX2=709&cropY1=0&cropY2=426,2757.0,2712.0,1400.0,,,,,,
Howard Huang,Huang,howard-huang,no-pic,25.022,Cameras and sensors,Manufacturing,M,China,1777596602659,,,1268.305,2951.0,2951.0,46.0,https://specials-images.forbesimg.com/imageserve/68cd94150ec25b8963475195/416x416.jpg?background=000000&cropX1=136&cropX2=1156&cropY1=120&cropY2=1139,2758.0,2712.0,1400.0,,,,,,
Huang Shanbing,Huang,huang-shanbing,no-pic,16.297,semiconductors,Technology,M,China,1777596602659,,,1239.61,2989.0,2989.0,69.0,,2759.0,2712.0,1400.0,,,,,,
LeBron James,James,lebron-james,lebron-james,0.0,Basketball,Sports,M,United States,1777596602659,CA,California,1422.0,2734.0,2734.0,41.0,https://specials-images.forbesimg.com/imageserve/676065abff2639cbb30d2b5c/416x416.jpg?background=000000&cropX1=23&cropX2=2158&cropY1=0&cropY2=2134,2760.0,2712.0,1400.0,"Athlete, NBA",False,137.6,,52.6,85.0
Yousuf Mohammad Jamjoom,Jamjoom,yousuf-mohammad-jamjoom,no-pic,,Pharmaceuticals,Healthcare,M,Saudi Arabia,1775570442467,,,,,,96.0,,2761.0,2712.0,1400.0,,,,,,
Jin Lei,Jin,jin-lei,no-pic,9.29,Medical equipment,Healthcare,M,China,1777596602659,,,1312.501,2880.0,2880.0,71.0,,2762.0,2712.0,1400.0,,,,,,
Shirley Kao,Kao,shirley-kao,no-pic-female,-7.66,Food & beverage retailing,Food & Beverage,F,Taiwan,1777596602659,,,1399.497,2768.0,2768.0,69.0,https://specials-images.forbesimg.com/imageserve/66560e828d3926a7c854ad4c/416x416.jpg?background=000000&cropX1=51&cropX2=2354&cropY1=767&cropY2=3074,2763.0,2712.0,1400.0,,,,,,
Ke Guihua,Ke,ke-guihua,no-pic,,Auto parts,Manufacturing,M,China,1773097891666,,,,,,60.0,,2764.0,2712.0,1400.0,,,,,,
Brad Kelley,Kelley,brad-kelley,brad-kelley,0.006,Tobacco,Real Estate,M,United States,1777596602659,TN,Tennessee,1416.849,2739.0,2739.0,69.0,//specials-images.forbesimg.com/imageserve/5520633fa27facb88417bcf9fb84cd37/416x416.jpg?background=000000&cropX1=9&cropX2=1312&cropY1=174&cropY2=1477,2765.0,2712.0,1400.0,,,,,,
Hyuntae Kim,Kim,hyuntae-kim,no-pic,,Biotech,Healthcare,M,South Korea,1776116815457,,,,,,50.0,,2766.0,2712.0,1400.0,,,,,,
Jim Koch,Koch,jim-koch,jim-koch,1.179,Beer,Food & Beverage,M,United States,1777596602659,MA,Massachusetts,1450.714,2690.0,2690.0,76.0,//specials-images.forbesimg.com/imageserve/5e88df72c095010007bff054/416x416.jpg?background=000000&cropX1=720&cropX2=3383&cropY1=0&cropY2=2665,2767.0,2712.0,1400.0,,,,,,
Sergei Kolesnikov,Kolesnikov,sergei-kolesnikov,no-pic,0.0,Building materials,Manufacturing,M,Russia,1777596602659,,,1400.785,2763.0,2763.0,54.0,//specials-images.forbesimg.com/imageserve/5e778745c7b02d000666d88d/416x416.jpg?background=000000&cropX1=1670&cropX2=3855&cropY1=0&cropY2=2184,2768.0,2712.0,1400.0,,,,,,
Koon Poh Ming,Koon,koon-poh-ming,no-pic,0.556,aluminum,Metals & Mining,M,Malaysia,1777596602659,,,1668.271,2442.0,2442.0,69.0,//specials-images.forbesimg.com/imageserve/5e5e7ae144b78400068be27e/416x416.jpg?background=000000&cropX1=1838&cropX2=3940&cropY1=461&cropY2=2562,2769.0,2712.0,1400.0,,,,,,
Andrei Kosogov,Kosogov,andrei-kosogov,andrei-kosogov,2.065,Banking,Energy,M,Russia,1777596602659,,,1399.407,2769.0,2769.0,65.0,//specials-images.forbesimg.com/imageserve/5a809208a7ea4316901339df/416x416.jpg?background=000000&cropX1=6&cropX2=1302&cropY1=3&cropY2=1300,2770.0,2712.0,1400.0,,,,,,
Hans-Otto Kromberg,Kromberg,hans-otto-kromberg,no-pic,0.0,Electrical Products,Manufacturing,M,Germany,1777596602659,,,1380.601,2791.0,2791.0,83.0,,2771.0,2712.0,1400.0,,,,,,
Lai Jianping,Lai,lai-jianping,no-pic,-22.671,Soy sauce,Food & Beverage,M,China,1777596602659,,,1515.367,2610.0,2610.0,,,2772.0,2712.0,1400.0,,,,,,
Max Levchin,Levchin,max-levchin,no-pic,23.377,fintech,Finance & Investments,M,United States,1777596602659,CA,California,1881.326,2199.0,2199.0,50.0,https://specials-images.forbesimg.com/imageserve/601abe82efcc06701e78275e/416x416.jpg?background=000000&cropX1=346&cropX2=2922&cropY1=331&cropY2=2905,2773.0,2712.0,1400.0,,,,,,
David Xueling Li,Li,david-xueling-li,no-pic,31.869,Live streaming service,Technology,M,China,1777596602659,,,1428.965,2722.0,2722.0,53.0,https://specials-images.forbesimg.com/imageserve/66d729a11048cb9d7b924990/416x416.jpg?background=000000&cropX1=1&cropX2=800&cropY1=0&cropY2=799,2774.0,2712.0,1400.0,,,,,,
Li Hongjing,Li,li-hongjing,no-pic,-10.286,auto parts,Automotive,M,China,1777596602659,,,1308.729,2891.0,2891.0,58.0,,2775.0,2712.0,1400.0,,,,,,
Li Ming,Li,li-ming,no-pic,-32.495,investments,Finance & Investments,M,Hong Kong,1777596602659,,,1486.925,2650.0,2650.0,58.0,,2776.0,2712.0,1400.0,,,,,,
Li Xuhui,Li,li-xuhui,no-pic-female,-8.383,Soy sauce,Food & Beverage,F,China,1777596602659,,,1422.593,2729.0,2729.0,57.0,,2777.0,2712.0,1400.0,,,,,,
Li Zhen,Li,li-zhen,no-pic,-31.183,Lithium batteries,Manufacturing,M,China,1777596602659,,,1378.715,2794.0,2794.0,62.0,,2778.0,2712.0,1400.0,,,,,,
Lin Zhixiong,Lin,lin-zhixiong,no-pic,29.24,Medical devices,Healthcare,M,China,1777596602659,,,1276.674,2943.0,2943.0,52.0,,2779.0,2712.0,1400.0,,,,,,
Alexander Linnik,Linnik,alexander-linnik,no-pic,0.0,Agriculture,Food & Beverage,M,Russia,1777596602659,,,1438.057,2709.0,2709.0,58.0,,2780.0,2712.0,1400.0,,,,,,
Victor Linnik,Linnik,victor-linnik,no-pic,0.0,Agriculture,Food & Beverage,M,Russia,1777596602659,,,1438.057,2709.0,2710.0,58.0,https://specials-images.forbesimg.com/imageserve/67e5971033f7c31446255ade/416x416.jpg?background=000000&cropX1=30&cropX2=1086&cropY1=11&cropY2=1068,2781.0,2712.0,1400.0,,,,,,
Michel Litvak,Litvak,michel-litvak-2,no-pic,0.0,Seaport,Logistics,M,Russia,1777596602659,,,1377.581,2797.0,2797.0,74.0,,2782.0,2712.0,1400.0,,,,,,
Itamar Locks,Locks,itamar-locks,no-pic,0.0,Agribusiness,Food & Beverage,M,Brazil,1777596602659,,,1458.641,2684.0,2684.0,71.0,,2783.0,2712.0,1400.0,,,,,,
Jeffrey Lorberbaum,Lorberbaum,jeffrey-lorberbaum,jeffrey-lorberbaum,25.344,Flooring,Manufacturing,M,United States,1777596602659,TN,Tennessee,1243.976,2982.0,2982.0,71.0,http://specials-images.forbesimg.com/imageserve/a5191b847bd677e5f6bd8591568872c4/416x416.jpg?background=000000&cropX1=0&cropX2=744&cropY1=300&cropY2=1044,2784.0,2712.0,1400.0,,,,,,
Alexander Lutsenko,Lutsenko,alexander-lutsenko,alexander-lutsenko,0.0,agribusiness,Food & Beverage,M,Russia,1777596602659,,,1375.4,2800.0,2800.0,64.0,,2785.0,2712.0,1400.0,,,,,,
Blairo Maggi,Maggi,blairo-maggi,blairo-maggi,0.0,Agribusiness,Food & Beverage,M,Brazil,1777596602659,,,1458.485,2685.0,2685.0,69.0,,2786.0,2712.0,1400.0,,,,,,
Gary Magness,Magness,gary-magness,gary-magness,5.743,"Cable TV, investments",Media & Entertainment,M,United States,1777596602659,CO,Colorado,1353.958,2823.0,2823.0,72.0,//specials-images.forbesimg.com/imageserve/5a908db831358e79a28a1ed8/416x416.jpg?background=000000&cropX1=480&cropX2=1667&cropY1=120&cropY2=1308,2787.0,2712.0,1400.0,,,,,,
Yasseen Mansour,Mansour,yasseen-mansour,yasseen-mansour,0.81,Diversified,Diversified,M,Egypt,1777596602659,,,1359.976,2818.0,2818.0,64.0,//specials-images.forbesimg.com/imageserve/e64883d7382b4c35f0fdba9c0e3bf35f/416x416.jpg?background=000000&cropX1=0&cropX2=744&cropY1=118&cropY2=862,2788.0,2712.0,1400.0,,,,,,
Marissa Mayer,Mayer,marissa-mayer,marissa-mayer,69.846,"Google, Yahoo",Technology,F,United States,1777596602659,CA,California,1501.018,2625.0,2625.0,50.0,https://specials-images.forbesimg.com/imageserve/5f779738b82663aa866a3686/416x416.jpg?background=000000&cropX1=201&cropX2=1679&cropY1=146&cropY2=1625,2789.0,2712.0,1400.0,,,,,,
Adriaan Mol,Mol,adriaan-mol,no-pic,0.0,Fintech,Technology,M,Netherlands,1777596602659,,,1423.0,2727.0,2727.0,42.0,,2790.0,2712.0,1400.0,,,,,,
Neide Helena de Moraes,Moraes,neide-helena-de-moraes,no-pic-female,0.0,Diversified,Diversified,F,Brazil,1777596602659,,,1467.283,2671.0,2673.0,71.0,,2791.0,2712.0,1400.0,,,,,,
Mu Rongjun,Mu,mu-rongjun,no-pic,1.647,E-commerce,Technology,M,China,1777596602659,,,1403.092,2760.0,2760.0,46.0,//specials-images.forbesimg.com/imageserve/5e78c6e6c7b02d000666eca0/416x416.jpg?background=000000&cropX1=1018&cropX2=2519&cropY1=236&cropY2=1739,2792.0,2712.0,1400.0,,,,,,
Kimbal Musk,Musk,kimbal-musk,no-pic,10.33,"Tesla, SpaceX",Automotive,M,United States,1777596602659,CO,Colorado,1365.475,2812.0,2812.0,53.0,https://specials-images.forbesimg.com/imageserve/69af1a4b55dc6356344a2aac/416x416.jpg?background=000000&cropX1=621&cropX2=1315&cropY1=309&cropY2=1003,2793.0,2712.0,1400.0,,,,,,
Evangelos Mytilineos,Mytilineos,evangelos-mytilineos,no-pic,31.734,"Energy, metals",Energy,M,Greece,1777596602659,,,1449.61,2693.0,2693.0,72.0,https://specials-images.forbesimg.com/imageserve/67e59882887d07476ae232f7/416x416.jpg?background=000000&cropX1=295&cropX2=2510&cropY1=10&cropY2=2223,2794.0,2712.0,1400.0,,,,,,
Albert Nahmad,Nahmad,albert-nahmad,no-pic,26.031,Air conditioning parts,Manufacturing,M,United States,1777596602659,FL,Florida,1475.574,2666.0,2666.0,85.0,https://specials-images.forbesimg.com/imageserve/661daf823c75bcdd32acafe3/416x416.jpg?background=000000&cropX1=741&cropX2=1868&cropY1=133&cropY2=1261,2795.0,2712.0,1400.0,,,,,,
Ni Yongpei,Ni,ni-yongpei,ni-yongpei,-28.888,Beverages,Food & Beverage,M,China,1777596602659,,,1361.971,2814.0,2814.0,74.0,https://specials-images.forbesimg.com/imageserve/624432ad291e60a5c7b1927f/416x416.jpg?background=000000&cropX1=460&cropX2=2350&cropY1=155&cropY2=2046,2796.0,2712.0,1400.0,,,,,,
Nie Tengyun,Nie,nie-tengyun,no-pic,-1.562,Logistics,Service,M,China,1777596602659,,,1563.809,2546.0,2546.0,50.0,//specials-images.forbesimg.com/imageserve/5dc07d64ca425400079c69b6/416x416.jpg?background=000000&cropX1=848&cropX2=3536&cropY1=848&cropY2=3537,2797.0,2712.0,1400.0,,,,,,
Adam Norwitt,Norwitt,adam-norwitt,no-pic,-8.881,Electronic components,Manufacturing,M,United States,1777596602659,CT,Connecticut,1438.765,2707.0,2707.0,56.0,,2798.0,2712.0,1400.0,,,,,,
Pan Laican,Pan,pan-laican,no-pic,-27.106,Soy sauce,Food & Beverage,M,China,1777596602659,,,1480.98,2662.0,2662.0,,,2799.0,2712.0,1400.0,,,,,,
Ed Park,Park,ed-park,no-pic,0.0,Health technology,Healthcare,M,United States,1777596602659,MA,Massachusetts,1400.0,2764.0,2765.0,51.0,,2800.0,2712.0,1400.0,,,,,,
Todd Park,Park,todd-park,todd-park,0.0,Health technology,Healthcare,M,United States,1777596602659,CA,California,1400.0,2764.0,2767.0,53.0,,2801.0,2712.0,1400.0,,,,,,
Georgios Peristeris,Peristeris,georgios-peristeris,no-pic,30.325,Real estate,Real Estate,M,Greece,1777596602659,,,1548.841,2563.0,2563.0,69.0,,2802.0,2712.0,1400.0,,,,,,
Tyler Perry,Perry,tyler-perry,tyler-perry,0.0,"Movies, television",Media & Entertainment,M,United States,1777596602659,GA,Georgia,1357.1,2821.0,2821.0,56.0,https://specials-images.forbesimg.com/imageserve/676076151496b02165d95511/416x416.jpg?background=000000&cropX1=517&cropX2=1620&cropY1=227&cropY2=1333,2803.0,2712.0,1400.0,"Director, Television",False,165.0,,,
Mark Pincus,Pincus,mark-pincus,mark-pincus,4.028,Online games,Technology,M,United States,1777596602659,CA,California,1433.353,2716.0,2716.0,60.0,//specials-images.forbesimg.com/imageserve/5a90820b31358e79a28a1d51/416x416.jpg?background=000000&cropX1=1096&cropX2=4271&cropY1=380&cropY2=3553,2804.0,2712.0,1400.0,"Chairman, Zynga Inc",False,,,,
Réal Plourde,Plourde,real-plourde,no-pic,69.448,Convenience stores,Fashion & Retail,M,Canada,1777596602659,,,1337.678,2847.0,2847.0,75.0,,2805.0,2712.0,1400.0,,,,,,
Alexander Rakshin,Rakshin,alexander-rakshin,no-pic,0.0,retail,Food & Beverage,M,Russia,1777596602659,,,1407.245,2757.0,2757.0,74.0,,2806.0,2712.0,1400.0,,,,,,
Andrei Rappoport,Rappoport,andrei-rappoport,andrei-rappoport,0.0,Investments,Finance & Investments,M,Russia,1777596602659,,,1382.0,2788.0,2788.0,62.0,//specials-images.forbesimg.com/imageserve/5e777797d8e1ae0007b72cc2/416x416.jpg?background=000000&cropX1=171&cropX2=1290&cropY1=55&cropY2=1174,2807.0,2712.0,1400.0,,,,,,
Irfan Razack,Razack,irfan-razack-1,no-pic,-20.11,Real estate,Real Estate,M,India,1777596602659,,,1349.516,2831.0,2831.0,72.0,,2808.0,2712.0,1400.0,,,,,,
Noaman Razack,Razack,noaman-razack,no-pic,-20.11,Real estate,Real Estate,M,India,1777596602659,,,1349.501,2832.0,2832.0,68.0,,2809.0,2712.0,1400.0,,,,,,
Rezwan Razack,Razack,rezwan-razack,no-pic,-20.11,Real estate,Real Estate,M,India,1777596602659,,,1349.501,2832.0,2833.0,71.0,https://specials-images.forbesimg.com/imageserve/661db862ef4bcc9550456f19/416x416.jpg?background=000000&cropX1=2474&cropX2=3487&cropY1=355&cropY2=1367,2810.0,2712.0,1400.0,,,,,,
Elly Reisman,Reisman,elly-reisman,no-pic,0.0,Homebuilding,Real Estate,M,Canada,1777596602659,,,1408.382,2753.0,2753.0,76.0,,2811.0,2712.0,1400.0,,,,,,
Douglas Rippel,Rippel,douglas-rippel,no-pic,10.047,retail finance,Finance & Investments,M,United States,1777596602659,KS,Kansas,1468.907,2668.0,2668.0,59.0,,2812.0,2712.0,1400.0,,,,,,
Jordi Rubiralta,Rubiralta,jordi-rubiralta,no-pic,-0.728,Diagnostics,Healthcare,M,Spain,1777596602659,,,1412.739,2744.0,2744.0,52.0,,2813.0,2712.0,1400.0,,,,,,
Igor Rybakov,Rybakov,igor-rybakov,no-pic,0.0,Building materials,Manufacturing,M,Russia,1777596602659,,,1381.185,2789.0,2789.0,53.0,//specials-images.forbesimg.com/imageserve/5e777e5cc7b02d000666d7dc/416x416.jpg?background=000000&cropX1=1057&cropX2=3552&cropY1=45&cropY2=2539,2814.0,2712.0,1400.0,,,,,,
Nobutada Saji,Saji,nobutada-saji,nobutada-saji,-4.649,Beverages,Food & Beverage,M,Japan,1777596602659,,,1254.896,2964.0,2964.0,80.0,,2815.0,2712.0,1400.0,,,,,,
Samih Sawiris,Sawiris,samih-sawiris,samih-sawiris,-2.085,"real estate, hotels",Service,M,Egypt,1777596602659,,,1377.265,2798.0,2798.0,69.0,,2816.0,2712.0,1400.0,,,,,,
Hans Schmid,Schmid,hans-schmid,no-pic,0.0,Office Supplies,Fashion & Retail,M,Germany,1777596602659,,,1339.3,2846.0,2846.0,81.0,,2817.0,2712.0,1400.0,,,,,,
Nicole Shanahan,Shanahan,nicole-shanahan,no-pic-female,142.316,Google,Technology,F,United States,1777596602659,CA,California,1688.284,2422.0,2422.0,40.0,,2818.0,2712.0,1400.0,,,,,,
Eric Ya Shen,Shen,eric-ya-shen,no-pic,,Online apparel retail,Technology,M,China,1773098028989,,,,,,55.0,,2819.0,2712.0,1400.0,,,,,,
Jared Smith,Smith,jared-smith-1,no-pic,0.0,Cloud computing,Technology,M,United States,1777596602659,UT,Utah,1421.0,2736.0,2736.0,51.0,,2820.0,2712.0,1400.0,,,,,,
Mike Speiser,Speiser,mike-speiser,no-pic,-11.59,Software,Technology,M,United States,1777596602659,CA,California,1315.987,2871.0,2871.0,55.0,https://specials-images.forbesimg.com/imageserve/65bbd293b1ba4511a32ee1e4/416x416.jpg?background=000000&cropX1=0&cropX2=413&cropY1=10&cropY2=423,2821.0,2712.0,1400.0,Sutter Hill Ventures,False,,,,
Michael Spencer,Spencer,michael-spencer,no-pic,0.0,Stock exchange,Finance & Investments,M,United Kingdom,1777596602659,,,1366.275,2810.0,2810.0,70.0,,2822.0,2712.0,1400.0,,,,,,
Joseph Steinberg,Steinberg,joseph-steinberg,no-pic,15.729,Investments,Finance & Investments,M,United States,1777596602659,NY,New York,1461.664,2680.0,2680.0,82.0,,2823.0,2712.0,1400.0,,,,,,
Christopher Stolte,Stolte,christopher-stolte,no-pic,-3.875,software,Technology,M,United States,1777596602659,WA,Washington,1347.848,2836.0,2836.0,53.0,,2824.0,2712.0,1400.0,,,,,,
Lisa Su,Su,lisa-su,no-pic-female,91.941,Semiconductors,Technology,F,United States,1777596602658,,,2175.571,1924.0,1924.0,56.0,https://specials-images.forbesimg.com/imageserve/633235adb44bb8c5a444b121/416x416.jpg?background=000000&cropX1=5&cropX2=1080&cropY1=2&cropY2=1077,2825.0,2712.0,1400.0,"CEO, AMD",False,,,,
Sun Huaiqing,Sun,sun-huaiqing,no-pic,,Cosmetics,Fashion & Retail,M,China,1773098046471,,,,,,56.0,https://specials-images.forbesimg.com/imageserve/6050f48ca1ab099ed6e290cc/416x416.jpg?background=000000&cropX1=0&cropX2=800&cropY1=0&cropY2=800,2826.0,2712.0,1400.0,,,,,,
Pantas Sutardja,Sutardja,pantas-sutardja,no-pic,-10.377,Semiconductors,Technology,M,United States,1777596602659,CA,California,1785.925,2300.0,2300.0,63.0,,2827.0,2712.0,1400.0,,,,,,
Tan Lili,Tan,tan-lili,no-pic-female,4.017,Feed,Food & Beverage,F,China,1777596602659,,,1244.073,2981.0,2981.0,,,2828.0,2712.0,1400.0,,,,,,
Jeff Tangney,Tangney,jeff-tangney,no-pic,13.162,Healthcare IT,Healthcare,M,United States,1777596602659,CA,California,1389.141,2781.0,2781.0,53.0,https://specials-images.forbesimg.com/imageserve/614b5bc237f918cba2f46262/416x416.jpg?background=000000&cropX1=790&cropX2=3825&cropY1=316&cropY2=3351,2829.0,2712.0,1400.0,"CEO, Doximity",False,,,,
Tseng Cheng,Tseng,tseng-cheng,no-pic,0.0,Petrochemicals,Manufacturing,M,Taiwan,1777596602659,,,1569.145,2535.0,2535.0,64.0,,2830.0,2712.0,1400.0,,,,,,
Yasuhide Uno,Uno,yasuhide-uno,no-pic,,Payment services,Technology,M,Japan,1773098058466,,,,,,62.0,https://specials-images.forbesimg.com/imageserve/67ed5655359418967743ec2f/416x416.jpg?background=000000&cropX1=426&cropX2=1323&cropY1=223&cropY2=1120,2831.0,2712.0,1400.0,,,,,,
Manoj Upadhyay,Upadhyay,manoj-upadhyay,no-pic,-1.33,solar energy,Energy,M,India,1777596602659,,,1664.637,2447.0,2447.0,55.0,,2832.0,2712.0,1400.0,,,,,,
Bhikhabai Virani,Virani,bhikhabai-virani,no-pic,0.0,Snacks,Food & Beverage,M,India,1777596602659,,,1313.116,2877.0,2877.0,72.0,,2833.0,2712.0,1400.0,,,,,,
Dora Voigt de Assis,Voigt de Assis,dora-voigt-de-assis,no-pic-female,19.678,Industrial Machinery,Manufacturing,F,Brazil,1777596602659,,,1277.693,2941.0,2941.0,28.0,,2834.0,2712.0,1400.0,,,,,,
Lívia Voigt de Assis,Voigt de Assis,livia-voigt-de-assis,no-pic-female,19.678,Industrial Machinery,Manufacturing,F,Brazil,1777596602659,,,1277.693,2941.0,2942.0,21.0,,2835.0,2712.0,1400.0,,,,,,
Wang Chou-hsiong,Wang,wang-chou-hsiong,no-pic,,Footwear,Manufacturing,M,Taiwan,1773098070009,,,,,,85.0,https://specials-images.forbesimg.com/imageserve/63a0ccea19ae5f47238ceb4c/416x416.jpg?background=000000&cropX1=95&cropX2=1318&cropY1=142&cropY2=1366,2836.0,2712.0,1400.0,,,,,,
Wang Dong,Wang,wang-dong-1,no-pic,61.381,Semiconductor,Manufacturing,M,China,1777596602659,,,1683.15,2429.0,2429.0,,,2837.0,2712.0,1400.0,,,,,,
Wang Jilei,Wang,wang-jilei,no-pic,9.277,Logistics,Logistics,M,China,1777596602659,,,1405.83,2759.0,2759.0,61.0,,2838.0,2712.0,1400.0,,,,,,
Wang Mingwang,Wang,wang-mingwang,no-pic,-13.3,Electronics components,Manufacturing,M,China,1777596602659,,,1440.937,2702.0,2702.0,58.0,,2839.0,2712.0,1400.0,,,,,,
Wang Shih-Chung,Wang,wang-shih-chung,no-pic,-30.06,Pneumatic equipments,Manufacturing,M,Taiwan,1777596602659,,,1576.352,2525.0,2525.0,64.0,https://specials-images.forbesimg.com/imageserve/643ffdd6424d6679be76b61d/416x416.jpg?background=000000&cropX1=15&cropX2=1112&cropY1=112&cropY2=1208,2840.0,2712.0,1400.0,,,,,,
Michael Wisser,Wisser,michael-wisser,no-pic,0.0,Logistics,Logistics,M,Germany,1777596602659,,,1422.721,2728.0,2728.0,53.0,,2841.0,2712.0,1400.0,,,,,,
Wu Jianbin,Wu,wu-jianbin,no-pic,,auto parts,Manufacturing,M,China,1773098084433,,,,,,46.0,https://specials-images.forbesimg.com/imageserve/67e5d29887ad2ff07cf56028/416x416.jpg?background=000000&cropX1=0&cropX2=1473&cropY1=297&cropY2=1772,2842.0,2712.0,1400.0,,,,,,
Wu Kaiting,Wu,wu-kaiting,no-pic,,Electronics,Telecom,M,Hong Kong,1773098086730,,,,,,56.0,https://specials-images.forbesimg.com/imageserve/6050f48ca1ab099ed6e290cc/416x416.jpg?background=000000&cropX1=0&cropX2=800&cropY1=0&cropY2=800,2843.0,2712.0,1400.0,,,,,,
Wu Xushun,Wu,wu-xushun,no-pic,-4.604,Internet,Diversified,M,China,1777596602659,,,1415.293,2741.0,2741.0,78.0,,2844.0,2712.0,1400.0,,,,,,
Swift Xie,Xie,swift-xie,no-pic,0.0,Drones,Technology,M,China,1777596602659,,,1440.0,2704.0,2704.0,46.0,https://specials-images.forbesimg.com/imageserve/6050f48ca1ab099ed6e290cc/416x416.jpg?background=000000&cropX1=0&cropX2=800&cropY1=0&cropY2=800,2845.0,2712.0,1400.0,"Chief Marketing Officer, DJI Technology Co.",False,,,,
Xiong Haitao,Xiong,xiong-haitao,no-pic-female,14.354,plastics/investment,Manufacturing,F,China,1777596602659,,,1516.515,2608.0,2608.0,62.0,,2846.0,2712.0,1400.0,,,,,,
Xiong Wu,Xiong,xiong-wu,no-pic,38.249,Software,Technology,M,China,1777596602659,,,1258.064,2960.0,2960.0,50.0,,2847.0,2712.0,1400.0,,,,,,
Xiong Xiaochuan,Xiong,xiong-xiaochuan,no-pic,,Medical devices,Healthcare,M,China,1773098099114,,,,,,60.0,,2848.0,2712.0,1400.0,,,,,,
Yan Zhi,Yan,yan-zhi,yan-zhi,-0.914,Real estate,Real Estate,M,China,1777596602659,,,1410.487,2746.0,2746.0,53.0,https://specials-images.forbesimg.com/imageserve/6050f48ca1ab099ed6e290cc/416x416.jpg?background=000000&cropX1=0&cropX2=800&cropY1=0&cropY2=800,2849.0,2712.0,1400.0,,,,,,
Yao Yi,Yao,yao-yi-1,no-pic,291.042,Machine vision and fiber optics,Manufacturing,M,China,1777596602659,,,1750.963,2346.0,2346.0,60.0,,2850.0,2712.0,1400.0,,,,,,
Yu Peidi,Yu,yu-peidi,yu-peidi,-1.052,Real estate,Real Estate,M,Hong Kong,1777596602659,,,1361.741,2815.0,2815.0,66.0,https://specials-images.forbesimg.com/imageserve/6050f48ca1ab099ed6e290cc/416x416.jpg?background=000000&cropX1=0&cropX2=800&cropY1=0&cropY2=800,2851.0,2712.0,1400.0,,,,,,
Yuan Zhimin,Yuan,yuan-zhimin,yuan-zhimin,6.236,plastics,Manufacturing,M,China,1777596602659,,,1278.627,2940.0,2940.0,65.0,,2852.0,2712.0,1400.0,,,,,,
Zhang Wenzhong,Zhang,zhang-wenzhong,no-pic,0.0,Supermarkets,Fashion & Retail,M,China,1777596602659,,,1383.247,2787.0,2787.0,64.0,https://specials-images.forbesimg.com/imageserve/5a7d249b4bbe6f2652f51279/416x416.jpg?background=000000&cropX1=0&cropX2=1146&cropY1=110&cropY2=1256,2853.0,2712.0,1400.0,,,,,,
Zhong Sheng Jian,Zhong,zhong-sheng-jian,zhong-sheng-jian,-10.801,Real estate,Real Estate,M,Singapore,1777596602659,,,1347.056,2837.0,2837.0,68.0,//specials-images.forbesimg.com/imageserve/5a80f6a2a7ea431690133ee7/416x416.jpg?background=000000&cropX1=1208&cropX2=4360&cropY1=7&cropY2=3159,2854.0,2712.0,1400.0,,,,,,
Zhou Chengjian,Zhou,zhou-chengjian,zhou-chengjian,20.026,Fashion retail,Fashion & Retail,M,China,1777596602659,,,1341.369,2843.0,2843.0,61.0,//specials-images.forbesimg.com/imageserve/5c6ef63531358e35dd26c4da/416x416.jpg?background=000000&cropX1=0&cropX2=3648&cropY1=8&cropY2=3659,2855.0,2712.0,1400.0,,,,,,
Zhou Wen,Zhou,zhou-wen,no-pic,,Chemicals,Manufacturing,M,China,1773098118663,,,,,,61.0,,2856.0,2712.0,1400.0,,,,,,
Nir Zuk,Zuk,nir-zuk,no-pic,-14.15,software,Technology,M,United States,1777596602659,,,1627.655,2477.0,2477.0,55.0,https://specials-images.forbesimg.com/imageserve/661da5464ecfee70b8de1032/416x416.jpg?background=000000&cropX1=1830&cropX2=2241&cropY1=1011&cropY2=1422,2857.0,2712.0,1400.0,,,,,,
Soegiarto Adikoesoemo,Adikoesoemo,soegiarto-adikoesoemo,soegiarto-adikoesoemo,22.822,Chemicals,Diversified,M,Indonesia,1777596602659,,,1523.663,2597.0,2597.0,88.0,https://specials-images.forbesimg.com/imageserve/61b126ce2b09f25babd56fb4/416x416.jpg?background=000000&cropX1=163&cropX2=646&cropY1=100&cropY2=583,2858.0,2858.0,1300.0,,,,,,
Shiv Ratan Agarwal,Agarwal,shiv-ratan-agarwal,no-pic,,Indian snacks,Food & Beverage,M,India,1777187009858,,,,,,74.0,,2859.0,2858.0,1300.0,,,,,,
Ajlan bin Abdulaziz Al-Ajlan,Al-Ajlan,ajlan-bin-abdulaziz-al-ajlan,no-pic,0.0,"Real estate, investments",Diversified,M,Saudi Arabia,1777596602659,,,1319.666,2868.0,2868.0,65.0,https://specials-images.forbesimg.com/imageserve/69b092f00eac90eae22b92ba/416x416.jpg?background=000000&cropX1=0&cropX2=992&cropY1=53&cropY2=1045,2860.0,2858.0,1300.0,,,,,,
Michael Andlauer,Andlauer,michael-andlauer,no-pic,0.0,"Logistics, sports",Logistics,M,Canada,1777596602659,,,1300.445,2901.0,2901.0,61.0,https://specials-images.forbesimg.com/imageserve/661efb9cd6a906ce7f4f8eb6/416x416.jpg?background=000000&cropX1=422&cropX2=718&cropY1=91&cropY2=387,2861.0,2858.0,1300.0,,,,,,
Grigory Anikeev,Anikeev,grigory-anikeev,no-pic,0.0,Food Production,Food & Beverage,M,Russia,1777596602659,,,1259.08,2959.0,2959.0,54.0,,2862.0,2858.0,1300.0,,,,,,
Nikesh Arora,Arora,nikesh-arora,nikesh-arora,-4.268,"Cybersecurity, SoftBank, Google",Technology,M,United States,1777596602659,CA,California,1402.749,2762.0,2762.0,58.0,https://specials-images.forbesimg.com/imageserve/682f4020140143a67cb2ef65/416x416.jpg?background=000000&cropX1=0&cropX2=2399&cropY1=247&cropY2=2647,2863.0,2858.0,1300.0,,,,,,
Norman Asbjornson,Asbjornson,norman-asbjornson,no-pic,,HVAC,Manufacturing,M,United States,1773098137510,OK,Oklahoma,,,,90.0,,2864.0,2858.0,1300.0,,,,,,
Sualeh Asif,Asif,sualeh-asif,no-pic,0.0,AI software,Technology,M,Pakistan,1777596602659,CA,California,1300.0,2902.0,2910.0,26.0,https://specials-images.forbesimg.com/imageserve/69af1ca593ffef4f0c1bb925/416x416.jpg?background=000000&cropX1=74&cropX2=416&cropY1=404&cropY2=748,2865.0,2858.0,1300.0,"Cofounder, Anysphere",False,,,,
Roman Avdeev,Avdeev,roman-avdeev,roman-avdeev,0.0,"Banking, development",Finance & Investments,M,Russia,1777596602659,,,1260.0,2957.0,2957.0,58.0,//specials-images.forbesimg.com/imageserve/5a80b12331358e4955ad2bcf/416x416.jpg?background=000000&cropX1=657&cropX2=2828&cropY1=92&cropY2=2265,2866.0,2858.0,1300.0,,,,,,
Shrikant Badve,Badve,shrikant-badve,no-pic,-4.45,auto parts,Automotive,M,India,1777596602659,,,1459.757,2683.0,2683.0,60.0,https://specials-images.forbesimg.com/imageserve/6935b0397b72bf4ea36d7510/416x416.jpg?background=000000&cropX1=154&cropX2=655&cropY1=55&cropY2=556,2867.0,2858.0,1300.0,,,,,,
Thomas Bailey,Bailey,thomas-bailey,no-pic,0.0,Money management,Finance & Investments,M,United States,1777596602659,CO,Colorado,1282.6,2933.0,2933.0,89.0,,2868.0,2858.0,1300.0,,,,,,
Elena Baturina,Baturina,elena-baturina,elena-baturina,0.0,"Investments, real estate",Construction & Engineering,F,Russia,1777596602659,,,1315.8,2872.0,2872.0,63.0,//specials-images.forbesimg.com/imageserve/5c71d32531358e35dd26fa5d/416x416.jpg?background=000000&cropX1=465&cropX2=2053&cropY1=177&cropY2=1764,2869.0,2858.0,1300.0,,,,,,
"Bruce Beal, Jr.",Beal,bruce-beal-jr,no-pic,0.0,Real estate,Real Estate,M,United States,1777596602659,NY,New York,1304.949,2895.0,2895.0,56.0,,2870.0,2858.0,1300.0,,,,,,
Brendan Blumer,Blumer,brendan-blumer,no-pic,50.184,Crypto exchange,Finance & Investments,M,Hong Kong,1777596602659,,,1551.986,2556.0,2556.0,39.0,,2871.0,2858.0,1300.0,,,,,,
Vicente Boluda Fos,Boluda Fos,vicente-boluda-fos,no-pic,0.0,Shipping,Logistics,M,Spain,1777596602659,,,1324.1,2864.0,2864.0,71.0,https://specials-images.forbesimg.com/imageserve/661eadf9310c0e419cd9a848/416x416.jpg?background=000000&cropX1=0&cropX2=2111&cropY1=1167&cropY2=3278,2872.0,2858.0,1300.0,,,,,,
Amit Burman,Burman,amit-burman,amit-burman,,Consumer goods,Food & Beverage,M,India,1773098159206,,,,,,56.0,//specials-images.forbesimg.com/imageserve/5e765dcb10380d0006fbb1c4/416x416.jpg?background=000000&cropX1=998&cropX2=2236&cropY1=63&cropY2=1302,2873.0,2858.0,1300.0,,,,,,
Cai Mingtong,Cai,cai-mingtong,no-pic,,Electronic components,Technology,M,China,1773098161540,,,,,,74.0,,2874.0,2858.0,1300.0,,,,,,
Chang Kuo-Ming,Chang,chang-kuo-ming,no-pic,-1.356,Transportation,Logistics,M,Taiwan,1777596602659,,,1286.759,2929.0,2929.0,68.0,,2875.0,2858.0,1300.0,,,,,,
Cheah Cheng Hye,Cheah,cheah-cheng-hye,no-pic,,Investments,Finance & Investments,M,Malaysia,1776291952672,,,,,,72.0,https://specials-images.forbesimg.com/imageserve/69dd7b2eae75f22c18dde625/416x416.jpg?background=000000&cropX1=1020&cropX2=2408&cropY1=176&cropY2=1564,2876.0,2858.0,1300.0,,,,,,
Tianqiao Chen,Chen,tianqiao-chen,tianqiao-chen,34.814,Online games,Technology,M,China,1777596602659,CA,California,1354.448,2822.0,2822.0,52.0,//specials-images.forbesimg.com/imageserve/5e74f5d12a573300068fdc94/416x416.jpg?background=000000&cropX1=1469&cropX2=2338&cropY1=611&cropY2=1479,2877.0,2858.0,1300.0,,,,,,
Tony Chen,Chen,tony-chen,tony-chen,-34.192,Electronics,Technology,M,Taiwan,1777596602659,,,1249.221,2977.0,2977.0,76.0,https://specials-images.forbesimg.com/imageserve/6091cca44ec54be5529d4448/416x416.jpg?background=000000&cropX1=0&cropX2=356&cropY1=2&cropY2=358,2878.0,2858.0,1300.0,,,,,,
Warren Chen,Chen,warren-chen,no-pic,54.162,Testing equipment,Manufacturing,M,Taiwan,1777596602659,,,1889.133,2191.0,2191.0,75.0,,2879.0,2858.0,1300.0,,,,,,
Chen Xueli,Chen,chen-xueli,no-pic,,Pharmaceuticals,Healthcare,M,China,1773098176293,,,,,,74.0,//specials-images.forbesimg.com/imageserve/5c6ee8b6a7ea431000430f6a/416x416.jpg?background=000000&cropX1=447&cropX2=2278&cropY1=4&cropY2=1834,2880.0,2858.0,1300.0,,,,,,
Cheng Zhangwen,Cheng,cheng-zhangwen,no-pic,59.231,Industrial valves,Manufacturing,M,China,1777596602659,,,1446.371,2701.0,2701.0,61.0,,2881.0,2858.0,1300.0,,,,,,
Eduardo Costantini,Costantini,eduardo-costantini,no-pic,-3.171,Real estate,Real Estate,M,Argentina,1777596602659,,,1322.082,2867.0,2867.0,79.0,//specials-images.forbesimg.com/imageserve/5a7a257ba7ea43169012d53c/416x416.jpg?background=000000&cropX1=766&cropX2=3435&cropY1=0&cropY2=2667,2882.0,2858.0,1300.0,,,,,,
John Coustas,Coustas,john-coustas,no-pic,5.628,shipping,Logistics,M,Greece,1777596602659,,,1311.531,2882.0,2882.0,69.0,,2883.0,2858.0,1300.0,,,,,,
Thierry Cruanes,Cruanes,thierry-cruanes,no-pic,,software,Technology,M,United States,1773098185865,CA,California,,,,58.0,,2884.0,2858.0,1300.0,,,,,,
Matteo Danieli,Danieli,matteo-danieli,no-pic,0.0,Software investment,Technology,M,Italy,1777596602659,,,1300.0,2902.0,2907.0,41.0,,2885.0,2858.0,1300.0,,,,,,
Jiagui Deng,Deng,jiagui-deng,no-pic,,Quartz materials,Manufacturing,M,China,1773098190513,,,,,,74.0,,2886.0,2858.0,1300.0,,,,,,
Daniel Dines,Dines,daniel-dines,no-pic,,Software,Technology,M,Romania,1773098192958,NY,New York,,,,54.0,//specials-images.forbesimg.com/imageserve/5e8b624dc095010007bffe4e/416x416.jpg?background=000000&cropX1=0&cropX2=4000&cropY1=1123&cropY2=5126,2887.0,2858.0,1300.0,,,,,,
Fritz Draexlmaier,Draexlmaier,fritz-draexlmaier,fritz-draexlmaier,,Auto parts,Automotive,M,Germany,1773098195688,,,,,,74.0,//specials-images.forbesimg.com/imageserve/5c703c114bbe6f79679f0521/416x416.jpg?background=000000&cropX1=221&cropX2=1235&cropY1=99&cropY2=1112,2888.0,2858.0,1300.0,,,,,,
Gerald Engström,Engström,gerald-engstrom,no-pic,,Ventilation,Manufacturing,M,Sweden,1773098198099,,,,,,77.0,,2889.0,2858.0,1300.0,,,,,,
Nikolay Fartushnyak,Fartushnyak,nikolay-fartushnyak,no-pic,0.0,retail,Fashion & Retail,M,Russia,1777596602659,,,1328.928,2859.0,2859.0,60.0,,2890.0,2858.0,1300.0,,,,,,
Mikhail Fedyaev,Fedyaev,mikhail-fedyaev,mikhail-fedyaev,0.0,"coal, railway transport, machinery",Diversified,M,Russia,1777596602659,,,1306.549,2893.0,2893.0,63.0,,2891.0,2858.0,1300.0,,,,,,
Larry Fink,Fink,larry-fink,larry-fink,6.25,money management,Finance & Investments,M,United States,1777596602659,NY,New York,1325.318,2863.0,2863.0,73.0,//specials-images.forbesimg.com/imageserve/5915dc454bbe6f6c4b15378c/416x416.jpg?background=000000&cropX1=908&cropX2=2480&cropY1=53&cropY2=1624,2892.0,2858.0,1300.0,"Founder, CEO, BlackRock",False,,,,
Jorge Gallardo Ballart,Gallardo Ballart,jorge-gallardo-ballart,no-pic,9.014,pharmaceuticals,Healthcare,M,Spain,1777596602659,,,1288.592,2924.0,2924.0,84.0,//specials-images.forbesimg.com/imageserve/5c7217aba7ea431000435135/416x416.jpg?background=000000&cropX1=86&cropX2=340&cropY1=58&cropY2=312,2893.0,2858.0,1300.0,,,,,,
Gao Jinzhu,Gao,gao-jinzhu,no-pic-female,,Mining,Metals & Mining,F,China,1773098210317,,,,,,66.0,,2894.0,2858.0,1300.0,,,,,,
Gao Yi,Gao,gao-yi,no-pic,,Pharmaceuticals,Healthcare,M,China,1773098212555,,,,,,57.0,,2895.0,2858.0,1300.0,,,,,,
Geng Diangen,Geng,geng-diangen,no-pic,,Internet,Technology,M,China,1773098215048,,,,,,69.0,,2896.0,2858.0,1300.0,,,,,,
Charlotte Goh,Goh,charlotte-goh,no-pic-female,,Paints,Manufacturing,F,Singapore,1773098217640,,,,,,36.0,,2897.0,2858.0,1300.0,,,,,,
Henrietta Goh,Goh,henrietta-goh,no-pic-female,,Paints,Manufacturing,F,Singapore,1773098220041,,,,,,33.0,,2898.0,2858.0,1300.0,,,,,,
Victoria Goh,Goh,victoria-goh,no-pic-female,,Paints,Manufacturing,F,Singapore,1773098222384,,,,,,30.0,,2899.0,2858.0,1300.0,,,,,,
Pedro Grendene Bartelle,Grendene Bartelle,pedro-grendene-bartelle,no-pic,,shoes,Fashion & Retail,M,Brazil,1773098224681,,,,,,76.0,,2900.0,2858.0,1300.0,,,,,,
Carolin Hachenberg,Hachenberg,carolin-hachenberg,no-pic-female,0.0,Motor Homes,Automotive,F,Germany,1777596602659,,,1287.001,2927.0,2927.0,41.0,,2901.0,2858.0,1300.0,,,,,,
Sven Hagströmer,Hagströmer,sven-hagstromer,no-pic,-3.247,Financial services,Finance & Investments,M,Sweden,1777596602659,,,1290.519,2918.0,2918.0,82.0,https://specials-images.forbesimg.com/imageserve/62461beb9d55ff8e47503f2c/416x416.jpg?background=000000&cropX1=0&cropX2=262&cropY1=0&cropY2=262,2902.0,2858.0,1300.0,,,,,,
Steven Hao,Hao,steven-hao,no-pic,0.0,AI software,Technology,M,United States,1777596602659,CA,California,1300.0,2902.0,2909.0,30.0,,2903.0,2858.0,1300.0,,,,,,
He Yamin,He,he-yamin,no-pic,,Manufacturing,Manufacturing,M,China,1773098234484,,,,,,69.0,,2904.0,2858.0,1300.0,,,,,,
He Zuxun,He,he-zuxun,no-pic,22.291,Pig breeding,Food & Beverage,M,China,1777596602659,,,1327.704,2860.0,2860.0,60.0,,2905.0,2858.0,1300.0,,,,,,
"Frank Holding, Jr.",Holding,frank-holding-jr,no-pic,7.21,Banking,Finance & Investments,M,United States,1777596602659,NC,North Carolina,1315.093,2873.0,2873.0,64.0,,2906.0,2858.0,1300.0,,,,,,
René Holecek,Holecek,rene-holecek,no-pic,12.276,Firearms,Manufacturing,M,Czech Republic,1777596602659,,,1510.971,2614.0,2614.0,59.0,,2907.0,2858.0,1300.0,,,,,,
Christian Hymer,Hymer,christian-hymer,no-pic,0.0,Motor Homes,Automotive,M,Germany,1777596602659,,,1287.001,2927.0,2928.0,40.0,,2908.0,2858.0,1300.0,,,,,,
Mohammed Ibrahim,Ibrahim,mohammed-ibrahim,mohammed-ibrahim,0.0,Communications,Telecom,M,United Kingdom,1777596602659,,,1251.0,2971.0,2971.0,79.0,//specials-images.forbesimg.com/imageserve/5e77f6d8d8e1ae0007b73902/416x416.jpg?background=000000&cropX1=1119&cropX2=2894&cropY1=6&cropY2=1780,2909.0,2858.0,1300.0,"Founder, Mo Ibrahim Foundation",False,,,,
Junro Ito,Ito,junro-ito,no-pic,,Retail,Fashion & Retail,M,Japan,1773098248539,,,,,,67.0,https://specials-images.forbesimg.com/imageserve/661d6fb1290a75f3dab4f08e/416x416.jpg?background=000000&cropX1=916&cropX2=1574&cropY1=301&cropY2=959,2910.0,2858.0,1300.0,,,,,,
Yasuhisa Ito,Ito,yasuhisa-ito,no-pic,,Retail,Fashion & Retail,M,Japan,1773098250773,,,,,,,,2911.0,2858.0,1300.0,,,,,,
James Jannard,Jannard,james-jannard,james-jannard,0.0,Sunglasses,Fashion & Retail,M,United States,1777596602659,WA,Washington,1250.0,2973.0,2973.0,76.0,//specials-images.forbesimg.com/imageserve/31538b6d5294610d0ab110c04daf09a2/416x416.jpg?background=000000&cropX1=0&cropX2=744&cropY1=21&cropY2=765,2912.0,2858.0,1300.0,,,,,,
Jiang Xuefei,Jiang,jiang-xuefei,no-pic,,printed circuit boards,Technology,M,China,1773098255443,,,,,,56.0,,2913.0,2858.0,1300.0,,,,,,
Stefan Kaluzny,Kaluzny,stefan-kaluzny,no-pic,0.0,private equity,Finance & Investments,M,United States,1777596602659,NY,New York,1331.968,2854.0,2854.0,59.0,https://specials-images.forbesimg.com/imageserve/69961c4ea12048815793535d/416x416.jpg?background=000000&cropX1=6&cropX2=1985&cropY1=34&cropY2=2013,2914.0,2858.0,1300.0,"Founder/Managing Director, Sycamore Partners",False,,,,
Bahari Karim,Karim,bahari-karim,no-pic,0.0,Palm oil,Manufacturing,M,Indonesia,1777596602659,,,1323.033,2865.0,2865.0,64.0,,2915.0,2858.0,1300.0,,,,,,
Burhan Karim,Karim,burhan-karim,no-pic,0.0,Palm oil,Manufacturing,M,Indonesia,1777596602659,,,1323.033,2865.0,2866.0,66.0,,2916.0,2858.0,1300.0,,,,,,
Yuri Karptsov,Karptsov,yuri-karptsov,no-pic,0.0,Retail,Fashion & Retail,M,Russia,1777596602659,,,1306.856,2892.0,2892.0,62.0,,2917.0,2858.0,1300.0,,,,,,
Richard Kayne,Kayne,richard-kayne,no-pic,0.0,Investments,Finance & Investments,M,United States,1777596602659,CA,California,1315.0,2874.0,2874.0,80.0,//specials-images.forbesimg.com/imageserve/5e88e31cf6da3b00061d55d0/416x416.jpg?background=000000&cropX1=0&cropX2=4000&cropY1=283&cropY2=4286,2918.0,2858.0,1300.0,,,,,,
Habil Khorakiwala,Khorakiwala,habil-khorakiwala,habil-khorakiwala,1.339,pharmaceuticals,Healthcare,M,India,1777596602659,,,1250.039,2972.0,2972.0,83.0,//specials-images.forbesimg.com/imageserve/5a7f201f4bbe6f2652f52e46/416x416.jpg?background=000000&cropX1=79&cropX2=2442&cropY1=457&cropY2=2819,2919.0,2858.0,1300.0,,,,,,
Kim Hyoung-nyon,Kim,kim-hyoung-nyon,no-pic,,Fintech,Finance & Investments,M,South Korea,1776116818537,,,,,,50.0,,2920.0,2858.0,1300.0,,,,,,
Alexander Klyachin,Klyachin,alexander-klyachin,no-pic,0.0,Real estate,Real Estate,M,Russia,1777596602659,,,1275.673,2946.0,2946.0,58.0,//specials-images.forbesimg.com/imageserve/5e777116c7b02d000666d6ff/416x416.jpg?background=000000&cropX1=441&cropX2=1351&cropY1=112&cropY2=1022,2921.0,2858.0,1300.0,,,,,,
Lyudmila Kogan,Kogan,lyudmila-kogan,no-pic-female,0.0,banking,Finance & Investments,F,Russia,1777596602659,,,1312.735,2878.0,2878.0,60.0,,2922.0,2858.0,1300.0,,,,,,
David Kong,Kong,david-kong,david-kong,0.0,Funeral services,Service,M,Malaysia,1777596602659,,,1311.536,2881.0,2881.0,71.0,https://specials-images.forbesimg.com/imageserve/6470d84bf3e7ccee779d86b2/416x416.jpg?background=000000&cropX1=220&cropX2=1207&cropY1=31&cropY2=1018,2923.0,2858.0,1300.0,,,,,,
Michael Krasny,Krasny,michael-krasny,michael-krasny,0.0,Retail,Technology,M,United States,1777596602659,IL,Illinois,1290.0,2920.0,2920.0,72.0,//specials-images.forbesimg.com/imageserve/066ddf8d15e970b7c5b17d2962ac0b16/416x416.jpg?background=000000&cropX1=0&cropX2=788&cropY1=27&cropY2=815,2924.0,2858.0,1300.0,"President, Sawdust Investment Management Corp.",False,,,,
Kurt Krieger,Krieger,kurt-krieger,no-pic,0.0,furniture retailing,Fashion & Retail,M,Germany,1777596602659,,,1298.911,2913.0,2913.0,78.0,//specials-images.forbesimg.com/imageserve/5c702c8da7ea431000432e96/416x416.jpg?background=000000&cropX1=245&cropX2=1895&cropY1=103&cropY2=1754,2925.0,2858.0,1300.0,,,,,,
Mark Kurtser,Kurtser,mark-kurtser,no-pic,0.0,Healthcare,Healthcare,M,Russia,1777596602659,,,1309.976,2887.0,2887.0,68.0,,2926.0,2858.0,1300.0,,,,,,
Andrei Kuzyaev,Kuzyaev,andrei-kuzyaev,andrei-kuzyaev,0.0,"telecom, oil service, real estate",Telecom,M,Russia,1777596602659,,,1314.776,2875.0,2875.0,60.0,,2927.0,2858.0,1300.0,,,,,,
Lev Kvetnoi,Kvetnoi,lev-kvetnoi,lev-kvetnoi,0.0,Cement,Finance & Investments,M,Russia,1777596602659,,,1282.475,2934.0,2934.0,60.0,//specials-images.forbesimg.com/imageserve/b818c0f773d1571f81d985efd190c1ac/416x416.jpg?background=000000&cropX1=1&cropX2=600&cropY1=1&cropY2=600,2928.0,2858.0,1300.0,,,,,,
Johan Lavoo,Lavoo,johan-lavoo,no-pic,,Paints,Manufacturing,M,Singapore,1773220456654,,,,,,34.0,,2929.0,2858.0,1300.0,,,,,,
Martin Lavoo,Lavoo,martin-lavoo,no-pic,,Paints,Manufacturing,M,Netherlands,1773098295585,,,,,,39.0,,2930.0,2858.0,1300.0,,,,,,
Lee Ho-jin,Lee,lee-ho-jin,lee-ho-jin,,Diversified,Diversified,M,South Korea,1776116820417,,,,,,63.0,https://specials-images.forbesimg.com/imageserve/60b126a3557d0924ae564f27/416x416.jpg?background=000000&cropX1=95&cropX2=733&cropY1=87&cropY2=725,2931.0,2858.0,1300.0,Taekwang Industrial,False,,,,
Lauren Leichtman,Leichtman,lauren-leichtman,no-pic-female,0.0,Private equity,Finance & Investments,F,United States,1777596602659,FL,Florida,1257.0,2962.0,2963.0,76.0,https://specials-images.forbesimg.com/imageserve/671c1dbd6a34585f85b471ec/416x416.jpg?background=000000&cropX1=1&cropX2=728&cropY1=60&cropY2=787,2932.0,2858.0,1300.0,,,,,,
Terry Leprino,Leprino,terry-leprino,no-pic-female,0.0,Mozzarella cheese,Food & Beverage,F,United States,1777596602659,CO,Colorado,1289.887,2921.0,2922.0,66.0,,2933.0,2858.0,1300.0,,,,,,
Arthur Levine,Levine,arthur-levine,no-pic,0.0,Private equity,Finance & Investments,M,United States,1777596602659,FL,Florida,1257.0,2962.0,2962.0,74.0,https://specials-images.forbesimg.com/imageserve/671c1d4d856a59bb4326df95/416x416.jpg?background=000000&cropX1=0&cropX2=728&cropY1=62&cropY2=790,2934.0,2858.0,1300.0,,,,,,
Jet Jie Li,Li,jet-jie-li,no-pic,,package delivery,Logistics,M,China,1773098307849,,,,,,51.0,,2935.0,2858.0,1300.0,,,,,,
Li Xuechun,Li,li-xuechun-1,no-pic,,Chemicals,Manufacturing,M,China,1773098310213,,,,,,75.0,,2936.0,2858.0,1300.0,,,,,,
Chris Lin,Lin,chris-lin,no-pic,-10.809,Semiconductor,Manufacturing,M,Taiwan,1777596602658,,,2242.378,1857.0,1857.0,65.0,,2937.0,2858.0,1300.0,,,,,,
Lin Zhijun,Lin,lin-zhijun,no-pic,,Medical devices,Healthcare,M,China,1773098314668,,,,,,50.0,,2938.0,2858.0,1300.0,,,,,,
Liu Xiucai,Liu,liu-xiucai,no-pic,,Chemicals,Manufacturing,M,United States,1773098316994,,,,,,69.0,,2939.0,2858.0,1300.0,,,,,,
Kenneth Lo,Lo,kenneth-lo-1,no-pic,,Textile,Fashion & Retail,M,United Kingdom,1773098319611,,,,,,87.0,,2940.0,2858.0,1300.0,,,,,,
Yvonne Lo,Lo,yvonne-lo,no-pic-female,,Textile,Fashion & Retail,F,Hong Kong,1773098321978,,,,,,81.0,,2941.0,2858.0,1300.0,,,,,,
Luana Lopes Lara,Lopes Lara,luana-lopes-lara,no-pic-female,0.0,Prediction markets,Finance & Investments,F,Brazil,1777596602659,NY,New York,1300.0,2902.0,2905.0,29.0,https://specials-images.forbesimg.com/imageserve/69af2013862bd785e83f2a3e/416x416.jpg?background=000000&cropX1=67&cropX2=708&cropY1=56&cropY2=697,2942.0,2858.0,1300.0,"Cofounder, Kalshi",False,,,,
Lou Guoqiang,Lou,lou-guoqiang,no-pic,,copper,Manufacturing,M,China,1773098326786,,,,,,69.0,,2943.0,2858.0,1300.0,,,,,,
Lu Bin,Lu,lu-bin,no-pic,59.947,Industrial valves,Manufacturing,M,China,1777596602659,,,1464.048,2676.0,2676.0,65.0,,2944.0,2858.0,1300.0,,,,,,
Frederic Luddy,Luddy,frederic-luddy,no-pic,-0.466,Software,Technology,M,United States,1777596602659,CA,California,1301.09,2900.0,2900.0,71.0,//specials-images.forbesimg.com/imageserve/5b0ebc31a7ea436b547ec18d/416x416.jpg?background=000000&cropX1=394&cropX2=3951&cropY1=1397&cropY2=4954,2945.0,2858.0,1300.0,"Founder and Chief Product Officer, ServiceNow",False,,,,
Arvid Lunnemark,Lunnemark,arvid-lunnemark,no-pic,0.0,AI software,Technology,M,Sweden,1777596602659,CA,California,1300.0,2902.0,2903.0,26.0,https://specials-images.forbesimg.com/imageserve/69af1de69240bab21f4788ea/416x416.jpg?background=000000&cropX1=52&cropX2=405&cropY1=333&cropY2=686,2946.0,2858.0,1300.0,"Cofounder, Anysphere",False,,,,
Catherine Malone,Malone,catherine-malone,no-pic-female,,Campbell's Soup,Food & Beverage,F,United States,1773098336676,FL,Florida,,,,41.0,,2947.0,2858.0,1300.0,,,,,,
"Mary Alice Malone, Jr.",Malone,mary-alice-malone-jr,no-pic-female,,Campbell's Soup,Food & Beverage,F,United States,1773098339083,,,,,,43.0,,2948.0,2858.0,1300.0,,,,,,
D.V. Manjunatha,Manjunatha,dv-manjunatha,no-pic,-166.485,Solar panels,Energy,M,India,1777596602659,,,1608.987,2491.0,2491.0,58.0,,2949.0,2858.0,1300.0,,,,,,
Tarek Mansour,Mansour,tarek-mansour,no-pic,0.0,Prediction markets,Finance & Investments,M,United States,1777596602659,NY,New York,1300.0,2902.0,2911.0,29.0,https://specials-images.forbesimg.com/imageserve/69af28c6488b00594d8f870e/416x416.jpg?background=000000&cropX1=148&cropX2=656&cropY1=47&cropY2=555,2950.0,2858.0,1300.0,"Cofounder, Kalshi",False,,,,
Ravi Modi,Modi,ravi-modi,no-pic,-23.131,Readymade garments,Fashion & Retail,M,India,1777596602659,,,1351.688,2827.0,2827.0,49.0,https://specials-images.forbesimg.com/imageserve/621501760c37e349ef2ce242/416x416.jpg?background=000000&cropX1=787&cropX2=1519&cropY1=544&cropY2=1277,2951.0,2858.0,1300.0,,,,,,
Andrei Molchanov,Molchanov,andrei-molchanov,andrei-molchanov,0.0,Construction materials,Construction & Engineering,M,Russia,1777596602659,,,1329.483,2858.0,2858.0,54.0,//specials-images.forbesimg.com/imageserve/5a8092b7a7ea4316901339f7/416x416.jpg?background=000000&cropX1=155&cropX2=1168&cropY1=263&cropY2=1276,2952.0,2858.0,1300.0,,,,,,
Martin Moller Nielsen,Moller Nielsen,martin-moller-nielsen,no-pic,0.0,Aircraft leasing,Logistics,M,Denmark,1777596602659,,,1292.5,2916.0,2916.0,61.0,https://specials-images.forbesimg.com/imageserve/632b491b3265f4d9da44b124/416x416.jpg?background=000000&cropX1=18&cropX2=1000&cropY1=199&cropY2=1181,2953.0,2858.0,1300.0,,,,,,
Thomas Mueller,Mueller,thomas-mueller,no-pic,0.0,Space,Technology,M,United States,1777596602659,CA,California,1289.0,2923.0,2923.0,65.0,https://specials-images.forbesimg.com/imageserve/69af2948488b00594d8f8710/416x416.jpg?background=000000&cropX1=433&cropX2=950&cropY1=92&cropY2=608,2954.0,2858.0,1300.0,,,,,,
Hartati Murdaya,Murdaya,hartati-murdaya,no-pic-female,,Diversified,Diversified,F,Indonesia,1773098355697,,,,,,79.0,,2955.0,2858.0,1300.0,,,,,,
Dieter Müller,Müller,dieter-muller,no-pic,0.0,Motels,Real Estate,M,Germany,1777596602659,,,1251.901,2970.0,2970.0,72.0,,2956.0,2858.0,1300.0,,,,,,
Satya Nadella,Nadella,satya-nadella,satya-nadella,-14.955,Microsoft,Technology,M,United States,1777596602659,WA,Washington,1309.614,2889.0,2889.0,58.0,//specials-images.forbesimg.com/imageserve/5d6ae14f673aa300083caf99/416x416.jpg?background=000000&cropX1=3051&cropX2=5974&cropY1=26&cropY2=2952,2957.0,2858.0,1300.0,"CEO, Microsoft",False,,,,
Helly Nahmad,Nahmad,helly-nahmad,no-pic,0.0,Art,Finance & Investments,M,Italy,1777596602659,,,1340.0,2844.0,2844.0,49.0,,2958.0,2858.0,1300.0,,,,,,
Joseph Nahmad,Nahmad,joseph-nahmad-1,no-pic,0.0,Art,Finance & Investments,M,Italy,1777596602659,,,1340.0,2844.0,2845.0,37.0,,2959.0,2858.0,1300.0,,,,,,
Yoni Nahmad,Nahmad,yoni-nahmad,no-pic,,Art,Finance & Investments,M,Italy,1773759664555,,,,,,25.0,,2960.0,2858.0,1300.0,,,,,,
Smagulov Nurlan,Nurlan,smagulov-nurlan,no-pic,0.0,Automotive,Automotive,M,Kazakhstan,1777596602659,,,1369.999,2806.0,2806.0,60.0,,2961.0,2858.0,1300.0,,,,,,
Axel Oberwelland,Oberwelland,axel-oberwelland,no-pic,,Candy,Food & Beverage,M,Germany,1773098372947,,,,,,59.0,//specials-images.forbesimg.com/imageserve/5c7020894bbe6f79679efdd8/416x416.jpg?background=000000&cropX1=171&cropX2=546&cropY1=13&cropY2=388,2962.0,2858.0,1300.0,,,,,,
Madeleine Olsson Eriksson,Olsson Eriksson,madeleine-olsson-eriksson,no-pic-female,,diversified,Diversified,F,Sweden,1773098375432,,,,,,81.0,//specials-images.forbesimg.com/imageserve/de1a43db35ae6e3cb505ff6a132c2db2/416x416.jpg?background=000000&cropX1=180&cropX2=744&cropY1=240&cropY2=804,2963.0,2858.0,1300.0,,,,,,
Femi Otedola,Otedola,femi-otedola,femi-otedola,-2.053,Energy and Utilities,Energy,M,Nigeria,1777596602659,,,1391.471,2777.0,2777.0,63.0,https://specials-images.forbesimg.com/imageserve/65aab8a62af0e05000b4136e/416x416.jpg?background=000000&cropX1=9&cropX2=1280&cropY1=121&cropY2=1392,2964.0,2858.0,1300.0,,,,,,
Francesco Patarnello,Patarnello,francesco-patarnello,no-pic,0.0,Software investment,Technology,M,Italy,1777596602659,,,1300.0,2902.0,2904.0,40.0,,2965.0,2858.0,1300.0,,,,,,
Antonio Percassi,Percassi,antonio-percassi,no-pic,0.0,"Real estate, diversified",Diversified,M,Italy,1777596602659,,,1336.849,2851.0,2851.0,72.0,//specials-images.forbesimg.com/imageserve/5e76d23cc7b02d000666d2f2/416x416.jpg?background=000000&cropX1=1548&cropX2=4099&cropY1=306&cropY2=2854,2966.0,2858.0,1300.0,,,,,,
Thomas Powell,Powell,thomas-powell,no-pic,162.584,electrical products,Manufacturing,M,United States,1777596602659,TX,Texas,1957.695,2133.0,2133.0,85.0,,2967.0,2858.0,1300.0,,,,,,
Marcus Pürner,Pürner,marcus-purner,no-pic,0.0,Bicycles,Manufacturing,M,Germany,1777596602659,,,1290.511,2919.0,2919.0,59.0,,2968.0,2858.0,1300.0,,,,,,
Qian Ying,Qian,qian-ying,no-pic-female,2.169,Pig breeding,Food & Beverage,F,China,1777596602659,,,1283.946,2931.0,2931.0,60.0,,2969.0,2858.0,1300.0,,,,,,
Qin Long,Qin,qin-long,no-pic,,Tire,Manufacturing,M,China,1773098392518,,,,,,60.0,,2970.0,2858.0,1300.0,,,,,,
Luca Querella,Querella,luca-querella,no-pic,0.0,Software investment,Technology,M,Italy,1777596602659,,,1300.0,2902.0,2906.0,38.0,,2971.0,2858.0,1300.0,,,,,,
Vera Rechulski Santo Domingo,Rechulski Santo Domingo,vera-rechulski-santo-domingo,no-pic-female,,Beer,Food & Beverage,F,Brazil,1773098397162,,,,,,77.0,,2972.0,2858.0,1300.0,,,,,,
Hugo Ribeiro,Ribeiro,hugo-ribeiro,no-pic,0.0,Agribusiness,Food & Beverage,M,Brazil,1777596602659,,,1313.148,2876.0,2876.0,73.0,,2973.0,2858.0,1300.0,,,,,,
Boris Rotenberg,Rotenberg,boris-rotenberg,boris-rotenberg,0.0,"Construction, pipes, chemicals",Construction & Engineering,M,Russia,1777596602659,,,1326.386,2862.0,2862.0,69.0,https://specials-images.forbesimg.com/imageserve/624719ddfdffd244caeac773/416x416.jpg?background=000000&cropX1=52&cropX2=2055&cropY1=26&cropY2=2027,2974.0,2858.0,1300.0,,,,,,
Jose Luis Rubiralta,Rubiralta,jose-luis-rubiralta,no-pic,0.0,Diagnostics,Healthcare,M,Spain,1777596602659,,,1281.233,2936.0,2936.0,51.0,,2975.0,2858.0,1300.0,,,,,,
Marc Rubiralta,Rubiralta,marc-rubiralta,no-pic,0.0,Diagnostics,Healthcare,M,Spain,1777596602659,,,1281.233,2936.0,2937.0,42.0,,2976.0,2858.0,1300.0,,,,,,
Xavier Rubiralta,Rubiralta,xavier-rubiralta,no-pic,0.0,Diagnostics,Healthcare,M,Spain,1777596602659,,,1281.233,2936.0,2938.0,46.0,,2977.0,2858.0,1300.0,,,,,,
Fumio Sakiya,Sakiya,fumio-sakiya,no-pic,-32.115,Manufacturing,Manufacturing,M,Japan,1777596602659,,,1482.445,2658.0,2658.0,81.0,,2978.0,2858.0,1300.0,,,,,,
Aman Sanger,Sanger,aman-sanger,no-pic,0.0,AI software,Technology,M,United States,1777596602659,CA,California,1300.0,2902.0,2902.0,25.0,https://specials-images.forbesimg.com/imageserve/69af1d9055dc6356344a2aae/416x416.jpg?background=000000&cropX1=28&cropX2=408&cropY1=257&cropY2=638,2979.0,2858.0,1300.0,"Cofounder, Anysphere",False,,,,
Hajime Satomi,Satomi,hajime-satomi,hajime-satomi,,"Video games, Pachinko",Gambling & Casinos,M,Japan,1773098416246,,,,,,84.0,https://specials-images.forbesimg.com/imageserve/683dd45d02a5ae5bd45d2a91/416x416.jpg?background=000000&cropX1=30&cropX2=2309&cropY1=287&cropY2=2568,2980.0,2858.0,1300.0,,,,,,
Paul Sciarra,Sciarra,paul-sciarra,paul-sciarra,25.368,Pinterest,Technology,M,United States,1777596602659,CA,California,1332.034,2853.0,2853.0,45.0,//specials-images.forbesimg.com/imageserve/5ced855acd1f12000a2a940f/416x416.jpg?background=000000&cropX1=458&cropX2=742&cropY1=96&cropY2=380,2981.0,2858.0,1300.0,,,,,,
Anas Sefrioui,Sefrioui,anas-sefrioui,anas-sefrioui,-19.707,real estate,Real Estate,M,Morocco,1777596602659,,,1449.251,2694.0,2694.0,68.0,//specials-images.forbesimg.com/imageserve/5a6f90034bbe6f2652f3e5f1/416x416.jpg?background=000000&cropX1=10&cropX2=299&cropY1=0&cropY2=289,2982.0,2858.0,1300.0,,,,,,
Ron Shaich,Shaich,ron-shaich,no-pic,11.805,Restaurants,Food & Beverage,M,United States,1777596602659,FL,Florida,1317.799,2869.0,2869.0,72.0,https://specials-images.forbesimg.com/imageserve/67e5a3f3040c4ce4d1e46642/416x416.jpg?background=000000&cropX1=674&cropX2=1362&cropY1=112&cropY2=801,2983.0,2858.0,1300.0,,,,,,
Shang Xiaobo,Shang,shang-xiaobo,no-pic,,Manufacturing,Manufacturing,M,China,1773098425774,,,,,,52.0,,2984.0,2858.0,1300.0,,,,,,
Shen Jinhua,Shen,shen-jinhua,no-pic,,E-Commerce,Fashion & Retail,M,China,1773098428013,,,,,,59.0,,2985.0,2858.0,1300.0,,,,,,
Su Qingcan,Su,su-qingcan,no-pic,0.0,Healthcare,Healthcare,M,China,1777596602659,,,1261.357,2956.0,2956.0,57.0,,2986.0,2858.0,1300.0,,,,,,
Sun Guangxin,Sun,sun-guangxin,sun-guangxin,7.673,Diversified,Diversified,M,China,1777596602659,,,1346.042,2838.0,2838.0,63.0,https://specials-images.forbesimg.com/imageserve/6050f48ca1ab099ed6e290cc/416x416.jpg?background=000000&cropX1=0&cropX2=800&cropY1=0&cropY2=800,2987.0,2858.0,1300.0,,,,,,
Luc Tack,Tack,luc-tack,no-pic,,"Textile, chemicals",Manufacturing,M,Belgium,1773098434912,,,,,,64.0,//specials-images.forbesimg.com/imageserve/5e741f3b2a573300068fcb31/416x416.jpg?background=000000&cropX1=22&cropX2=3430&cropY1=0&cropY2=3405,2988.0,2858.0,1300.0,,,,,,
Tang Ye,Tang,tang-ye,no-pic,,software,Technology,M,China,1773098437240,,,,,,44.0,,2989.0,2858.0,1300.0,,,,,,
Emre Tezmen,Tezmen,emre-tezmen,no-pic,,Finance,Finance & Investments,M,Turkey,1773098439505,,,,,,53.0,,2990.0,2858.0,1300.0,,,,,,
Holger Timm,Timm,holger-timm,no-pic,0.0,Finance,Finance & Investments,M,Germany,1777596602659,,,1240.201,2987.0,2987.0,69.0,,2991.0,2858.0,1300.0,,,,,,
Michael Truell,Truell,michael-truell,no-pic,0.0,AI software,Technology,M,United States,1777596602659,CA,California,1300.0,2902.0,2908.0,25.0,,2992.0,2858.0,1300.0,"Cofounder, Anysphere",False,,,,
Tsao Ter-fung,Tsao,tsao-ter-fung,no-pic,-2.292,Food,Food & Beverage,M,Taiwan,1777596602659,,,1275.956,2944.0,2944.0,79.0,https://specials-images.forbesimg.com/imageserve/643ffee06f3860b75876b619/416x416.jpg?background=000000&cropX1=169&cropX2=1083&cropY1=82&cropY2=996,2993.0,2858.0,1300.0,,,,,,
Kenzo Tsujimoto,Tsujimoto,kenzo-tsujimoto,no-pic,,Video games,Media & Entertainment,M,Japan,1773098448783,,,,,,85.0,https://specials-images.forbesimg.com/imageserve/66560c406400d20e9baf2b11/416x416.jpg?background=000000&cropX1=15&cropX2=674&cropY1=46&cropY2=706,2994.0,2858.0,1300.0,,,,,,
Kazim Turker,Turker,kazim-turker,no-pic,0.0,"Energy, diversified",Energy,M,Turkey,1777596602659,,,1238.501,2991.0,2991.0,72.0,,2995.0,2858.0,1300.0,,,,,,
Ruben Vardanyan,Vardanyan,ruben-vardanyan,no-pic,0.0,Investment banking,Finance & Investments,M,Armenia,1777596602659,,,1252.374,2969.0,2969.0,57.0,,2996.0,2858.0,1300.0,,,,,,
Gina Vecchiarelli,Vecchiarelli,gina-vecchiarelli,no-pic-female,0.0,Mozzarella cheese,Food & Beverage,F,United States,1777596602659,CO,Colorado,1289.887,2921.0,2921.0,64.0,,2997.0,2858.0,1300.0,,,,,,
Wang Baoqing,Wang,wang-baoqing,no-pic,59.947,Industrial valves,Manufacturing,M,China,1777596602659,,,1462.591,2678.0,2678.0,68.0,,2998.0,2858.0,1300.0,,,,,,
Wang Jinhua,Wang,wang-jinhua,no-pic,,metals and mining,Metals & Mining,M,China,1773098460139,,,,,,63.0,,2999.0,2858.0,1300.0,,,,,,
Wang Xiaoshen,Wang,wang-xiaoshen,no-pic,31.275,Lithium,Manufacturing,M,China,1777596602659,,,1582.222,2514.0,2514.0,57.0,,3000.0,2858.0,1300.0,,,,,,
Chris Wanstrath,Wanstrath,chris-wanstrath,chris-wanstrath,0.0,software,Technology,M,United States,1777596602659,CA,California,1310.0,2886.0,2886.0,41.0,//specials-images.forbesimg.com/imageserve/564a5703e4b0ffa7afe73337/416x416.jpg?background=000000&cropX1=122&cropX2=632&cropY1=29&cropY2=540,3001.0,2858.0,1300.0,"Cofounder, GitHub",False,,,,
J. Wayne Weaver,Weaver,j-wayne-weaver,j-wayne-weaver,0.919,Shoes,Diversified,M,United States,1777596602659,FL,Florida,1298.458,2914.0,2914.0,90.0,,3002.0,2858.0,1300.0,,,,,,
Wu Zhongyi,Wu,wu-zhongyi,no-pic,-8.314,electronics,Technology,M,China,1777596602659,,,1303.085,2898.0,2898.0,52.0,,3003.0,2858.0,1300.0,,,,,,
Xi Chao,Xi,xi-chao,no-pic,58.93,Industrial valves,Manufacturing,M,China,1777596602659,,,1437.097,2711.0,2711.0,67.0,,3004.0,2858.0,1300.0,,,,,,
Igor Yakovlev,Yakovlev,igor-yakovlev,no-pic,0.0,home appliance stores,Fashion & Retail,M,Russia,1777596602659,,,1282.668,2932.0,2932.0,60.0,,3005.0,2858.0,1300.0,,,,,,
Hisako Yamamoto,Yamamoto,hisako-yamamoto,no-pic-female,,Retail,Fashion & Retail,F,Japan,1773098476615,,,,,,,,3006.0,2858.0,1300.0,,,,,,
Yang Yuanqing,Yang,yang-yuanqing,yang-yuanqing,-16.918,computers,Technology,M,China,1777596602659,,,1480.15,2664.0,2664.0,61.0,,3007.0,2858.0,1300.0,,,,,,
Yao Runhao,Yao,yao-runhao,no-pic,0.0,Online games,Media & Entertainment,M,China,1777596602659,,,1337.0,2849.0,2849.0,38.0,,3008.0,2858.0,1300.0,,,,,,
Yu Jinkun,Yu,yu-jinkun,no-pic,,transportation equipment,Manufacturing,M,China,1773098483721,,,,,,83.0,,3009.0,2858.0,1300.0,,,,,,
"George Raymond Zage, III.",Zage,george-raymond-zage-iii,no-pic,8.003,Investments,Finance & Investments,M,Singapore,1777596602659,,,1426.936,2724.0,2724.0,56.0,https://specials-images.forbesimg.com/imageserve/68b73483b82067b8d4ecfbd6/416x416.jpg?background=000000&cropX1=135&cropX2=1007&cropY1=87&cropY2=960,3010.0,2858.0,1300.0,,,,,,
Christoph Zeller,Zeller,christoph-zeller,no-pic,0.0,Dental materials,Healthcare,M,Liechtenstein,1777596602659,,,1287.831,2926.0,2926.0,68.0,,3011.0,2858.0,1300.0,,,,,,
Zhang Cheng Fei,Zhang,zhang-cheng-fei,no-pic,,paper & related products,Manufacturing,M,China,1773098490646,,,,,,58.0,//specials-images.forbesimg.com/imageserve/5a7d201f31358e4955acfda0/416x416.jpg?background=000000&cropX1=16&cropX2=645&cropY1=127&cropY2=756,3012.0,2858.0,1300.0,,,,,,
Zhang Shengwei,Zhang,zhang-shengwei,no-pic,0.0,E-cigarettes,Manufacturing,M,China,1777596602659,,,1335.185,2852.0,2852.0,53.0,,3013.0,2858.0,1300.0,,,,,,
Zhang Tianyu,Zhang,zhang-tianyu,no-pic,,telecommunications,Telecom,M,China,1773098495501,,,,,,58.0,,3014.0,2858.0,1300.0,,,,,,
Zhang Xuewu,Zhang,zhang-xuewu,no-pic,,Snacks,Food & Beverage,M,China,1773098497531,,,,,,51.0,,3015.0,2858.0,1300.0,,,,,,
Zhou Zongwen,Zhou,zhou-zongwen,no-pic,-10.567,Jewelry,Fashion & Retail,M,China,1777596602659,,,1361.385,2817.0,2817.0,69.0,https://specials-images.forbesimg.com/imageserve/6050f48ca1ab099ed6e290cc/416x416.jpg?background=000000&cropX1=0&cropX2=800&cropY1=0&cropY2=800,3016.0,2858.0,1300.0,,,,,,
Sachin Agarwal,Agarwal,sachin-agarwal,no-pic,,Metal castings,Manufacturing,M,India,1773098507104,,,,,,54.0,,3017.0,3017.0,1200.0,,,,,,
Lia Maria Aguiar,Aguiar,lia-maria-aguiar,no-pic-female,,banking,Finance & Investments,F,Brazil,1773098509305,,,,,,88.0,//specials-images.forbesimg.com/imageserve/5e88e7c12bcb390006a5e930/416x416.jpg?background=000000&cropX1=100&cropX2=580&cropY1=0&cropY2=480,3018.0,3017.0,1200.0,,,,,,
Ryuji Arai,Arai,ryuji-arai,no-pic,,Electronics Retail,Fashion & Retail,M,Japan,1773098511731,,,,,,79.0,,3019.0,3017.0,1200.0,,,,,,
Nigel Austin,Austin,nigel-austin,no-pic,0.0,Retail,Fashion & Retail,M,Australia,1777596602659,,,1241.227,2985.0,2985.0,55.0,//specials-images.forbesimg.com/imageserve/591c5aec4bbe6f1b730a5377/416x416.jpg?background=000000&cropX1=414&cropX2=866&cropY1=103&cropY2=555,3020.0,3017.0,1200.0,,,,,,
Oscar Baeza Fares,Baeza Fares,oscar-baeza-fares,no-pic,0.0,Food products,Food & Beverage,M,Mexico,1777596602659,,,1281.883,2935.0,2935.0,65.0,,3021.0,3017.0,1200.0,,,,,,
Krishna Kumar Bangur,Bangur,krishna-kumar-bangur,no-pic,,Graphite electrodes,Manufacturing,M,India,1773098518855,,,,,,65.0,//specials-images.forbesimg.com/imageserve/5b55e71b31358e0429c3e483/416x416.jpg?background=000000&cropX1=159&cropX2=519&cropY1=37&cropY2=397,3022.0,3017.0,1200.0,,,,,,
Sachin Bansal,Bansal,sachin-bansal,sachin-bansal,,Flipkart,Fashion & Retail,M,India,1773098521376,,,,,,44.0,//specials-images.forbesimg.com/imageserve/5e76a45fc7b02d000666d0d2/416x416.jpg?background=000000&cropX1=1320&cropX2=2944&cropY1=174&cropY2=1799,3023.0,3017.0,1200.0,,,,,,
Charles Beauduin,Beauduin,charles-beauduin,no-pic,,Diversified,Diversified,M,Belgium,1773098523421,,,,,,66.0,,3024.0,3017.0,1200.0,,,,,,
Bhaskara Rao Bollineni,Bollineni,bhaskara-rao-bollineni,no-pic,,Healthcare,Healthcare,M,India,1773098525474,,,,,,72.0,,3025.0,3017.0,1200.0,,,,,,
Trevor Burgess,Burgess,trevor-burgess,no-pic,-38.684,Insurance,Finance & Investments,M,United States,1777596602659,FL,Florida,1406.442,2758.0,2758.0,53.0,,3026.0,3017.0,1200.0,,,,,,
Hideyuki Busujima,Busujima,hideyuki-busujima,no-pic,,Pachinko machines,Gambling & Casinos,M,Japan,1773098529721,,,,,,73.0,,3027.0,3017.0,1200.0,,,,,,
Cai Wensheng,Cai,cai-wensheng,no-pic,,photo sharing app,Technology,M,China,1773098532075,,,,,,,//specials-images.forbesimg.com/imageserve/5a7bbf214bbe6f2652f4f48f/416x416.jpg?background=000000&cropX1=1571&cropX2=3988&cropY1=223&cropY2=2639,3028.0,3017.0,1200.0,,,,,,
Cao Yuhua,Cao,cao-yuhua,no-pic,24.824,auto parts,Automotive,M,China,1777596602659,,,1423.567,2726.0,2726.0,72.0,,3029.0,3017.0,1200.0,,,,,,
Giuliana Caprotti,Caprotti,giuliana-caprotti,no-pic-female,,Supermarkets,Food & Beverage,F,Italy,1773098536981,,,,,,85.0,,3030.0,3017.0,1200.0,,,,,,
Marina Caprotti,Caprotti,marina-caprotti,no-pic-female,,Supermarkets,Food & Beverage,F,Italy,1773098539291,,,,,,48.0,,3031.0,3017.0,1200.0,,,,,,
Edouard Carmignac,Carmignac,edouard-carmignac,edouard-carmignac,,Asset management,Finance & Investments,M,France,1773098541480,,,,,,78.0,//specials-images.forbesimg.com/imageserve/5e759db7d8e1ae0007b716a0/416x416.jpg?background=000000&cropX1=254&cropX2=1167&cropY1=147&cropY2=1060,3032.0,3017.0,1200.0,,,,,,
Chang Jing,Chang,chang-jing-1,no-pic,,Technology,Technology,M,China,1773098543805,,,,,,43.0,,3033.0,3017.0,1200.0,,,,,,
Jean-Marc Chapus,Chapus,jean-marc-chapus,no-pic,,Finance,Finance & Investments,M,United States,1773098547091,CA,California,,,,67.0,,3034.0,3017.0,1200.0,,,,,,
David Chen,Chen,david-chen,no-pic,,"Online gaming, e-commerce",Media & Entertainment,M,Singapore,1773098549654,,,,,,45.0,//specials-images.forbesimg.com/imageserve/5f11befa5d09070006abc89e/416x416.jpg?background=000000&cropX1=143&cropX2=3256&cropY1=295&cropY2=3408,3035.0,3017.0,1200.0,,,,,,
Chen Huwen,Chen,chen-huwen,no-pic,,Stationery,Manufacturing,M,China,1773098551939,,,,,,55.0,,3036.0,3017.0,1200.0,,,,,,
Cheng Lili,Cheng,cheng-lili,no-pic,10.71,Poultry breeding,Food & Beverage,M,China,1777596602659,,,1270.042,2950.0,2950.0,61.0,https://specials-images.forbesimg.com/imageserve/6050f48ca1ab099ed6e290cc/416x416.jpg?background=000000&cropX1=0&cropX2=800&cropY1=0&cropY2=800,3037.0,3017.0,1200.0,,,,,,
Bina Chhabria,Chhabria,bina-chhabria,no-pic-female,-48.792,Alcoholic beverages,Food & Beverage,F,India,1777596602659,,,1330.847,2856.0,2856.0,68.0,,3038.0,3017.0,1200.0,,,,,,
Kochouseph Chittilappilly,Chittilappilly,kochouseph-chittilappilly,no-pic,,Electrical appliances,Manufacturing,M,India,1773098558910,,,,,,75.0,//specials-images.forbesimg.com/imageserve/5a7f2e6631358e4955ad1a04/416x416.jpg?background=000000&cropX1=0&cropX2=600&cropY1=17&cropY2=617,3039.0,3017.0,1200.0,,,,,,
Cho Hyun-beom,Cho,cho-hyun-beom,no-pic,,Tire manufacturing,Automotive,M,South Korea,1777320852255,,,,,,54.0,,3040.0,3017.0,1200.0,,,,,,
John Christodoulou,Christodoulou,john-christodoulou,no-pic,,Real estate,Real Estate,M,United Kingdom,1773098563519,,,,,,60.0,,3041.0,3017.0,1200.0,,,,,,
Kirit Doshi,Doshi,kirit-doshi,no-pic,-161.001,Solar modules,Energy,M,India,1777596602659,,,1331.063,2855.0,2855.0,61.0,https://specials-images.forbesimg.com/imageserve/69138406e8b0a18fcae4532f/416x416.jpg?background=000000&cropX1=555&cropX2=2423&cropY1=144&cropY2=2011,3042.0,3017.0,1200.0,,,,,,
Michael Dunlap,Dunlap,michael-dunlap,no-pic,-6.463,loan servicing,Finance & Investments,M,United States,1777596602659,NE,Nebraska,1275.426,2947.0,2947.0,62.0,,3043.0,3017.0,1200.0,,,,,,
Chris Ellison,Ellison,chris-ellison,no-pic,77.439,Mining,Metals & Mining,M,Australia,1777596602659,,,1303.819,2896.0,2896.0,68.0,https://specials-images.forbesimg.com/imageserve/65ca4cfe12e27a37a0696845/416x416.jpg?background=000000&cropX1=74&cropX2=624&cropY1=189&cropY2=739,3044.0,3017.0,1200.0,,,,,,
Ibrahim Erdemoglu,Erdemoglu,ibrahim-erdemoglu,no-pic,-18.77,Carpet,Manufacturing,M,Turkey,1777596602659,,,1378.85,2793.0,2793.0,63.0,https://specials-images.forbesimg.com/imageserve/606b3650f3d3aac7237361fd/416x416.jpg?background=000000&cropX1=0&cropX2=1080&cropY1=0&cropY2=1080,3045.0,3017.0,1200.0,,,,,,
Keiko Erikawa,Erikawa,keiko-erikawa,no-pic-female,,Video games,Media & Entertainment,F,Japan,1773098575731,,,,,,77.0,,3046.0,3017.0,1200.0,,,,,,
Yoichi Erikawa,Erikawa,yoichi-erikawa,no-pic,,Video games,Media & Entertainment,M,Japan,1773098578155,,,,,,75.0,,3047.0,3017.0,1200.0,,,,,,
J. Christopher Flowers,Flowers,j-christopher-flowers,no-pic,,Investments,Finance & Investments,M,United States,1773098580817,FL,Florida,,,,68.0,,3048.0,3017.0,1200.0,"Founder and Managing Director, J.C. Flowers & Co. LLC",False,,,,
Ben Francis,Francis,ben-francis-1,no-pic,0.0,Fitness clothing,Fashion & Retail,M,United Kingdom,1777596602659,,,1233.968,2997.0,2997.0,33.0,,3049.0,3017.0,1200.0,,,,,,
Michael Gans,Gans,michael-gans,no-pic,,Supply chain services,Diversified,M,Luxembourg,1773098585789,,,,,,62.0,,3050.0,3017.0,1200.0,,,,,,
Simona Giorgetta,Giorgetta,simona-giorgetta,no-pic-female,,Chemical products,Construction & Engineering,F,Italy,1773098588167,,,,,,49.0,,3051.0,3017.0,1200.0,,,,,,
Theresia Gouw,Gouw,theresia-gouw,theresia-gouw,,Venture capital,Finance & Investments,F,United States,1773098590884,CA,California,,,,58.0,https://specials-images.forbesimg.com/imageserve/6333b11cd43207e91390c319/416x416.jpg?background=000000&cropX1=0&cropX2=1077&cropY1=3&cropY2=1080,3052.0,3017.0,1200.0,"Founding Partner, Acrew Capital",False,,,,
Daniel Hager,Hager,daniel-hager,no-pic,0.0,Electrical products,Construction & Engineering,M,Germany,1777596602659,,,1235.521,2993.0,2994.0,54.0,,3053.0,3017.0,1200.0,,,,,,
Dorle Hager,Hager,dorle-hager,no-pic-female,0.0,Electrical products,Construction & Engineering,F,Germany,1777596602659,,,1233.181,2998.0,2998.0,61.0,,3054.0,3017.0,1200.0,,,,,,
Evi Hager,Hager,evi-hager,no-pic-female,0.0,Electrical products,Construction & Engineering,F,Germany,1777596602659,,,1233.181,2998.0,2999.0,63.0,,3055.0,3017.0,1200.0,,,,,,
Isabel-Ulrike Hager,Hager,isabel-ulrike-hager,no-pic-female,,Electrical products,Construction & Engineering,F,Germany,1773098599930,,,,,,40.0,,3056.0,3017.0,1200.0,,,,,,
Peter Hager,Hager,peter-hager,no-pic,0.0,Electrical products,Construction & Engineering,M,Germany,1777596602659,,,1233.181,2998.0,3000.0,65.0,,3057.0,3017.0,1200.0,,,,,,
Philip & family Hager,Hager,philip-family-hager,no-pic,0.0,Electrical products,Construction & Engineering,M,Germany,1777596602659,,,1235.521,2993.0,2995.0,55.0,,3058.0,3017.0,1200.0,,,,,,
Clelia Haji-Ioannou,Haji-Ioannou,clelia-haji-ioannou,no-pic-female,,EasyJet,Service,F,Cyprus,1773098606648,,,,,,55.0,,3059.0,3017.0,1200.0,,,,,,
Mustafa Hamied,Hamied,mustafa-hamied,no-pic,,Pharmaceuticals,Healthcare,M,India,1773098609325,,,,,,85.0,https://specials-images.forbesimg.com/imageserve/62460e5d03ef2d168e503f2c/416x416.jpg?background=000000&cropX1=28&cropX2=285&cropY1=3&cropY2=260,3060.0,3017.0,1200.0,,,,,,
Alfredo Harp Helu,Harp Helu,alfredo-harp-helu,alfredo-harp-helu,,"Banking, investments",Finance & Investments,M,Mexico,1773098611733,,,,,,82.0,//specials-images.forbesimg.com/imageserve/5e76f552d8e1ae0007b727dd/416x416.jpg?background=000000&cropX1=1178&cropX2=2779&cropY1=227&cropY2=1827,3061.0,3017.0,1200.0,,,,,,
Azman Hashim,Hashim,azman-hashim,azman-hashim,,Banking,Finance & Investments,M,Malaysia,1776291953594,,,,,,86.0,https://specials-images.forbesimg.com/imageserve/629fba2d0d396690886e2169/416x416.jpg?background=000000&cropX1=100&cropX2=910&cropY1=75&cropY2=886,3062.0,3017.0,1200.0,,,,,,
Timothy Headington,Headington,timothy-headington,timothy-headington,0.0,"Oil & gas, investments",Energy,M,United States,1777596602659,TX,Texas,1288.347,2925.0,2925.0,76.0,//specials-images.forbesimg.com/imageserve/5a8f0cad31358e79a289ff8b/416x416.jpg?background=000000&cropX1=1189&cropX2=2610&cropY1=128&cropY2=1548,3063.0,3017.0,1200.0,,,,,,
Christian Herz,Herz,christian-herz,no-pic,,Coffee,Finance & Investments,M,Germany,1773098618750,,,,,,54.0,//specials-images.forbesimg.com/imageserve/5e7ba54610380d0006fc13e2/416x416.jpg?background=000000&cropX1=176&cropX2=1371&cropY1=80&cropY2=1276,3064.0,3017.0,1200.0,,,,,,
Michaela Herz,Herz,michaela-herz,no-pic-female,,Coffee,Finance & Investments,F,Germany,1773098621134,,,,,,51.0,,3065.0,3017.0,1200.0,,,,,,
Taavet Hinrikus,Hinrikus,taavet-hinrikus,no-pic,9.73,"payments, banking",Finance & Investments,M,Estonia,1777596602659,,,1317.133,2870.0,2870.0,43.0,https://specials-images.forbesimg.com/imageserve/60edcb639d570592db9b52a9/416x416.jpg?background=000000&cropX1=1114&cropX2=2931&cropY1=234&cropY2=2052,3066.0,3017.0,1200.0,"Cofounder, Wise",False,,,,
Marty Horton,Horton,marty-horton,no-pic-female,,Homebuilding,Real Estate,F,United States,1773098625936,TX,Texas,,,,74.0,,3067.0,3017.0,1200.0,,,,,,
Huang Jian,Huang,huang-jian,no-pic,-2.648,home appliance,Manufacturing,M,China,1777596602659,,,1285.13,2930.0,2930.0,59.0,,3068.0,3017.0,1200.0,,,,,,
David Humphreys,Humphreys,david-humphreys,no-pic,,Residential roofing,Manufacturing,M,United States,1773098630659,MO,Missouri,,,,69.0,,3069.0,3017.0,1200.0,,,,,,
Sarah Humphreys Atkins,Humphreys Atkins,sarah-humphreys-atkins,no-pic-female,,Residential roofing,Manufacturing,F,United States,1773098633136,VA,Virginia,,,,68.0,,3070.0,3017.0,1200.0,,,,,,
Danilo Iervolino,Iervolino,danilo-iervolino,no-pic,,Online universities,Technology,M,Italy,1773098635531,,,,,,48.0,https://specials-images.forbesimg.com/imageserve/642b38c3a587d8f00ebbf2c7/416x416.jpg?background=000000&cropX1=0&cropX2=1824&cropY1=477&cropY2=2302,3071.0,3017.0,1200.0,,,,,,
Hiroyuki Inoue,Inoue,hiroyuki-inoue,no-pic,,Steel products,Manufacturing,M,Japan,1773098637868,,,,,,81.0,,3072.0,3017.0,1200.0,,,,,,
Kamlesh Jain,Jain,kamlesh-jain,no-pic,-5.488,Recycling,Metals & Mining,M,India,1777596602659,,,1295.6,2915.0,2915.0,57.0,,3073.0,3017.0,1200.0,,,,,,
Jiang Long,Jiang,jiang-long,no-pic,,Manufacturing,Technology,M,China,1773098642714,,,,,,52.0,,3074.0,3017.0,1200.0,,,,,,
Sheila Johnson,Johnson,sheila-johnson,sheila-johnson,,"Cable TV, hotels",Media & Entertainment,F,United States,1773098645310,VA,Virginia,,,,77.0,https://specials-images.forbesimg.com/imageserve/676073f68d76f2545c85143c/416x416.jpg?background=000000&cropX1=589&cropX2=1715&cropY1=210&cropY2=1339,3075.0,3017.0,1200.0,"CEO, Salamander Hotel and Resorts",False,,,,
Jonas Kamprad,Kamprad,jonas-kamprad,no-pic,,IKEA,Finance & Investments,M,Sweden,1773098647752,,,,,,60.0,//specials-images.forbesimg.com/imageserve/5c722c674bbe6f51818aba2e/416x416.jpg?background=000000&cropX1=604&cropX2=1948&cropY1=100&cropY2=1443,3076.0,3017.0,1200.0,,,,,,
Mathias Kamprad,Kamprad,mathias-kamprad,no-pic,,IKEA,Finance & Investments,M,Sweden,1773098650148,,,,,,56.0,//specials-images.forbesimg.com/imageserve/5c722ced31358e35dd26ff59/416x416.jpg?background=000000&cropX1=49&cropX2=275&cropY1=1&cropY2=227,3077.0,3017.0,1200.0,,,,,,
Peter Kamprad,Kamprad,peter-kamprad,no-pic,,IKEA,Finance & Investments,M,Sweden,1773098652397,,,,,,62.0,//specials-images.forbesimg.com/imageserve/5c722d41a7ea43100043521e/416x416.jpg?background=000000&cropX1=0&cropX2=257&cropY1=1&cropY2=258,3078.0,3017.0,1200.0,,,,,,
Michele Kang,Kang,michele-kang,no-pic-female,,Healthcare IT,Technology,F,United States,1773098654601,FL,Florida,,,,66.0,https://specials-images.forbesimg.com/imageserve/683886c1a7a5b906543c0512/416x416.jpg?background=000000&cropX1=514&cropX2=1811&cropY1=670&cropY2=1967,3079.0,3017.0,1200.0,,,,,,
Ken Kendrick,Kendrick,ken-kendrick,no-pic,,"Banking, sports team",Sports,M,United States,1773098656834,AZ,Arizona,,,,82.0,https://specials-images.forbesimg.com/imageserve/6245fe835e79265d0f503f2b/416x416.jpg?background=000000&cropX1=544&cropX2=1125&cropY1=290&cropY2=872,3080.0,3017.0,1200.0,,,,,,
Joe Kiani,Kiani,joe-kiani,no-pic,0.29,Medical devices,Healthcare,M,United States,1777596602659,CA,California,1254.439,2965.0,2965.0,61.0,https://specials-images.forbesimg.com/imageserve/633af4e593bd2afa8793dbad/416x416.jpg?background=000000&cropX1=922&cropX2=2480&cropY1=544&cropY2=2103,3081.0,3017.0,1200.0,"Former Chairman and CEO, Masimo",False,,,,
Kim Taek-jin,Kim,kim-taek-jin,kim-taek-jin,-12.443,Online games,Media & Entertainment,M,South Korea,1777596602659,,,1280.788,2939.0,2939.0,59.0,//specials-images.forbesimg.com/imageserve/5b71cae531358e0429c5d8d1/416x416.jpg?background=000000&cropX1=479&cropX2=1101&cropY1=182&cropY2=804,3082.0,3017.0,1200.0,,,,,,
Martin Klenk,Klenk,martin-klenk,no-pic,,Enterprise software,Technology,M,Germany,1773098664155,,,,,,39.0,https://specials-images.forbesimg.com/imageserve/661ec56538e601e0b1af8d44/416x416.jpg?background=000000&cropX1=1870&cropX2=2376&cropY1=136&cropY2=642,3083.0,3017.0,1200.0,,,,,,
Michael Kum,Kum,michael-kum,michael-kum,0.0,Hotels,Real Estate,M,Singapore,1777596602659,,,1238.895,2990.0,2990.0,81.0,//specials-images.forbesimg.com/imageserve/5d60040968cb0a000917ec5f/416x416.jpg?background=000000&cropX1=0&cropX2=3607&cropY1=271&cropY2=3881,3084.0,3017.0,1200.0,,,,,,
Eiichi Kuriwada,Kuriwada,eiichi-kuriwada,no-pic,,Package delivery,Logistics,M,Japan,1773098668734,,,,,,79.0,https://specials-images.forbesimg.com/imageserve/607dcae34faa3a8d93e0b999/416x416.jpg?background=000000&cropX1=0&cropX2=1625&cropY1=0&cropY2=1625,3085.0,3017.0,1200.0,,,,,,
Ceyda Lale Tara,Lale Tara,ceyda-lale-tara,no-pic-female,,Construction,Construction & Engineering,F,Turkey,1773098671074,,,,,,94.0,,3086.0,3017.0,1200.0,,,,,,
Nancy Lerner,Lerner,nancy-lerner,nancy-lerner,0.0,"Banking, credit cards",Finance & Investments,F,United States,1777596602659,OH,Ohio,1247.009,2979.0,2979.0,65.0,https://specials-images.forbesimg.com/imageserve/6050f48ca1ab099ed6e290cc/416x416.jpg?background=000000&cropX1=0&cropX2=800&cropY1=0&cropY2=800,3087.0,3017.0,1200.0,,,,,,
Norma Lerner,Lerner,norma-lerner,norma-lerner,0.0,Banking,Finance & Investments,F,United States,1777596602659,OH,Ohio,1239.919,2988.0,2988.0,90.0,//specials-images.forbesimg.com/imageserve/4c5034576f7f8449ebd38eb9eeedcf1c/416x416.jpg?background=000000&cropX1=0&cropX2=788&cropY1=42&cropY2=830,3088.0,3017.0,1200.0,,,,,,
Randolph Lerner,Lerner,randolph-lerner,randolph-lerner,0.0,"Banking, credit cards",Finance & Investments,M,United States,1777596602659,OH,Ohio,1241.268,2984.0,2984.0,64.0,//specials-images.forbesimg.com/imageserve/56ce276fe4b062f6b59a7ef3/416x416.jpg?background=000000&cropX1=0&cropX2=744&cropY1=81&cropY2=825,3089.0,3017.0,1200.0,,,,,,
John Lim,Lim,john-lim,john-lim,,Real estate,Real Estate,M,Singapore,1773098681271,,,,,,69.0,//specials-images.forbesimg.com/imageserve/5d600bae2dedcb0008e0f0af/416x416.jpg?background=000000&cropX1=793&cropX2=2759&cropY1=4&cropY2=1969,3090.0,3017.0,1200.0,,,,,,
Lim Kaling,Lim,lim-kaling,no-pic,0.0,Gaming hardware,Media & Entertainment,M,Singapore,1777596602659,,,1245.496,2980.0,2980.0,62.0,https://specials-images.forbesimg.com/imageserve/64f5e89c510b0ae3501e813e/416x416.jpg?background=000000&cropX1=91&cropX2=561&cropY1=88&cropY2=558,3091.0,3017.0,1200.0,,,,,,
Lin Por-Chun,Lin,lin-por-chun,no-pic,14.921,Glass,Manufacturing,M,Taiwan,1777596602659,,,1249.646,2975.0,2975.0,77.0,,3092.0,3017.0,1200.0,,,,,,
Lin Por-Fong,Lin,lin-por-fong,no-pic,15.235,Glass,Manufacturing,M,Taiwan,1777596602659,,,1275.903,2945.0,2945.0,83.0,,3093.0,3017.0,1200.0,,,,,,
Liu Yanjun,Liu,liu-yanjun,no-pic,,Pharmaceuticals,Healthcare,M,China,1773098690264,,,,,,61.0,,3094.0,3017.0,1200.0,,,,,,
Ma Hong,Ma,ma-hong-1,no-pic,5.334,machinery,Manufacturing,M,China,1777596602659,,,1533.793,2585.0,2585.0,55.0,,3095.0,3017.0,1200.0,,,,,,
Andrew MacMillan,MacMillan,andrew-macmillan,no-pic,,Cargill,Food & Beverage,M,United States,1773098694959,FL,Florida,,,,38.0,,3096.0,3017.0,1200.0,,,,,,
Christopher MacMillan,MacMillan,christopher-macmillan,no-pic,,Cargill,Food & Beverage,M,United States,1773098697007,FL,Florida,,,,40.0,,3097.0,3017.0,1200.0,,,,,,
Daniel MacMillan,MacMillan,daniel-macmillan,no-pic,,Cargill,Food & Beverage,M,United States,1773098699275,FL,Florida,,,,43.0,,3098.0,3017.0,1200.0,,,,,,
David MacMillan,MacMillan,david-macmillan,no-pic,,Cargill,Food & Beverage,M,United States,1773098701496,ID,Idaho,,,,71.0,,3099.0,3017.0,1200.0,,,,,,
Donald MacMillan,MacMillan,donald-macmillan,no-pic,,Cargill,Food & Beverage,M,United States,1773098703716,MN,Minnesota,,,,56.0,,3100.0,3017.0,1200.0,,,,,,
"John H. MacMillan IV, IV.",MacMillan IV,john-h-macmillan-iv-iv,no-pic,,Cargill,Food & Beverage,M,United States,1773098705956,MN,Minnesota,,,,73.0,,3101.0,3017.0,1200.0,,,,,,
Sandra MacMillan Kirkpatrick,MacMillan Kirkpatrick,sandra-macmillan-kirkpatrick,no-pic-female,,Cargill,Food & Beverage,F,United States,1773098708213,FL,Florida,,,,54.0,,3102.0,3017.0,1200.0,,,,,,
Kate MacMillan Reed,MacMillan Reed,kate-macmillan-reed,no-pic-female,,Cargill,Food & Beverage,F,United States,1773098710433,FL,Florida,,,,68.0,,3103.0,3017.0,1200.0,,,,,,
Alexander Mamut,Mamut,alexander-mamut,alexander-mamut,,Investments,Finance & Investments,M,Russia,1773098712913,,,,,,66.0,//specials-images.forbesimg.com/imageserve/5e77715b10380d0006fbbcf4/416x416.jpg?background=000000&cropX1=1198&cropX2=4149&cropY1=0&cropY2=2952,3104.0,3017.0,1200.0,,,,,,
Bruce Mathieson,Mathieson,bruce-mathieson,bruce-mathieson,,Hotels,Real Estate,M,Australia,1773098715230,,,,,,82.0,//specials-images.forbesimg.com/imageserve/56a03ee7e4b0ed854f52942a/416x416.jpg?background=000000&cropX1=0&cropX2=744&cropY1=197&cropY2=941,3105.0,3017.0,1200.0,,,,,,
Deepak Mehta,Mehta,deepak-mehta,no-pic,,Chemicals,Manufacturing,M,India,1773098717524,,,,,,69.0,https://specials-images.forbesimg.com/imageserve/602d7f59393a1065d8a2046a/416x416.jpg?background=000000&cropX1=499&cropX2=2549&cropY1=153&cropY2=2204,3106.0,3017.0,1200.0,,,,,,
Jeffrey Michael,Michael,jeffrey-michael,no-pic,-13.349,Data management,Technology,M,United States,1777596602659,MN,Minnesota,1275.16,2948.0,2948.0,69.0,,3107.0,3017.0,1200.0,,,,,,
Oleg Misevra,Misevra,oleg-misevra,no-pic,,Coal,Metals & Mining,M,Russia,1773098722198,,,,,,58.0,,3108.0,3017.0,1200.0,,,,,,
Nikita Mishin,Mishin,nikita-mishin,nikita-mishin,,"ports, railway transport",Logistics,M,Russia,1773098724449,,,,,,54.0,//specials-images.forbesimg.com/imageserve/5c71d4564bbe6f24567aede8/416x416.jpg?background=000000&cropX1=640&cropX2=3220&cropY1=60&cropY2=2641,3109.0,3017.0,1200.0,,,,,,
Pat Neal,Neal,pat-neal,no-pic,,Homebuilding,Real Estate,M,United States,1773098726669,FL,Florida,,,,77.0,https://specials-images.forbesimg.com/imageserve/67d450841b1b597c21219e18/416x416.jpg?background=000000&cropX1=233&cropX2=891&cropY1=8&cropY2=666,3110.0,3017.0,1200.0,,,,,,
Ngo Chi Dung,Ngo,ngo-chi-dung,no-pic,,Banking,Finance & Investments,M,Vietnam,1773098729040,,,,,,58.0,,3111.0,3017.0,1200.0,,,,,,
Nguyen Dang Quang,Nguyen,nguyen-dang-quang,no-pic,,"Consumer products, banking",Food & Beverage,M,Vietnam,1773098731593,,,,,,62.0,//specials-images.forbesimg.com/imageserve/5c717876a7ea431000434658/416x416.jpg?background=000000&cropX1=238&cropX2=830&cropY1=0&cropY2=592,3112.0,3017.0,1200.0,,,,,,
Konstantin Nikolaev,Nikolaev,konstantin-nikolaev,konstantin-nikolaev,,"ports, railway transport",Logistics,M,Russia,1773098734014,,,,,,55.0,//specials-images.forbesimg.com/imageserve/5a80aa024bbe6f2652f53ea9/416x416.jpg?background=000000&cropX1=320&cropX2=2336&cropY1=150&cropY2=2167,3113.0,3017.0,1200.0,,,,,,
Bastian Nominacher,Nominacher,bastian-nominacher,no-pic,,Enterprise software,Technology,M,Germany,1773098736300,,,,,,41.0,https://specials-images.forbesimg.com/imageserve/661ed64b9a35213aaa5f97dc/416x416.jpg?background=000000&cropX1=2411&cropX2=2981&cropY1=302&cropY2=871,3114.0,3017.0,1200.0,,,,,,
Vadim Novinsky,Novinsky,vadim-novinsky,vadim-novinsky,,Steel,Metals & Mining,M,Ukraine,1773098739019,,,,,,62.0,//specials-images.forbesimg.com/imageserve/5c7266e44bbe6f51818abcba/416x416.jpg?background=000000&cropX1=192&cropX2=2252&cropY1=27&cropY2=2087,3115.0,3017.0,1200.0,,,,,,
Boris Nuraliev,Nuraliev,boris-nuraliev,no-pic,0.0,Software,Technology,M,Russia,1777596602659,,,1235.93,2992.0,2992.0,67.0,https://specials-images.forbesimg.com/imageserve/67e59a8e8476ba16346cf41f/416x416.jpg?background=000000&cropX1=965&cropX2=1667&cropY1=195&cropY2=897,3116.0,3017.0,1200.0,,,,,,
Vitaly Orlov,Orlov,vitaly-orlov,no-pic,,Fisheries,Food & Beverage,M,Russia,1773098743950,,,,,,60.0,,3117.0,3017.0,1200.0,,,,,,
Benjamin Zhengmin Pan,Pan,benjamin-zhengmin-pan,no-pic,,Electronics,Technology,M,China,1773098746707,,,,,,56.0,https://specials-images.forbesimg.com/imageserve/6050f48ca1ab099ed6e290cc/416x416.jpg?background=000000&cropX1=0&cropX2=800&cropY1=0&cropY2=800,3118.0,3017.0,1200.0,,,,,,
Pan Shiyi,Pan,pan-shiyi,no-pic,,Real estate,Real Estate,M,China,1773098749060,,,,,,63.0,,3119.0,3017.0,1200.0,,,,,,
Anne Pedrero,Pedrero,anne-pedrero,no-pic-female,,Cargill,Food & Beverage,F,United States,1773098751654,CA,California,,,,57.0,,3120.0,3017.0,1200.0,,,,,,
Aluru Jagadish Prasad,Prasad,aluru-jagadish-prasad,no-pic,-21.42,Batteries,Manufacturing,M,India,1777596602659,,,1381.124,2790.0,2790.0,80.0,,3121.0,3017.0,1200.0,,,,,,
Qi Xiangdong,Qi,qi-xiangdong,qi-xiangdong,,Software,Technology,M,China,1773098756092,,,,,,55.0,,3122.0,3017.0,1200.0,,,,,,
Qiao Zhiyong,Qiao,qiao-zhiyong-1,no-pic,,industrial gas,Manufacturing,M,China,1773098758390,,,,,,62.0,,3123.0,3017.0,1200.0,,,,,,
Michael Rees,Rees,michael-rees,no-pic,,Private equity,Finance & Investments,M,United States,1773098760728,CT,Connecticut,,,,51.0,https://specials-images.forbesimg.com/imageserve/62470e487e92cb309f6f0b23/416x416.jpg?background=000000&cropX1=0&cropX2=1200&cropY1=0&cropY2=1200,3124.0,3017.0,1200.0,,,,,,
Chad Richison,Richison,chad-richison,no-pic,-7.938,Payroll processing,Technology,M,United States,1777596602659,OK,Oklahoma,1253.02,2968.0,2968.0,55.0,//specials-images.forbesimg.com/imageserve/5bbbc6bc31358e4b20817602/416x416.jpg?background=000000&cropX1=0&cropX2=2048&cropY1=182&cropY2=2231,3125.0,3017.0,1200.0,,,,,,
Hartley Rogers,Rogers,hartley-rogers,no-pic,,asset management,Finance & Investments,M,United States,1773098765442,NY,New York,,,,66.0,https://specials-images.forbesimg.com/imageserve/6075a67b283c932b1a901b2e/416x416.jpg?background=000000&cropX1=0&cropX2=1000&cropY1=97&cropY2=1097,3126.0,3017.0,1200.0,,,,,,
J.K. Rowling,Rowling,jk-rowling,jk-rowling,,Books,Media & Entertainment,F,United Kingdom,1773098767667,,,,,,60.0,//specials-images.forbesimg.com/imageserve/5ed56d114231c70006c8f37b/416x416.jpg?background=000000&cropX1=0&cropX2=654&cropY1=96&cropY2=750,3127.0,3017.0,1200.0,,,,,,
Thomas Sandell,Sandell,thomas-sandell,thomas-sandell,,Hedge funds,Finance & Investments,M,Sweden,1773098770280,,,,,,65.0,//specials-images.forbesimg.com/imageserve/5e77c997d8e1ae0007b735ab/416x416.jpg?background=000000&cropX1=2267&cropX2=3341&cropY1=480&cropY2=1554,3128.0,3017.0,1200.0,"Founder, Sandell Asset Management",False,,,,
Steven Schuurman,Schuurman,steven-schuurman,no-pic,,software,Technology,M,Netherlands,1773098772549,,,,,,50.0,//specials-images.forbesimg.com/imageserve/5c71560e31358e35dd26f1da/416x416.jpg?background=000000&cropX1=931&cropX2=3320&cropY1=246&cropY2=2633,3129.0,3017.0,1200.0,,,,,,
Arnold Schwarzenegger,Schwarzenegger,arnold-schwarzenegger,no-pic,,"Movies, investments",Media & Entertainment,M,United States,1773098774856,CA,California,,,,78.0,https://specials-images.forbesimg.com/imageserve/66607dd5d495fd147eee199c/416x416.jpg?background=000000&cropX1=427&cropX2=2421&cropY1=232&cropY2=2227,3130.0,3017.0,1200.0,,,,,,
Niraj Shah,Shah,niraj-shah,no-pic,,online retail,Technology,M,United States,1773098777485,MA,Massachusetts,,,,52.0,//specials-images.forbesimg.com/imageserve/5ba66fe731358e5690cdc06b/416x416.jpg?background=000000&cropX1=553&cropX2=3798&cropY1=21&cropY2=3264,3131.0,3017.0,1200.0,,,,,,
Sanjeev Shah,Shah,sanjeev-shah,no-pic,,Foods,Food & Beverage,M,India,1773098779722,,,,,,62.0,,3132.0,3017.0,1200.0,,,,,,
Shin Dong-joo,Shin,shin-dong-joo,shin-dong-joo,,Retail,Fashion & Retail,M,South Korea,1776116821363,,,,,,72.0,https://specials-images.forbesimg.com/imageserve/67fd3af4031d5354036cad9b/416x416.jpg?background=000000&cropX1=213&cropX2=1271&cropY1=107&cropY2=1165,3133.0,3017.0,1200.0,,,,,,
Maxim Shubarev,Shubarev,maxim-shubarev,no-pic,,Real Estate,Real Estate,M,Russia,1773098784533,,,,,,57.0,https://specials-images.forbesimg.com/imageserve/661da30f1dba8edc23ec7c26/416x416.jpg?background=000000&cropX1=1140&cropX2=1677&cropY1=14&cropY2=552,3134.0,3017.0,1200.0,,,,,,
Scott Smith,Smith,scott-smith-1,no-pic,,Cloud computing,Technology,M,United States,1773098786970,UT,Utah,,,,77.0,,3135.0,3017.0,1200.0,,,,,,
Jeff Sprecher,Sprecher,jeff-sprecher,no-pic,,stock exchanges,Finance & Investments,M,United States,1773098789429,GA,Georgia,,,,71.0,https://specials-images.forbesimg.com/imageserve/6245fbda580ccff7731e17c0/416x416.jpg?background=000000&cropX1=820&cropX2=1474&cropY1=1143&cropY2=1797,3136.0,3017.0,1200.0,,,,,,
Bruce Springsteen,Springsteen,bruce-springsteen,bruce-springsteen,,Music,Media & Entertainment,M,United States,1773098791990,NJ,New Jersey,,,,76.0,//specials-images.forbesimg.com/imageserve/5b438c894bbe6f1becf1b9e3/416x416.jpg?background=000000&cropX1=911&cropX2=2888&cropY1=481&cropY2=2457,3137.0,3017.0,1200.0,Musician,False,435.0,,,
Marco Squinzi,Squinzi,marco-squinzi,no-pic,,Chemical products,Construction & Engineering,M,Italy,1773098794311,,,,,,54.0,,3138.0,3017.0,1200.0,,,,,,
Veronica Squinzi,Squinzi,veronica-squinzi,no-pic-female,,Chemical products,Construction & Engineering,F,Italy,1773098796596,,,,,,54.0,,3139.0,3017.0,1200.0,,,,,,
Derek Stevens,Stevens,derek-stevens,no-pic,0.0,Casinos,Gambling & Casinos,M,United States,1777596602659,NV,Nevada,1248.23,2978.0,2978.0,58.0,https://specials-images.forbesimg.com/imageserve/69af1ea8305f02e88d8b9aef/416x416.jpg?background=000000&cropX1=380&cropX2=1116&cropY1=85&cropY2=821,3140.0,3017.0,1200.0,,,,,,
Manny Stul,Stul,manny-stul,no-pic,,Toys,Manufacturing,M,Australia,1773098801264,,,,,,76.0,//specials-images.forbesimg.com/imageserve/5e73ffbc2a573300068fc971/416x416.jpg?background=000000&cropX1=3003&cropX2=5044&cropY1=518&cropY2=2557,3141.0,3017.0,1200.0,,,,,,
Sun Hongjun,Sun,sun-hongjun,no-pic,,Semiconductors,Technology,M,China,1773098803599,,,,,,52.0,,3142.0,3017.0,1200.0,,,,,,
Leyla Tara Suyabatmaz,Tara Suyabatmaz,leyla-tara-suyabatmaz,no-pic-female,,Construction,Construction & Engineering,F,Turkey,1773098805968,,,,,,59.0,,3143.0,3017.0,1200.0,,,,,,
Sam Tarascio,Tarascio,sam-tarascio,sam-tarascio,,Real estate,Real Estate,M,Australia,1773098808245,,,,,,81.0,https://specials-images.forbesimg.com/imageserve/65ca4c878e601dfd8287447d/416x416.jpg?background=000000&cropX1=233&cropX2=682&cropY1=53&cropY2=501,3144.0,3017.0,1200.0,,,,,,
Winai Teawsomboonkij,Teawsomboonkij,winai-teawsomboonkij,no-pic,0.0,Food,Food & Beverage,M,Thailand,1777596602659,,,1661.804,2449.0,2449.0,63.0,https://specials-images.forbesimg.com/imageserve/667c41c9ad393c0fe011e625/416x416.jpg?background=000000&cropX1=706&cropX2=1289&cropY1=3&cropY2=587,3145.0,3017.0,1200.0,,,,,,
Maxim Tebar,Tebar,maxim-tebar,no-pic,,Chainsaws,Manufacturing,M,Germany,1773098812662,,,,,,25.0,,3146.0,3017.0,1200.0,,,,,,
Marciano Testa,Testa,marciano-testa,no-pic,,financial products,Finance & Investments,M,Brazil,1773098814969,,,,,,49.0,,3147.0,3017.0,1200.0,,,,,,
Nutchamai Thanombooncharoen,Thanombooncharoen,nutchamai-thanombooncharoen,no-pic-female,,Energy drinks,Food & Beverage,F,Thailand,1773098817404,,,,,,64.0,//specials-images.forbesimg.com/imageserve/59272a0231358e03e5598181/416x416.jpg?background=000000&cropX1=135&cropX2=526&cropY1=100&cropY2=492,3148.0,3017.0,1200.0,,,,,,
Gary Tharaldson,Tharaldson,gary-tharaldson,gary-tharaldson,,Hotels,Real Estate,M,United States,1773098819502,ND,North Dakota,,,,80.0,//specials-images.forbesimg.com/imageserve/5afdc6b631358e612fb94f8f/416x416.jpg?background=000000&cropX1=167&cropX2=1463&cropY1=0&cropY2=1297,3149.0,3017.0,1200.0,,,,,,
Clemens Toennies,Toennies,clemens-toennies,clemens-toennies,0.0,Meat processing,Food & Beverage,M,Germany,1777596602659,,,1235.521,2993.0,2993.0,69.0,//specials-images.forbesimg.com/imageserve/5e76204610380d0006fbac5a/416x416.jpg?background=000000&cropX1=815&cropX2=3344&cropY1=28&cropY2=2557,3150.0,3017.0,1200.0,,,,,,
Robert Toennies,Toennies,robert-toennies,robert-toennies,0.0,Meat processing,Food & Beverage,M,Germany,1777596602659,,,1235.521,2993.0,2996.0,47.0,https://specials-images.forbesimg.com/imageserve/6050f48ca1ab099ed6e290cc/416x416.jpg?background=000000&cropX1=0&cropX2=800&cropY1=0&cropY2=800,3151.0,3017.0,1200.0,,,,,,
Mustafa Latif Topbas,Topbas,mustafa-latif-topbas,no-pic,23.794,"food, retail",Fashion & Retail,M,Turkey,1777596602659,,,1291.868,2917.0,2917.0,82.0,//specials-images.forbesimg.com/imageserve/58b74d7131358e1a35ac50b5/416x416.jpg?background=000000&cropX1=0&cropX2=744&cropY1=2&cropY2=746,3152.0,3017.0,1200.0,,,,,,
Tony Townley,Townley,tony-townley,no-pic,,Fast food,Food & Beverage,M,United States,1773098828449,GA,Georgia,,,,64.0,,3153.0,3017.0,1200.0,,,,,,
James Truchard,Truchard,james-truchard,no-pic,,software,Technology,M,United States,1773098830746,TX,Texas,,,,82.0,//specials-images.forbesimg.com/imageserve/5a90a9434bbe6f0fa8266b0b/416x416.jpg?background=000000&cropX1=0&cropX2=1500&cropY1=54&cropY2=1554,3154.0,3017.0,1200.0,,,,,,
Phillippe Van de Vyvere,Van de Vyvere,phillippe-van-de-vyvere,no-pic,,Shipping Terminals,Logistics,M,Belgium,1773098833057,,,,,,72.0,,3155.0,3017.0,1200.0,,,,,,
Bart van Malderen,van Malderen,bart-van-malderen,no-pic,,diapers,Manufacturing,M,Belgium,1773098835431,,,,,,59.0,,3156.0,3017.0,1200.0,,,,,,
Andrii Verevskyi,Verevskyi,andrii-verevskyi,no-pic,,agriculture,Food & Beverage,M,Ukraine,1773098837773,,,,,,51.0,,3157.0,3017.0,1200.0,,,,,,
Shigefumi Wada,Wada,shigefumi-wada,no-pic,,Software,Technology,M,Japan,1773098840074,,,,,,73.0,https://specials-images.forbesimg.com/imageserve/607dccc595913882aa0d3d0d/416x416.jpg?background=000000&cropX1=8&cropX2=1418&cropY1=6&cropY2=1416,3158.0,3017.0,1200.0,,,,,,
Wang Xiancheng,Wang,wang-xiancheng,no-pic,,metals,Metals & Mining,M,China,1773098842479,,,,,,67.0,,3159.0,3017.0,1200.0,,,,,,
Wang Zelong,Wang,wang-zelong,no-pic,,Chemicals,Metals & Mining,M,China,1773098844640,,,,,,29.0,,3160.0,3017.0,1200.0,,,,,,
Wen Pengcheng,Wen,wen-pengcheng,no-pic,,Agribusiness,Food & Beverage,M,China,1773098847117,,,,,,63.0,,3161.0,3017.0,1200.0,,,,,,
Myron Wentz,Wentz,myron-wentz,no-pic,,Health products,Fashion & Retail,M,St. Kitts and Nevis,1773098849381,,,,,,85.0,//specials-images.forbesimg.com/imageserve/5c7219f131358e35dd26fe4c/416x416.jpg?background=000000&cropX1=13&cropX2=2180&cropY1=107&cropY2=2276,3162.0,3017.0,1200.0,,,,,,
Nicholas Woodman,Woodman,nicholas-woodman,nicholas-woodman,4.139,GoPro,Technology,M,United States,1777596602659,MT,Montana,1243.099,2983.0,2983.0,50.0,,3163.0,3017.0,1200.0,"Founder, CEO and Chairman, GoPro",False,,,,
Xie Juhua,Xie,xie-juhua,no-pic-female,,Pharmaceuticals,Healthcare,F,China,1773098854388,,,,,,75.0,,3164.0,3017.0,1200.0,,,,,,
Xie Yi,Xie,xie-yi,no-pic,,Thermal products,Manufacturing,M,China,1773098856611,,,,,,41.0,,3165.0,3017.0,1200.0,,,,,,
Xiu Laigui,Xiu,xiu-laigui,xiu-laigui,,Pharmaceuticals,Healthcare,M,China,1773098858854,,,,,,71.0,https://specials-images.forbesimg.com/imageserve/5a7d1414a7ea431690130e10/416x416.jpg?background=000000&cropX1=367&cropX2=2132&cropY1=496&cropY2=2260,3166.0,3017.0,1200.0,,,,,,
Xu Jiangnan,Xu,xu-jiangnan,no-pic,,Vitamins,Healthcare,M,China,1773098861169,,,,,,64.0,,3167.0,3017.0,1200.0,,,,,,
Xu Shijun,Xu,xu-shijun,no-pic,,Manufacturing,Manufacturing,M,China,1773098863608,,,,,,63.0,,3168.0,3017.0,1200.0,,,,,,
Xu Wanmao,Xu,xu-wanmao,no-pic,-6.505,Education,Service,M,China,1777596602659,,,1271.294,2949.0,2949.0,81.0,//specials-images.forbesimg.com/imageserve/5e791738d8e1ae0007b74f1b/416x416.jpg?background=000000&cropX1=289&cropX2=891&cropY1=46&cropY2=648,3169.0,3017.0,1200.0,,,,,,
Yang Xuegang,Yang,yang-xuegang,no-pic,-151.381,Coking,Manufacturing,M,China,1777596602659,,,1424.469,2725.0,2725.0,61.0,,3170.0,3017.0,1200.0,,,,,,
Zan Shengda,Zan,zan-shengda,zan-shengda,,Diversified,Diversified,M,China,1773098870955,,,,,,63.0,//specials-images.forbesimg.com/imageserve/5a7d1d8c4bbe6f2652f51243/416x416.jpg?background=000000&cropX1=216&cropX2=1272&cropY1=11&cropY2=1067,3171.0,3017.0,1200.0,,,,,,
Yasemin Zeynep Keyman,Zeynep Keyman,yasemin-zeynep-keyman,no-pic-female,,Construction,Construction & Engineering,F,Turkey,1773098873255,,,,,,65.0,,3172.0,3017.0,1200.0,,,,,,
Zhang Chuanwei,Zhang,zhang-chuanwei,no-pic,,Machinery,Manufacturing,M,China,1773098875329,,,,,,63.0,,3173.0,3017.0,1200.0,,,,,,
Zhang Feng,Zhang,zhang-feng,no-pic,,Automotive components,Manufacturing,M,China,1773098877607,,,,,,62.0,,3174.0,3017.0,1200.0,,,,,,
Zhang Hongwei,Zhang,zhang-hongwei,zhang-hongwei,,"Oil, banking",Diversified,M,China,1773098879974,,,,,,71.0,//specials-images.forbesimg.com/imageserve/5c6e3bcd4bbe6f2fbddc4a69/416x416.jpg?background=000000&cropX1=96&cropX2=2571&cropY1=0&cropY2=2473,3175.0,3017.0,1200.0,,,,,,
Zhang Jianhui,Zhang,zhang-jianhui,no-pic,9.566,Energy storage,Energy,M,China,1777596602659,,,1461.784,2679.0,2679.0,48.0,,3176.0,3017.0,1200.0,,,,,,
Zhang Keqiang,Zhang,zhang-keqiang,zhang-keqiang,,Real estate,Real Estate,M,China,1773098884447,,,,,,66.0,//specials-images.forbesimg.com/imageserve/5865576ab60b0bfe8025d6b4b7d9f65f/416x416.jpg?background=000000&cropX1=2&cropX2=744&cropY1=50&cropY2=793,3177.0,3017.0,1200.0,,,,,,
Zhang Xin,Zhang,zhang-xin,zhang-xin,,Real estate,Real Estate,F,China,1773098886969,,,,,,60.0,//specials-images.forbesimg.com/imageserve/5e793930c7b02d000666ff9e/416x416.jpg?background=000000&cropX1=1326&cropX2=3680&cropY1=0&cropY2=2352,3178.0,3017.0,1200.0,"Cofounder, CEO, SOHO China",False,,,,
Zhao Mantang,Zhao,zhao-mantang,no-pic,,Silver mining,Metals & Mining,M,China,1773098889391,,,,,,65.0,,3179.0,3017.0,1200.0,,,,,,
Zheng Wei,Zheng,zheng-wei,no-pic,69.192,pharmaceuticals,Healthcare,M,China,1777596602659,,,1504.524,2621.0,2621.0,55.0,,3180.0,3017.0,1200.0,,,,,,
Zheng Xiaodong,Zheng,zheng-xiaodong,no-pic,,Manufacturing,Manufacturing,M,China,1773098893934,,,,,,62.0,,3181.0,3017.0,1200.0,,,,,,
Kostyantin Zhevago,Zhevago,kostyantin-zhevago,kostyantin-zhevago,,Mining,Metals & Mining,M,Ukraine,1773098896178,,,,,,52.0,//specials-images.forbesimg.com/imageserve/5e77e526d8e1ae0007b738b5/416x416.jpg?background=000000&cropX1=257&cropX2=2760&cropY1=44&cropY2=2549,3182.0,3017.0,1200.0,,,,,,
Zhou Liangzhang,Zhou,zhou-liangzhang,no-pic,,electrical equipment,Manufacturing,M,China,1773098898756,,,,,,63.0,,3183.0,3017.0,1200.0,,,,,,
Zhu Weisong,Zhu,zhu-weisong,no-pic,,"Online games, toys",Media & Entertainment,M,China,1773098901140,,,,,,44.0,https://specials-images.forbesimg.com/imageserve/6786944a45013569f7435e65/416x416.jpg?background=000000&cropX1=86&cropX2=632&cropY1=63&cropY2=609,3184.0,3017.0,1200.0,,,,,,
Craig Abod,Abod,craig-abod,no-pic,,Information Technology,Technology,M,United States,1773098903445,VA,Virginia,,,,62.0,,3185.0,3185.0,1100.0,,,,,,
Joe Agresti,Agresti,joe-agresti,no-pic,,"Auto dealerships, investments",Diversified,M,United States,1773098905658,TX,Texas,,,,53.0,,3186.0,3185.0,1100.0,,,,,,
Giannis Alafouzos,Alafouzos,giannis-alafouzos,no-pic,,Shipping,Logistics,M,Greece,1773098908242,,,,,,68.0,,3187.0,3185.0,1100.0,,,,,,
Christian Angermayer,Angermayer,christian-angermayer,no-pic,,Investments,Finance & Investments,M,Germany,1773098910534,,,,,,48.0,https://specials-images.forbesimg.com/imageserve/65e792b328995d515c90862a/416x416.jpg?background=000000&cropX1=493&cropX2=1434&cropY1=33&cropY2=975,3188.0,3185.0,1100.0,,,,,,
Silvana Armani,Armani,silvana-armani,no-pic-female,,Luxury goods,Fashion & Retail,F,Italy,1773098912930,,,,,,70.0,,3189.0,3185.0,1100.0,,,,,,
Takaya Awata,Awata,takaya-awata,no-pic,,Restaurants,Food & Beverage,M,Japan,1773098915420,,,,,,64.0,https://specials-images.forbesimg.com/imageserve/67b4ab7026c7de5197e7dcbb/416x416.jpg?background=000000&cropX1=653&cropX2=1821&cropY1=602&cropY2=1770,3190.0,3185.0,1100.0,,,,,,
Petr Bely,Bely,petr-bely,no-pic,,Pharmacy,Healthcare,M,Russia,1774323466021,,,,,,53.0,,3191.0,3185.0,1100.0,,,,,,
Leone Benetton,Benetton,leone-benetton,no-pic,,"fashion retail, investments",Fashion & Retail,M,Italy,1773110971045,,,,,,41.0,,3192.0,3185.0,1100.0,,,,,,
Abigail Bennett,Bennett,abigail-bennett,no-pic-female,,Liquor,Food & Beverage,F,United States,1773098922292,NY,New York,,,,45.0,,3193.0,3185.0,1100.0,,,,,,
Rafal Brzoska,Brzoska,rafal-brzoska,no-pic,,parcel lockers,Logistics,M,Poland,1773098924592,,,,,,48.0,,3194.0,3185.0,1100.0,,,,,,
Cai Hongbin,Cai,cai-hongbin,no-pic,,Pharmaceuticals,Healthcare,M,China,1773098926848,,,,,,,//specials-images.forbesimg.com/imageserve/5ab944eda7ea432fbc1d2d9c/416x416.jpg?background=000000&cropX1=0&cropX2=400&cropY1=0&cropY2=400,3195.0,3185.0,1100.0,,,,,,
Caspar Callerström,Callerström,caspar-callerstrom,no-pic,,financial services,Finance & Investments,M,Sweden,1773098929602,,,,,,53.0,https://specials-images.forbesimg.com/imageserve/6245e876b4004e2973bc62e5/416x416.jpg?background=000000&cropX1=26&cropX2=758&cropY1=30&cropY2=762,3196.0,3185.0,1100.0,,,,,,
James Cameron,Cameron,james-cameron,james-cameron,,Movies,Media & Entertainment,M,Canada,1773098931990,,,,,,71.0,,3197.0,3185.0,1100.0,,,,,,
Christian Chabot,Chabot,christian-chabot,no-pic,,Software,Technology,M,United States,1773098934335,WA,Washington,,,,54.0,,3198.0,3185.0,1100.0,,,,,,
Chang Hyung-Jin,Chang,chang-hyung-jin,no-pic,,Metals,Metals & Mining,M,South Korea,1773098936505,,,,,,79.0,,3199.0,3185.0,1100.0,,,,,,
Chang Kuo-Cheng,Chang,chang-kuo-cheng,no-pic,,Transportation,Logistics,M,Taiwan,1773098938797,,,,,,64.0,,3200.0,3185.0,1100.0,,,,,,
Chen Ailian,Chen,chen-ailian,no-pic-female,,wheel production,Manufacturing,F,China,1773098941093,,,,,,68.0,https://specials-images.forbesimg.com/imageserve/5dc2fb6db4d5050007a4fd9c/416x416.jpg?background=000000&cropX1=1586&cropX2=3641&cropY1=315&cropY2=2369,3201.0,3185.0,1100.0,,,,,,
Chen Baozhen,Chen,chen-baozhen,no-pic-female,,internet services,Technology,F,China,1773098943382,,,,,,83.0,,3202.0,3185.0,1100.0,,,,,,
Chen Huxiong,Chen,chen-huxiong,no-pic,,Stationery,Manufacturing,M,China,1773098945689,,,,,,55.0,,3203.0,3185.0,1100.0,,,,,,
Chen Qingzhou,Chen,chen-qingzhou,no-pic,,communications equipment,Telecom,M,China,1773098948158,,,,,,60.0,,3204.0,3185.0,1100.0,,,,,,
Eduard Chukhlebov,Chukhlebov,eduard-chukhlebov,no-pic,,metallurgy,Metals & Mining,M,Russia,1773098950488,,,,,,62.0,,3205.0,3185.0,1100.0,,,,,,
Steve Conine,Conine,steve-conine,no-pic,,online retail,Technology,M,United States,1773098953035,MA,Massachusetts,,,,53.0,//specials-images.forbesimg.com/imageserve/5a9094b131358e79a28a1f6f/416x416.jpg?background=000000&cropX1=121&cropX2=742&cropY1=0&cropY2=621,3206.0,3185.0,1100.0,,,,,,
Luigi Cremonini,Cremonini,luigi-cremonini,luigi-cremonini,,meat processing,Food & Beverage,M,Italy,1773098955525,,,,,,87.0,//specials-images.forbesimg.com/imageserve/5c70d9664bbe6f79c54741d0/416x416.jpg?background=000000&cropX1=208&cropX2=2456&cropY1=557&cropY2=2805,3207.0,3185.0,1100.0,,,,,,
Benoit Dageville,Dageville,benoit-dageville,no-pic,,Software,Technology,M,United States,1773098957920,CA,California,,,,59.0,,3208.0,3185.0,1100.0,,,,,,
Andrea Della Valle,Della Valle,andrea-della-valle,andrea-della-valle,,Shoes,Fashion & Retail,M,Italy,1773098960554,,,,,,60.0,https://specials-images.forbesimg.com/imageserve/6408de878eda3774e08619bd/416x416.jpg?background=000000&cropX1=273&cropX2=1878&cropY1=20&cropY2=1624,3209.0,3185.0,1100.0,,,,,,
Ashwin Desai,Desai,ashwin-desai,no-pic,8.479,Specialty chemicals,Manufacturing,M,India,1777596602659,,,1311.293,2883.0,2883.0,74.0,https://specials-images.forbesimg.com/imageserve/62b1d178be94666612ed0e9e/416x416.jpg?background=000000&cropX1=555&cropX2=2301&cropY1=908&cropY2=2656,3210.0,3185.0,1100.0,,,,,,
Diamantis Diamantides,Diamantides,diamantis-diamantides,no-pic,,Shipping,Logistics,M,Greece,1773098965246,,,,,,78.0,,3211.0,3185.0,1100.0,,,,,,
Dou Zhenggang,Dou,dou-zhenggang,no-pic,,"Energy, chemicals",Diversified,M,China,1773098967554,,,,,,72.0,,3212.0,3185.0,1100.0,,,,,,
Ali Erdemoglu,Erdemoglu,ali-erdemoglu,no-pic,,Carpet,Manufacturing,M,Turkey,1773098969994,,,,,,66.0,https://specials-images.forbesimg.com/imageserve/606b3801fb2da6f71fd2b915/416x416.jpg?background=000000&cropX1=0&cropX2=958&cropY1=0&cropY2=958,3213.0,3185.0,1100.0,,,,,,
Laurence Escalante,Escalante,laurence-escalante,no-pic,,gaming,Gambling & Casinos,M,Australia,1773098972440,,,,,,44.0,,3214.0,3185.0,1100.0,,,,,,
Roger Federer,Federer,roger-federer,roger-federer,,Tennis,Sports,M,Switzerland,1773098976247,,,,,,44.0,https://specials-images.forbesimg.com/imageserve/627bd93781d954329bc88a13/416x416.jpg?background=000000&cropX1=128&cropX2=2078&cropY1=435&cropY2=2385,3215.0,3185.0,1100.0,"Athlete, Tennis",False,95.1,,0.1,95.0
Anton Fedun,Fedun,anton-fedun,no-pic,,oil & gas,Energy,M,Russia,1773098978387,,,,,,41.0,,3216.0,3185.0,1100.0,,,,,,
Ekaterina Fedun,Fedun,ekaterina-fedun,no-pic-female,,Oil & gas,Energy,F,Russia,1773098985554,,,,,,37.0,,3217.0,3185.0,1100.0,,,,,,
Guillermo Fierro,Fierro,guillermo-fierro,no-pic,,Banking,Finance & Investments,M,Spain,1773098987998,,,,,,65.0,,3218.0,3185.0,1100.0,,,,,,
Per Franzén,Franzén,per-franzen,no-pic,,Private equity,Finance & Investments,M,Sweden,1773098990336,,,,,,50.0,,3219.0,3185.0,1100.0,,,,,,
Victor Fung,Fung,victor-fung,victor-fung,,Sourcing,Logistics,M,United States,1773098992754,,,,,,80.0,//specials-images.forbesimg.com/imageserve/55fb1c87e4b0ffa7afe4b5ef/416x416.jpg?background=000000&cropX1=0&cropX2=744&cropY1=282&cropY2=1026,3220.0,3185.0,1100.0,,,,,,
William Fung,Fung,william-fung,william-fung,,Sourcing,Logistics,M,Hong Kong,1773098995345,,,,,,77.0,//specials-images.forbesimg.com/imageserve/5c705c7aa7ea431000433675/416x416.jpg?background=000000&cropX1=147&cropX2=776&cropY1=0&cropY2=629,3221.0,3185.0,1100.0,,,,,,
Paritosh Garg,Garg,paritosh-garg,no-pic,,Manufacturing,Manufacturing,M,India,1773098997445,,,,,,70.0,https://specials-images.forbesimg.com/imageserve/6671913cbdfee57f80fa3109/416x416.jpg?background=000000&cropX1=407&cropX2=1671&cropY1=61&cropY2=1326,3222.0,3185.0,1100.0,,,,,,
Gyorgy Gattyan,Gattyan,gyorgy-gattyan,no-pic,,Adult Entertainment,Media & Entertainment,M,Hungary,1773098999563,,,,,,55.0,https://specials-images.forbesimg.com/imageserve/66142848a565c12b816b2468/416x416.jpg?background=000000&cropX1=283&cropX2=890&cropY1=14&cropY2=622,3223.0,3185.0,1100.0,,,,,,
Jane Goldman,Goldman,jane-goldman,no-pic-female,,Real estate,Real Estate,F,United States,1773099002152,NY,New York,,,,70.0,//specials-images.forbesimg.com/imageserve/57e1169431358e16c589bb3f/416x416.jpg?background=000000&cropX1=0&cropX2=744&cropY1=56&cropY2=800,3224.0,3185.0,1100.0,,,,,,
Daniela Grogg,Grogg,daniela-grogg,no-pic-female,40.917,Pharmaceuticals,Healthcare,F,Switzerland,1777596602659,,,1261.37,2954.0,2954.0,,,3225.0,3185.0,1100.0,,,,,,
Nicole Grogg-Hotzer,Grogg-Hotzer,nicole-grogg-hotzer,no-pic-female,40.917,Pharmaceuticals,Healthcare,F,Switzerland,1777596602659,,,1261.37,2954.0,2955.0,53.0,,3226.0,3185.0,1100.0,,,,,,
Vildan Gulcelik,Gulcelik,vildan-gulcelik,no-pic-female,,Engineering and construction,Construction & Engineering,F,Turkey,1773099008612,,,,,,92.0,,3227.0,3185.0,1100.0,,,,,,
Rajinder Gupta,Gupta,rajinder-gupta,no-pic,,"Textiles, paper",Manufacturing,M,India,1773099010828,,,,,,67.0,https://specials-images.forbesimg.com/imageserve/61f0289ff6b80fb81846d1ec/416x416.jpg?background=000000&cropX1=0&cropX2=1206&cropY1=30&cropY2=1236,3228.0,3185.0,1100.0,,,,,,
Markus Hannebauer,Hannebauer,markus-hannebauer,no-pic,,Software,Technology,M,Germany,1773099013228,,,,,,50.0,,3229.0,3185.0,1100.0,,,,,,
Fahed Hariri,Hariri,fahed-hariri,no-pic,,"Construction, investments",Construction & Engineering,M,Lebanon,1773099015594,,,,,,45.0,//specials-images.forbesimg.com/imageserve/5e76ec0c10380d0006fbb932/416x416.jpg?background=000000&cropX1=31&cropX2=834&cropY1=24&cropY2=828,3230.0,3185.0,1100.0,,,,,,
Orion Hindawi,Hindawi,orion-hindawi,orion-hindawi,,Software,Technology,M,United States,1773099018387,WA,Washington,,,,46.0,https://specials-images.forbesimg.com/imageserve/642c2d45b3329571c4e1c15f/416x416.jpg?background=000000&cropX1=870&cropX2=1819&cropY1=230&cropY2=1180,3231.0,3185.0,1100.0,"CEO, Tanium",False,,,,
Arthur Xiaobo Hong,Hong,arthur-xiaobo-hong,no-pic,,e-commerce,Fashion & Retail,M,China,1773099020639,,,,,,54.0,,3232.0,3185.0,1100.0,,,,,,
Hong Seok-joh,Hong,hong-seok-joh,hong-seok-joh,,Convenience stores,Fashion & Retail,M,South Korea,1776116822402,,,,,,73.0,//specials-images.forbesimg.com/imageserve/5d247a904c687b00085c1e8c/416x416.jpg?background=000000&cropX1=5&cropX2=588&cropY1=33&cropY2=616,3233.0,3185.0,1100.0,BGF Co. Ltd.,False,,,,
Huang Qiaoling,Huang,huang-qiaoling,huang-qiaoling,,Amusement parks,Media & Entertainment,M,China,1773099025818,,,,,,67.0,https://specials-images.forbesimg.com/imageserve/6050f48ca1ab099ed6e290cc/416x416.jpg?background=000000&cropX1=0&cropX2=800&cropY1=0&cropY2=800,3234.0,3185.0,1100.0,,,,,,
Ryan Israel,Israel,ryan-israel,no-pic,,Hedge funds,Finance & Investments,M,United States,1773099028625,NY,New York,,,,41.0,,3235.0,3185.0,1100.0,"Partner, Pershing Square Capital Management",False,,,,
Subbamma Jasti,Jasti,subbamma-jasti,no-pic-female,,Pharmaceuticals,Healthcare,F,India,1773099031010,,,,,,92.0,,3236.0,3185.0,1100.0,,,,,,
Laurent Junique,Junique,laurent-junique,no-pic,,Call centers,Technology,M,France,1773099033203,,,,,,60.0,https://specials-images.forbesimg.com/imageserve/66d7330d1fcb93be81184a02/416x416.jpg?background=000000&cropX1=1654&cropX2=2668&cropY1=354&cropY2=1369,3237.0,3185.0,1100.0,,,,,,
Sergey Kasyanenko,Kasyanenko,sergey-kasyanenko,no-pic,,Tea and coffee,Food & Beverage,M,Russia,1773099035574,,,,,,68.0,,3238.0,3185.0,1100.0,,,,,,
Mehmet Kazanci,Kazanci,mehmet-kazanci,no-pic,,Diversified,Diversified,M,Turkey,1773099037734,,,,,,70.0,,3239.0,3185.0,1100.0,,,,,,
Peter Kelly,Kelly,peter-kelly,no-pic,6.14,I.T.,Technology,M,United Kingdom,1777596602659,,,1259.498,2958.0,2958.0,68.0,,3240.0,3185.0,1100.0,,,,,,
Aditya Khemka,Khemka,aditya-khemka,no-pic,-5.838,Security solutions,Manufacturing,M,India,1777596602659,,,1373.001,2803.0,2803.0,51.0,,3241.0,3185.0,1100.0,,,,,,
Igor Kudryashkin,Kudryashkin,igor-kudryashkin,no-pic,,metallurgy,Metals & Mining,M,Russia,1774321396414,,,,,,64.0,,3242.0,3185.0,1100.0,,,,,,
Carl-Anton Kunz,Kunz,carl-anton-kunz,no-pic,,Plumbing and heating supplies,Manufacturing,M,Germany,1773099046594,,,,,,27.0,,3243.0,3185.0,1100.0,,,,,,
Walter Kurtz,Kurtz,walter-kurtz,no-pic,,Appliances,Manufacturing,M,Germany,1773099048779,,,,,,81.0,,3244.0,3185.0,1100.0,,,,,,
Valery Kustov,Kustov,valery-kustov,no-pic,,Food production,Food & Beverage,M,Russia,1773099051094,,,,,,64.0,,3245.0,3185.0,1100.0,,,,,,
Hans Langer,Langer,hans-langer,no-pic,,3D printing,Manufacturing,M,Germany,1773099053334,,,,,,74.0,//specials-images.forbesimg.com/imageserve/5e7b97cbd8e1ae0007b779e7/416x416.jpg?background=000000&cropX1=472&cropX2=3490&cropY1=489&cropY2=3506,3246.0,3185.0,1100.0,,,,,,
Brian Lawson,Lawson,brian-lawson,no-pic,,private equity,Finance & Investments,M,Canada,1773099055669,,,,,,66.0,,3247.0,3185.0,1100.0,,,,,,
Lee Joon-ho,Lee,lee-joon-ho,lee-joon-ho,,Online games,Media & Entertainment,M,South Korea,1773099058198,,,,,,61.0,//specials-images.forbesimg.com/imageserve/571a7940a7ea43722d781ff2/416x416.jpg?background=000000&cropX1=92&cropX2=744&cropY1=6&cropY2=659,3248.0,3185.0,1100.0,NHN Entertainment,False,,,,
Lee Su-jin,Lee,lee-su-jin,no-pic,,Hospitality,Technology,M,South Korea,1776116823445,,,,,,48.0,https://specials-images.forbesimg.com/imageserve/643e9bab38451940ea1e5605/416x416.jpg?background=000000&cropX1=1125&cropX2=2976&cropY1=514&cropY2=2364,3249.0,3185.0,1100.0,,,,,,
Li Guoqiang,Li,li-guoqiang,no-pic,,Auto dealerships,Automotive,M,China,1773099062789,,,,,,62.0,,3250.0,3185.0,1100.0,,,,,,
Li Haizhou,Li,li-haizhou,no-pic,,machinery,Manufacturing,M,China,1773099065263,,,,,,,,3251.0,3185.0,1100.0,,,,,,
Li San Yim,Li,li-san-yim,li-san-yim,,construction equipment,Manufacturing,M,China,1773099067824,,,,,,76.0,//specials-images.forbesimg.com/imageserve/97b447d9341c0dc4243090e2375556f3/416x416.jpg?background=000000&cropX1=8&cropX2=617&cropY1=10&cropY2=619,3252.0,3185.0,1100.0,,,,,,
Lin Por-Shih,Lin,lin-por-shih,no-pic,,Glass,Manufacturing,M,Taiwan,1773099070071,,,,,,81.0,,3253.0,3185.0,1100.0,,,,,,
James Litinsky,Litinsky,james-litinsky,no-pic,,Minerals,Metals & Mining,M,United States,1773099072300,NV,Nevada,,,,48.0,,3254.0,3185.0,1100.0,,,,,,
Liu Jianwei,Liu,liu-jianwei,no-pic,,Electronic control systems,Manufacturing,M,China,1773099074563,,,,,,61.0,,3255.0,3185.0,1100.0,,,,,,
Christian Louboutin,Louboutin,christian-louboutin,no-pic,,Shoes,Fashion & Retail,M,France,1773099076913,,,,,,63.0,https://specials-images.forbesimg.com/imageserve/660c2845e753d30c6dc18d33/416x416.jpg?background=000000&cropX1=363&cropX2=612&cropY1=209&cropY2=458,3256.0,3185.0,1100.0,,,,,,
Lu Zhongfang,Lu,lu-zhongfang,no-pic-female,,Education,Automotive,F,China,1773099079259,,,,,,83.0,,3257.0,3185.0,1100.0,,,,,,
Ma Xiuhui,Ma,ma-xiuhui,ma-xiuhui,,LED lighting,Manufacturing,F,China,1773099081765,,,,,,55.0,//specials-images.forbesimg.com/imageserve/5a0b26d3a7ea436b47b55a42/416x416.jpg?background=000000&cropX1=123&cropX2=2403&cropY1=105&cropY2=2386,3258.0,3185.0,1100.0,,,,,,
Simone Maag de Moura Cunha,Maag de Moura Cunha,simone-maag-de-moura-cunha,no-pic-female,,Medical Devices,Healthcare,F,Switzerland,1773099084580,,,,,,,,3259.0,3185.0,1100.0,,,,,,
Donald Mackenzie,Mackenzie,donald-mackenzie,no-pic,,Private equity,Finance & Investments,M,United Kingdom,1773099086922,,,,,,69.0,https://specials-images.forbesimg.com/imageserve/67e583f32ff9289702b33039/416x416.jpg?background=000000&cropX1=15&cropX2=3427&cropY1=170&cropY2=3584,3260.0,3185.0,1100.0,,,,,,
Cyrus Madon,Madon,cyrus-madon,no-pic,,private equity,Finance & Investments,M,Canada,1773099089437,,,,,,60.0,,3261.0,3185.0,1100.0,,,,,,
Prayudh Mahagitsiri,Mahagitsiri,prayudh-mahagitsiri,prayudh-mahagitsiri,,"Coffee, shipping",Food & Beverage,M,Thailand,1773099091805,,,,,,80.0,https://specials-images.forbesimg.com/imageserve/64a6ea43ad19f93be68aa488/416x416.jpg?background=000000&cropX1=380&cropX2=1799&cropY1=380&cropY2=1800,3262.0,3185.0,1100.0,,,,,,
Alexander Mikhalskiy,Mikhalskiy,alexander-mikhalskiy,no-pic,,retail,Fashion & Retail,M,Russia,1773099094298,,,,,,66.0,https://specials-images.forbesimg.com/imageserve/661dad1b3c75bcdd32acafdc/416x416.jpg?background=000000&cropX1=320&cropX2=919&cropY1=96&cropY2=696,3263.0,3185.0,1100.0,,,,,,
Eugene MIkhaylov,MIkhaylov,eugene-mikhaylov,no-pic,,agribusiness,Food & Beverage,M,Russia,1774323399757,,,,,,43.0,,3264.0,3185.0,1100.0,,,,,,
Sergey Mikhaylov,Mikhaylov,sergey-mikhaylov,no-pic,,agribusiness,Food & Beverage,M,Russia,1774323430591,,,,,,47.0,,3265.0,3185.0,1100.0,,,,,,
Dariusz Milek,Milek,dariusz-milek,no-pic,,"real estate, retail",Fashion & Retail,M,Poland,1773099101464,,,,,,58.0,,3266.0,3185.0,1100.0,,,,,,
Stuart Miller,Miller,stuart-miller,no-pic,,Homebuilding,Real Estate,M,United States,1773099103612,FL,Florida,,,,68.0,,3267.0,3185.0,1100.0,,,,,,
Fulvio Montipò,Montipò,fulvio-montipo,no-pic,,Hydraulic pumps,Manufacturing,M,Italy,1773099106133,,,,,,81.0,,3268.0,3185.0,1100.0,,,,,,
Bob Muglia,Muglia,bob-muglia,no-pic,,software,Technology,M,United States,1773099108713,WA,Washington,,,,66.0,,3269.0,3185.0,1100.0,,,,,,
Catharina Mühleis,Mühleis,catharina-muhleis,no-pic-female,,Chainsaws,Manufacturing,F,Germany,1773099111104,,,,,,33.0,,3270.0,3185.0,1100.0,,,,,,
Ivan Müller Botelho,Müller Botelho,ivan-muller-botelho,no-pic,16.906,Power Generation,Energy,M,Brazil,1777596602659,,,1241.143,2986.0,2986.0,92.0,,3271.0,3185.0,1100.0,,,,,,
Ong Leong Huat,Ong,ong-leong-huat,ong-leong-huat,,"Property, construction, financial services",Finance & Investments,M,Malaysia,1776291955329,,,,,,82.0,https://specials-images.forbesimg.com/imageserve/661d4cf0ed58c1bc3b2b6968/416x416.jpg?background=000000&cropX1=226&cropX2=920&cropY1=36&cropY2=730,3272.0,3185.0,1100.0,,,,,,
Niti Osathanugrah,Osathanugrah,niti-osathanugrah,no-pic,,"Energy drinks,investments",Finance & Investments,M,Thailand,1773099118579,,,,,,52.0,https://specials-images.forbesimg.com/imageserve/65e6103ab4838eda98298f4e/416x416.jpg?background=000000&cropX1=411&cropX2=1542&cropY1=64&cropY2=1195,3273.0,3185.0,1100.0,,,,,,
Kalpana Parekh,Parekh,kalpana-parekh,no-pic-female,,Adhesives,Manufacturing,F,India,1773099121013,,,,,,73.0,,3274.0,3185.0,1100.0,,,,,,
Kevin Plank,Plank,kevin-plank,kevin-plank,,Under Armour,Fashion & Retail,M,United States,1773099124107,MD,Maryland,,,,53.0,//specials-images.forbesimg.com/imageserve/5a9087ca31358e79a28a1e3a/416x416.jpg?background=000000&cropX1=2143&cropX2=3423&cropY1=223&cropY2=1502,3275.0,3185.0,1100.0,"Founder and CEO, Under Armour",False,,,,
Denise Prenosil,Prenosil,denise-prenosil,no-pic-female,,Dick's Sporting Goods,Fashion & Retail,F,United States,1773099126412,PA,Pennsylvania,,,,66.0,,3276.0,3185.0,1100.0,,,,,,
Quek Leng Chye,Quek,quek-leng-chye,no-pic,,Diversified,Diversified,M,Singapore,1773099128818,,,,,,82.0,,3277.0,3185.0,1100.0,,,,,,
Aidyn Rakhimbayev,Rakhimbayev,aidyn-rakhimbayev,no-pic,,Real estate and construction,Real Estate,M,Kazakhstan,1773099131193,,,,,,53.0,,3278.0,3185.0,1100.0,,,,,,
Alexander Rinke,Rinke,alexander-rinke-1,no-pic,,Enterprise software,Technology,M,Germany,1773099133436,,,,,,37.0,,3279.0,3185.0,1100.0,,,,,,
Alan Rydge,Rydge,alan-rydge,alan-rydge,,Entertainment,Media & Entertainment,M,Australia,1773099136064,,,,,,73.0,https://specials-images.forbesimg.com/imageserve/61a52212402ed8086d7a1ac9/416x416.jpg?background=000000&cropX1=0&cropX2=800&cropY1=0&cropY2=800,3280.0,3185.0,1100.0,,,,,,
K. Rai Sahi,Sahi,k-rai-sahi,k-rai-sahi,,real estate,Real Estate,M,Canada,1773099138354,,,,,,80.0,https://specials-images.forbesimg.com/imageserve/603e8f5d4a2df75cef4fb25a/416x416.jpg?background=000000&cropX1=0&cropX2=800&cropY1=0&cropY2=800,3281.0,3185.0,1100.0,,,,,,
Oliver Samwer,Samwer,oliver-samwer,oliver-samwer,,tech investments,Technology,M,Germany,1773099141037,,,,,,52.0,//specials-images.forbesimg.com/imageserve/5a7e30c54bbe6f2652f527bf/416x416.jpg?background=000000&cropX1=343&cropX2=3006&cropY1=6&cropY2=2667,3282.0,3185.0,1100.0,"Cofounder and CEO, Rocket Internet",False,,,,
Shyam Sankar,Sankar,shyam-sankar,no-pic,,Palantir,Technology,M,United States,1773099143172,CA,California,,,,44.0,,3283.0,3185.0,1100.0,,,,,,
Eddy Kusnadi Sariaatmadja,Sariaatmadja,eddy-kusnadi-sariaatmadja,eddy-kusnadi-sariaatmadja,,"Media, tech",Media & Entertainment,M,Indonesia,1773099145245,,,,,,72.0,https://specials-images.forbesimg.com/imageserve/601ac75c9164612b0d8e151f/416x416.jpg?background=000000&cropX1=1774&cropX2=2996&cropY1=459&cropY2=1680,3284.0,3185.0,1100.0,,,,,,
Arno Schodl,Schodl,arno-schodl,no-pic,,Software,Technology,M,Germany,1773099147505,,,,,,50.0,,3285.0,3185.0,1100.0,,,,,,
Antonio Luiz Seabra,Seabra,antonio-luiz-seabra,antonio-luiz-seabra,,Cosmetics,Fashion & Retail,M,Brazil,1773099149810,,,,,,83.0,//specials-images.forbesimg.com/imageserve/5e74234007adf00006db9e3e/416x416.jpg?background=000000&cropX1=1239&cropX2=3466&cropY1=183&cropY2=2410,3286.0,3185.0,1100.0,,,,,,
Jerry Seinfeld,Seinfeld,jerry-seinfeld,jerry-seinfeld,,Comedy,Media & Entertainment,M,United States,1773099152010,NY,New York,,,,72.0,//specials-images.forbesimg.com/imageserve/5ed575a07fe4060006bbcec8/416x416.jpg?background=000000&cropX1=186&cropX2=840&cropY1=0&cropY2=654,3287.0,3185.0,1100.0,,,,,,
Weijian Shan,Shan,weijian-shan,no-pic,,Private equity,Finance & Investments,M,Hong Kong,1773099154398,,,,,,72.0,https://specials-images.forbesimg.com/imageserve/65738d5f47128f418bedfdf9/416x416.jpg?background=000000&cropX1=699&cropX2=2526&cropY1=24&cropY2=1853,3288.0,3185.0,1100.0,,,,,,
Vijay Shekhar Sharma,Sharma,vijay-shekhar-sharma,no-pic,,financial technology,Service,M,India,1773099156958,,,,,,47.0,https://specials-images.forbesimg.com/imageserve/615b302450df12838dfe0d8b/416x416.jpg?background=000000&cropX1=1175&cropX2=3771&cropY1=94&cropY2=2688,3289.0,3185.0,1100.0,,,,,,
Yuri Shefler,Shefler,yuri-shefler,yuri-shefler,,Alcohol,Food & Beverage,M,Russia,1774321204044,,,,,,58.0,//specials-images.forbesimg.com/imageserve/5c71c6944bbe6f24567aecee/416x416.jpg?background=000000&cropX1=7&cropX2=943&cropY1=0&cropY2=935,3290.0,3185.0,1100.0,,,,,,
Hua Shen,Shen,hua-shen,no-pic,,Semiconductors,Technology,M,United States,1773099161616,,,,,,63.0,,3291.0,3185.0,1100.0,,,,,,
Ben Silbermann,Silbermann,ben-silbermann,ben-silbermann,-3.29,Social media,Media & Entertainment,M,United States,1777596602659,CA,California,1254.04,2966.0,2966.0,43.0,//specials-images.forbesimg.com/imageserve/5a9046cf4bbe6f0fa8265d45/416x416.jpg?background=000000&cropX1=150&cropX2=1533&cropY1=42&cropY2=1425,3292.0,3185.0,1100.0,"Cofounder, Pinterest",False,,,,
Christian Sinding,Sinding,christian-sinding,no-pic,,Private equity,Finance & Investments,M,Norway,1773099166536,,,,,,53.0,,3293.0,3185.0,1100.0,,,,,,
Anatoly Skurov,Skurov,anatoly-skurov,anatoly-skurov,,"Coal, fertilizers",Energy,M,Russia,1773099168640,,,,,,73.0,,3294.0,3185.0,1100.0,,,,,,
Timothy Springer,Springer,timothy-springer,no-pic,,Biotech,Healthcare,M,United States,1773099171105,MA,Massachusetts,,,,78.0,https://specials-images.forbesimg.com/imageserve/6063bff2da160c7d05790c50/416x416.jpg?background=000000&cropX1=425&cropX2=3067&cropY1=0&cropY2=2643,3295.0,3185.0,1100.0,,,,,,
Zachary Stern,Stern,zachary-stern,no-pic,,Liquor,Food & Beverage,M,United States,1773099173397,WY,Wyoming,,,,44.0,,3296.0,3185.0,1100.0,,,,,,
Eddy Sugianto,Sugianto,eddy-sugianto,no-pic,,Coal,Metals & Mining,M,Indonesia,1773099175702,,,,,,80.0,https://specials-images.forbesimg.com/imageserve/638e271060e1ba131255d450/416x416.jpg?background=000000&cropX1=50&cropX2=346&cropY1=58&cropY2=354,3297.0,3185.0,1100.0,,,,,,
Tony Tan Caktiong,Tan Caktiong,tony-tan-caktiong,tony-tan-caktiong,,Food,Food & Beverage,M,Philippines,1773099178212,,,,,,73.0,//specials-images.forbesimg.com/imageserve/599b5d1b4bbe6f5997f04310/416x416.jpg?background=000000&cropX1=1131&cropX2=3022&cropY1=0&cropY2=1890,3298.0,3185.0,1100.0,,,,,,
Prachak Tangkaravakoon,Tangkaravakoon,prachak-tangkaravakoon,no-pic,,Paints,Manufacturing,M,Thailand,1773099180686,,,,,,82.0,//specials-images.forbesimg.com/imageserve/5ad8df8031358e4112b82e99/416x416.jpg?background=000000&cropX1=1002&cropX2=2560&cropY1=453&cropY2=2012,3299.0,3185.0,1100.0,,,,,,
Hary Tanoesoedibjo,Tanoesoedibjo,hary-tanoesoedibjo,hary-tanoesoedibjo,,"Media, real estate",Media & Entertainment,M,Indonesia,1773099182927,,,,,,60.0,https://specials-images.forbesimg.com/imageserve/6757d14f688b2fd7ee4e6e16/416x416.jpg?background=000000&cropX1=130&cropX2=1074&cropY1=87&cropY2=1032,3300.0,3185.0,1100.0,,,,,,
Oguz Tezmen,Tezmen,oguz-tezmen,no-pic,,Finance,Finance & Investments,M,Turkey,1773099185272,,,,,,78.0,,3301.0,3185.0,1100.0,,,,,,
Ahmed Afif Topbas,Topbas,ahmed-afif-topbas,no-pic,,Food Retail,Fashion & Retail,M,Turkey,1773099187611,,,,,,84.0,,3302.0,3185.0,1100.0,,,,,,
Naresh Trehan,Trehan,naresh-trehan,no-pic,,Hospitals,Healthcare,M,India,1773099190074,,,,,,79.0,https://specials-images.forbesimg.com/imageserve/661e9e18087674e23db8ddfa/416x416.jpg?background=000000&cropX1=587&cropX2=1585&cropY1=129&cropY2=1126,3303.0,3185.0,1100.0,,,,,,
Tsai Cheng-Chiu,Tsai,tsai-cheng-chiu,no-pic,,Finance,Finance & Investments,M,Taiwan,1773099192540,,,,,,,,3304.0,3185.0,1100.0,,,,,,
Tsai Chi-jui,Tsai,tsai-chi-jui,tsai-chi-jui,,shoes,Fashion & Retail,M,Taiwan,1773099194846,,,,,,86.0,https://specials-images.forbesimg.com/imageserve/63a0cc9a49b4b4d012f31907/416x416.jpg?background=000000&cropX1=0&cropX2=652&cropY1=10&cropY2=662,3305.0,3185.0,1100.0,,,,,,
Tseng Sing-ai,Tseng,tseng-sing-ai,no-pic-female,,Petrochemicals,Manufacturing,F,Taiwan,1773099197226,,,,,,,,3306.0,3185.0,1100.0,,,,,,
Jan Van Geet,Van Geet,jan-van-geet,no-pic,,real estate developer,Real Estate,M,Belgium,1773099199584,,,,,,55.0,,3307.0,3185.0,1100.0,,,,,,
Chandubhai Virani,Virani,chandubhai-virani,no-pic,,Snacks,Food & Beverage,M,India,1773099201750,,,,,,69.0,,3308.0,3185.0,1100.0,,,,,,
Kanjibhai Virani,Virani,kanjibhai-virani,no-pic,,Snacks,Food & Beverage,M,India,1773099203725,,,,,,64.0,,3309.0,3185.0,1100.0,,,,,,
Amelie Voigt Trejes,Voigt Trejes,amelie-voigt-trejes,no-pic-female,,Industrial machinery,Manufacturing,F,Brazil,1773099206016,,,,,,20.0,,3310.0,3185.0,1100.0,,,,,,
Felipe Voigt Trejes,Voigt Trejes,felipe-voigt-trejes,no-pic,,Industrial machinery,Manufacturing,M,Brazil,1773099208178,,,,,,23.0,,3311.0,3185.0,1100.0,,,,,,
Pedro Voigt Trejes,Voigt Trejes,pedro-voigt-trejes,no-pic,,Industrial machinery,Manufacturing,M,Brazil,1773099210335,,,,,,23.0,,3312.0,3185.0,1100.0,,,,,,
Tatiana Volodina,Volodina,tatiana-volodina,no-pic-female,,retail,Fashion & Retail,F,Russia,1773099212508,,,,,,56.0,,3313.0,3185.0,1100.0,,,,,,
Jens von Bahr,von Bahr,jens-von-bahr,no-pic,,Gambling products,Gambling & Casinos,M,Sweden,1773099214893,,,,,,55.0,,3314.0,3185.0,1100.0,,,,,,
Wee Wei Chi,Wee,wee-wei-chi,no-pic-female,,Banking,Finance & Investments,F,Singapore,1773099217188,,,,,,68.0,,3315.0,3185.0,1100.0,,,,,,
Wee Wei Ling,Wee,wee-wei-ling,no-pic-female,,Banking,Finance & Investments,F,Singapore,1773099219268,,,,,,75.0,,3316.0,3185.0,1100.0,,,,,,
Wei Lidong,Wei,wei-lidong,no-pic,,Software,Technology,M,China,1773099221743,,,,,,50.0,,3317.0,3185.0,1100.0,,,,,,
Michelle Xia,Xia,michelle-xia,no-pic-female,-3.91,Biotech,Healthcare,F,United States,1777596602659,,,1359.899,2819.0,2819.0,59.0,,3318.0,3185.0,1100.0,,,,,,
Bingkun Xie,Xie,bingkun-xie,no-pic,-50.806,Pearlescent pigments,Fashion & Retail,M,China,1777596602659,,,1803.628,2282.0,2282.0,59.0,,3319.0,3185.0,1100.0,,,,,,
Xu Guozhong,Xu,xu-guozhong,no-pic,,Motors,Manufacturing,M,China,1773099228439,,,,,,62.0,,3320.0,3185.0,1100.0,,,,,,
Yang Min,Yang,yang-min-1,no-pic-female,,mining,Metals & Mining,F,China,1773099230757,,,,,,71.0,,3321.0,3185.0,1100.0,,,,,,
Yu De-Chao,Yu,yu-de-chao,no-pic,,pharmaceuticals,Healthcare,M,United States,1773099233120,,,,,,62.0,,3322.0,3185.0,1100.0,,,,,,
Yuan Jiandong,Yuan,yuan-jiandong-1,no-pic,87.222,pharmaceuticals,Healthcare,M,China,1777596602659,,,1449.175,2695.0,2695.0,,,3323.0,3185.0,1100.0,,,,,,
Kokuei Yuan,Yuan,kokuei-yuan,no-pic,44.473,Crypto exchange,Finance & Investments,M,Japan,1777596602659,,,1375.373,2801.0,2801.0,52.0,,3324.0,3185.0,1100.0,,,,,,
Patrick Zalupski,Zalupski,patrick-zalupski,no-pic,,homebuilding,Real Estate,M,United States,1773099240263,FL,Florida,,,,45.0,https://specials-images.forbesimg.com/imageserve/6086db374a82de9614827c3a/416x416.jpg?background=000000&cropX1=6&cropX2=1076&cropY1=49&cropY2=1120,3325.0,3185.0,1100.0,,,,,,
Zhang Xuansong,Zhang,zhang-xuansong,zhang-xuansong,,Supermarkets,Fashion & Retail,M,China,1773099243179,,,,,,54.0,https://specials-images.forbesimg.com/imageserve/6050f48ca1ab099ed6e290cc/416x416.jpg?background=000000&cropX1=0&cropX2=800&cropY1=0&cropY2=800,3326.0,3185.0,1100.0,,,,,,
Peng Zhao,Zhao,peng-zhao,no-pic,,Online recruitment,Service,M,China,1773099245359,,,,,,55.0,,3327.0,3185.0,1100.0,,,,,,
Zhong Peifeng,Zhong,zhong-peifeng-1,no-pic,35.262,semiconductor,Telecom,M,United States,1777596602659,,,1257.142,2961.0,2961.0,63.0,,3328.0,3185.0,1100.0,,,,,,
Zhu Jiangming,Zhu,zhu-jiangming,no-pic,,manufacturing,Manufacturing,M,China,1773099250037,,,,,,59.0,https://specials-images.forbesimg.com/imageserve/67e5d4b14d04e8210cc0fc74/416x416.jpg?background=000000&cropX1=1016&cropX2=2018&cropY1=106&cropY2=1107,3329.0,3185.0,1100.0,,,,,,
Zhu Zhaojiang,Zhu,zhu-zhaojiang,no-pic,,Smartphones,Manufacturing,M,China,1773099252551,,,,,,52.0,,3330.0,3185.0,1100.0,,,,,,
Fredrik Österberg,Österberg,fredrik-osterberg,no-pic,,Gambling products,Gambling & Casinos,M,Sweden,1773099254979,,,,,,55.0,,3331.0,3185.0,1100.0,,,,,,
Greg Abel,Abel,greg-abel,no-pic,,Berkshire Hathaway,Finance & Investments,M,Canada,1773099257236,IA,Iowa,,,,63.0,,3332.0,3332.0,1000.0,,,,,,
Radhe Shyam Agarwal,Agarwal,radhe-shyam-agarwal,radhe-shyam-agarwal,,consumer goods,Fashion & Retail,M,India,1773099259813,,,,,,81.0,//specials-images.forbesimg.com/imageserve/0e96c29819c584840c6320805c622547/416x416.jpg?background=000000&cropX1=5&cropX2=744&cropY1=15&cropY2=755,3333.0,3332.0,1000.0,,,,,,
M.P. Ahammad,Ahammad,mp-ahammad,no-pic,,Gold jewellery,Fashion & Retail,M,India,1773099262179,,,,,,63.0,,3334.0,3332.0,1000.0,,,,,,
Don Ahern,Ahern,don-ahern,no-pic,,Equipment rental,Service,M,United States,1773099264386,NV,Nevada,,,,72.0,https://specials-images.forbesimg.com/imageserve/67e5d569c3966aefbe666033/416x416.jpg?background=000000&cropX1=1444&cropX2=2617&cropY1=150&cropY2=1322,3335.0,3332.0,1000.0,,,,,,
Rosanna Armani,Armani,rosanna-armani,no-pic-female,,Luxury goods,Fashion & Retail,F,Italy,1773099266777,,,,,,86.0,,3336.0,3332.0,1000.0,,,,,,
Louis Bacon,Bacon,louis-bacon,louis-bacon,,Hedge funds,Finance & Investments,M,United States,1773099269367,NY,New York,,,,69.0,//specials-images.forbesimg.com/imageserve/5a8ede9131358e4955ae08e1/416x416.jpg?background=000000&cropX1=171&cropX2=2280&cropY1=189&cropY2=2298,3337.0,3332.0,1000.0,"Founder, Moore Capital Management, LP",False,,,,
Thor Bjorgolfsson,Bjorgolfsson,thor-bjorgolfsson,thor-bjorgolfsson,,Investments,Diversified,M,Iceland,1773099271694,,,,,,59.0,//specials-images.forbesimg.com/imageserve/5e76590a10380d0006fbb132/416x416.jpg?background=000000&cropX1=145&cropX2=1383&cropY1=172&cropY2=1409,3338.0,3332.0,1000.0,,,,,,
Prateek Boob,Boob,prateek-boob,no-pic,,Edtech,Technology,M,India,1773099274298,,,,,,38.0,https://specials-images.forbesimg.com/imageserve/691cbf8700082a75887acfd5/416x416.jpg?background=000000&cropX1=196&cropX2=596&cropY1=218&cropY2=618,3339.0,3332.0,1000.0,,,,,,
Michael Cagney,Cagney,michael-cagney,no-pic,70.886,Blockchain technology,Technology,M,United States,1777596602659,CA,California,1349.629,2830.0,2830.0,55.0,,3340.0,3332.0,1000.0,,,,,,
Andrea Camerana,Camerana,andrea-camerana,no-pic,,Luxury goods,Fashion & Retail,M,Italy,1773099279161,,,,,,56.0,,3341.0,3332.0,1000.0,,,,,,
Delfin Jorge Ezequiel Carballo,Carballo,delfin-jorge-ezequiel-carballo,no-pic,,banking,Finance & Investments,M,Argentina,1773099281470,,,,,,73.0,//specials-images.forbesimg.com/imageserve/5ab292dd31358e79a28c6eda/416x416.jpg?background=000000&cropX1=356&cropX2=2309&cropY1=391&cropY2=2345,3342.0,3332.0,1000.0,,,,,,
Omani Carson,Carson,omani-carson,no-pic,,Wealth planning,Finance & Investments,M,United States,1773099284017,NE,Nebraska,,,,61.0,,3343.0,3332.0,1000.0,"Wealth Advisor, Carson Wealth Management Group",False,,,,
Herald Chen,Chen,herald-chen,no-pic,,"Marketing software, mobile games",Technology,M,United States,1773263896138,CA,California,,,,56.0,https://specials-images.forbesimg.com/imageserve/67e5bd836d618dedbbaf375b/416x416.jpg?background=000000&cropX1=449&cropX2=1575&cropY1=0&cropY2=1125,3344.0,3332.0,1000.0,,,,,,
Cheng Xianfeng,Cheng,cheng-xianfeng,no-pic,,Pharmaceuticals,Healthcare,M,China,1773099289299,,,,,,57.0,,3345.0,3332.0,1000.0,,,,,,
Roy Chi Ping Chung,Chung,roy-chi-ping-chung,no-pic,,manufacturing,Manufacturing,M,Hong Kong,1773099291811,,,,,,73.0,https://specials-images.forbesimg.com/imageserve/6088207df9033a5e189808ad/416x416.jpg?background=000000&cropX1=393&cropX2=950&cropY1=14&cropY2=571,3346.0,3332.0,1000.0,,,,,,
Shayne Coplan,Coplan,shayne-coplan,no-pic,,Polymarket,Technology,M,United States,1773099294425,NY,New York,,,,27.0,https://specials-images.forbesimg.com/imageserve/6727ecff03a03d206f0860b1/416x416.jpg?background=000000&cropX1=1009&cropX2=2075&cropY1=184&cropY2=1250,3347.0,3332.0,1000.0,"Founder, Polymarket",False,,,,
Bill Cummings,Cummings,bill-cummings,no-pic,,Commercial real estate,Real Estate,M,United States,1773099296910,MA,Massachusetts,,,,89.0,https://specials-images.forbesimg.com/imageserve/67ead2d511206f929394da44/416x416.jpg?background=000000&cropX1=8&cropX2=670&cropY1=7&cropY2=669,3348.0,3332.0,1000.0,,,,,,
Federico De Nora,De Nora,federico-de-nora,no-pic,,Electrodes,Manufacturing,M,Italy,1773099299297,,,,,,58.0,,3349.0,3332.0,1000.0,,,,,,
Deng Hui,Deng,deng-hui,no-pic,,software,Technology,M,United States,1773099301690,,,,,,64.0,,3350.0,3332.0,1000.0,,,,,,
Anne Dinning,Dinning,anne-dinning,no-pic-female,,Hedge funds,Finance & Investments,F,United States,1773099303957,NY,New York,,,,63.0,https://specials-images.forbesimg.com/imageserve/6050f48ca1ab099ed6e290cc/416x416.jpg?background=000000&cropX1=0&cropX2=800&cropY1=0&cropY2=800,3351.0,3332.0,1000.0,,,,,,
Aydin Dogan,Dogan,aydin-dogan,aydin-dogan,,Media,Media & Entertainment,M,Turkey,1773099306230,,,,,,90.0,https://specials-images.forbesimg.com/imageserve/f3b036a9e88fe0f1765e484194428ead/416x416.jpg?background=000000&cropX1=0&cropX2=362&cropY1=0&cropY2=362,3352.0,3332.0,1000.0,,,,,,
Dr. Dre,Dre,dr-dre,dr-dre,,"Music, headphones",Media & Entertainment,M,United States,1773099308742,CA,California,,,,61.0,https://specials-images.forbesimg.com/imageserve/67605dd120fa0252ca5ae6b7/416x416.jpg?background=000000&cropX1=41&cropX2=1552&cropY1=257&cropY2=1769,3353.0,3332.0,1000.0,,,,,,
Farhad Ebrahimi,Ebrahimi,farhad-ebrahimi,no-pic,,Solar panels,Manufacturing,M,United States,1773099311068,CO,Colorado,,,,87.0,,3354.0,3332.0,1000.0,,,,,,
Ric Elias,Elias,ric-elias,no-pic,,Media,Media & Entertainment,M,United States,1775842060390,NC,North Carolina,,,,58.0,https://specials-images.forbesimg.com/imageserve/661fff642d72d79c78ba82ac/416x416.jpg?background=000000&cropX1=2009&cropX2=3380&cropY1=257&cropY2=1627,3355.0,3332.0,1000.0,,,,,,
Steve Ells,Ells,steve-ells,steve-ells,,Chipotle,Food & Beverage,M,United States,1773099315455,NY,New York,,,,60.0,https://specials-images.forbesimg.com/imageserve/67e5d99c74f470c86e861b9b/416x416.jpg?background=000000&cropX1=0&cropX2=829&cropY1=165&cropY2=994,3356.0,3332.0,1000.0,,,,,,
Clemens Fischer,Fischer,clemens-fischer,no-pic,,Pharmaceuticals,Diversified,M,Germany,1773099317863,,,,,,50.0,,3357.0,3332.0,1000.0,,,,,,
William Franke,Franke,william-franke,no-pic,,Low-cost airlines,Diversified,M,United States,1773099320377,TX,Texas,,,,89.0,https://specials-images.forbesimg.com/imageserve/62446aa0f98fefa9bd4ab6ab/416x416.jpg?background=000000&cropX1=0&cropX2=802&cropY1=0&cropY2=802,3358.0,3332.0,1000.0,,,,,,
Maria Frias,Frias,maria-frias,no-pic-female,,Media,Media & Entertainment,F,Brazil,1773099323082,,,,,,65.0,https://specials-images.forbesimg.com/imageserve/661eb7cdb7926d0a90ab95fc/416x416.jpg?background=000000&cropX1=104&cropX2=1815&cropY1=131&cropY2=1844,3359.0,3332.0,1000.0,,,,,,
Susumu Fujita,Fujita,susumu-fujita,susumu-fujita,,internet media,Media & Entertainment,M,Japan,1773099325354,,,,,,52.0,//specials-images.forbesimg.com/imageserve/5ea6e7ccf0b8cf000629a1cd/416x416.jpg?background=000000&cropX1=714&cropX2=3554&cropY1=0&cropY2=2840,3360.0,3332.0,1000.0,,,,,,
Sanjay Gajendra,Gajendra,sanjay-gajendra,no-pic,-15.606,Semiconductors,Technology,M,United States,1777596602659,CA,California,1574.339,2531.0,2531.0,51.0,,3361.0,3332.0,1000.0,,,,,,
David Hindawi,Hindawi,david-hindawi,no-pic,,Software,Technology,M,United States,1773099330770,WA,Washington,,,,81.0,https://specials-images.forbesimg.com/imageserve/642c30f7393370ffbfe1c15d/416x416.jpg?background=000000&cropX1=185&cropX2=846&cropY1=50&cropY2=712,3362.0,3332.0,1000.0,"Executive Chairman, Tanium",False,,,,
Kristina Hollweg,Hollweg,kristina-hollweg,no-pic-female,,Plumbing and heating supplies,Manufacturing,F,Germany,1773099333092,,,,,,57.0,,3363.0,3332.0,1000.0,,,,,,
Huang Guanlin,Huang,huang-guanlin,no-pic,,"Textiles, apparel",Fashion & Retail,M,China,1773099335432,,,,,,61.0,https://specials-images.forbesimg.com/imageserve/6050f48ca1ab099ed6e290cc/416x416.jpg?background=000000&cropX1=0&cropX2=800&cropY1=0&cropY2=800,3364.0,3332.0,1000.0,,,,,,
Huang Min,Huang,huang-min-1,no-pic,,Machinery,Manufacturing,M,China,1773099337717,,,,,,52.0,,3365.0,3332.0,1000.0,,,,,,
Vladimir Ivanov,Ivanov,vladimir-ivanov,no-pic,-30.113,Yandex,Technology,M,Russia,1777596602659,,,1506.261,2620.0,2620.0,55.0,,3366.0,3332.0,1000.0,,,,,,
Rameshchandra Jain,Jain,rameshchandra-jain,no-pic,,Textiles,Manufacturing,M,India,1773099342221,,,,,,77.0,https://specials-images.forbesimg.com/imageserve/687a7f46f61c3a9ffcce5ecd/416x416.jpg?background=000000&cropX1=194&cropX2=461&cropY1=88&cropY2=355,3367.0,3332.0,1000.0,,,,,,
Robert Johnson,Johnson,robert-johnson,no-pic,,Black Entertainment Television,Media & Entertainment,M,United States,1773099344584,FL,Florida,,,,80.0,https://specials-images.forbesimg.com/imageserve/69961865206e5ca31944c176/416x416.jpg?background=000000&cropX1=0&cropX2=2000&cropY1=137&cropY2=2138,3368.0,3332.0,1000.0,,,,,,
Mark Jones,Jones,mark-jones,no-pic,,Insurance,Finance & Investments,M,United States,1773099346881,TX,Texas,,,,64.0,https://specials-images.forbesimg.com/imageserve/66aac0c0908a53631e5e0995/416x416.jpg?background=000000&cropX1=57&cropX2=1715&cropY1=88&cropY2=1745,3369.0,3332.0,1000.0,,,,,,
Robyn Jones,Jones,robyn-jones,no-pic-female,,Insurance,Finance & Investments,F,United States,1773099349315,TX,Texas,,,,63.0,https://specials-images.forbesimg.com/imageserve/68b08dbe647ccb3487b0b007/416x416.jpg?background=000000&cropX1=233&cropX2=2103&cropY1=249&cropY2=2119,3370.0,3332.0,1000.0,"Cofounder, Goosehead Insurance",False,,,,
Warren Kanders,Kanders,warren-kanders,no-pic,,Law enforcement and defense equipment,Manufacturing,M,United States,1773099351469,FL,Florida,,,,68.0,,3371.0,3332.0,1000.0,,,,,,
Tulay Kazanci,Kazanci,tulay-kazanci,no-pic-female,,Diversified,Diversified,F,Turkey,1773099353833,,,,,,70.0,,3372.0,3332.0,1000.0,,,,,,
Lalit Keshre,Keshre,lalit-keshre,no-pic,9.372,Financial Services,Finance & Investments,M,India,1777596602659,,,1267.144,2952.0,2952.0,44.0,,3373.0,3332.0,1000.0,,,,,,
Stephen Ketchum,Ketchum,stephen-ketchum,no-pic,,Investments,Finance & Investments,M,United States,1773099358288,NY,New York,,,,64.0,,3374.0,3332.0,1000.0,,,,,,
Muhammed Aziz Khan,Khan,muhammed-aziz-khan,no-pic,,Power,Energy,M,Singapore,1773099360955,,,,,,71.0,//specials-images.forbesimg.com/imageserve/5d6008b268cb0a000917ecd7/416x416.jpg?background=000000&cropX1=1734&cropX2=2953&cropY1=489&cropY2=1708,3375.0,3332.0,1000.0,,,,,,
Valentin Kipyatkov,Kipyatkov,valentin-kipyatkov,no-pic,,Software,Technology,M,Cyprus,1773099363593,,,,,,49.0,,3376.0,3332.0,1000.0,,,,,,
Beyoncé Knowles-Carter,Knowles-Carter,beyonce-knowles-carter,no-pic-female,,Music,Media & Entertainment,F,United States,1773099366352,,,,,,44.0,https://specials-images.forbesimg.com/imageserve/6760517984921923e8effbcd/416x416.jpg?background=000000&cropX1=834&cropX2=2570&cropY1=79&cropY2=1816,3377.0,3332.0,1000.0,Musician,False,148.0,,,
Suresh Krishna,Krishna,suresh-krishna,no-pic,,Auto parts,Automotive,M,India,1773099368624,,,,,,89.0,https://specials-images.forbesimg.com/imageserve/62165cc332842f97504b2488/416x416.jpg?background=000000&cropX1=0&cropX2=1080&cropY1=0&cropY2=1080,3378.0,3332.0,1000.0,,,,,,
Shashank Kumar,Kumar,shashank-kumar,no-pic,,Fintech,Finance & Investments,M,India,1773099371237,,,,,,35.0,https://specials-images.forbesimg.com/imageserve/68349a2e83a812935ac5c52a/416x416.jpg?background=000000&cropX1=378&cropX2=1801&cropY1=712&cropY2=2136,3379.0,3332.0,1000.0,,,,,,
Richard Kurtz,Kurtz,richard-kurtz,no-pic,,Real estate,Real Estate,M,United States,1773099373606,FL,Florida,,,,85.0,https://specials-images.forbesimg.com/imageserve/642b3306d31937d9a1deb16a/416x416.jpg?background=000000&cropX1=377&cropX2=1774&cropY1=39&cropY2=1435,3380.0,3332.0,1000.0,,,,,,
Jared Kushner,Kushner,jared-kushner,no-pic,,"Real estate, private equity",Finance & Investments,M,United States,1773099376286,FL,Florida,,,,45.0,https://specials-images.forbesimg.com/imageserve/69af1f46a25258e216c3bcb8/416x416.jpg?background=000000&cropX1=292&cropX2=2332&cropY1=58&cropY2=2097,3381.0,3332.0,1000.0,,,,,,
Jeff Lawson,Lawson,jeff-lawson,no-pic,,software,Technology,M,United States,1773099378424,CA,California,,,,48.0,https://specials-images.forbesimg.com/imageserve/603d16f77d4df16926d7427a/416x416.jpg?background=000000&cropX1=269&cropX2=1596&cropY1=66&cropY2=1392,3382.0,3332.0,1000.0,,,,,,
Lee Hwa-kyung,Lee,lee-hwa-kyung,lee-hwa-kyung,,Confectionery,Food & Beverage,F,South Korea,1773099381073,,,,,,70.0,//specials-images.forbesimg.com/imageserve/1f82b3af1ad2c089755e7ae4ff53a3da/416x416.jpg?background=000000&cropX1=105&cropX2=686&cropY1=37&cropY2=619,3383.0,3332.0,1000.0,Orion,False,,,,
Li Jianguo,Li,li-jianguo,no-pic,,Telecom,Telecom,M,China,1773099383408,,,,,,61.0,,3384.0,3332.0,1000.0,,,,,,
Lim Chai Hock,Lim,lim-chai-hock,no-pic,,Coal,Energy,M,Malaysia,1773099385743,,,,,,66.0,,3385.0,3332.0,1000.0,,,,,,
Lim Wee Chai,Lim,lim-wee-chai,lim-wee-chai,,Rubber gloves,Manufacturing,M,Malaysia,1776291957124,,,,,,68.0,https://specials-images.forbesimg.com/imageserve/60b132b51bb4128025ec4356/416x416.jpg?background=000000&cropX1=231&cropX2=1160&cropY1=504&cropY2=1434,3386.0,3332.0,1000.0,,,,,,
Liu Ming Hui,Liu,liu-ming-hui,liu-ming-hui,,Natural gas distribution,Energy,M,China,1773099390179,,,,,,63.0,//specials-images.forbesimg.com/imageserve/5e7576e910380d0006bdcdf2/416x416.jpg?background=000000&cropX1=1000&cropX2=2988&cropY1=680&cropY2=2667,3387.0,3332.0,1000.0,,,,,,
Ninian Mogan Lourdenadin,Lourdenadin,ninian-mogan-lourdenadin,ninian-mogan-lourdenadin,,"Property, retail, financial services",Real Estate,M,Malaysia,1776291956255,,,,,,72.0,https://specials-images.forbesimg.com/imageserve/67fd50f8b73986626ce16f31/416x416.jpg?background=000000&cropX1=0&cropX2=800&cropY1=0&cropY2=800,3388.0,3332.0,1000.0,,,,,,
Renjun Lu,Lu,renjun-lu,no-pic,,concrete pipe,Manufacturing,M,China,1773099394815,,,,,,75.0,,3389.0,3332.0,1000.0,,,,,,
Harshil Mathur,Mathur,harshil-mathur,no-pic,,Fintech,Finance & Investments,M,India,1773099397619,,,,,,35.0,https://specials-images.forbesimg.com/imageserve/683885d712043135f46ab6d0/416x416.jpg?background=000000&cropX1=357&cropX2=1211&cropY1=113&cropY2=968,3390.0,3332.0,1000.0,"Cofounder, Razorpay",False,,,,
Zach McLeroy,McLeroy,zach-mcleroy,no-pic,,Fast food,Food & Beverage,M,United States,1773099399744,,,,,,63.0,https://specials-images.forbesimg.com/imageserve/67e5ddbfd962136036105706/416x416.jpg?background=000000&cropX1=257&cropX2=1824&cropY1=34&cropY2=1600,3391.0,3332.0,1000.0,,,,,,
Vladimir Melnikov,Melnikov,vladimir-melnikov,no-pic,,Fast fashion,Fashion & Retail,M,Russia,1773099402247,,,,,,78.0,,3392.0,3332.0,1000.0,,,,,,
Jitendra Mohan,Mohan,jitendra-mohan,no-pic,-15.044,Semiconductors,Technology,M,United States,1777596602659,CA,California,1564.497,2544.0,2544.0,53.0,,3393.0,3332.0,1000.0,,,,,,
Madan Mohanka,Mohanka,madan-mohanka,no-pic,,Manufacturing,Manufacturing,M,India,1773099407376,,,,,,82.0,https://specials-images.forbesimg.com/imageserve/6682acfc844e8d9bd6d5fa02/416x416.jpg?background=000000&cropX1=0&cropX2=3600&cropY1=69&cropY2=3672,3394.0,3332.0,1000.0,,,,,,
Waldemar Munich,Munich,waldemar-munich,no-pic,,Railway Construction,Construction & Engineering,M,Germany,1773099409645,,,,,,68.0,,3395.0,3332.0,1000.0,,,,,,
C.C. Paarthipan,Paarthipan,cc-paarthipan,no-pic,,pharmaceuticals,Healthcare,M,India,1773099411808,,,,,,72.0,,3396.0,3332.0,1000.0,,,,,,
Alakh Pandey,Pandey,alakh-pandey,no-pic,,Edtech,Technology,M,India,1773099414435,,,,,,34.0,https://specials-images.forbesimg.com/imageserve/691cbf334e2bb230c2436626/416x416.jpg?background=000000&cropX1=400&cropX2=1308&cropY1=193&cropY2=1102,3397.0,3332.0,1000.0,,,,,,
Dick Portillo,Portillo,dick-portillo,no-pic,,"Real estate, restaurants",Food & Beverage,M,United States,1773099416609,FL,Florida,,,,86.0,,3398.0,3332.0,1000.0,,,,,,
Tom Preston-Werner,Preston-Werner,tom-preston-werner,tom-preston-werner,,software,Technology,M,United States,1773099419102,CA,California,,,,46.0,//specials-images.forbesimg.com/imageserve/5c74515731358e35dd273053/416x416.jpg?background=000000&cropX1=0&cropX2=512&cropY1=0&cropY2=512,3399.0,3332.0,1000.0,,,,,,
Qian Jinghong,Qian,qian-jinghong,no-pic-female,,Electric scooters,Automotive,F,China,1773099421462,,,,,,53.0,,3400.0,3332.0,1000.0,,,,,,
Rao Wei,Rao,rao-wei,no-pic,,Pharmaceuticals,Healthcare,M,China,1773099423887,,,,,,61.0,,3401.0,3332.0,1000.0,,,,,,
Rihanna,Rihanna,rihanna,rihanna,,"Music, cosmetics",Fashion & Retail,F,Barbados,1773099426163,CA,California,,,,38.0,https://specials-images.forbesimg.com/imageserve/67606f22d9918d6930c26d22/416x416.jpg?background=000000&cropX1=551&cropX2=2100&cropY1=201&cropY2=1753,3402.0,3332.0,1000.0,,,,,,
Marc Samwer,Samwer,marc-samwer,marc-samwer,,tech investments,Technology,M,Germany,1773099428685,,,,,,55.0,//specials-images.forbesimg.com/imageserve/5a7e2c6a31358e4955ad1168/416x416.jpg?background=000000&cropX1=994&cropX2=3323&cropY1=10&cropY2=2339,3403.0,3332.0,1000.0,"Cofounder, Rocket Internet",False,,,,
Caryn Seidman-Becker,Seidman-Becker,caryn-seidman-becker,no-pic-female,,Airport security,Service,F,United States,1773099431238,NY,New York,,,,53.0,https://specials-images.forbesimg.com/imageserve/64c40b8cdea39ffcb516a7fe/416x416.jpg?background=000000&cropX1=2&cropX2=1080&cropY1=2&cropY2=1080,3404.0,3332.0,1000.0,"Cofounder & CEO, Clear Secure",False,,,,
Neerja Sethi,Sethi,neerja-sethi,no-pic-female,,IT consulting,Technology,F,United States,1773099433894,FL,Florida,,,,71.0,https://specials-images.forbesimg.com/imageserve/6050f48ca1ab099ed6e290cc/416x416.jpg?background=000000&cropX1=0&cropX2=800&cropY1=0&cropY2=800,3405.0,3332.0,1000.0,,,,,,
Shin Chang-jae,Shin,shin-chang-jae,shin-chang-jae,,Insurance,Finance & Investments,M,South Korea,1773099436273,,,,,,72.0,https://specials-images.forbesimg.com/imageserve/60b125e1d0e7e6be96564f27/416x416.jpg?background=000000&cropX1=547&cropX2=985&cropY1=138&cropY2=575,3406.0,3332.0,1000.0,Kyobo Life Insurance,False,,,,
Larry Silverstein,Silverstein,larry-silverstein,no-pic,,Real estate,Real Estate,M,United States,1773099438528,NY,New York,,,,94.0,https://specials-images.forbesimg.com/imageserve/6620096b8261f33eed0e5765/416x416.jpg?background=000000&cropX1=193&cropX2=1723&cropY1=39&cropY2=1570,3407.0,3332.0,1000.0,,,,,,
Edwin Soeryadjaya,Soeryadjaya,edwin-soeryadjaya-1,no-pic,,"Coal, investments",Energy,M,Indonesia,1773099440962,,,,,,76.0,,3408.0,3332.0,1000.0,,,,,,
Jeffrey Soffer,Soffer,jeffrey-soffer,no-pic,,Real estate,Real Estate,M,United States,1773099443283,FL,Florida,,,,58.0,https://specials-images.forbesimg.com/imageserve/67d097f4ad1b79e5188f9327/416x416.jpg?background=000000&cropX1=365&cropX2=1119&cropY1=223&cropY2=977,3409.0,3332.0,1000.0,,,,,,
Rui Song,Song,rui-song,no-pic,,Fertilizer,Manufacturing,M,China,1773099445734,,,,,,50.0,,3410.0,3332.0,1000.0,,,,,,
Axel Stawski,Stawski,axel-stawski,no-pic,,Real estate,Real Estate,M,United States,1773099447974,NY,New York,,,,75.0,//specials-images.forbesimg.com/imageserve/5a909560a7ea434a0c272237/416x416.jpg?background=000000&cropX1=1605&cropX2=2567&cropY1=349&cropY2=1310,3411.0,3332.0,1000.0,,,,,,
Trae Stephens,Stephens,trae-stephens,no-pic,,Defense technology,Technology,M,United States,1773099450477,CA,California,,,,42.0,https://specials-images.forbesimg.com/imageserve/666095f38465063462a63d30/416x416.jpg?background=000000&cropX1=323&cropX2=992&cropY1=2&cropY2=671,3412.0,3332.0,1000.0,Founders Fund,False,,,,
Ivan Streshinsky,Streshinsky,ivan-streshinsky,no-pic,,"Metals, telecom",Diversified,M,Russia,1773099452696,,,,,,56.0,,3413.0,3332.0,1000.0,,,,,,
Laszlo Szijj,Szijj,laszlo-szijj,no-pic,,Construction,Construction & Engineering,M,Hungary,1773158819724,,,,,,67.0,,3414.0,3332.0,1000.0,,,,,,
Eusebio Tanco,Tanco,eusebio-tanco,no-pic,,"Digital entertainment, ports, education",Diversified,M,Philippines,1773099457273,,,,,,76.0,https://specials-images.forbesimg.com/imageserve/66abb35a0a87634bfbe499bb/416x416.jpg?background=000000&cropX1=119&cropX2=868&cropY1=60&cropY2=810,3415.0,3332.0,1000.0,,,,,,
Stanley Tang,Tang,stanley-tang,no-pic,,food delivery app,Technology,M,United States,1773099459847,CA,California,,,,33.0,https://specials-images.forbesimg.com/imageserve/64ef8e799952a4ff471e813e/416x416.jpg?background=000000&cropX1=196&cropX2=577&cropY1=331&cropY2=712,3416.0,3332.0,1000.0,"Cofounder, DoorDash",False,,,,
Paul Taubman,Taubman,paul-taubman,no-pic,,Investment banking,Finance & Investments,M,United States,1773099462600,,,,,,65.0,,3417.0,3332.0,1000.0,,,,,,
"Richard Teets, Jr.",Teets,richard-teets-jr,no-pic,,steel,Metals & Mining,M,United States,1773274685054,IN,Indiana,,,,70.0,,3418.0,3332.0,1000.0,,,,,,
Murat Vargi,Vargi,murat-vargi,murat-vargi,,Telecom,Telecom,M,Turkey,1773099472284,,,,,,78.0,//specials-images.forbesimg.com/imageserve/58b7485a31358e1a35ac5079/416x416.jpg?background=000000&cropX1=39&cropX2=680&cropY1=35&cropY2=676,3419.0,3332.0,1000.0,,,,,,
Peter-Alexander Wacker,Wacker,peter-alexander-wacker,no-pic,,Chemicals,Manufacturing,M,Germany,1773099474549,,,,,,74.0,//specials-images.forbesimg.com/imageserve/5a7e374aa7ea4316901323f5/416x416.jpg?background=000000&cropX1=44&cropX2=1173&cropY1=78&cropY2=1208,3420.0,3332.0,1000.0,,,,,,
Scott Watterson,Watterson,scott-watterson,no-pic,,Fitness equipment,Technology,M,United States,1773099476993,UT,Utah,,,,70.0,https://specials-images.forbesimg.com/imageserve/614b5f37d16c7d2a9de0321a/416x416.jpg?background=000000&cropX1=0&cropX2=2726&cropY1=0&cropY2=2726,3421.0,3332.0,1000.0,,,,,,
Wu Jinzi,Wu,wu-jinzi,no-pic,,pharmaceutical,Healthcare,M,United States,1773099479381,,,,,,63.0,,3422.0,3332.0,1000.0,,,,,,
Wu Yonghua,Wu,wu-yonghua,no-pic,,Apparel,Fashion & Retail,M,China,1773099481693,,,,,,55.0,,3423.0,3332.0,1000.0,,,,,,
Fang Yang,Yang,fang-yang,no-pic-female,,Furniture retailing,Fashion & Retail,F,China,1773099484066,,,,,,54.0,,3424.0,3332.0,1000.0,,,,,,
Yu Rong,Yu,yu-rong,no-pic,,Health clinics,Healthcare,M,China,1773099486285,,,,,,54.0,https://specials-images.forbesimg.com/imageserve/6050f48ca1ab099ed6e290cc/416x416.jpg?background=000000&cropX1=0&cropX2=800&cropY1=0&cropY2=800,3425.0,3332.0,1000.0,,,,,,
"Richard Yuengling, Jr.",Yuengling,richard-yuengling-jr,richard-yuengling-jr,,Beer,Food & Beverage,M,United States,1773099488648,PA,Pennsylvania,,,,83.0,//specials-images.forbesimg.com/imageserve/5a908941a7ea434a0c2720de/416x416.jpg?background=000000&cropX1=817&cropX2=3140&cropY1=1101&cropY2=3423,3426.0,3332.0,1000.0,,,,,,
Heping Zhou,Zhou,heping-zhou,no-pic,,Electronics,Manufacturing,M,China,1773099491170,,,,,,61.0,,3427.0,3332.0,1000.0,,,,,,
Zuo Zongshen,Zuo,zuo-zongshen,no-pic,,Motorcycle,Manufacturing,M,China,1773099493554,,,,,,73.0,https://specials-images.forbesimg.com/imageserve/67e5e4cceb771c260fa51f66/416x416.jpg?background=000000&cropX1=508&cropX2=2827&cropY1=515&cropY2=2833,3428.0,3332.0,1000.0,,,,,,
