person,name,chinese_name,gender,birth_year,country,industry,company,headquarter,latest_year
a_jayson_adair,A Jayson Adair,A Jayson Adair,Male,1969.0,United States,Retail,Copart,USA-Dallas,2026
a_krishnamoorthy,A Krishnamoorthy,A Krishnamoorthy,Male,1937.0,India,Automobile & Auto Components,Amalgamations,India-Chennai,2026
abdulla_ahmed_al_ghurair,Abdulla Ahmed Al Ghurair,阿卜杜拉·艾哈迈德·古赖尔,Male,,United Arab Emirates,Financial Services,Mashreq Bank,UAE-Dubai,2026
abdulla_al_futtaim,Abdulla Al Futtaim,阿卜杜拉·阿尔·富塔姆,Male,,United Arab Emirates,Retail,Al Futtaim,UAE-Dubai,2026
abdullah_al_othaim,Abdullah Al Othaim,Abdullah Al Othaim,Male,1956.0,Saudi Arabia,Retail,Abdullah Al-Othaim Markets,Saudi Arabia-Riyadh,2026
abdullah_al_rajhi,Abdullah Al Rajhi,阿卜杜拉·拉吉,Male,,Saudi Arabia,Banking,Al Rajhi Banking And Investment,,2019
abdullah_amer_al_nahdi,Abdullah Amer Al Nahdi,Abdullah Amer Al Nahdi,Male,1960.0,Saudi Arabia,Healthcare,Nahdi Medical,Saudi Arabia-Jeddah,2026
abdullah_bin_sulaiman_al_rajhi,Abdullah bin Sulaiman Al Rajhi,Sulaiman Al Rajhi,Male,1929.0,Saudi Arabia,Financial Services,Al Rajhi Banking & Investment,Saudi Arabia-Riyadh,2026
abdulsamad_rabiu,Abdulsamad Rabiu,阿卜杜勒萨玛德·拉比,Male,1960.0,Nigeria,Construction & Engineering,BUA,Nigeria-Lagos,2026
abel_avellan,Abel Avellan,Abel Avellan,Male,1970.0,United States,Aerospace & Defence,AST SpaceMobile,USA-Coral Gables,2026
abhay_soi,Abhay Soi,Abhay Soi,Male,1973.0,India,Healthcare,Radiant Life Care,India-Mumbai,2026
abhay_vakil,Abhay Vakil,阿比·瓦基尔,Male,,India,Chemicals,Asian Paints,India-Mumbai,2022
abhaykumar_firodia,Abhaykumar Firodia,阿比库玛·费罗迪亚,Male,,India,Automobile & Auto Components,Force Motors,India-Pune,2026
abigail_bennett,Abigail Bennett,Abigail Bennett,,,,Food & Beverages,Constellation Brands,USA-Rochester,2026
abigail_johnson,Abigail Johnson,阿比盖尔·约翰逊,Female,1961.0,United States,Financial Services,Fidelity,USA-Boston,2026
abilio_diniz,Abilio Diniz,阿比里奥·迪尼兹,Male,,Brazil,Retail,Carrefour,Brazil-Sao Paulo,2023
achal_anil_bakeri,Achal Anil Bakeri & Family,,,,,Consumer Durables,Symphony,,2018
acharya_balakrishna,Acharya Balakrishna,阿查里亚·巴拉克拉希纳,Male,1972.0,India,FMCG,Patanjali Ayurved,,2020
acharya_balkrishna,Acharya Balkrishna,阿查里亚·巴拉克拉希纳,Male,,India,Consumer Goods,Patanjali Ayurved,India-Haridwar,2026
adam_foroughi,Adam Foroughi,Adam Foroughi,Male,1979.0,United States,Artificial Intelligence,AppLovin,USA-Truckee,2026
adam_forste,Adam Forste,Adam Forste,Male,1977.0,United States,Transportation & Logistics,Lineage,USA-Wilson,2026
adam_kwok,Adam Kwok & family,,,,,Real Estate,Sun Hung Kai,,2017
adam_kwok_kai_fai,Adam Kwok Kai-fai,郭基辉,Male,,Hong Kong,Real Estate,Sun Hung Kai,China-Hong Kong,2026
adam_neuman,Adam Neuman,,,,,Real Estate,WeWork,,2018
adam_neumann,Adam Neumann,亚当·纽曼,Male,,United States,Investments,Investments,USA-New York,2026
adani_vinodbhai_shantilal,Adani Vinodbhai Shantilal,,,,,Conglomerate,Adani Enterprises,,2018
adarsh_hiremath,Adarsh Hiremath,Adarsh Hiremath,Male,2003.0,United States,Artificial Intelligence,Mercor,USA-San Francisco,2026
adi_godrej,Adi Godrej,阿迪·戈德里,Male,,India,Industrial Products,Godrej,India-Mumbai,2026
aditya_khemka,Aditya Khemka,Aditya Khemka,Male,1974.0,India,Software & Services,Aditya Infotech,India-Noida,2026
adriaan_mol,Adriaan Mol,Adriaan Mol,Male,1984.0,Netherlands,Software & Services,Mollie,Netherlands-Amsterdam,2026
adrian_paval,Adrian Paval,Adrian Paval,Male,1969.0,Romania,Retail,Dedeman,Romania-Bacau,2026
aegos_projosasmito,Aegos Projosasmito,Aegos Projosasmito,Male,1955.0,Indonesia,Metals & Mining,Amman Mineral International,Indonesia-Jakarta,2026
aerin_lauder_zinterhofer,Aerin Lauder Zinterhofer,艾琳·劳德·津特霍夫,Female,1970.0,United States,Consumer Goods,Estée Lauder,USA-New York,2026
agnete_kirk_thinggaard,Agnete Kirk Thinggaard,阿格尼特·科尔克·廷高,Female,1983.0,Denmark,Consumer Goods,Lego,Denmark-Billund,2026
agustin_coppel_luken,Agustín Coppel Luken,Agustín Coppel Luken,,,,Retail,Grupo Coppel,Mexico-Culiacan,2026
ahammed_m_p,Ahammed M P,Ahammed M P,,,,Consumer Goods,Malabar Gold,India-Kozhikode,2026
ahmed_afif_topbas,Ahmed Afif Topbas,Ahmed Afif Topbas,Male,1942.0,Turkey,Retail,BİM Birleşik Mağazalar,Turkey-Istanbul,2026
ahmet_ahlatci,Ahmet Ahlatci,Ahmet Ahlatci,,,,Metals & Mining,Ahlatci Holding,Turkey-Istanbul,2026
ahmet_calik,Ahmet Calik,艾哈迈德·卡利克,Male,,Turkey,Construction & Engineering,Calik,Turkey-Istanbul,2026
ahmet_nazif_zorlu,Ahmet Nazif Zorlu,艾哈迈特·纳齐夫·祖鲁,Male,1944.0,Turkey,Consumer Goods,Zorlu,Turkey-Istanbul,2026
ahsen_ozokur,Ahsen Ozokur,,,,,Food & Beverages,Ulker Biskuvi,,2017
ai_lihua,Ai Lihua,艾立华,Male,1958.0,China,Semiconductors,Aishi,China-Yiyang,2023
ai_luming,Ai Luming,艾路明,Male,1957.0,China,Investments,Wuhan Dangdai,China-Wuhan,2022
aidan_barclay,Aidan Barclay,Aidan Barclay,Male,1956.0,United Kingdom,Retail,The Very Group,UK-London,2023
airat_shaimiev,Airat Shaimiev,Airat Shaimiev,Male,1963.0,Russia,Chemicals,TAIF Group,Russia-Kazan,2026
aiyawatt_srivaddhanaprabha,Aiyawatt Srivaddhanaprabha,阿亚瓦特·斯里瓦塔那布拉帕,Male,1985.0,Thailand,Retail,King Power,Thailand-Bangkok,2026
ajay_balvantray_parekh,Ajay Balvantray Parekh,阿杰·巴万特里·帕雷克,Male,,India,Chemicals,Pidilite Industries,India-Mumbai,2026
ajay_banga,Ajay Banga,Ajay Banga,Male,1959.0,United States,Financial Services,Mastercard,USA-New York,2022
ajay_bhardwaj,Ajay Bhardwaj,Ajay Bhardwaj,,,,Healthcare,Anthem Biosciences,India-Bengaluru,2026
ajay_jaisinghani,Ajay Jaisinghani,Ajay Jaisinghani,Male,1952.0,India,Industrial Products,Polycab India,India-New Delhi,2026
ajay_kalsi,Ajay Kalsi,阿杰·卡尔西,Male,,India,Energy,Indus Gas,India-New Delhi,2026
ajay_piramal,Ajay Piramal,阿杰·皮拉马尔,Male,,India,Financial Services,Piramal Enterprise,India-Mumbai,2026
ajit_prabhu,Ajit Prabhu,Ajit Prabhu,Male,1953.0,Singapore,Software & Services,Quest Global,Singapore--,2024
akio_nitori,Akio Nitori,似鸟昭雄,Male,1944.0,Japan,Retail,Nitori,Japan-Hokkaido,2026
akira_mori,Akira Mori,森章,Male,1936.0,Japan,Real Estate,Mori Trust,Japan-Tokyo,2026
akshay_bansarilal_arora,Akshay Bansarilal Arora,Akshay Bansarilal Arora,,,,Healthcare,Blue Jet Healthcare,India,2025
alain_bouchard,Alain Bouchard,阿兰·布查德,Male,,Canada,Retail,Alimentation Couche Tard,Canada-Laval,2026
alain_merieux,Alain Merieux,阿兰·梅里埃,Male,1938.0,France,Healthcare,Bio Merieux,France-Lyon,2026
alain_taravella,Alain Taravella,艾兰·塔拉维拉,Male,,France,Real Estate,Altarea Cogedim,France-Paris,2026
alain_taravella_jacques_nicolet,Alain Taravella & Jacques Nicolet,,,,,Real Estate,Altarea Cogedim   ,,2018
alain_wertheimer,Alain Wertheimer,阿兰·维德摩尔,Male,1948.0,France,Consumer Goods,Chanel,USA-New York,2026
alakh_pandey,Alakh Pandey,Alakh Pandey,Male,1992.0,India,Education & Training,Physics Wallah,India-Allahabad,2026
alan_b_miller,Alan B. Miller,Alan B. Miller,Male,1937.0,United States,Healthcare,Universal Health Services,USA-Lower Merion,2026
alan_g_hassenfeld,Alan G Hassenfeld,Alan G Hassenfeld,Male,1949.0,United States,Consumer Goods,Hasbro,USA,2025
alan_g_rydge,Alan G Rydge,艾伦·里奇,Male,,Australia,Media & Entertainment,Event Hospitality & Entertainment,Australia-Sydney,2026
alan_gerry,Alan Gerry,艾伦·格里,Male,1929.0,United States,Media & Entertainment,Cablevision,USA-New York,2026
alan_howard,Alan Howard,艾伦·霍华德,Male,,Switzerland,Investments,Brevan Howard Asset Management,Switzerland-Geneva,2026
alan_parker,Alan Parker,Alan Parker,Male,1940.0,Switzerland,Retail,DFS,Switzerland-Geneva,2026
alan_sugar,Alan Sugar,艾伦·休格,Male,,United Kingdom,Real Estate,Amshold,UK-Chigwell,2026
alan_trefler,Alan Trefler,艾伦·特弗勒,Male,1956.0,United States,Software & Services,Pegasystems,USA-Brookline,2026
alan_zekelman,Alan Zekelman,Alan Zekelman,Male,1962.0,United States,Industrial Products,Zekelman Industries,USA-Bloomfield Hills,2026
alannah_weston,Alannah Weston,Alannah Weston,Female,1972.0,United Kingdom,Retail,Primark,UK-London,2026
albert_avdolyan,Albert Avdolyan,Albert Avdolyan,Male,1970.0,Russia,Metals & Mining,Elga Coal Deposit,Russia-Moscow,2026
albert_berner,Albert Berner,阿尔伯特·伯纳,Male,,Germany,Industrial Products,Berner Group,Germany-Kuenzelsau,2026
albert_boehringer,Albert Boehringer,Albert Boehringer,Male,1940.0,Germany,Healthcare,Boehringer Ingelheim,Germany-Ingelheim,2026
albert_chao,Albert Chao,赵元德,,,,Chemicals,Westlake,USA-Houston,2026
albert_frere,Albert Frere ,,,,,Investments ,CNP,,2018
albert_nahmad,Albert Nahmad,Albert Nahmad,,,,Retail,Watsco,USA-Coral Gables,2026
albert_shigaboutdinov,Albert Shigaboutdinov,Albert Shigaboutdinov,Male,1953.0,Russia,Chemicals,TAIF Group,Russia-Kazan,2026
albert_yeung,Albert Yeung,杨受成,Male,1944.0,Hong Kong,Real Estate,Emperor,China-Hong Kong,2026
alberto_alcocer,Alberto Alcocer,阿尔贝托·阿尔科塞,Male,,Spain,Financial Services,Banco Zaragozano,Spain-Madrid,2026
alberto_bailleres_gonzalez,Alberto Bailleres Gonzalez,阿尔贝托·巴伊雷斯·冈萨雷斯,Male,1931.0,Mexico,Metals & Mining,Industrias Penoles,,2021
alberto_bailleres_gonzalez_family,Alberto Bailleres Gonzalez family,,Male,1932.0,,Mining,Industrias Penoles,,2013
alberto_bombassei,Alberto Bombassei,阿尔贝托·邦巴塞,Male,1940.0,Italy,Automobile & Auto Components,Brembo,Italy-Bergamo,2026
alberto_chiesi,Alberto Chiesi,阿尔贝托·基西,Male,,Italy,Healthcare,Chiesi Farmaceutici,Italy-Parma,2026
alberto_coppel_luken,Alberto Coppel Luken,Alberto Coppel Luken,,,,Retail,Grupo Coppel,Mexico-Culiacan,2026
alberto_cortina,Alberto Cortina,阿尔贝托·科尔蒂纳,Male,,Spain,Financial Services,Banco Zaragozano,Spain-Madrid,2026
alberto_j_safra,Alberto J. Safra,Alberto J. Safra,Male,1980.0,Brazil,Financial Services,Safra,Brazil-Sao Paulo,2026
alberto_palatchi,Alberto Palatchi,Alberto Palatchi,Male,1950.0,Spain,Consumer Goods,Pronovias,Spain-Madrid,2026
alberto_prada,Alberto Prada,阿尔贝托·普拉达,Male,,Italy,Consumer Goods,Prada,Italy-Milan,2026
alberto_roemmers,Alberto Roemmers,Alberto Roemmers,Male,1927.0,Argentina,Pharmaceuticals,Laboratorios Roemmers,Argentina-Buenos Aires,2022
alberto_siccardi,Alberto Siccardi ,Alberto Siccardi,Male,1945.0,Switzerland,Healthcare,Medacta,Switzerland-Lugano,2026
albrecht_knauf,Albrecht Knauf,Albrecht Knauf,Male,1940.0,Germany,Construction & Engineering,Knauf Gips,Germany-Dortmund,2026
alceu_elias_feldmann,Alceu Elias Feldmann,Alceu Elias Feldmann,Male,1950.0,Brazil,Chemicals,Fertipar,Brazil-Curitiba,2026
aldo_bensadoun,Aldo Bensadoun,奥尔多·本萨杜恩,Male,,Canada,Retail,Aldo Shoes,Canada-Montreal,2026
alec_gores,Alec Gores,亚历克·戈尔斯,Male,,United States,Financial Services,The Gores Group,USA-Beverly Hills,2026
alejandro_bailleres_gual,Alejandro Bailleres gual,Alejandro Bailleres gual,Male,1960.0,Mexico,Financial Services,Grupo Nacional Provincial (Grupo Bal),Mexico-Mexico city,2026
alejandro_bulgheroni,Alejandro Bulgheroni,亚历杭德罗·布尔杰罗尼,Male,,Argentina,Energy,Bridas,Uruguay-Manantiales,2026
alejandro_santo_domingo,Alejandro Santo Domingo,亚历杭德罗·桑托·多明戈,Male,1978.0,United States,Food & Beverages,SABMiller,USA-New York,2026
alejandro_santo_domingo_davila,Alejandro Santo Domingo Davila ,,Male,1978.0,,Food & Beverages,Sab Miller,,2015
ales_zavoral,Ales Zavoral,Ales Zavoral,Male,1976.0,Czech Republic,Retail,Alza,Czech Republic-Prague,2026
alessandra_garavoglia,Alessandra Garavoglia,亚历山德拉·加拉沃里亚,Female,,Italy,Food & Beverages,Gruppo Campari,Italy-Milan,2026
alessandro_rosano,Alessandro Rosano,Alessandro Rosano,,,,Consumer Goods,HeyDude,USA,2025
alex_beard,Alex Beard,亚历克斯·比尔德,Male,,United Kingdom,Metals & Mining,Glencore,UK-London,2026
alex_birkenstock,Alex Birkenstock,Alex Birkenstock,Male,1969.0,Germany,Consumer Goods,Birkenstock,Germany-Tegernsee,2026
alex_c_lo,Alex C. Lo,罗智先,Male,,Taiwan,Food & Beverages,Uni-President,China-Tainan,2026
alex_chesterman,Alex Chesterman,Alex Chesterman,Male,1970.0,United Kingdom,E-Commerce,Cazoo,UK-London,2022
alex_gerko,Alex Gerko,Alex Gerko,Male,1979.0,United Kingdom,Financial Services,XTX Markets,UK-London,2026
alex_shevchenko,Alex Shevchenko,Alex Shevchenko,Male,,Canada,Software & Services,Grammarly,Canada-Vancouver,2026
alexander_abramov,Alexander Abramov,亚历山大·阿布拉莫夫,Male,,Russia,Metals & Mining,Evraz,Russia-Moscow,2026
alexander_dzhaparidze,Alexander Dzhaparidze,亚历山大·扎帕里兹,Male,,Russia,Energy,Eurasia Drilling,,2021
alexander_frolov,Alexander Frolov,亚历山大·弗洛洛夫,Male,1964.0,Russia,Metals & Mining,Evraz,Russia-Moscow,2026
alexander_isaev,Alexander Isaev,Alexander Isaev,Male,1975.0,Russia,Metals & Mining,Elga Coal Deposit,Russia-Moscow,2026
alexander_karp,Alexander Karp,亚历山大·卡普,Male,,United States,Software & Services,Palantir Technologies,USA-Palo Alto,2026
alexander_klyachin,Alexander Klyachin,Alexander Klyachin,Male,1968.0,Russia,Hospitality,Azimut,Russia,2025
alexander_lebedev,Alexander Lebedev,,,,,Investments,Aeroflot,,2018
alexander_linnik,Alexander Linnik,Alexander Linnik,Male,1967.0,Russia,Food & Beverages,Miratorg,Russia-Moscow,2026
alexander_lutsenko,Alexander Lutsenko,Alexander Lutsenko,Male,1962.0,Russia,Food & Beverages,Sodrugestvo Group,Russia-Kaliningrad,2026
alexander_machkevitch,Alexander Machkevitch,亚历山大·麦科维奇,Male,1953.0,Kazakhstan,Metals & Mining,Eurasian Resources,Luxembourg,2025
alexander_mamut,Alexander Mamut,亚历山大·马姆特,Male,1960.0,Russia,Investments,A&NN Capital Fund Management,Israel-Tel Aviv,2026
alexander_mikhalskiy,Alexander Mikhalskiy,Alexander Mikhalskiy,,,,Retail,Sportmaster,Switzerland-Solothurn,2026
alexander_nesis,Alexander Nesis,亚历山大·尼西斯,Male,,Russia,Metals & Mining,Polymetal,Russia-Moscow,2022
alexander_otto,Alexander Otto,Alexander Otto,Male,1968.0,Germany,Retail,Otto,Germany-Hamburg,2026
alexander_ponomarenko,Alexander Ponomarenko,亚历山大·波诺马连科,Male,,Russia,Aerospace & Defence,TPS Group Holding,Russia-Moscow,2026
alexander_putilov,Alexander Putilov,Alexander Putilov,Male,1952.0,Russia,Energy,Eurasia Drilling,,2021
alexander_ramlie,Alexander Ramlie,Alexander Ramlie,Male,1972.0,Indonesia,Metals & Mining,Amman Mineral International,Indonesia-Jakarta,2026
alexander_rinke,Alexander Rinke,Alexander Rinke,,,,Software & Services,Celonis,Germany-Munich,2026
alexander_rovt,Alexander Rovt,亚历山大·罗夫特,Male,,United States,Real Estate,IBE Trade,USA-New York,2026
alexander_samwer,Alexander Samwer,亚历山大·桑维尔,Male,,Germany,Investments,Rocket Internet,Germany-Munich,2026
alexander_savelyev,Alexander Savelyev,Alexander Savelyev,Male,1954.0,Russia,Financial Services,Bank of Saint Petersburg,Russia-St. Petersburg,2026
alexander_skorobogatko,Alexander Skorobogatko,亚历山大·斯科罗博加特科,Male,1967.0,Russia,Aerospace & Defence,TPS Group Holding,Russia-Moscow,2026
alexander_spanos,Alexander Spanos & Family,,,,,Sports,San Diego Chargers,,2018
alexander_svetakov,Alexander Svetakov,亚历山大·斯维塔科夫,Male,1968.0,Russia,Real Estate,Absolut,Russia-Moscow,2026
alexander_tedja,Alexander Tedja,亚历山大·泰杰,Male,1945.0,Indonesia,Real Estate,Pakuwon Jati,Indonesia,2025
alexandr_wang,Alexandr Wang,Alexandr Wang,,,,Artificial Intelligence,Scale AI,USA-San Francisco,2026
alexandra_andresen,Alexandra Andresen,亚历山德拉·安德烈森,Female,,Norway,Investments,Ferd,Norway-Oslo,2026
alexandra_daitch,Alexandra Daitch,亚历山德拉·达奇,Female,,United States,Agriculture,Cargill,USA-Old Lyme,2026
alexandra_schorghuber,Alexandra Schorghuber,亚历山德拉·肖尔祖伯,Female,1958.0,Germany,Construction & Engineering,Schoerghuber Unternehmensgruppe,Germany-Munich,2026
alexandre_behring,Alexandre Behring,Alexandre Behring,Male,1967.0,Brazil,Investments,3G Capital,Brazil-Sao Paulo,2026
alexandre_grendene_bartelle,Alexandre Grendene Bartelle,亚历山大·格伦德内·巴特勒,Male,,Brazil,Consumer Goods,Grendene,Brazil-Porto Alegre,2026
alexandre_ricard,Alexandre Ricard & Family,,,,,Food & Beverages,Pernard Ricard,,2018
alexandre_van_damme,Alexandre van Damme,Alexandre van Damme,Male,1962.0,Switzerland,Food & Beverages,Anheuser-Busch InBev,Switzerland-Chéserex,2026
alexei_ananyev,Alexei Ananyev,,,,,Banking,Synterra ,,2018
alexei_kuzmichev,Alexei Kuzmichev,阿列克谢·库兹米切夫,Male,1962.0,United Kingdom,Energy,Alfa Group,France-Paris,2026
alexey_mordashov,Alexey Mordashov,阿列克谢·莫尔达索夫,Male,1965.0,Russia,Metals & Mining,Severstal,Russia-Moscow,2026
alexey_repik,Alexey Repik,Alexey Repik,Male,1980.0,Russia,Healthcare,R-Pharm,Russia-Moscow,2026
alexis_le_quoc,Alexis Lê-Quôc,Alexis Lê-Quôc,Male,1975.0,United States,Software & Services,Datadog,USA-New York,2026
alfanso_dolce,Alfanso Dolce,Alfanso Dolce,Male,1965.0,Italy,Consumer Goods,Dolce & Gabbana,Italy-Milan,2026
alfred_gantner,Alfred Gantner,阿尔弗雷德·甘特纳,Male,,Switzerland,Financial Services,Partners Group,Switzerland-Zug,2026
alfred_oetker,Alfred Oetker,阿尔弗雷德·欧特克,Male,,Germany,Food & Beverages,Dr. Oetker,Germany-Bielefeld,2026
alfred_west_jr,Alfred West Jr,Alfred West Jr,Male,1943.0,United States,Financial Services,SEI,USA-Paoli,2026
alfredo_egydio_arruda_villela_filho,Alfredo Egydio Arruda Villela Filho,阿尔弗雷多·艾吉迪奥·阿鲁达·维莱拉·菲尔霍,Male,,Brazil,Financial Services,Itau Unibanco,Brazil-Sao Paulo,2026
alfredo_harp_helu,Alfredo Harp Helu,阿尔弗雷多·哈普·赫鲁,Male,,Mexico,Financial Services,Banamex,Mexico-Mexico City,2026
ali_erdemoglu,Ali Erdemoglu,Ali Erdemoglu,Male,1962.0,Turkey,Chemicals,SASA Polyester,Turkey-Istanbul,2026
ali_ghodsi,Ali Ghodsi,Ali Ghodsi,Male,1979.0,United States,Software & Services,Databricks,USA-Berkeley,2026
ali_ibrahim_agaoglu,Ali Ibrahim Agaoglu,阿里·易卜拉欣·阿加格鲁,Male,,Turkey,Construction,Agaoglu,,2019
ali_metin_kazanci,Ali Metin Kazanci,阿里•卡赞西,,,,Energy,Kazancı Holding,Turkey,2025
ali_parsadoust,Ali Parsadoust,Ali Parsadoust,Male,1965.0,United Kingdom,Healthcare,Babylon Health,UK-London,2022
ali_wakrim,Ali Wakrim & Family,,,,,Energy,Akwa Group,,2018
alice_n_schwartz,Alice N Schwartz,Alice N Schwartz,Female,1927.0,United States,Healthcare,Bio-Rad Laboratories,USA,2025
alice_walton,Alice Walton,爱丽丝·沃尔顿,Female,1949.0,United States,Retail,Walmart,USA-Fort Worth,2026
alicia_fentener_van_vlissingen,Alicia Fentener Van Vlissingen,艾丽西娅·芬太纳·范·弗利辛,Female,,Netherlands,Energy,SHV Holdings,,2020
alicia_koplowitz,Alicia Koplowitz,艾丽西亚·科普洛维茨,Female,1954.0,Spain,Financial Services,Omega Capital,Spain-Madrid,2026
alicia_tannetta_fentener_van_vlissingen,Alicia & Tannetta Fentener van Vlissingen,,,,,Energy,Shv Holdings,,2017
alijan_ibragimov,Alijan Ibragimov,阿利扬·伊布拉吉莫夫,Male,1953.0,Kazakhstan,Metals & Mining,Eurasian Resources,,2021
aliko_dangote,Aliko Dangote,阿里科·丹格特,Male,1957.0,Nigeria,Construction & Engineering,Dangote Cement,Nigeria-Lagos,2026
alisher_usmanov,Alisher Usmanov,阿利舍尔·乌斯马诺夫,Male,1953.0,Switzerland,Telecommunications,Megafon,Uzbekistan-Tashkent,2026
alistair_barclay,Alistair Barclay,Alistair Barclay,Male,1989.0,United Kingdom,Retail,The Very Group,UK-London,2023
alla_ayodhya_rami_reddy,Alla Ayodhya Rami Reddy,Alla Ayodhya Rami Reddy,Male,1964.0,India,Services,Ramky Group,India-Hyderabad,2026
allan_goldman,Allan Goldman,Allan Goldman,Male,1944.0,United States,Real Estate,Solil Management,,2021
allan_gray,Allan Gray,,,,,Investments,Allan Gray,,2018
allan_warburg,Allan Warburg,艾伦·沃伯格,Male,,United States,Apparel & Accessories,Bestseller China,China-Hong Kong,2022
allan_wong,Allan Wong,黄子欣,Male,,Hong Kong,Consumer Goods,VTECH,China-Hong Kong,2026
allen_hong_shui_shu,Allen Hong Shui-Shu,洪水树,Male,,Taiwan,Industrial Products,Catcher Technology,China-Tainan,2026
aloke_lohia,Aloke Lohia,阿洛克·洛希亚,Male,1958.0,Thailand,Chemicals,Indorama Ventures,Thailand-Bangkok,2026
aloys_wobben,Aloys Wobben,阿洛伊斯·沃本,Male,1952.0,Germany,Equipments,Enercon,,2021
aloysio_de_andrade_faria,Aloysio De Andrade Faria,阿洛伊西奥·德·安德拉德·法里亚,Male,1920.0,Brazil,Banking,Banco Alfa,,2020
alpana_sanjay_dangi,Alpana Sanjay Dangi,Alpana Sanjay Dangi,Male,,India,Financial Services,Authum Investment & Infrastructure,India-Mumbai,2026
alvaro_saieh_bendeck,Alvaro Saieh Bendeck,阿尔瓦罗·赛厄·本德克,Male,,Chile,Financial Services,Itau CorpBanca,Chile-Santiago,2023
alwaleed_bin_talal_alsaud,Alwaleed Bin Talal Alsaud,阿尔瓦利德·本·塔拉勒·阿苏德,Male,1955.0,Saudi Arabia,Investments,Kingdom Holding,Saudi Arabia-Riyadh,2026
alwin_lehner,Alwin Lehner & Family,,,,,Packaging,Alpla,,2018
aman_narang,Aman Narang,Aman Narang,Male,1983.0,United States,Financial Services,Toast,USA-Cambridge,2026
aman_sanger,Aman Sanger,Aman Sanger,Male,2000.0,United States,Artificial Intelligence,Anysphere,USA-San Francisco,2026
amancio_ortega,Amancio Ortega,阿曼西奥·奥特加,Male,1936.0,Spain,Consumer Goods,Inditex,Spain-La Coruna,2026
amancio_ortega_brothers,Amancio Ortega brothers,,Male,1937.0,,Single Brand Retailing,Inditex,,2016
amanda_westphal_radcliffe,Amanda Westphal Radcliffe,Amanda Westphal Radcliffe,Female,1967.0,United States,Software & Services,Vertex,USA-Malvern,2026
amar_a_vakil,Amar A Vakil,阿玛·瓦基尔,Male,1951.0,India,Chemicals,Asian Paints,India-Mumbai,2024
americo_amorim,Americo Amorim,,,,,Investments,Galp Energia,,2017
ami_luttwak,Ami Luttwak,Ami Luttwak,,,,Software & Services,Wiz,Israel-Tel Aviv,2026
amit_agarwal,Amit Agarwal,Amit Agarwal,Male,1975.0,United States,Cloud Solutions,Datadog,USA-New York,2022
amit_burman,Amit Burman,阿米特·布尔曼,Male,,India,Consumer Goods,Dabur India,India-New Delhi,2026
amit_indubhushan_bakshi,Amit Indubhushan Bakshi,阿米特·印度胡山·巴克希,Male,,India,Healthcare,Eris Lifesciences,India-Ahmedabad,2026
amnon_shashua,Amnon Shashua,安农·沙舒亚,Male,1960.0,Israel,Artificial Intelligence,Mobileye,Israel-Kfar Shmaryahu,2026
amos_hostetter,Amos Hostetter,阿莫斯·霍斯泰特,Male,1937.0,United States,Telecommunications,AT&T,USA-Boston,2026
amy_adams_strunk,Amy Adams Strunk,Amy Adams Strunk,Male,,United States,Media & Entertainment,Tennessee Titans,USA-Nashville,2026
amy_goldman_fowler,Amy Goldman Fowler,Amy Goldman Fowler,Female,1955.0,United States,Real Estate,Solil Management,USA-New York,2026
amy_wyss,Amy Wyss,艾米·怀斯,Female,,United States,Healthcare,Synthes,USA-Wilson,2026
an_kang,An Kang,安康,Male,1949.0,China,Healthcare,Hualan Biological Engineering,China-Xinxiang,2026
an_sumei,An Sumei,安素梅,Female,1965.0,China,Metals & Mining,Zhongxing,China-Tianjin,2026
an_xu,An Xu,安旭,Male,1963.0,China,Packaging,SLAC,China-Suzhou,2022
an_zhifu,An Zhifu,安治富,Male,1946.0,China,Automobile & Auto Components,Fulin,China-Mianyang,2026
ana_lucia_de_mattos_barretto_villela,Ana Lucia De Mattos Barretto Villela,安娜·卢西亚·德·马托斯·巴雷托·维拉,Female,,Brazil,Financial Services,Itau Unibanco,Brazil-Sao Paulo,2026
ana_maria_brescia_cafferata,Ana Maria Brescia Cafferata,安娜·玛丽亚·布雷西亚·卡费拉塔,Female,,Peru,Retail,Grupo Breca,Peru-Lima,2026
ana_maria_marcondes_penido_sant_anna,Ana Maria Marcondes Penido Sant'Anna,Ana Maria Marcondes Penido Sant'Anna,Female,1958.0,Brazil,Construction,CCR Group,,2020
analjit_singh,Analjit Singh,Analjit Singh,Male,1954.0,India,Financial Services,Max Group,India-New Delhi,2026
anand_burman,Anand Burman,阿南德·布尔曼,Male,,India,Consumer Goods,Dabur India,India-New Delhi,2026
anand_mahindra,Anand Mahindra,阿南德·马辛德拉,Male,1955.0,India,Automobile & Auto Components,Mahindra & Mahindra,India-Mumbai,2026
anand_surana,Anand Surana,阿南德·苏拉纳,Male,,India,Healthcare,Micro Labs,India-Bengaluru,2026
anand_suresh_deshpande,Anand Suresh Deshpande,Anand Suresh Deshpande,Male,1962.0,India,Software & Services,Persistent Systems,India-Pune,2026
ananda_krishnan,Ananda Krishnan,阿南达·克里希南,Male,1938.0,Malaysia,Telecommunications,Maxis Communications,Malaysia-Kuala Lumpur,2024
anant_asavabhokhin,Anant Asavabhokhin,Anant Asavabhokhin,Male,1951.0,Thailand,Real Estate,Land & Houses,Thailand-Bangkok,2024
anant_asavabhokin,Anant Asavabhokin,阿南特·阿萨瓦博金,Male,1950.0,Thailand,Construction,Land & Houses ,,2021
ananthapadmanabhan_govindarajulu_rajendran,Ananthapadmanabhan Govindarajulu Rajendran,阿南斯帕德马纳汉·戈文达朱鲁·拉杰德兰,Male,,India,Consumer Goods,GRT Jewellers,India-Chennai,2026
anas_sefrioui,Anas Sefrioui,Anas Sefrioui,,,,Real Estate,Groupe Addoha,Morocco-Casablanca,2026
anatoly_lomakin,Anatoly Lomakin,安纳托利·洛马金,Male,1952.0,Russia,Investments,Investments,Russia-Moscow,2026
anatoly_sedykh,Anatoly Sedykh,Anatoly Sedykh,Male,1964.0,Russia,Industrial Products,OMK,Russia-Moscow,2026
anders_holch_povlsen,Anders Holch Povlsen,安德斯·霍尔奇·波夫森,Male,,Denmark,Retail,Bestseller,Denmark-Aarhus,2026
anders_soren_westermann,Anders & Soren Westermann,,,,,Medical Equipments,Widex,,2018
anders_westermann,Anders Westermann,安德斯·韦斯特曼,Female,,Denmark,Medical Equipment,Widex,,2020
andre_desmarais,Andre Desmarais,Andre Desmarais,Male,1956.0,Canada,Energy,Power Corporation of Canada,Canada-Quebec,2026
andre_esteves,Andre Esteves,安德烈·埃斯特维斯,Male,,United Kingdom,Financial Services,BTG Pactual,Brazil-Sao Paulo,2026
andre_hoffman,Andre Hoffman,,,,,Pharmaceuticals,Roche,,2018
andre_hoffmann,Andre Hoffmann,安德烈·霍夫曼,Male,1958.0,Switzerland,Healthcare,Roche,Switzerland-Basel,2026
andre_kasprzak,André Kasprzak,André Kasprzak,Male,1989.0,Denmark,Apparel & Accessories,Ecco,,2021
andre_koo_chung_li,Andre Koo Chung-Li,辜仲立,Male,1967.0,Taiwan,Financial Services,CTBC,China-Taipei,2026
andrea_camerana,Andrea Camerana,Andrea Camerana,Male,1969.0,Italy,Consumer Goods,Armani Group,Italy-Milan,2026
andrea_della_valle,Andrea Della Valle,安德里亚·德拉·瓦勒,Male,,Italy,Consumer Goods,Tod's,Italy-Casette D'ete,2026
andrea_depkat,Andrea Depkat,Andrea Depkat,Male,,Germany,Food & Beverages,Haribo,Germany-Bonn,2026
andrea_pignataro,Andrea Pignataro,Andrea Pignatarro,Male,1970.0,Switzerland,Financial Services,ION Group,Switzerland-St. Moritz,2026
andrea_reimann_ciardelli,Andrea Reimann-Ciardelli,安德里亚·赖曼·贾尔代利,Female,,United States,Consumer Goods,Coty,USA-Hanover,2026
andreas_e_rihs,Andreas E.Rihs & Family,,,,,Hearing aid,Sonova ,,2018
andreas_halvorsen,Andreas Halvorsen,安德烈亚斯·霍尔沃森,Male,,United States,Financial Services,Viking Global,USA-Darien,2026
andreas_huber,Andreas Huber,Andreas Huber,Male,,Germany,Investment Management,EQT,Germany-Munich,2022
andreas_martinoss,Andreas Martinoss,Andreas Martinoss,,,,Transportation & Logistics,Minerva Marine,Greece-Athens,2026
andreas_oeri,Andreas Oeri,安德烈亚斯·奥里,Male,1949.0,Switzerland,Healthcare,Roche,Switzerland-Basel,2026
andreas_pohl,Andreas Pohl,Andreas Pohl,Male,1965.0,Germany,Financial Services,DVAG,Germany-Marburg,2026
andreas_santo_domingo,Andreas Santo Domingo,安德烈亚斯·桑托·多明戈,Male,1978.0,United States,Food & Beverages,SABMiller,USA-New York,2026
andreas_struengmann,Andreas Struengmann,Andreas Struengmann,,,,Healthcare,BioNTech,Germany-Tegernsee,2026
andreas_strungmann,Andreas Strungmann,安德烈亚斯·斯特朗曼,Male,,Germany,Healthcare,BioNTech,Germany-Tegernsee,2024
andrei_bokarev,Andrei Bokarev,安德烈·博卡列夫,Male,,Russia,Industrial Products,Transmash Holdings,Russia-Moscow,2026
andrei_filatov,Andrei Filatov,Andrei Filatov,Male,1972.0,Russia,Investments,Globaltrans,Russia-Moscow,2026
andrei_guriev,Andrei Guriev,,,,,Chemicals & Petrochemicals,Phosagro,,2018
andrei_guryev,Andrei Guryev,安德烈·古里耶夫,Male,1960.0,Russia,Chemicals,PhosAgro,Russia-Moscow,2026
andrei_kosogov,Andrei Kosogov,安德烈·科索夫,Male,1961.0,Russia,Energy,Alfa Group,Russia-Moscow,2026
andrei_kozitsyn,Andrei Kozitsyn,安德烈·科齐辛,Male,1960.0,Russia,Metals & Mining,Ural Mining Metallurgical Company (UMMC),Russia-Verkhniaya Pyshma,2026
andrei_krivenko,Andrei Krivenko,Andrei Krivenko,Male,1975.0,Russia,Retail,VkussVill,Russia-Moscow,2026
andrei_molchanov,Andrei Molchanov,Andrei Molchanov,Male,1971.0,Russia,Construction & Engineering,LSR,Russia-Moscow,2026
andrei_rappoport,Andrei Rappoport,Andrei Rappoport,Male,1964.0,Russia,Services,Georgian Global Utilities,Switzerland-Lugano,2026
andrei_skoch,Andrei Skoch,安德烈·斯科赫,Male,1966.0,Russia,Metals & Mining,Metalloinvest,Russia-Moscow,2026
andrej_babis,Andrej Babis,安德烈·巴比斯,Male,1954.0,Czech Republic,Chemicals,Agrofert,Czech Republic-Prague,2026
andres_bzurovski_bay,Andres Bzurovski Bay,Andres Bzurovski Bay,Male,1977.0,Uruguay,Financial Services,dLocal,Uruguay-Montevideo,2024
andrew,Andrew,程正昌,Male,,United States,Food & Beverages,Panda Express,USA-Henderson,2026
andrew_beal,Andrew Beal,安德鲁·比尔,Male,1952.0,United States,Financial Services,Beal Bank,USA-Dallas,2026
andrew_bialecki,Andrew Bialecki,Andrew Bialecki,,,,Software & Services,Klaviyo,USA-Boston,2026
andrew_brode,Andrew Brode,Andrew Brode,Male,1940.0,United Kingdom,Professional Services,RWS Holdings ,UK-Chalfont St Peter,2022
andrew_buckeridge,Andrew Buckeridge,,,,,Construction,Buckeridge Group,,2017
andrew_currie,Andrew Currie,安德鲁·柯里,Male,,Switzerland,Chemicals,Ineos,UK-London,2026
andrew_forrest,Andrew Forrest,安德鲁·弗里斯特,Male,,Australia,Metals & Mining,Fortescue Metals,Australia-Perth,2026
andrew_karam,Andrew Karam,Andrew Karam,Male,1979.0,United States,Artificial Intelligence,AppLovin,USA-Menlo,2026
andrew_lloyd_webber,Andrew Lloyd Webber,Andrew Lloyd Webber,Male,1949.0,United Kingdom,Media & Entertainment,Music,UK-London,2026
andrew_mills,Andrew Mills,Andrew Mills,Male,1961.0,United States,Healthcare,Medline,USA-Highland Park,2026
andrew_peggy_cherng,Andrew & Peggy Cherng ,,,,,Hospitality,Chain Panda,,2018
andrew_tan,Andrew Tan,吴聪满,Male,,Philippines,Food & Beverages,Alliance Global Group,Philippines-Manila,2026
andrew_taylor,Andrew Taylor,安德鲁·泰勒,Male,,United States,Transportation & Logistics,Enterprise Mobility,USA-St. Louis,2026
andrew_tisch,Andrew Tisch,Andrew Tisch,,,,Financial Services,Loews,USA-New York,2026
andrew_w_houston,Andrew W. Houston,安德鲁·豪斯顿,Male,1983.0,United States,Software & Services,Dropbox,USA-San Francisco,2026
andrey_andreev,Andrey Andreev,Andrey Andreev,Male,1974.0,United Kingdom,Software & Services,Bumble,UK-London,2026
andrey_melnichenko,Andrey Melnichenko,安德烈·梅尔尼琴科,Male,1972.0,Russia,Chemicals,EuroChem,UAE-Ras Al Khaimah,2026
andriy_verevskyi,Andriy Verevskyi,Andriy Verevskyi,Male,1974.0,Ukraine,Agriculture,Kernel Holding,Ukraine-Kiev,2026
andy_brown,Andy Brown,Andy Brown,Male,1957.0,United Kingdom,Investment Management,Cedar Rock Capital,UK-London,2022
andy_fang,Andy Fang,Andy Fang,Male,1993.0,United States,Transportation & Logistics,DoorDash,USA-Palo Alto,2026
andy_konwinski,Andy Konwinski,Andy Konwinski,Male,1983.0,United States,Artificial Intelligence,Perplexity,USA-Wisconsin,2026
andy_von_bechtolsheim,Andy Von Bechtolsheim,安迪·冯·贝克托尔斯海姆,Male,1955.0,United States,Software & Services,Arista Networks,USA-Palo Alto,2026
aneel_bhusri,Aneel Bhusri,Aneel Bhusri,Male,1966.0,United States,Software & Services,Workday,USA-San Francisco,2026
angel_losada_moreno,Ángel Losada Moreno,恩格尔·洛萨达·莫雷诺,Male,,Mexico,Retail,Grupo Gigante,,2019
angela_bennett,Angela Bennett,安吉拉·贝内特,Female,,Australia,Metals & Mining,Wright Prospecting,Australia-Perth,2026
angela_leong_on_ki,Angela Leong on-ki,梁安琪,Female,,Hong Kong,Hospitality,SJM Holdings,China-Hong Kong,2026
angelita_po,Angelita Po,Angelita Po,Female,,Philippines,Food & Beverages,Century Pacific,Philippines-Manila,2026
anil_agarwal,Anil Agarwal,阿尼尔·阿加瓦尔,Male,1954.0,United Kingdom,Metals & Mining,Vedanta Resources,UK-London,2026
anil_ambani,Anil Ambani,阿尼尔·安巴尼,Male,,India,Conglomerate,ADA Reliance,,2019
anil_gupta,Anil Gupta,Anil Gupta,Male,,India,Industrial Products,KEI Industries,India-New Delhi,2026
anil_rai_gupta,Anil Rai Gupta,阿尼尔·赖·古普塔,Male,,India,Industrial Products,Havells India,India-New Delhi,2026
anita_zucker,Anita Zucker,安妮塔·祖克,Female,1962.0,United States,Chemicals,InterTech,USA-Charleston,2026
ankur_jain,Ankur Jain,Ankur Jain,,,,Financial Services,Bilt Rewards,USA-New York,2026
ann_walton_kroenke,Ann Walton Kroenke,安·沃尔顿·克伦克,Female,1948.0,United States,Retail,Walmart,USA-Columbia,2026
anna_angelicoussis,Anna Angelicoussis,Anna Angelicoussis,Female,1955.0,Greece,Transportation & Logistics,Anna Angelicoussis Group,Greece-Athens,2026
anna_kasprzak,Anna Kasprzak,Anna Kasprzak,Female,1990.0,Denmark,Apparel & Accessories,Ecco,,2021
anna_maria_braun,Anna Maria Braun,安娜·玛丽亚·布劳恩,Female,,Germany,Healthcare,B. Braun,Germany-Melsungen,2026
anna_murdoch,Anna Murdoch,安娜·默多克,Female,,United States,Investments,Investments,USA-New York,2026
anna_viegener,Anna Viegener,Anna Viegener,Female,1990.0,Germany,Industrial Products,Viega Group,Germany-Attendorn,2026
annalisa_doris,Annalisa Doris,Annalisa Doris,Female,1970.0,Italy,Financial Services,Banca Mediolanum,Italy-Segrate,2026
anne_beaufour,Anne Beaufour,安妮·波弗,Female,1963.0,Switzerland,Healthcare,Ipsen,UK-London,2026
anne_cox_chambers,Anne Cox Chambers ,,Female,1920.0,,Media,Cox Enterprise,,2016
anne_gittinger,Anne Gittinger,,,,,Multi Brand Retailing,Nordstrom,,2017
anne_graff,Anne Graff,安妮·格拉夫,Female,,United Kingdom,Retail,Graff Diamonds,UK-London,2026
anne_werninghaus,Anne Werninghaus,Anne Werninghaus,Female,1985.0,Brazil,Industrial Products,WEG,Brazil-Joinville,2026
anneliese_roth,Anneliese Roth,Anneliese Roth,Female,,Germany,Retail,Norma,Germany-Fürth,2024
annette_lerner,Annette Lerner,Annette Lerner,Male,,United States,Real Estate,Lerner Enterprises,USA-Chevy Chase,2026
anthoni_salim,Anthoni Salim,林逢生,Male,1949.0,Indonesia,Investments,Salim Group,Indonesia-Jakarta,2026
anthony_bamford,Anthony Bamford,安东尼·巴福特,Male,1945.0,United Kingdom,Industrial Products,JCB,UK-Gloucestershire,2026
anthony_casalena,Anthony Casalena,Anthony Casalena,Male,1982.0,United States,Software & Services,Squarespace,USA-Palo Alto,2026
anthony_christopher_gallagher,Anthony Christopher Gallagher,安东尼·克里斯托弗·加拉格尔,Male,,United Kingdom,Real Estate,Gallagher Estates,UK-Chipping Norton,2026
anthony_eisen,Anthony Eisen,Anthony Eisen,Male,1991.0,Australia,Financial Services,Afterpay,Australia-Melbourne,2026
anthony_hall,Anthony Hall,Anthony Hall,Male,,Australia,Healthcare,Pro Medicus,Australia-Melbourne,2026
anthony_langley,Anthony Langley,安东尼·兰利,Male,,United Kingdom,Industrial Products,Langley Holdings,UK-Nottinghamshire,2026
anthony_pratt,Anthony Pratt,安东尼·普拉特,Male,1960.0,Australia,Paper & Forest Products,Visy Industries,Australia-Melbourne,2026
anthony_pritzker,Anthony Pritzker,安东尼·普里兹克,Male,1961.0,United States,Hospitality,Hyatt,USA-Los Angeles,2026
anthony_von_mandl,Anthony von Mandl,Anthony von Mandl,,,,Food & Beverages,Mark Anthony Brands,Canada-Vancouver,2026
anthony_wood,Anthony Wood,Anthony Wood,Male,1966.0,United States,Consumer Goods,Roku,USA-Palo Alto,2026
antoine_fievet,Antoine Fiévet,安托万·菲埃维,Male,,France,Food & Beverages,Bel Group,France-Paris,2026
anton_fedun,Anton Fedun,Anton Fedun,Male,1985.0,United Kingdom,Energy,Lukoil,UK-London,2026
anton_kathrein_jr,Anton Kathrein Jr,小安东·凯瑟琳,Male,,Germany,TMT,Kathrein - Werke,,2019
anton_osika,Anton Osika,Anton Osika,Male,1990.0,Ukraine,Artificial Intelligence,Lovable,Ukraine-Kiev,2026
anton_rabie,Anton Rabie,安东·拉比,Male,,Canada,Entertainment,Spin Master,,2019
antonia_ax_son_johnson,Antonia Ax:Son Johnson,安东尼娅·约翰逊,Female,1943.0,Sweden,Investments,Axel Johnson,Sweden-Stockholm,2026
antonio_del_valle_ruiz,Antonio Del Valle Ruiz,安东尼奥·戴尔·瓦莱·鲁伊斯,Male,,Mexico,Chemicals,Orbia,Mexico-Mexico City,2026
antonio_dell_valle_ruiz,Antonio Dell Valle Ruiz,,,,,Chemicals & Petrochemicals,Mexichem,,2017
antonio_ermirio_de_moraes_family,Antonio Ermirio de Moraes family,,Male,1929.0,,Energy,Votorantim Participacoes,,2014
antonio_gallardo_ballart,Antonio Gallardo Ballart,Antonio Gallardo Ballart,Male,1937.0,Spain,Pharmaceuticals,Almirall,Spain-Barcelona,2022
antonio_gracias,Antonio Gracias,Antonio Gracias,,,,Investments,Valor Equity Partners,USA-Chicago,2026
antonio_luiz_seabra,Antonio Luiz Seabra,Antonio Luiz Seabra,Male,1943.0,United Kingdom,Consumer Goods,Natura & Co,Brazil,2025
antonio_marcegaglia,Antonio Marcegaglia,Antonio Marcegaglia,Male,1963.0,Italy,Metals & Mining,Marcegaglia,Italy-Mantua,2026
antonio_percassi,Antonio Percassi,Antonio Percassi,Male,1953.0,Italy,Retail,Kiko Milano,Italy-Bergamo,2026
antony_ressler,Antony Ressler,安东尼·雷斯勒,Male,,United States,Financial Services,Ares Management,USA-Los Angeles,2026
antti_aarnio_wihuri,Antti Aarnio-Wihuri,Antti Aarnio-Wihuri,Male,1941.0,Finland,Containers & Packaging,Wihuri Group,Finland-Helsinki,2026
antti_herlin,Antti Herlin,安蒂·赫林,Male,1956.0,Finland,Industrial Products,KONE,Finland-Kirkkonummi,2026
anu_aga,Anu Aga,阿努·阿加,Female,,India,Industrial Products,Thermax,India-Pune,2026
anurang_jain,Anurang Jain,阿努朗·贾恩,Male,,India,Automobile & Auto Components,Endurance Technologies,India-Aurangabad,2026
anwar_pervaiz,Anwar Pervaiz,安瓦尔·佩尔瓦兹,Male,,United Kingdom,Retail,Bestway,UK-London,2026
ao_xiaoqiang,Ao Xiaoqiang,,,,,Manufacturing,SDL Technology ,,2017
apichet_srivaddhanaprabha,Apichet Srivaddhanaprabha,阿皮切特·斯里瓦达哈纳普拉巴,Male,,Thailand,Retail,King Power,Thailand-Bangkok,2026
apoorva_mehta,Apoorva Mehta,Apoorva Mehta,Male,1987.0,United States,Transportation & Logistics,Instacart,USA-San Francisco,2026
april_goh,April Goh,April Goh,Female,1990.0,Singapore,Construction & Engineering,Nippon Paints,Singapore-Singapore,2026
aras_agalarov,Aras Agalarov,阿拉斯·阿加拉罗夫,Male,1955.0,Russia,Real Estate,Crocus,Russia-Moscow,2026
arash_ferdowsi,Arash Ferdowsi,Arash Ferdowsi,Male,1986.0,United States,Software & Services,Dropbox,USA,2025
aravind_melligeri,Aravind Melligeri,Aravind Melligeri,Male,1968.0,United States,Software & Services,Quest Global,USA-Woodland,2024
aravind_srinivas,Aravind Srinivas,Aravind Srinivas,Male,1994.0,United States,Artificial Intelligence,Perplexity,USA-New York,2026
archbold_d_van_beuren,Archbold D. van Beuren & family,,,,,Foof and Bevarage,Campbell Soup,,2017
archie_aldis_emerson,Archie Aldis Emerson,阿奇·阿尔迪斯·爱默生,Male,1929.0,United States,Paper & Forest Products,Sierra Pacific Industries,USA-Redding,2026
archie_hwang,Archie Hwang,黄民奇,Male,1952.0,Taiwan,Semiconductors,HermesEpitek,China-Taipei,2026
ariane_prette,Ariane Prette,阿丽亚娜·普雷特,Female,,Monaco,Jewellery,APM Monaco,,2019
arif_chowdhury,Arif Chowdhury,阿里夫·乔杜里,Male,1980.0,,Consumer Durables,Transsion,Guangdong-Shenzhen,2021
aristotelis_mistakidis,Aristotelis Mistakidis,Aristotelis Mistakidis,Male,1963.0,Switzerland,Metals & Mining,Glencore,Switzerland-Zug,2026
arjun_menda,Arjun Menda,Arjun Menda,Male,,India,Real Estate,RMZ,India-Bengaluru,2024
arkady_rotenberg,Arkady Rotenberg,阿卡迪·罗滕贝格,Male,1951.0,Russia,Construction & Engineering,SGM,Russia-Moscow,2026
arkady_volozh,Arkady Volozh,阿卡迪·沃洛兹,Male,,Russia,Software & Services,Yandex,Israel-Tel Aviv,2026
armon_dadgar,Armon Dadgar,Armon Dadgar,Male,1991.0,United States,Cloud Solutions,Hashicorp,USA-Seattle,2022
arne_alexander_wilhelmsen,Arne Alexander Wilhelmsen,Arne Alexander Wilhelmsen,Male,,Norway,Hospitality,Royal Carribean Cruises,Switzerland-Verbier,2026
arne_wilhelmsen,Arne Wilhelmsen,阿尔恩·威廉森,Male,1929.0,Norway,Hospitality,Royal Caribbean Cruises & Linstow ,,2020
arnold_schwarzenegger,Arnold Schwarzenegger,Arnold Schwarzenegger,Male,1947.0,United States,Media & Entertainment,Actor,USA-Los Angeles,2026
arnon_milchan,Arnon Milchan,阿农·米尔尚,Male,1944.0,Israel,Media & Entertainment,Regency Enterprises,Israel-Tel Aviv,2026
arnout_schuijff,Arnout Schuijff,Arnout Schuijff,Male,1968.0,Netherlands,Financial Services,Adyen,Netherlands-Amsterdam,2026
aroonroong_srivaddhanaprabha,Aroonroong Srivaddhanaprabha,阿隆鲁恩·斯里瓦达·汉巴拉,Female,,Thailand,Multi-Brand Retail,King Power,,2021
arsen_kanokov,Arsen Kanokov,Arsen Kanokov,,,,Real Estate,Sindika Group,Russia-Moscow,2026
art_levinson,Art Levinson,Art Levinson,Male,1950.0,United States,Consumer Goods,Apple,USA-Hillsborough,2026
artem_khachatryan,Artem Khachatryan,Artem Khachatryan,Male,1974.0,Russia,Retail,Fix Price,Cyprus-Limassol,2026
arthur_blank,Arthur Blank,亚瑟·布兰克,Male,1942.0,United States,Retail,Home Depot,USA-Atlanta,2026
arthur_dantchik,Arthur Dantchik,Arthur Dantchik,Male,1958.0,United States,Financial Services,"Susquehanna International Group,",USA-Gladwyne,2026
arthur_demoulas,Arthur Demoulas,亚瑟·德莫拉斯,Male,,United States,Multi-Brand Retail,Market Basket,,2021
arthur_irving,Arthur Irving,亚瑟·欧文,Male,,Canada,Energy,Irving Oil,Canada-New Brunswick,2026
arthur_vy_ty,Arthur Vy Ty,亚瑟·维·泰,Male,,Philippines,Financial Services,GT Capital,,2019
artur_grynbaum,Artur Grynbaum,Artur Grynbaum,,,,Consumer Goods,Grupo Boticario,Brazil-Curitiba,2026
arturo_moreno,Arturo Moreno,阿图罗·莫雷诺,Male,,United States,Media & Entertainment,Los Angeles Angels,USA-Phoenix,2026
arun_bharat_ram,Arun Bharat Ram,阿伦·巴拉特·拉姆,Male,,India,Industrial Products,SRF,India-New Delhi,2026
arvid_lunnemark,Arvid Lunnemark,Arvid Lunnemark,Male,1999.0,United States,Artificial Intelligence,Anysphere,USA-San Francisco,2026
arvind_krishna,Arvind Krishna,Arvind Krishna,Male,1963.0,United States,Software & Services,IBM ,,2021
arvind_lal,Arvind Lal,阿文德·拉尔,Male,,India,Healthcare,Dr. Lal PathLabs,India-New Delhi,2026
arvindkumar_poddar,Arvindkumar Poddar,波达尔·阿文德库马尔,Male,,India,Automobile & Auto Components,Balkrishna Industries,India-Mumbai,2026
asha_burman,Asha Burman,,,,,FMCG,Dabur,,2018
ashish_ashwin_choksi,Ashish Ashwin Choksi,阿希什·阿什温·乔克西,Male,,India,Chemicals,Asian Paints,India-Mumbai,2024
ashish_mohapatra,Ashish Mohapatra,Ashish Mohapatra,Male,,India,Financial Services,Ofbusiness,India-New Delhi,2026
ashish_r_goenka,Ashish R. Goenka,Ashish R. Goenka,Male,1970.0,India,Consumer Goods,Suashish Diamonds,India-Mumbai,2026
ashley_hardwick,Ashley Hardwick ,阿什莉·哈德威克,Male,,Australia,Retail,Cotton On,,2019
ashok_kumar_kajaria,Ashok Kumar Kajaria,Ashok Kumar Kajaria,Male,1947.0,India,Construction & Engineering,Kajaria Ceramics,Singapore,2025
ashok_minda,Ashok Minda,阿肖·克明达,Male,,India,Automobile & Auto Components,Spark Minda,India-New Delhi,2026
ashok_p_hinduja,Ashok P. Hinduja,Ashok P. Hinduja,Male,1949.0,India,Automobile & Auto Components,Hinduja,India-Mumbai,2026
ashok_parmanand_hinduja,Ashok Parmanand Hinduja,,,,,Conglomerate,Hinduja Group,,2018
ashok_ramnarayan_boob,Ashok Ramnarayan Boob,Ashok Ramnarayan Boob,Male,1952.0,India,Specialty Chemicals,Clean Science and Technology,India-Pune,2022
ashok_soota,Ashok Soota,Ashok Soota,Male,1942.0,India,Software & Services,Happiest Minds,India-Bengaluru,2024
ashwin_c_choksi,Ashwin C Choksi,阿斯温·C·高格斯,Male,1944.0,India,Chemicals,Asian Paints,,2020
ashwin_choksi,Ashwin Choksi,,,,,Chemicals & Petrochemicals,Asian Paints,,2018
ashwin_damera,Ashwin Damera,Ashwin Damera,Male,1978.0,India,Education & Training,Eruditus Executive Education,India-Mumbai,2026
ashwin_dani,Ashwin Dani,,,,,Chemicals & Petrochemicals,Asian Paints,,2018
ashwin_desai,Ashwin Desai,Ashwin Desai,Male,1951.0,India,Chemicals,Aether Industries,India-Surat,2026
ashwin_s_dani,Ashwin S Dani,阿什温·S·达尼,Male,1944.0,India,Chemicals,Asian Paints,India-Mumbai,2023
asok_kumar_hiranandani,Asok Kumar Hiranandani,阿索克·库玛尔·赫然安达尼,Male,,Singapore,Real Estate,Royal Group Holdings,Singapore-Singapore,2026
assaf_rappaport,Assaf Rappaport,Assaf Rappaport,,,,Software & Services,Wiz,USA-New York,2026
astrid_bellon,Astrid Bellon,Astrid Bellon,Female,1971.0,France,Food & Beverages,Sodexo,France,2025
athanasios_martinos,Athanasios Martinos,Athanasios Martinos,,,,Transportation & Logistics,Eastern Mediterranean Maritime,Greece-Athens,2026
atul_ruia,Atul Ruia,阿图尔·鲁阿,Male,,India,Real Estate,Phoenix Mills,India-Mumbai,2026
august_francois_von_finck,August François von Finck,August François von Finck,Male,1968.0,Switzerland,Software & Services,SGS,Switzerland-Baar,2026
august_j_troendle,August J Troendle,August J Troendle,Male,1958.0,United States,Healthcare,Medpace,USA-Columbus,2026
august_oetker_jr,August Oetker Jr,August Oetker Jr,Male,1945.0,Germany,Food & Beverages,Dr. Oetker,Germany-Bielefeld,2026
august_von_finck,August Von Finck,奥古斯特·冯·芬克,Male,1930.0,Switzerland,Certification Services,SGS,,2021
augusto_perfetti,Augusto Perfetti,奥古斯托·佩费蒂,Male,,Switzerland,Food & Beverages,Perfetti Van Melle,Switzerland-Lugano,2026
austen_cargill_ii,Austen Cargill II,奥斯丁·嘉吉二世,Male,,United States,Agriculture,Cargill,USA-Livingston,2026
austin_russel,Austin Russel,Austin Russel,Male,1996.0,United States,Automobile & Auto Components,Luminar Technologies,USA-Los Altos Hills,2023
autry_stephens,Autry Stephens,奥特里·斯蒂芬斯,Male,1939.0,United States,Energy,Endeavor Energy Resources,USA-Texas,2024
avram_glazer,Avram Glazer,Avram Glazer,Male,1961.0,United States,Media & Entertainment,Tampa Bay Buccaneers,USA-Palm Beach,2026
axel_oberwelland,Axel Oberwelland,阿克塞尔·奥伯威尔,Male,1966.0,Germany,Food & Beverages,August Storck,Germany-Berlin,2026
axel_stawski,Axel Stawski,Axel Stawski,Male,1952.0,United States,Real Estate,Stawski Partners,,2020
aydin_dogan,Aydin Dogan,Aydin Dogan,Male,1937.0,Turkey,Energy,Dogan Group,Turkey-Istanbul,2026
ayhan_tosyali,Ayhan Tosyali,Ayhan Tosyali,Male,1964.0,Turkey,Industrial Products,Tosyali Holdings,Turkey-Istanbul,2022
ayman_asfari,Ayman Asfari,,,,,Energy,Petrofac,,2017
ayman_hariri,Ayman Hariri,Ayman Hariri,Male,1979.0,Saudi Arabia,Construction & Engineering,Saudi Oger & Vera,France-Paris,2026
azad_moopen,Azad Moopen,Azad Moopen,Male,1954.0,United Arab Emirates,Healthcare,Aster DM Healthcare,UAE-Dubai,2026
azim_premji,Azim Premji,阿齐姆·普莱姆基,Male,1945.0,India,Software & Services,Wipro,India-Bengaluru,2026
aziz_akhannouch,Aziz Akhannouch,Aziz Akhannouch,Male,1961.0,Morocco,Energy,Akwa Group,Morocco-Casablanca,2026
b_bhaskar_rao,B Bhaskar Rao,B Bhaskar Rao,,,,Healthcare,Krishna Institue of Medical Sciences,India-Hyderabad,2026
b_parthasaradhi_reddy,B Parthasaradhi Reddy,帕塔萨拉迪·雷迪,Male,,India,Healthcare,Hetero Labs,India-Hyderabad,2026
b_vamsi_krishna,B Vamsi Krishna,瓦西·奎师那,Male,,India,Pharmaceuticals,Hetero Group ,,2019
b_wayne_hughes_jr,B. Wayne Hughes Jr,B. Wayne Hughes Jr,,,,Real Estate,Public Storage,USA-Jackson,2026
baba_kalyani,Baba Kalyani,巴巴·卡里亚尼,Male,1949.0,India,Industrial Products,Bharat Forge,India-Pune,2026
babetta_albrecht,Babetta Albrecht,巴贝塔·阿尔布雷希特,Female,,Germany,Retail,Aldi Nord,Germany-Mulheim an der Ruhr,2026
babu_lakhani,Babu Lakhani,巴布·拉哈尼,Male,,India,Consumer Goods,Kiran Gems,India,2025
bacaksiz_sezai,Bacaksiz Sezai,巴卡克希茲·塞扎,Male,,Turkey,Construction & Engineering,Limak,Turkey-Ankara,2026
bachtiar_karim,Bachtiar Karim,林益建,Male,,Indonesia,Agriculture,Musim Mas,Indonesia-Medan,2026
bahaa_hariri,Bahaa Hariri,巴哈·哈里里,Male,,Switzerland,Real Estate,Horizon Group,Switzerland-Geneva,2026
bahari_karim,Bahari Karim,Bahari Karim,Male,,Indonesia,Agriculture,Musim Mas,Indonesia-Medan,2026
bai_baokun,Bai Baokun,白宝鲲,Male,1970.0,,Construction & Engineering,KinLong Hardware,China-Dongguan,2023
bai_houshan,Bai Houshan,白厚善,Male,1964.0,China,Energy,Ronbay,China-Beijing,2026
baiju_bhatt,Baiju Bhatt,Baiju Bhatt,Male,1983.0,United States,Financial Services,Robinhood,USA-Palo Alto,2026
bajrang_lal_kheruka,Bajrang Lal Kheruka,Bajrang Lal Kheruka,Male,1930.0,India,Consumer Goods,Borosil Glass Works,India-Kolkata,2022
bajranglal_taparia,Bajranglal Taparia,Bajranglal Taparia,Male,,India,Construction & Engineering,Supreme Industries,India,2025
baldwin_knauf,Baldwin Knauf,Baldwin Knauf,Male,1939.0,Germany,Construction & Engineering,Knauf Gips,Germany-Dortmund,2026
balkrishan_goenka,Balkrishan Goenka,宝克里什·戈恩卡,Male,,India,Industrial Products,Welspun,India-Mumbai,2026
balram_garg,Balram Garg,,,,,Jewellery,PC Jeweller,,2018
bambang_sutantio,Bambang Sutantio,Bambang Sutantio,Male,1958.0,Indonesia,Consumer Goods,Cimory,Indonesia-Jakarta,2026
banthoon_lamsam,Banthoon Lamsam,伍万通,Male,1953.0,Thailand,Insurance,Kasikornbank ,,2019
banwarilal_bawri,Banwarilal Bawri,班瓦里·拉尔·鲍里,Male,,India,Healthcare,Macleods Pharmaceuticals,India-Mumbai,2026
bao_fan,Bao Fan,包凡,Male,1971.0,China,Financial Services,Renaissance,Beijing-Beijing,2021
bao_fengjiao,Bao Fengjiao,鲍凤娇,Female,,China,Chemicals,Mizuda,China-Huzhou,2022
bao_hongxing,Bao Hongxing,鲍洪星,Male,1964.0,China,Agriculture,Shuangbaotai,China-Nanchang,2026
bao_songan,Bao Songan,包松安,Male,,China,Investments,Yilian,China-Tianjin,2024
bao_xiaoru,Bao Xiaoru,包晓茹,Female,,China,Industrial Products,Zhonghen,China-Hangzhou,2026
barb_van_andel_gaby,Barb Van Andel-Gaby,巴勃·范·安德尔·加比,Female,,United States,Retail ,Amway,,2019
barbara_agnes_ferrari_bengolea_amalia_amoedo,Barbara Agnes Ferrari Bengolea & Amalia Amoedo,,,,,Cement,Loma Negra,,2018
barbara_agnes_ferrari_bengolea_and_amalia_amoedo,Barbara Agnes Ferrari Bengolea and Amalia Amoedo,芭芭拉·艾格尼丝·法拉利·本戈利亚和阿玛利亚·阿莫多,Female,,Argentina,Cement,Loma Negra,,2020
barbara_banke,Barbara Banke,Barbara Banke,Female,1953.0,United States,Food & Beverages,Jackson Family Wines,USA-Geyserville,2026
barbara_benetton,Barbara Benetton,Barbara Benetton,Female,1970.0,Italy,Consumer Goods,Benetton,Italy-Campodoro,2026
barbara_berlusconi,Barbara Berlusconi,Barbara Berlusconi,Female,1984.0,Italy,Media & Entertainment,MFE-MediaForEurope,Italy-Milan,2026
barbara_boehringer,Barbara Boehringer,Barbara Boehringer,Female,1972.0,Germany,Healthcare,Boehringer Ingelheim,Germany-Ingelheim,2026
barbara_carlson_gage,Barbara Carlson Gage,芭芭拉·卡尔森·盖奇,Female,,United States,Hospitality,Carlson,USA-Long Lake,2023
barbara_lambrecht_schadeberg,Barbara Lambrecht-Schadeberg,Barbara Lambrecht-Schadeberg,Female,1935.0,Germany,Food & Beverages,Krombacher Brauerei,Germany-Kreuztal,2026
barbara_tyson,Barbara Tyson,芭芭拉·泰森,Female,,United States,Food & Beverages,Tyson Foods,USA-Springdale,2026
barnaby_n_swire,Barnaby N Swire,Barnaby N Swire,,,,Real Estate,Swire Group,UK-London,2026
barnaby_swire,Barnaby Swire,梅林·太古,Male,,United Kingdom,Real Estate,Swire Group,UK-London,2024
baroness_howard_de_walden,Baroness Howard de Walden,Baroness Howard de Walden,Male,,United Kingdom,Real Estate,The Howard de Walden Estate,UK-London,2024
barry_canton,Barry Canton,Barry Canton,Male,1980.0,United States,Biotechnology,Ginkgo Bioworks Holdings ,USA-Boston,2022
barry_charles_diller,Barry Charles Diller,,,,,Online Travel & media,Expedia,,2017
barry_diller,Barry Diller,巴里·迪勒,Male,1942.0,United States,Media & Entertainment,IAC,USA-New York,2026
barry_lin_bai_li,Barry Lin Bai-Li,林百里,Male,,Taiwan,Consumer Goods,Quanta Computer,China-Taipei,2026
barry_sherman,Barry Sherman,,,,,Pharmaceuticals,Apotex Pharma,,2017
barry_silbert,Barry Silbert,Barry Silbert,Male,1978.0,United States,Blockchain,Digital Currency,USA-New York,2026
barry_sternlicht,Barry Sternlicht,Barry Sternlicht,,,,Real Estate,Starwood Capital,USA-Miami,2026
barry_strenlicht,Barry Strenlicht,Barry Strenlicht,Male,1961.0,United States,Financial Services,Starwood Capital,USA-Miami,2024
barry_zekelman,Barry Zekelman,巴里·泽克曼,Male,,Canada,Industrial Products,Zekelman Industries,Canada-Windsor,2026
bart_van_malderen,Bart Van Malderen,Bart Van Malderen,Male,1966.0,Belgium,Real Estate,VGP,Belgium-Antwerp,2022
basant_bansal,Basant Bansal,Basant Bansal,Male,1965.0,India,Real Estate,M3M India,India-Gurugram,2026
bassam_alghanim,Bassam Alghanim,巴萨姆·阿尔加尼姆,Male,,United States,Retail,Alghanim Industries,USA-Los Angeles,2023
bastian_nominacher,Bastian Nominacher,Bastian Nominacher,,,,Software & Services,Celonis,Germany-Munich,2026
basudeo_narain_singh,Basudeo Narain Singh,巴苏多·纳兰·辛格,Male,,India,Healthcare,Alkem Laboratories,India-Patna,2026
beate_heister,Beate Heister,贝亚特·海斯特,Male,1951.0,Germany,Retail,Aldi Sued,Germany-Neuss,2026
beatriz_davila_de_santo_domingo,Beatriz Davila de Santo Domingo,Beatriz Davila de Santo Domingo,,,,Food & Beverages,Anheuser-Busch InBev,UK-Bermuda,2026
beda_diethelm,Beda Diethelm,贝达·迪特赫尔姆,Male,,Switzerland,Healthcare,Sonova,Switzerland-Zurich,2026
behdad_eghbali,Behdad Eghbali,Behdad Eghbali,Male,1976.0,United States,Financial Services,Clearlake Capital,USA-Los Angeles,2026
beljinder_boparan,Beljinder Boparan,贝尔金德·博帕兰,Male,,,Food & Beverages,2 Sisters Food,UK,2025
belmiro_de_azevedo,Belmiro de Azevedo,,,,,Multi Brand Retailing,Sonae,,2017
ben_ashkenazy,Ben Ashkenazy,Ben Ashkenazy,Male,1969.0,United States,Real Estate,Ashkenazy Acquisition,USA-New York,2026
ben_chestnut,Ben Chestnut,Ben Chestnut,Male,1975.0,United States,Software & Services,Mailchimp,USA-Atlanta,2026
ben_francis,Ben Francis,Ben Francis,Male,1992.0,United Kingdom,Retail,Gymshark,UK,2025
ben_lamm,Ben Lamm,Ben Lamm,Male,1981.0,United States,Healthcare,Colossal,USA-Dallas,2026
ben_navarro,Ben Navarro,Ben Navarro,,,,Financial Services,Sherman Financial Group,USA-Charleston,2026
ben_pon_jr,Ben Pon Jr.,本·庞,Male,1936.0,Netherlands,Automobiles & Components,Pon Holdings,,2019
ben_silbermann,Ben Silbermann,本·西尔伯曼,Male,,United States,Media & Entertainment,Pinterest,USA-San Francisco,2026
benedicta_chamberlain,Benedicta Chamberlain & Family,,,,,Food & Beverages,William Grant & Sons,,2018
benedicte_find,Benedicte Find,Benedicte Find,Female,,Denmark,Healthcare,Coloplast,Denmark,2025
benjamin_de_rothschild,Benjamin De Rothschild,本杰明·罗斯柴尔德,Male,,France,Financial Services,Edmond De Rothschild Group,,2020
benjamin_francis,Benjamin Francis,Benjamin Francis,Male,1993.0,United Kingdom,Consumer Goods,Gymshark,UK-Birmingham,2026
benjamin_otto,Benjamin Otto,本杰明·奥托,Male,,Germany,Retail,Otto,Germany-Hamburg,2026
bennet_rosenthal,Bennet Rosenthal,Bennet Rosenthal,Male,1963.0,United States,Financial Services,Ares Management,USA-Los Angeles,2026
bennett_dorrance,Bennett Dorrance,Bennett Dorrance,Male,1947.0,United States,Food & Beverages,Campbell's,USA-Paradise Valley,2026
benny_suherman,Benny Suherman,Benny Suherman,Male,1947.0,Indonesia,Media & Entertainment,Cinema XXI,Indonesia,2025
benoit_dageville,Benoit Dageville,Benoit Dageville,Male,1967.0,United States,Software & Services,Snowflake,USA-Pleasanton,2026
bent_christian_wilhelmsen,Bent Christian Wilhelmsen,Bent Christian Wilhelmsen,Male,,Norway,Hospitality,Royal Carribean Cruises,Switzerland-Nyon,2026
bent_jensen,Bent Jensen,本特·詹森,Male,,Denmark,Industrial Products,Linak Holdings,Denmark-Nordborg,2026
benu_gopal_bangur,Benu Gopal Bangur,贝努·戈帕尔·班古尔,Male,,India,Construction & Engineering,Shree Cement,India-Kolkata,2026
beny_steinmetz,Beny Steinmetz,贝尼·斯坦梅兹,Male,,Israel,Diamonds,BSG Resources,,2019
bergit_douglas,Bergit Douglas,贝吉特·道格拉斯,Female,,Germany,Food & Beverages,Dr. Oetker,Germany-Frankfurt,2026
bernard_arnault,Bernard Arnault,伯纳德·阿诺特,Male,1949.0,France,Consumer Goods,LVMH,France-Paris,2026
bernard_broermann,Bernard Broermann,伯纳德·布罗曼,Male,1943.0,Germany,Healthcare,Asklepios,Germany,2025
bernard_charles,Bernard Charlès,Bernard Charlès,Male,1957.0,France,Aerospace & Defence,Dassault Systèmes,France-Paris,2026
bernard_ecclestone,Bernard Ecclestone,Bernard Ecclestone,Male,1930.0,United Kingdom,Media & Entertainment,Formula One,UK-London,2026
bernard_fraisse,Bernard Fraisse,Bernard Fraisse,,,,Healthcare,Fareva,France-Paris,2026
bernard_lewis,Bernard Lewis,Bernard Lewis,Male,1927.0,United Kingdom,Retail,River Island,UK-London,2026
bernard_marcus,Bernard Marcus,伯纳德·马库斯,Male,,United States,Retail,Home Depot,USA-Atlanta,2024
bernard_saul_ii,Bernard Saul II,伯纳德·索尔二世,Male,,United States,Financial Services,Saul Centres,USA-Chevy Chase,2026
bernardo_matte,Bernardo Matte,伯纳多·马特,Male,,Chile,Forestry,Empresas,,2021
bernd_baus,Bernd Baus,伯恩·鲍斯,Male,,Monaco,Retail,Bauhaus,Monaco-Monte Carlo,2026
bernd_freier,Bernd Freier,伯恩德·弗赖尔,Male,,Germany,Retail,S Oliver Group,Germany-Rottendorf,2026
bernhard_schadeberg,Bernhard Schadeberg,Bernhard Schadeberg,Male,1966.0,Germany,Alcoholic Beverages,Krombacher Brauerei,,2021
bernhard_sebastian_braun_luedicke,Bernhard Sebastian Braun-Luedicke,伯恩哈德·塞巴斯蒂安·布劳恩·卢迪克,Male,,Germany,Healthcare,B. Braun,Germany-Melsungen,2026
bernie_ecclestone,Bernie Ecclestone,伯尼·埃克莱斯顿,Male,1930.0,United Kingdom,Media & Entertainment,Formula One,UK-London,2023
bert_beveridge,Bert Beveridge,Bert Beveridge,Male,1962.0,United States,Food & Beverages,Tito's Handmade Vodka,USA-Austin,2026
berthold_jr_albrecht_theo_jr_albrecht_brothers,Berthold Jr Albrecht、Theo Jr Albrecht brothers,,Male、Male,,,Multi Brand Retailing,Aldi Nord,,2013
bertil_hult,Bertil Hult,贝蒂尔·霍尔特,Male,,Switzerland,Education & Training,EF Education First,Switzerland-Lucerne,2026
bertrand_puech,Bertrand Puech,贝特朗·皮埃奇,Male,1936.0,France,Consumer Goods,Hermes,France-Paris,2023
beyonce_giselle_knowles_carter,Beyoncé Giselle Knowles-Carter,Beyoncé Giselle Knowles-Carter,Female,1981.0,United States,Media & Entertainment,Music,USA-Los Angeles,2026
bhadresh_shah,Bhadresh Shah,贝哈德热什·沙阿,Male,,India,Construction & Engineering,AIA Engineering,India-Ahmedabad,2026
bhairavi_abhay_vakil,Bhairavi Abhay Vakil,Bhairavi Abhay Vakil,Female,1980.0,India,Chemicals,Asian Paints,India-Mumbai,2024
bharat_desai,Bharat Desai,巴拉特·德赛,Male,,United States,Software & Services,Syntel,USA-Fisher Island,2026
bhavin_turakhia,Bhavin Turakhia,Bhavin Turakhia,Male,1979.0,United Arab Emirates,Software & Services,Zeta,UAE-Dubai,2026
bhavish_aggarwal,Bhavish Aggarwal,Bhavish Aggarwal,Male,1985.0,India,Automobile & Auto Components,Ola Electric,India-Bengaluru,2026
bhumibol_adulyadej,Bhumibol Adulyadej? ,,Male,1928.0,,/,CPB Holdings,,2016
bhushan_dua,Bhushan Dua,Bhushan Dua,Male,1977.0,India,Media & Entertainment,Super Cassettes Industries,India-New Delhi,2026
bi_xinde,Bi Xinde,毕心德,Male,1954.0,,Industrial Products,Head,China-Zibo,2022
bianca_rinehart,Bianca Rinehart,Bianca Rinehart,Female,1977.0,Australia,Metals & Mining,Hancock Prospecting,Australia-Sydney,2026
bidzina_ivanishvili,Bidzina Ivanishvili,比吉纳·杰瓦尼什维利,Male,1956.0,Georgia,Financial Services,Rossiyskiy Kredit Bank,Georgia-Chorvila,2026
bijan_tehrani,Bijan Tehrani,Bijan Tehrani,Male,1993.0,Australia,Media & Entertainment,Stake,Australia-Melbourne,2026
bill_ackman,Bill Ackman,Bill Ackman,,,,Financial Services,Pershing Square Capital Management,USA-New York,2026
bill_adderley,Bill Adderley,比尔·阿德利,Male,,United Kingdom,Consumer Goods,Dunelm,UK-Leicester,2026
bill_alfond,Bill Alfond,比尔·阿方德,Male,,United States,Investments,Berkshire Hathaway,USA-Belgrade,2026
bill_austin,Bill Austin,Bill Austin,,,,Healthcare,Starkey Hearing Technologies,USA,2025
bill_gates,Bill Gates,比尔·盖茨,Male,1955.0,United States,Investments,Microsoft,USA-Medina,2026
bill_gross,Bill Gross,比尔·格罗斯,Male,,United States,Investments,Investments,USA-Laguna Beach,2026
bill_haslam,Bill Haslam,Bill Haslam,,,,Retail,Pilot Flying J,USA-Knoxville,2026
bill_marriott_jr,Bill Marriott Jr,小比尔·万豪,Male,1932.0,United States,Hospitality,Marriott International,USA-Potomac,2026
billi_marcus,Billi Marcus,Billi Marcus,,,,Retail,Home Depot,USA-Atlanta,2026
billy_kan,Billy Kan,简志坚,Male,,Hong Kong,Energy,CHNG,Hong Kong-Hong Kong,2019
bimal_gyan_chandani,Bimal Gyan Chandani,Bimal Gyan Chandani,Male,,India,FMCG,RSPL,India-Kanpur,2024
binish_hasmukh_chudgar,Binish Hasmukh Chudgar,宾尼斯·哈斯穆克·楚德加,Male,,India,Healthcare,Intas Pharmaceuticals,India-Ahmedabad,2026
binny_bansal,Binny Bansal,宾尼·班萨尔,Male,,India,Investments,Flipkart,India-Bengaluru,2026
binod_chaudhary,Binod Chaudhary,维诺德·乔杜里,Male,1955.0,Nepal,Food & Beverages,Chaudhary Group,Nepal-Kathmandu,2026
birgit_rausing_family,Birgit Rausing family,,Female,1924.0,,Packaging,Tetra Pack,,2013
bl_taparia,Bl Taparia & Family,,,,,Construction Materials,Supreme,,2018
blair_parry_okeden,Blair Parry-Okeden,布莱尔·帕里·奥克登,Female,,Australia,Media & Entertainment,Cox Enterprises,Australia-Scone,2026
blairo_maggi,Blairo Maggi,Blairo Maggi,Male,1956.0,Brazil,Agriculture,Andre Maggi Group,Brazil-Cuiaba,2026
bo_shijiu_li_guiping,Bo Shijiu & Li Guiping,,,,,"Logistics, retail ",Changjiu  ,,2018
bob_ell,Bob Ell,Bob Ell,Male,1945.0,Australia,Real Estate,Leda Holdings,Australia-Sydney,2026
bob_gaglardi,Bob Gaglardi,鲍勃·加格拉迪,Male,,Canada,Hospitality,Northland Properties,Canada-Vancouver,2026
bob_parsons,Bob Parsons,鲍勃·帕森斯,Male,,United States,Software & Services,GoDaddy,USA-Scottsdale,2026
bob_pender,Bob Pender,Bob Pender,Male,1953.0,United States,Energy,Venture Global,USA-Falls Church,2026
bob_prince,Bob Prince,Bob Prince,Male,,United States,Financial Services,Bridgewater Associates,USA-New Canaan,2024
bobby_arora,Bobby Arora,Bobby Arora,Male,1972.0,United Kingdom,Retail,B&M,UK-Manchester,2026
bobby_murphy,Bobby Murphy,鲍比·墨菲,Male,,United States,Media & Entertainment,Snap,USA-Venice,2026
boenjamin_setiawan,Boenjamin Setiawan ,Boenjamin Setiawan ,Male,1934.0,Indonesia,Pharmaceuticals,Mitra Keluarga,,2021
bom_suk_kim,Bom Suk Kim,Bom Suk Kim,Male,1978.0,South Korea,Retail,Coupang,South Korea-Seoul,2026
bon_neung_koo,Bon Neung Koo,具本绫,Male,1949.0,South Korea,Industrial Products,Heesung Electronics,South Korea-Seoul,2026
boonchai_bencharongkul,Boonchai Bencharongkul,,,,,Telecom,Total Access Communications,,2017
boris_jordan,Boris Jordan,Boris Jordan,Male,1967.0,United States,Consumer Goods,Curaleaf,USA-New York,2022
boris_nuraliev,Boris Nuraliev,Boris Nuraliev,Male,1958.0,Russia,Software & Services,1C Group,Russia-Moscow,2026
boris_rotenberg,Boris Rotenberg,鲍里斯·罗滕伯格,Male,,Russia,Financial Services,SMP Bank,Russia-Moscow,2026
boris_zingarevich,Boris Zingarevich,Boris Zingarevich,Male,1960.0,Russia,Paper & Forest Products,Ilim Group,Russia-St. Petersburg,2026
br_shetty,BR Shetty,BR·谢蒂,Male,1942.0,United Arab Emirates,Healthcare,NMC Healthcare ,,2020
brad_garlinghouse,Brad Garlinghouse,Brad Garlinghouse,Male,1971.0,United States,Blockchain,Ripple,USA-San Francisco,2026
brad_jacobs,Brad Jacobs,Brad Jacobs,Male,1965.0,United States,Transportation & Logistics,GXO Logistics,USA-Greenwich,2023
brad_kelley,Brad Kelley,布拉德·凯利,Male,1956.0,United States,Consumer Goods,Commonwealth Brands,USA-Franklin,2026
brad_keywell,Brad Keywell,Brad Keywell,Male,1969.0,United States,Software & Services,Uptake,USA-Chicago,2026
bradley_s_jacob,Bradley S Jacob,Bradley S Jacob,Male,1957.0,United States,Transportation & Logistics,XPO,USA-Greenwich,2026
bradley_wayne_hughes,Bradley Wayne Hughes,布拉德利·韦恩·休斯,Male,1933.0,United States,Real Estate,Public Storage,,2021
brandt_louie,Brandt Louie,布兰特·路易,Male,1943.0,Canada,Retail,London Drugs,Canada-Vancouver,2026
brannin_mcbee,Brannin McBee,Brannin McBee,Male,1985.0,United States,Artificial Intelligence,Coreweave,USA-Bozeman,2026
brendan_blumer,Brendan Blumer,Brendan Blumer,Male,1986.0,United Kingdom,Financial Services,Bullish,UK-Grand Cayman,2026
brendan_foody,Brendan Foody,Brendan Foody,Male,2003.0,United States,Artificial Intelligence,Mercor,USA-San Francisco,2026
bret_taylor,Bret Taylor,Bret Taylor,Male,1980.0,United States,Artificial Intelligence,Sierra,USA-San Francisco,2026
brett_adcock,Brett Adcock,Brett Adcock,,,,Artificial Intelligence,Figure AI,USA-Palo Alto,2026
brett_blundy,Brett Blundy,Brett Blundy,Male,1960.0,Bahamas,Retail,BB Retail,UK-Paradise Island,2026
brett_hildebrand,Brett Hildebrand,Brett Hildebrand,Male,1961.0,United States,Financial Services,Credit One Bank,USA-Charleston,2026
brian_acton,Brian Acton,布莱恩·阿克顿,Male,1972.0,United States,Media & Entertainment,Meta Platforms,USA-Mountain View,2026
brian_armstrong,Brian Armstrong,布赖恩·阿姆斯特朗,Male,1983.0,United States,Blockchain,Coinbase,USA-San Francisco,2026
brian_chesky,Brian Chesky,布赖恩·切斯基,Male,1981.0,United States,Hospitality,Airbnb,USA-San Francisco,2026
brian_france,Brian France,布赖恩·法兰西,Male,1962.0,United States,Media & Entertainment,NASCAR,USA-Daytona Beach,2026
brian_higgins,Brian Higgins,布莱恩·希金斯,Male,,United States,Financial Services,King Street Capital Management,USA-New York,2026
brian_hill,Brian Hill,Brian Hill,Male,1960.0,Canada,Retail,Aritzia,Canada-Vancouver,2026
brian_kim,Brian Kim,Brian Kim,Male,1967.0,South Korea,Software & Services,Kakao Pay Corp,South Korea-Seoul,2026
brian_roberts,Brian Roberts,Brian Roberts,,,,Media & Entertainment,Comcast,USA-Philadelphia,2026
brian_sheth,Brian Sheth,布莱恩·谢思,Male,,United States,Financial Services,Vista Equity Partners,USA-Austin,2024
brian_venturo,Brian Venturo,Brian Venturo,Male,1984.0,United States,Artificial Intelligence,Coreweave,USA-Cedar Grove,2026
bris_rocher,Bris Rocher,Bris Rocher,Male,1980.0,France,Consumer Goods,Groupe Rocher,France-Rennes,2026
bruce_a_nordstrom,Bruce A Nordstrom,布鲁斯·诺德斯特伦,Male,,United States,Multi-Brand Retail,Nordstrom,,2021
bruce_cheng_chung_hua,Bruce Cheng Chung-Hua,郑崇华,Male,,Taiwan,Semiconductors,Delta,China-Taipei,2026
bruce_flatt,Bruce Flatt,Bruce Flatt,Male,1965.0,United Kingdom,Financial Services,Brookfield Corporation,UK-London,2026
bruce_halle,Bruce Halle,,,,,Single Brand Retailing,Discount Tire,,2017
bruce_karsh,Bruce Karsh,布鲁斯·卡什,Male,,United States,Financial Services,Oaktree Capital,USA-Los Angeles,2026
bruce_kovner,Bruce Kovner,布鲁斯·科夫纳,Male,1945.0,United States,Financial Services,CAM Capital,USA-New York,2026
bruce_mathieson,Bruce Mathieson,Bruce Mathieson,Male,1944.0,Australia,Food & Beverages,Endeavour Group,Australia-Gold Coast,2026
bruce_springsteen,Bruce Springsteen,Bruce Springsteen,Male,1949.0,United States,Media & Entertainment,Music,USA-Colts Neck,2026
bruce_wilson,Bruce Wilson,Bruce Wilson,Male,1946.0,Australia,Retail,Reece,Australia-Melbourne,2026
brunello_cucinelli,Brunello Cucinelli,布鲁内罗·库西内利,Male,,Italy,Consumer Goods,Brunello Cucinelli,Italy-Solomeo,2026
bruno_bich,Bruno Bich ,布鲁诺·比奇,Male,1946.0,France,Consumer Goods,BIC,,2021
bruno_schroder,Bruno Schroder,布鲁诺·施罗德,Male,1933.0,United Kingdom,Banking,Schroders,,2019
bruno_steinhoff,Bruno Steinhoff,,,,,Furniture,Steinhoff international holdings,,2017
bryan_glazer,Bryan Glazer,Bryan Glazer,Male,1965.0,United States,Media & Entertainment,Tampa Bay Buccaneers,USA-Palm Beach,2026
bu_yang,Bu Yang,卜扬,Female,1973.0,China,E-Commerce,Suning,Jiangsu -Nanjing,2021
bubba_cathy,Bubba Cathy,布巴·凯西,Male,1953.0,United States,Food & Beverages,Chick-fil-A,USA-Atlanta,2026
bulat_utemuratov,Bulat Utemuratov,布拉特·鸟泰穆拉托夫,Male,1957.0,Kazakhstan,Investments,Verny Capital,Kazakhstan-Nur-Sultan,2026
bulent_eczacibasi,Bulent Eczacibasi,布伦特·艾克扎西巴西,Male,,Turkey,Consumer Goods,Eczacibasi Holding,Turkey-Istanbul,2026
burhan_karim,Burhan Karim,布尔汉·卡里姆,Male,,Indonesia,Agriculture,Musim Mas,Indonesia-Medan,2026
byju_raveendran,Byju Raveendran,拉杰什·帕蒂尔,Male,,India,Education & Training,Think & Learn,India-Bengaluru,2023
byron_d_trott,Byron D. Trott,Byron D. Trott,Male,1958.0,United States,Financial Services,BDT & MSD Partners,USA-Winnetka,2026
c_dean_metropoulos,C Dean Metropoulos,迪恩·梅特珀罗斯,Male,1946.0,United States,Investments,Metropoulos,USA-Palm Beach,2026
c_james_koch,C James Koch,詹姆斯·科赫,Male,1949.0,United States,Food & Beverages,Boston Beer,USA-Newton,2026
c_satyanarayana,C Satyanarayana,萨蒂亚纳亚纳,Male,,India,Healthcare,Laurus Labs,India-Hyderabad,2026
c_venkateswara_reddy,C Venkateswara Reddy,C Venkateswara Reddy,Male,1961.0,India,Real Estate,Aparna Constructions & Estates,India-Hyderabad,2026
cai_baogui,Cai Baogui,蔡报贵,Male,1971.0,China,Metals & Mining,JL MAG,China-Ganzhou,2026
cai_die,Cai Die,蔡帝娥,Female,,China,Energy,Sunwoda,China-Shenzhen,2026
cai_dongchen,Cai Dongchen,蔡东晨,Male,1953.0,China,Healthcare,CSPC Pharmaceutical,China-Shijiazhuang,2026
cai_dongqing,Cai Dongqing,蔡东青,Male,1969.0,China,Media & Entertainment,Alpha Animation,China-Shantou,2026
cai_gaoxiao,Cai Gaoxiao,,,,,"R & D, production and sales of electronic components",0-Film Tech,,2018
cai_hao,Cai Hao,蔡浩,Male,1971.0,,Green Energy,Arctec,China-Suzhou,2022
cai_haoyu,Cai Haoyu,蔡浩宇,Male,1987.0,China,Media & Entertainment,Mihoyo,China-Shanghai,2026
cai_hongbing,Cai Hongbing,蔡红兵,Male,,China,Investments,Hengrui ,Jiangsu -Lianyungang,2020
cai_hongzhu,Cai Hongzhu,蔡宏柱,Male,1951.0,China,Food & Beverages,Hubei Daohuaxiang,China-Yichang,2023
cai_huabo,Cai huabo,蔡华波,Male,1976.0,China,Semiconductors,Longsys,China-Shenzhen,2026
cai_jianyong,Cai Jianyong,蔡建勇,Male,1970.0,China,Metals & Mining,Lygend Sources,China-Ningbo,2026
cai_jingfu,Cai Jingfu,蔡劲军,Male,1978.0,China,Industrial Products,Torch Electron Technology,China-Quanzhou,2026
cai_kaiyun,Cai Kaiyun,蔡开云,Male,1972.0,,Food & Beverages,Hubei Daohuaxiang,China-Yichang,2026
cai_kui,Cai Kui,蔡奎,Male,1961.0,Hong Kong,Real Estate,Longfor,China-Hong Kong,2026
cai_lihong,Cai Lihong,蔡丽红,Female,1968.0,China,Energy,Jovo Energy,China-Zhuhai,2026
cai_mingtong,Cai Mingtong,蔡明通,Male,1952.0,China,Industrial Products,Torch Electron Technology,China-Quanzhou,2026
cai_rongjun,Cai Rongjun,蔡荣军,Male,1972.0,China,Industrial Products,OFILM,China-Shenzhen,2026
cai_wensheng,Cai Wensheng,蔡文胜,Male,1970.0,Hong Kong,Investments,Long Ling,China-Hong Kong,2026
cai_xiaoru,Cai Xiaoru,,,,,TMT,Tatwah Smartech,,2018
cai_zaihua,Cai Zaihua,蔡再华,Male,1963.0,China,Chemicals,Zhenhua,China-Huangshi,2026
cameron_adams,Cameron Adams,Cameron Adams,Male,1980.0,Australia,Software & Services,Canva,Australia-Sydney,2026
cameron_winklevoss,Cameron Winklevoss,Cameron Winklevoss,Male,1982.0,United States,Blockchain,Gemini Space Station,USA-Los Angeles,2026
camilla_de_godoy_bueno_grossi,Camilla de Godoy Bueno Grossi,Camilla de Godoy Bueno Grossi,Female,1978.0,United Kingdom,Healthcare,UnitedHealth,UK-London,2026
candido_pinheiro_koren_de_lima,Candido Pinheiro Koren de Lima,Candido Pinheiro Koren de Lima,Male,1947.0,Brazil,Healthcare,Hapvida,Brazil-Fortaleza,2026
candido_pinheiro_koren_de_lima_junior,Candido Pinheiro Koren de Lima Junior,Candido Pinheiro Koren de Lima Junior,Male,1971.0,Brazil,Healthcare,Hapvida,,2021
cao_dewang,Cao Dewang,曹德旺,Male,1946.0,China,Automobile & Auto Components,Fuyao Glass,China-Fuzhou,2026
cao_fei,Cao Fei,曹菲,Female,1975.0,China,Healthcare,Fapon Biotech,China-Shenzhen,2026
cao_guowei,Cao Guowei,曹国伟,Male,1965.0,China,Media & Entertainment,Weibo,China-Beijing,2023
cao_ji,Cao Ji,曹骥,Male,1952.0,China,Energy,Hangke Technology,China-Hangzhou,2026
cao_jianwei,Cao Jianwei,曹建伟,Male,1978.0,China,Industrial Products,Jingsheng Mechanical & Electrical Co,China-Shaoxing,2026
cao_jisheng,Cao Jisheng,曹积生,Male,1960.0,China,Husbandry,Yisheng Livestock & Poultry Breeding ,,2020
cao_kejian,Cao Kejian,曹克坚,Male,1962.0,China,Industrial Products,KaiShan,China-Quzhou,2026
cao_lin,Cao Lin,曹林,Male,1979.0,China,Healthcare,Vazyme,China-Nanjing,2023
cao_longxiang,Cao Longxiang,曹龙祥,Male,1957.0,China,Healthcare,Jumpcan,China-Taixing,2026
cao_longxiang_zhou_guodi,Cao Longxiang & Zhou Guodi,,,,,Pharmaceuticals,Jumpcan,,2017
cao_matao,Cao Matao,曹马涛,,1984.0,,Energy,Taotao Vehicles,China-Lishui,2026
cao_meisheng,Cao Meisheng,曹梅盛,,1962.0,,Industrial Products,Glory Mica,China-Jiaxing,2026
cao_peifeng,Cao Peifeng,曹佩凤,Male,1963.0,,Metals & Mining,Yongjin Metal Technology,China-Jinhua,2022
cao_renxian,Cao Renxian,曹仁贤,Male,1968.0,China,Energy,Sungrow Power Supply,China-Hefei,2026
cao_wei,Cao Wei,曹维,Female,1973.0,China,Industrial Products,Galaxcore,China-Shanghai,2023
cao_xiaochun,Cao Xiaochun,曹晓春,Male,1969.0,China,Healthcare,Tigermed Consulting,China-Hangzhou,2023
cao_yuhua,Cao Yuhua,曹余华,Male,1954.0,China,Automobile & Auto Components,Best Precision Machinery,China-Wuxi,2026
cao_zheng,Cao Zheng,曹政,Male,1983.0,China,Energy,Hangke Technology,China-Hangzhou,2026
cargill_macmillan_iii,Cargill Macmillan III,卡吉尔·麦克米伦三世,Male,,United States,Agriculture,Cargill,USA-Boulder,2026
carl_bennet,Carl Bennet,卡尔·贝内特,Male,1951.0,Sweden,Investments,Lifco,Sweden-Getinge,2026
carl_cook,Carl Cook,卡尔·库克,Male,1962.0,United States,Healthcare,Cook Group,USA-Bloomington,2026
carl_desantis,Carl DeSantis,Carl DeSantis,Male,1939.0,United States,Food & Beverages,Celsius Holdings,USA-Delray Beach,2023
carl_douglas,Carl Douglas,卡尔·道格拉斯,Male,,Sweden,Investments,Investment AB Latour,Sweden-Stockholm,2026
carl_ferdinand_oetker,Carl Ferdinand Oetker,卡尔·费迪南德·欧特克,Male,,Germany,Food & Beverages,Dr. Oetker,Germany-Bielefeld,2026
carl_h_lindner_iii,Carl H. Lindner III,Carl H. Lindner III,,,,Financial Services,American Financial Group,USA-Cincinnati,2026
carl_icahn,Carl Icahn,卡尔·伊坎,Male,1936.0,United States,Financial Services,Icahn Enterprises,USA-Indian Creek,2026
carl_lg_hansen,Carl LG Hansen,Carl LG Hansen,Male,1975.0,Canada,Biotechnology,AbCellera,Canada-Vancouver,2022
carl_thoma,Carl Thoma,Carl Thoma,Male,1947.0,United States,Financial Services,Thoma Bravo,USA-Dallas,2026
carlie_irsay_gordon,Carlie Irsay-Gordon,Carlie Irsay-Gordon,Female,1981.0,United States,Media & Entertainment,Indiana Colts,USA-Indianapolis,2026
carlo_benetton,Carlo Benetton,,,,,Single Brand Retailing,Benetton ,,2018
carlo_fidani,Carlo Fidani,卡洛·菲达尼,Male,,Canada,Real Estate,Orlando Corporation,Canada-Toronto,2026
carlo_rosa,Carlo Rosa,Carlo Rosa,Male,1967.0,Italy,Biotechnology,DiaSorin,Italy-Saluggia,2022
carlo_solari_donaggio,Carlo Solari Donaggio ,,,,,Retail,SACI Falabella,,2018
carlos_alberto_sicupira,Carlos Alberto Sicupira,卡洛斯·阿尔伯托·斯库彼拉,Male,1948.0,Brazil,Investments,3G Capital,Switzerland-St Gallen,2026
carlos_ardila_lulle,Carlos Ardila Lulle,卡洛斯·阿迪拉·卢勒,Male,,Colombia,Food & Beverages,Organizacion Ardila Lulle,,2021
carlos_fernandez_gonzalez,Carlos Fernández González,卡洛斯·费尔南德斯·冈萨雷斯,Male,1966.0,Mexico,Food & Beverages,AmRest,Mexico-Mexico City,2024
carlos_hank_rhon,Carlos Hank Rhon,卡洛斯·汉克·罗恩,Male,,Mexico,Financial Services,Grupo Financiero Banorte,Mexico-Mexico City,2026
carlos_march_delgado,Carlos March Delgado,Carlos March Delgado,Male,1945.0,Spain,Financial Services,Banca March,Spain-Palma de Mallorca,2026
carlos_pires_oliveira_dias,Carlos Pires Oliveira Dias,Carlos Pires Oliveira Dias,,,,Retail,Raia Drogasil,Brazil-Sao Paulo,2026
carlos_rodriguez_pastor,Carlos Rodriguez Pastor,卡洛斯·罗德里格斯·帕斯托,Male,,Peru,Financial Services,Banco Internacional Del Peru,Peru-Lima,2026
carlos_sanchez,Carlos Sanchez,Carlos Sanchez,Male,1962.0,Brazil,Healthcare,EMS,Brazil-Santo Andre,2026
carlos_slim_helu,Carlos Slim Helu,卡洛斯·斯利姆·埃卢,Male,1940.0,Mexico,Telecommunications,America Movil,Mexico-Mexico City,2026
carlos_slim_helu_family,Carlos Slim Helu family,,Male,1940.0,,Telecom,America Movil,,2016
carmen_daurella_aguilera,Carmen Daurella Aguilera,Carmen Daurella Aguilera,Female,,Spain,Food & Beverages,Coca-Cola European Partners,Spain-Barcelona,2026
carmen_thyssen_bornemisza,Carmen Thyssen-Bornemisza,Carmen Thyssen-Bornemisza,Female,1944.0,Spain,Investments,Art Collector,Andorra-Sant Feliu de Guíxols,2026
carol_jenkins_barnett,Carol Jenkins Barnett,,,,,Retail,Publix,,2018
caroline_hagen_kjos,Caroline Hagen Kjos,Caroline Hagen Kjos,,,,Consumer Goods,Orkla ASA,Norway,2025
carolus_nolet,Carolus Nolet & Family,,,,,Food & Beverages,Ketel One,,2018
carolyn_rafaelian,Carolyn Rafaelian,卡罗琳·拉斐里安,Female,,United States,Jewellery,Alex and Ani,,2019
carrie_perrodo,Carrie Perrodo,凯莉·佩罗多,Male,,United Kingdom,Energy,Perenco,UK-London,2026
carson_brice,Carson Brice,Carson Brice,,,,Financial Services,First Citizens Bank,USA-Raleigh,2026
carsten_koerl,Carsten Koerl,Carsten Koerl,Male,1964.0,Switzerland,Media & Entertainment,Sportradar,Switzerland-Zurich,2026
carsten_maschmeyer,Carsten Maschmeyer,Carsten Maschmeyer,Male,1960.0,Germany,Investments,Maschmeyer Group,Germany-Munich,2026
casey_foyt,Casey Foyt,Casey Foyt,Female,1983.0,United States,Media & Entertainment,Indiana Colts,USA-Carmel,2026
caspar_callerstrom,Caspar Callerström,Caspar Callerström,,,,Financial Services,EQT AB,Sweden,2025
caspar_coppetti,Caspar Coppetti,Caspar Coppetti,Male,1976.0,Switzerland,Apparel & Textile Products,On Holding,Switzerland-Zurich,2022
catheline_perier_d_ieteren,Catheline Perier D'Ieteren,Catheline Perier D'Ieteren,Female,1944.0,Belgium,Automobile & Auto Components,D'Ieteren,Belgium-Brussels,2026
catherine_commisso,Catherine Commisso,Catherine Commisso,Female,1899.0,United States,Telecommunications,Mediacom Communication,USA-Saddle River,2026
catherine_dorrance_malone,Catherine Dorrance Malone,Catherine Dorrance Malone,Female,1984.0,United States,Food & Beverages,Campbell's,USA-Wellington,2026
catherine_lozick,Catherine Lozick,凯瑟琳·洛兹克,Female,,United States,Industrial Products,Swagelok,Florida,2025
catherine_oeri,Catherine Oeri,凯瑟琳·奥瑞,Female,,Switzerland,Healthcare,Roche,Switzerland-Basel,2026
catherine_phillips,Catherine Phillips,Catherine Phillips,,,,Software & Services,Shopify,Canada-Toronto,2026
cc_leung,CC Leung,梁次震,,,,Consumer Goods,Quanta Computer,China-Taoyuan,2026
cc_paarthipan,CC Paarthipan,CC Paarthipan,Male,,India,Healthcare,Caplin Point Laboratories,India-Chennai,2026
ceasar_beltrao_de_almeida,Ceasar Beltrao De Almeida & Family,,,,,Logistics,Ecorodovias,,2018
cecilia_morel,Cecilia Morel,Cecilia Morel,Female,,Chile,Aerospace & Defence,LATAM,Chile-Santiago,2026
cen_junda,Cen Junda,岑均达,Male,,China,Healthcare,"Hengrui, Hansoh",China-Lianyungang,2026
cen_zhaoxiong,Cen Zhaoxiong,岑钊雄,Male,1970.0,China,Real Estate,Times China,China-Guangzhou,2023
cen_zhaoxiong_li_yiping,Cen Zhaoxiong & Li Yiping,,,,,Real estate,Age Gardens,,2018
chad_r_richison,Chad R. Richison,乍得·里奇森,Male,,United States,Software & Services,Paycom Software,USA-Edmond,2026
chaim_katzman,Chaim Katzman,,,,,Retail,Gazit-Globe,,2018
chairul_tanjung,Chairul Tanjung,凯鲁·丹绒,Male,1962.0,Indonesia,Financial Services,CT Corp,Indonesia-Jakarta,2026
chaitanya_narendra_desai,Chaitanya Narendra Desai,Chaitanya Narendra Desai,,,,Chemicals,Apar Industries,India-Mumbai,2026
chalerm_yoovidhya,Chalerm Yoovidhya,许书恩,Male,,Thailand,Food & Beverages,Red Bull,Thailand-Bangkok,2026
chamnong_bhirombhakdi,Chamnong Bhirombhakdi & family,,,,,Food & Beverages,Boon Rawd Brewery,,2017
chan_hung_ming,Chan Hung Ming,陈孔明,Male,1954.0,Hong Kong,Construction & Engineering,Grand Ming,China-Hong Kong,2022
chan_shirong,Chan Shirong,陈仕荣,Male,,Taiwan,Consumer Goods,Feng Tay,China-Douliu,2026
chan_tan_ching_fen,Chan Tan Ching Fen,陈谭庆芬,Female,,Hong Kong,Real Estate,Hang Lung,China-Hong Kong,2026
chandrakant_vallabhaji_gogri,Chandrakant Vallabhaji Gogri,Chandrakant Vallabhaji Gogri,Male,1946.0,India,Specialty Chemicals,Aarti Industries,India-Mumbai,2022
chandramogan_rg,Chandramogan Rg ,,,,,FMCG,Hatsun Agro,,2018
chandru_raheja,Chandru Raheja,昌德·拉赫亚,Male,,India,Real Estate,K Raheja,India-Mumbai,2026
chang_byung_gyu,Chang Byung-gyu,Chang Byung-gyu,Male,1974.0,South Korea,Software & Services,Krafton,South Korea-Seoul,2026
chang_chih_yang,Chang-Chih Yang,杨长基,Male,,Taiwan,Industrial Products,Gold Circuit,China-Taoyuan,2026
chang_chung_hsing,Chang Chung Hsing,张重兴,,,,Industrial Products,Apex Dynamics,China-Taichung,2026
chang_jianming,Chang Jianming,常建鸣,Male,1965.0,,Industrial Products,Moons,China-Shanghai,2026
chang_jing,Chang Jing,昌敬,Male,1982.0,,Consumer Goods,Roborock Technology,China-Beijing,2026
chang_kuo_hua,Chang Kuo-hua,张国华,Male,1955.0,Taiwan,Transportation & Logistics,Evergreen,China-Taipei,2026
chang_pyung_soon,Chang Pyung-soon,Chang Pyung-soon,Male,1951.0,South Korea,Education & Training,Kyowon Group,South Korea-Seoul,2026
chang_tung_chin,Chang Tung-Chin,张东琴,,1963.0,China,Industrial Products,Long Young,China-Suzhou,2026
chang_yun_chung,Chang Yun Chung,张允中,Male,,Singapore,Logistics,Pacific International Lines,Shandong-Yantai,2020
chao_chung_hsin,Chao Chung-Hsin,赵宗信,,,,Industrial Products,Jentech,China-Taoyuan,2026
chao_shoubai,Chao Shoubai,巢守柏,Male,1963.0,,Biotechnology,CanSino Biologics,Tianjin-Tianjin,2021
chao_teng_hsiung,Chao Teng-Hsiung,赵藤雄,Male,,Taiwan,Real Estate,Farglory,China-Taipei,2026
chao_yung_tsang,Chao Yung-Tsang,赵永昌,,,,Industrial Products,Jentech,China-Taoyuan,2026
charlene_carvalho,Charlene Carvalho,夏琳·卡瓦略,Female,1954.0,United Kingdom,Food & Beverages,Heineken,UK-London,2026
charles_brandes,Charles Brandes,查尔斯·布兰德斯,Male,,United States,Financial Services,Brandes Investment Partners,USA-San Diego,2024
charles_bronfman,Charles Bronfman,查尔斯·布朗夫曼,Male,1931.0,Canada,Food & Beverages,Seagram,USA-Palm Beach,2026
charles_butt,Charles Butt,查尔斯·巴特,Male,1938.0,United States,Retail,H-E-B Store,USA-San Antonio,2026
charles_cadogan,Charles Cadogan,查尔斯·卡多根,Male,1937.0,United Kingdom,Real Estate,Cadogan Estates,UK,2025
charles_cayzer,Charles Cayzer,Charles Cayzer,Male,,United Kingdom,Investments,Caledonia Investments,UK-London,2026
charles_dolan,Charles Dolan,查尔斯·多兰,Male,1926.0,United States,Media & Entertainment,MSG Sports,USA-New York,2024
charles_dunstone,Charles Dunstone,Charles Dunstone,Male,1965.0,United Kingdom,Telecommunication,TalkTalk Telecom,,2020
charles_edelstenne,Charles Edelstenne,查尔斯·埃德尔斯坦,Male,1938.0,France,Aerospace & Defence,Dassault Systèmes,France-Paris,2026
charles_ergen,Charles Ergen,查尔斯·厄尔根,Male,1953.0,United States,Media & Entertainment,EchoStar,USA-Denver,2026
charles_gibbon,Charles Gibbon,Charles Gibbon,,,,Software & Services,WiseTech Global,Australia-Bellawongarah,2026
charles_johnson,Charles Johnson,查尔斯·约翰逊,Male,1933.0,United States,Financial Services,Franklin Resources,USA-Palm Beach,2026
charles_koch,Charles Koch,查尔斯·科赫,Male,1935.0,United States,Energy,Koch Industries,USA-Wichita,2026
charles_liang,Charles Liang,Charles Liang,,,,Software & Services,Supermicro,USA-San Jose,2026
charles_mills,Charles Mills,Charles Mills,Male,1961.0,United States,Healthcare,Medline,USA-Winnetka,2026
charles_munger,Charles Munger,,,,,Investments,Berkshire Hathaway,,2018
charles_ruggieri,Charles Ruggieri,Charles Ruggieri,Male,1948.0,France,Real Estate,Batipart,France-Paris,2023
charles_schwab,Charles Schwab,查尔斯·施瓦布,Male,1937.0,United States,Financial Services,Charles Schwab,USA-San Francisco,2026
charles_simonyi,Charles Simonyi,查尔斯·西蒙尼,Male,1948.0,United States,Software & Services,Microsoft,USA-Medina,2026
charles_zegar,Charles Zegar,查尔斯·泽加尔,Male,,United States,Financial Services,Bloomberg,USA-New York,2026
charlie_munger,Charlie Munger,查尔斯·芒格,Male,,United States,Investments,Berkshire Hathaway,USA-Los Angeles,2023
charlotte_colket_weber,Charlotte Colket Weber,Charlotte Colket Weber,Female,1943.0,United States,Food & Beverages,Campbell's,USA-Hobe Sound,2026
charlotte_goh,Charlotte Goh,Charlotte Goh,Female,1989.0,Singapore,Construction & Engineering,Nippon Paints,Singapore-Singapore,2026
charlotte_soderstrom,Charlotte Soderstrom,夏洛特·索德斯特伦,Female,,Sweden,Apparel & Accessories,H&M,,2021
charoen_sirivadhanabhakdi,Charoen Sirivadhanabhakdi,苏旭明,Male,1944.0,Thailand,Food & Beverages,Thai Beverage,Thailand-Bangkok,2026
chase_coleman_iii,"Chase Coleman, III","Chase Coleman, III",Male,1976.0,United States,Financial Services,Tiger Global Management,USA-New York,2026
chatchai_kaewbootta,Chatchai Kaewbootta,Chatchai Kaewbootta,Male,1952.0,Thailand,Financial Services,Srisawad,Thailand-Bangkok,2024
chatri_sophonpanich,Chatri Sophonpanich,,,,,Banking,Bangkok Life Assurance,,2018
chau_cheok_wa,Chau Cheok Wa,,,,,Casinos,Suncity,,2018
che_fengsheng,Che Fengsheng,车冯升,Male,1962.0,China,Healthcare,Sihuan Pharm,China-Beijing,2026
che_jianxing,Che Jianxing,车建兴,Male,1966.0,China,Retail,Macalline,China-Shanghai,2023
che_jianxing_chen_shuhong,Che Jianxing & Chen Shuhong,,,,,Retail,Redstar Furniture,,2017
cheah_cheng_hye,Cheah Cheng Hye,Cheah Cheng Hye,Male,1954.0,Hong Kong,Investments,Value Partners Group,China-Hong Kong,2026
chee_chen_tung,Chee Chen Tung,汪顾亦珍,Female,,Hong Kong,Industrial Products,Johnson Electric,China-Hong Kong,2026
chelia_cohen_safra,Chelia Cohen Safra,切莉亚·科恩·萨夫拉,Male,,Brazil,Investments,Investments,Brazil-Sao Paulo,2026
chen_ailian,Chen Ailian,陈爱莲,Male,1958.0,China,Automobile & Auto Components,Zhongbao,China-Shaoxing,2026
chen_ailian_wu_liangding,Chen Ailian & Wu Liangding,,,,,Automobile parts,Zhongbao ,,2018
chen_ailing,Chen Ailing,陈爱玲,Female,1967.0,China,Software & Services,Dahua Technology,China-Hangzhou,2026
chen_bang,Chen Bang,陈邦,Male,1965.0,China,Healthcare,Aier Ophthalmology,China-Changsha,2026
chen_bangdong,Chen Bangdong,陈邦栋,Male,1970.0,,Industrial Products,Sieyuan,China-Shanghai,2026
chen_baohua,Chen Baohua,陈保华,Male,1962.0,China,Healthcare,Huahai Pharmaceutical,China-Taizhou,2023
chen_baozhen,Chen Baozhen,,,,,TMT,Wangsu Science & Technology,,2017
chen_bo_zhang_liang,Chen Bo & Zhang Liang,,,,,"Automobile manufacturing, Games",Justo,,2018
chen_chenghui,Chen Chenghui,陈成辉,Male,1960.0,China,Industrial Products,Kelong Albert,China-Xiamen,2026
chen_chunmei,Chen Chunmei,陈春梅,Female,1965.0,Hong Kong,Consumer Goods,Hikvision,China-Hong Kong,2026
chen_dakui,Chen Dakui & family,,,,,Manufacturing,Zhongda Polyolefin Shrink Film,,2017
chen_danian,Chen Danian,陈大年,Male,1978.0,China,Software & Services,Zenmen,China-Shanghai,2026
chen_dejun,Chen Dejun,陈德军,Male,1970.0,China,Transportation & Logistics,Shentong Express,China-Shanghai,2026
chen_dongsheng,Chen Dongsheng,陈东升,Male,1957.0,China,Financial Services,Taikang,China-Beijing,2026
chen_fashu,Chen Fashu,陈发树,Male,1961.0,China,Healthcare,Xinhuadu,China-Fuzhou,2026
chen_feng,Chen Feng,陈峰,Male,1953.0,China,Investments,HNA,Hainan-Haikou,2020
chen_gang,Chen Gang,陈刚,Male,1968.0,,Energy,Aikosolar,China-Shanghai,2026
chen_guodong,Chen Guodong,陈国栋,Male,1963.0,China,Consumer Goods,Laopu Gold,China-Beijing,2026
chen_guoxiang,Chen Guoxiang,陈国祥,Male,1951.0,China,Developer,Xiangsheng ,Zhejiang-Shaoxing,2021
chen_guoying,Chen Guoying,陈国鹰,Male,1963.0,China,Software & Services,Guomai,China-Fuzhou,2026
chen_haibin,Chen Haibin,陈海斌,Male,1969.0,China,Healthcare,Dian Diagnostics,Zhejiang-Hangzhou,2021
chen_hongdao,Chen Hongdao,陈鸿道,Male,,Hong Kong,Food & Beverages,JDB,Beijing-Beijing,2019
chen_hongtian,Chen Hongtian,陈红天,Male,1959.0,China,Real Estate,Cheung Kei,China-Hong Kong,2023
chen_hongtian_yao_lini,Chen Hongtian & Yao Lini,,,,,"Investment, Real estate",Cheung Kei,,2018
chen_hua,Chen Hua,陈华,Male,1966.0,China,Real Estate,Kingkey,China-Shenzhen,2026
chen_hui,Chen Hui,陈慧,,,,Chemicals,Tinfulong,China-Yangzhou,2026
chen_huwen,Chen Huwen,陈湖文,Male,1970.0,China,Consumer Goods,M&G Stationery,China-Shanghai,2026
chen_huxiong,Chen Huxiong,陈湖雄,Male,1970.0,China,Consumer Goods,M&G Stationery,China-Shanghai,2026
chen_jiancheng,Chen Jiancheng,陈建成,Male,1959.0,China,Industrial Products,Wolong,China-Shaoxing,2026
chen_jiancheng_chen_yanni,Chen Jiancheng & Chen Yanni,,,,,"Electrical equipment, real estate",Wolong  ,,2018
chen_jiangtao,Chen Jiangtao,,,,,TMT,Watertek,,2018
chen_jianhua,Chen Jianhua,陈建华,Male,1971.0,China,Chemicals,Hengli,China-Suzhou,2026
chen_jianhua_fan_hongwei,Chen Jianhua & Fan Hongwei,,,,,Textiles,Wujiang Henli Chemical Fibre,,2018
chen_jianmin,Chen Jianmin,陈健民,Male,,China,Developer,Guangda ,China-Dongguan,2022
chen_jianming,Chen Jianming,陈建铭,Male,1956.0,China,Shipping,Sansheng-Hongye ,Shanghai-Shanghai,2019
chen_jianwei,Chen Jianwei,陈建伟,Male,1962.0,Hong Kong,Telecommunications,East Point,China-Hong Kong,2026
chen_jinfa,Chen Jinfa,陈金法,,,,Software & Services,Longhorn,China-Shenzhen,2026
chen_jinghong,Chen Jinghong,陈竞宏,Male,1946.0,China,Automobile & Auto Components,Huada,China-Taizhou,2026
chen_jingye,Chen Jingye,陈精业,,,,Media & Entertainment,Sea,Singapore-Singapore,2026
chen_jinshi,Chen Jinshi,陈锦石,Male,1962.0,China,Construction & Engineering,Zhongnan,China-Nantong,2022
chen_jinsong_tong_jie,Chen Jinsong & Tong Jie,,,,,Real estate,Worldunion,,2018
chen_jinxia,Chen Jinxia,陈金霞,Female,1968.0,China,Investments,Yongjin,China-Shanghai,2026
chen_kaichen,Chen Kaichen,陈凯臣,Male,,China,Consumer Goods,Liby,China-Guangzhou,2026
chen_kaixuan,Chen Kaixuan,陈凯旋,Male,1958.0,China,Consumer Goods,Liby,China-Guangzhou,2026
chen_kangping,Chen Kangping,陈康平,Male,1973.0,,Energy,Jinko,China-Shanghai,2026
chen_liang,Chen Liang,陈亮,Male,1969.0,China,Chemicals,Guangwei Composites,Shandong-Weihai,2021
chen_lihua,Chen Lihua,陈丽华,Female,1941.0,China,Real Estate,Fu Wah,China-Beijing,2026
chen_lili,Chen Lili,程立力,Male,1965.0,China,Agriculture,Lihua,China-Changzhou,2026
chen_lin,Chen Lin,陈林,Male,1975.0,China,Healthcare,Wego,China-Weihai,2026
chen_liying,Chen Liying,陈立英,Female,1975.0,China,Transportation & Logistics,Yunda,China-Shanghai,2026
chen_lu,Chen Lu,陈鲁,Male,1977.0,China,Semiconductors,Skyverse,China-Shenzhen,2026
chen_miaolin,Chen Miaolin,陈妙林,Male,1952.0,China,Real Estate,New Century Tourism,China-Hangzhou,2022
chen_min,Chen Min,陈敏,Male,,,Industrial Products,Transimage,China-Yangzhou,2023
chen_mingyong,Chen Mingyong,陈明永,Male,1969.0,China,Consumer Goods,OPPO,China-Dongguan,2026
chen_ning,Chen Ning,陈宁,Male,1975.0,China,Software & Services,Intellifusion,China-Shenzhen,2026
chen_ningning,Chen Ningning,陈宁宁,Female,1971.0,Hong Kong,Metals & Mining,Pioneer Metals,China-Hong Kong,2026
chen_qiaoyun,Chen Qiaoyun,陈巧云,Female,,Hong Kong,Estate Holding,Huijing,China-Hong Kong,2022
chen_qingcai,Chen Qingcai,陈庆财,Male,1959.0,China,Chemicals,Aosaikang,China-Nanjing,2026
chen_qingfeng,Chen Qingfeng,陈清锋,,1971.0,,Software & Services,Longhorn,China-Shenzhen,2026
chen_qingzhou,Chen Qingzhou,陈清州,Male,1965.0,China,Telecommunications,Hytera,China-Shenzhen,2026
chen_qingzhou_weng_limin,Chen Qingzhou & Weng Limin,,,,,Wireless services,Hytera,,2018
chen_qiongxiang,Chen Qiongxiang,陈琼香,Male,,China,Energy,CATL,China-Ningde,2026
chen_qixing,Chen Qixing,陈奇星,Male,1959.0,China,Industrial Products,Changying,China-Shenzhen,2026
chen_rong,Chen Rong,陈荣,Male,1960.0,China,Investments,Shanghai Zhonglu ,Guangdong-Shenzhen,2020
chen_rongji,Chen Rongji,陈荣姬,Female,1967.0,China,Industrial Products,Nanomicro,China-Suzhou,2023
chen_ruhua,Chen Ruhua,陈汝华,Male,,China,Chemicals,Fuhai,China-Dongying,2022
chen_rui,Chen Rui,陈睿,Male,1978.0,China,Media & Entertainment,Bilibili,China-Shanghai,2026
chen_runguang,Chen Runguang,陈润光,Male,1953.0,China,Developer,Guangda ,China-Dongguan,2022
chen_runguang_chen_jianming,Chen Runguang & Chen Jianming,,,,,Real estate,Guangda ,,2018
chen_sheng,Chen Sheng,陈生,Male,1962.0,China,Beverages,TIANDI NO.1,Guangdong-Jiangmen,2021
chen_shengqiang,Chen Shengqiang,陈生强,Male,1976.0,,Software & Services,JD Digits,China-Beijing,2023
chen_shibin,Chen Shibin,陈士斌,Male,1966.0,China,Metals & Mining,Pacific Quartz,China-Lianyungang,2026
chen_shiliang,Chen Shiliang,陈士良,Male,1963.0,China,Chemicals,Zhejiang Tongkun,China-Jiaxing,2026
chen_shyan_tser,Chen Shyan Tser,陈贤哲,Male,1953.0,Taiwan,Investments,Polaris,China-Taipei,2026
chen_tao,Chen Tao,陈涛,Male,1972.0,China,Industrial Products,Victory Giant,China-Huizhou,2026
chen_tei_fu,Chen Tei-Fu,陈得福,Male,1948.0,United States,Healthcare,Sunrider,USA-Los Angeles,2026
chen_tianqiao,Chen Tianqiao,陈天桥,Male,1973.0,Singapore,Investments,Shanda,USA-Atherton,2026
chen_tianqiao_luo_qianqian,Chen Tianqiao & Luo Qianqian,,,,,Investments,Shanda ,,2018
chen_tianshi,Chen Tianshi,陈天石,Male,1985.0,China,Semiconductors,Cambricon,China-Beijing,2026
chen_wang_tsai_yun,Chen Wang Tsai-Yun,陈王彩云,Female,,Taiwan,Apparel & Accessories,Feng Tay ,Chinese Taipei-Douliou,2021
chen_weiliang,Chen Weiliang,陈维良,Male,1975.0,China,Semiconductors,Metax,China-Shanghai,2026
chen_weizhong,Chen Weizhong,陈伟忠,Male,1964.0,China,Construction Materials,Keshun Waterproof Technologies,China-Foshan,2022
chen_wen_chi,Chen Wen-Chi,陈文琦,Female,1955.0,Taiwan,Semiconductors,HTC,Taiwan-Taoyuan,2025
chen_wenbin,Chen Wenbin,陈文彬,Male,,"Shanghai, China",Software & Services,Jf Smartinvest,China-Shanghai,2026
chen_wenyuan,Chen Wenyuan,陈文源,Male,1968.0,China,Industrial Products,HYC,China-Suzhou,2026
chen_xi,Chen Xi,陈曦,,1987.0,China,Industrial Products,Changying,China-Shenzhen,2026
chen_xianbao,Chen Xianbao,陈先保,Male,1959.0,China,Food & Beverages,Hefei Huatai,China-Hefei,2026
chen_xiangdong,Chen Xiangdong,陈向东,Male,1971.0,China,Education,Genshuixue,Beijing-Beijing,2021
chen_xiaohong,Chen Xiaohong,陈晓红,Male,1968.0,China,Construction,Glodon,Beijing-Beijing,2021
chen_xiaoqin,Chen Xiaoqin,陈小琴,Female,1971.0,China,Industrial Products,Shemar,China-Shanghai,2026
chen_xiaoying,Chen Xiaoying,陈小英,Male,1976.0,China,Logistics and Shipping,Shentong Express,Shanghai-Shanghai,2020
chen_xiaxin,Chen Xiaxin,陈夏鑫,Male,1962.0,China,Equipments,Xizi ,Zhejiang-Hangzhou,2021
chen_xiulan,Chen Xiulan,陈秀兰,Female,,China,Retail,Laobaixing,China-Changsha,2023
chen_xuanlin,Chen Xuanlin,陈炫霖,Male,,,Investments,CCI China,China-Shanghai,2022
chen_xuehua,Chen Xuehua,陈雪华,Male,1961.0,China,Metals & Mining,Huayou Cobalt,China-Jiaxing,2026
chen_xueli,Chen Xueli,陈学利,Male,1951.0,China,Healthcare,Wego,China-Weihai,2026
chen_xueling,Chen Xueling,陈雪玲,Male,1967.0,China,Consumer Goods,M&G Stationery,China-Shanghai,2023
chen_yanni,Chen Yanni,陈嫣妮,Female,1982.0,China,Industrial Products,Wolong,China-Shaoxing,2026
chen_yanni_2,Chen Yanni,陈燕霓,Female,1965.0,China,Healthcare,Wolwo Pharma,China-Huzhou,2026
chen_yansheng,Chen Yansheng,陈雁升,Male,1970.0,China,Chemicals,Rastar,China-Shantou,2022
chen_yansheng_chen_dongqiong,Chen Yansheng & Chen Dongqiong,,,,,Car model,Rastar,,2018
chen_yidan,Chen Yidan,陈一丹,Male,1971.0,China,Media & Entertainment,Tencent,China-Shenzhen,2026
chen_yihong,Chen Yihong,陈义红,Male,1958.0,China,Apparel,China Dongxiang,Beijing-Beijing,2019
chen_yin,Chen Yin,陈寅,Male,1973.0,China,Industrial Products,Globe,China-Changzhou,2023
chen_yinhe,Chen Yinhe,陈银河,Male,1974.0,China,Services,Milkyway,China-Shanghai,2023
chen_yiy_fon,Chen Yiy Fon,Chen Yiy Fon,Male,,Cambodia,Media & Entertainment,NagaCorp,Cambodia--,2024
chen_yiy_hwuan,Chen Yiy Hwuan,Chen Yiy Hwuan,Male,,Cambodia,Media & Entertainment,NagaCorp,Cambodia--,2024
chen_youxing,Chen Youxing,陈幼兴,Male,1961.0,,Semiconductors,StarPower Semiconductor,China-Jiaxing,2023
chen_yue,Chen Yue,陈跃,,1959.0,,Aerospace & Defence,North Long Dragon,China-Beijing,2026
chen_yung_tai,Chen Yung-Tai,陈永泰,Male,,Taiwan,Consumer Goods,Aurora,China-Taipei,2026
chen_yuwen,Chen Yuwen,陈宇文,Male,1985.0,China,Cosmetics,Yatsen,Guangdong-Guangzhou,2021
chen_yuxuan,Chen Yuxuan,陈育宣,Male,1966.0,China,Industrial Products,Electric Connector,China-Shenzhen,2026
chen_zemin,Chen Zemin,陈泽民,Male,1943.0,China,Food & Beverages,Sanquan Food,China-Zhengzhou,2023
chen_zhe,Chen Zhe,陈喆,Male,1963.0,,Software & Services,Sgsg,Guangdong-Zhuhai,2025
chen_zhilie,Chen Zhilie,陈志列,Male,1963.0,China,Industrial Products,Evoc,China-Shenzhen,2026
chen_zhilie_wang_rong,Chen Zhilie & Wang Rong,,,,,Computer industry ,Evoc,,2018
chen_zhiping,Chen Zhiping,陈志平,Male,1976.0,,Consumer Goods,Smoore,China-Shenzhen,2026
chen_zhisheng,Chen Zhisheng,陈智胜,Male,1973.0,China,Healthcare,Wuxi Biologics,China-Wuxi,2023
chen_zhisong,Chen Zhisong,陈智松,Male,1966.0,China,Software & Services,Yealink,China-Xiamen,2026
chen_zhuolin,Chen Zhuolin,陈卓林,Male,1962.0,China,Investments,Agile,Guangdong-Guangzhou,2025
chen_zhuolin_lu_qianfang,Chen Zhuolin & Lu Qianfang,,,,,Real Estate,Agile Property,,2018
chen_zhuonan,Chen Zhuonan,陈卓南,Male,1963.0,China,Developer,Agile,Guangdong-Zhongshan,2021
chen_zhuoxi,Chen Zhuoxi,陈卓喜,Male,1958.0,China,Developer,Agile,Guangdong-Zhongshan,2021
chen_zhuoxian,Chen Zhuoxian,陈卓贤,Male,1967.0,China,Real Estate,Agile,China-Guangzhou,2023
chen_zhuoxiong,Chen Zhuoxiong,陈卓雄,Male,1957.0,China,Developer,Agile,Guangdong-Zhuhai,2021
cheng_caixia,Cheng Caixia,程彩霞,Female,1979.0,China,Industrial Products,Bozhon Precision,China-Suzhou,2026
cheng_cheng,Cheng Cheng,郑正,Male,,Taiwan,Chemicals,Chang Chun,China-Taipei,2026
cheng_ruoqiong,Cheng Ruoqiong,程若琼,Female,,China,Healthcare,Qizheng Pharmaceutical,China-Nyingchi,2026
cheng_sanrong,Cheng Sanrong,成三荣,Male,1963.0,,Automobile & Auto Components,Huguang,China-Suzhou,2026
cheng_wei,Cheng Wei,程维,Male,1983.0,China,Transportation & Logistics,Didi,China-Beijing,2026
cheng_xianfeng,Cheng Xianfeng,程先锋,Male,1968.0,China,Healthcare,Yifan Xinfu Pharmaceutical,China-Hangzhou,2026
cheng_xue,Cheng Xue,程雪,Female,1970.0,China,Food & Beverages,Foshan Haitian Flavoring and Food,China-Foshan,2026
cheng_yixiao,Cheng Yixiao,程一笑,Male,1985.0,China,Media & Entertainment,Kuaishou Technology,China-Beijing,2026
cheng_yong,Cheng Yong,程涌,Male,1974.0,China,Industrial Products,Aoshikang,China-Shenzhen,2026
cheng_yu_tung,Cheng Yu-tung ,,Male,1925.0,,Jewellery,New World / Chow Tai Fook,,2015
cheng_zhangwen,Cheng Zhangwen,程章文,Male,1965.0,China,Industrial Products,Neway,China-Suzhou,2026
cheng_zhenghui,Cheng Zhenghui,成正辉,Male,1964.0,China,Healthcare,Apt Medical,China-Shenzhen,2026
cheong_chiu_ying,Cheong Chiu Ying,张俏英,Male,1956.0,Hong Kong,Manufacturing,L.K.,China-Hong Kong,2022
cher_wang,Cher Wang,王雪红,Male,1958.0,Taiwan,Semiconductors,HTC,Taiwan-Taoyuan,2025
chey_tae_won,Chey Tae Won,崔泰源,Male,1960.0,South Korea,Energy,SK,South Korea-Seoul,2026
chi_yufeng,Chi Yufeng,池宇峰,Male,1971.0,China,Media & Entertainment,Perfect World,China-Beijing,2026
chiang_tsui_ying,Chiang Tsui-Ying,蒋翠英,Female,,,Industrial Products,Largan,China-Taichung,2026
chiao_yu_lon,Chiao Yu-Lon,焦佑伦,Male,1958.0,Taiwan,Semiconductors,Walsin Lihwa,China-Taipei,2026
chin_jong_hwa,Chin Jong-Hwa,秦荣华,Male,,China,Automobile & Auto Components,Minth,China-Zhejiang-Ningbo,2024
chirayu_r_amin,Chirayu R Amin,奇拉尤·拉明,Male,,India,Healthcare,Alembic Pharmaceuticals,India-Mumbai,2026
chizuko_matsui,Chizuko Matsui,松井千鹤子,Female,,Japan,Broking,Matsui Securities,Japan-Tokyo,2022
chizuko_michio_matsui,Chizuko & Michio Matsui,,,,,Financial Services,Matsui Securities,,2018
cho_chang_gul,Cho Chang-Gul,,,,,Consumer Durables ,Hanssem,,2018
cho_jung_ho,Cho Jung-Ho,赵贞镐,Male,1958.0,South Korea,Financial Services,Meritz Financial,South Korea-Seoul,2026
cho_jyh_jer,Cho Jyh-jer,卓志哲,Male,,Taiwan,Semiconductors,Media Tek,China-Hsinchu,2026
cho_yang_rai,Cho Yang Rai,,,,,Manufacturing,Hankook Tires,,2018
choo_chong_ngen,Choo Chong Ngen,周崇恩,Male,,Singapore,Hospitality,Hotel 81,Singapore-Singapore,2026
chow_shing_yuk,Chow Shing Yuk,周胜馥,Male,1977.0,Hong Kong,Transportation & Logistics,Lalatech,China-Hong Kong,2026
chris_ellison,Chris Ellison,Chris Ellison,Male,1958.0,Australia,Metals & Mining,Mineral Resources,Australia-Perth,2026
chris_larsen,Chris Larsen,克里斯·拉森,Male,,United States,Blockchain,Ripple,USA-San Francisco,2026
chris_lin,Chris Lin,林鸿明,,,,Semiconductors,Aspeed,China-Hsinchu,2026
chris_oglesby,Chris Oglesby,Chris Oglesby,Male,1969.0,United Kingdom,Real Estate,Bruntwood,UK-Manchester,2022
chris_sacca,Chris Sacca,Chris Sacca,Male,1976.0,United States,Financial Services,Lowercase Capital,USA-Truckee,2023
chris_thomas,Chris Thomas,Chris Thomas,Male,1950.0,Australia,Food Processing,Thomas Food International,,2021
chris_urmson,Chris Urmson,Chris Urmson,Male,1976.0,United States,Transportation,Aurora Innovation,USA-Mountain View,2022
chris_wallin,Chris Wallin,Chris Wallin,Male,1953.0,Australia,Metals & Mining,QCoal,Australia-Brisbane,2026
chris_wanstrath,Chris Wanstrath,Chris Wanstrath,Male,1985.0,United States,Software & Services,GitHub,USA-San Francisco,2026
christian_angermayer,Christian Angermayer,Christian Angermayer,Male,1978.0,United Kingdom,Investments,Apeiron Investment Group,UK-London,2026
christian_bertermann,Christian Bertermann,Christian Bertermann,Male,1984.0,Germany,Automobile,Auto1,,2021
christian_birkenstock,Christian Birkenstock,Christian Birkenstock,Male,1973.0,Germany,Consumer Goods,Birkenstock,Austria-Kitzbuhel,2026
christian_boehringer,Christian Boehringer,Christian Boehringer,Male,1965.0,Germany,Healthcare,Boehringer Ingelheim,Germany-Ingelheim,2026
christian_chabot,Christian Chabot,Christian Chabot,,,,Investments,Investments,USA-Seattle,2026
christian_courtin_clarins,Christian Courtin-Clarins,Christian Courtin-Clarins,Male,,France,Consumer Goods,Clarins,France-Paris,2026
christian_haub,Christian Haub,克里斯蒂安·豪布,Male,,Germany,Retail,Tengelmann,Germany-Munich,2026
christian_latouche,Christian Latouche,Christian Latouche,Male,1941.0,France,Financial Services,Fiducial,France-Lyon,2026
christian_louboutin,Christian Louboutin,Christian Louboutin,,,,Consumer Goods,Christian Louboutin,France-Paris,2026
christian_oetker,Christian Oetker,克里斯蒂安·欧特克,Male,,Germany,Food & Beverages,Dr. Oetker,Germany-Bielefeld,2026
christian_sinding,Christian Sinding,Christian Sinding,Male,1973.0,Switzerland,Financial Services,EQT,Sweden-Stockholm,2026
christiane_schoeller,Christiane Schoeller,Christiane Schoeller,Female,,Germany,Media & Entertainment,Verlagsgruppe Georg Von Holtzbrinck,Germany-Stuttgart,2026
christina_flugel,Christina Flügel,Christina Flügel,Female,1975.0,Germany,Food & Beverages,Mast-Jägermeister,Germany-Wolfenbüttel,2026
christine_franken,Christine Franken,Christine Franken,Female,,Germany,Healthcare,Sartorius,Germany-Bovenden,2026
christine_volkmann,Christine Volkmann,,,,,Automotive Parts,Brose group,,2018
christoffel_wiese,Christoffel Wiese,克里斯托弗·威斯,Male,1941.0,South Africa,Retail,Pepkor retail,South Africa-Cape Town,2026
christoph_boehringer,Christoph Boehringer,Christoph Boehringer,Male,1970.0,Germany,Healthcare,Boehringer Ingelheim,Germany-Ingelheim,2026
christoph_henkel,Christoph Henkel,克里斯多夫·汉高,Male,,United Kingdom,Consumer Goods,Henkel,UK-London,2026
christoph_zeller,Christoph Zeller,克里斯多夫·泽勒,Male,,Liechtenstein,Healthcare,Ivoclar Vivadent,Liechtenstein-Vaduz,2026
christopher_chandler,Christopher Chandler,克里斯托弗·钱德勒,Male,,United Arab Emirates,Investments,Legatum Group,UAE-Dubai,2023
christopher_cline,Christopher Cline,克里斯托弗·克莱恩,Male,,United States,Energy,Foresight Energy Partner,,2019
christopher_dawson,Christopher Dawson,克里斯托弗·道森,Male,,United Kingdom,Retail,The Range,UK-Plymouth,2026
christopher_goldsbury,Christopher Goldsbury,克里斯托弗·戈德斯伯里,Male,,United States,Food & Beverages,Pace Salsa,USA-San Antonio,2026
christopher_hohn,Christopher Hohn,克里斯托弗·霍恩,Male,,United Kingdom,Financial Services,TCI Fund Management,UK-London,2026
christopher_olah,Christopher Olah,Christopher Olah,Male,1992.0,United States,Artificial Intelligence,Anthropic,USA-San Francisco,2026
christopher_portman,Christopher Portman,克里斯托弗·波特曼,Male,1958.0,United Kingdom,Real Estate,Portman Estate,UK-London,2026
christopher_reyes,Christopher Reyes,克里斯托弗·雷耶斯,Male,1953.0,United States,Food & Beverages,Reyes,USA-Lake Forest,2026
christopher_rokos,Christopher Rokos,Christopher Rokos,Male,1970.0,United Kingdom,Investments,Rokos Capital,UK-London,2026
christy_walton,Christy Walton,克里斯蒂·沃尔顿,Female,1949.0,United States,Retail,Walmart,USA-Jackson,2026
christy_walton_family,Christy Walton family,,Female,1956.0,,Multi Brand Retailing,Wal-Mart,,2016
chu_jian,Chu Jian,褚健,Male,1963.0,China,Software & Services,Supcon Technology,China-Hangzhou,2026
chu_jinfu,Chu Jinfu,楚金甫,Male,1959.0,China,Electronics,Senyuan Electric,Henan-Xuchang,2020
chu_wen_yu,Chu Wen-Yu,祝文宇,,,,Real Estate,JSL,China-Taipei,2026
chua_thian_poh,Chua Thian Poh,Chua Thian Poh,Male,1949.0,Singapore,Real Estate,Ho Bee Land,Singapore-Singapore,2026
chuang_yong_eng,Chuang Yong Eng,Chuang Yong Eng,Female,,Singapore,Financial Services,United Overseas Bank,Singapore-Singapore,2026
chuchat_petaumpai,Chuchat Petaumpai,Chuchat Petaumpai,Male,1954.0,Thailand,Financial Services,Muangthai Capital,Thailand-Bangkok,2026
chuck_bundrant,Chuck Bundrant,Chuck Bundrant,Male,1942.0,United States,Fish Products,Trident Seafoods,,2021
chung_eui_sun,Chung Eui-Sun,郑义善,Male,1970.0,South Korea,Automobile & Auto Components,Hyundai,South Korea-Seoul,2026
chung_mong_jin,Chung Mong Jin,钟旺进,Male,1960.0,South Korea,Building Materials,KCC ,,2019
chung_mong_joon,Chung Mong-Joon,钟梦准,Male,1951.0,South Korea,Construction & Engineering,Hyundai Heavy Industries,South Korea-Seoul,2026
chung_mong_koo,Chung Mong-Koo,郑梦九,Male,1938.0,South Korea,Automobile & Auto Components,Hyundai,South Korea-Seoul,2026
chung_te_li,Chung Te-Li,钟德礼,,,,Consumer Goods,Lai Yih,Taiwan-Taichung,2025
chung_yong_jin,Chung Yong-Jin,钟永进,Male,1968.0,South Korea,Retail,Samsung Electronics,South Korea-Seoul,2024
ciliandra_fangiono,Ciliandra Fangiono ,Ciliandra Fangiono ,Male,1977.0,Indonesia,Agriculture,First Resources,,2021
claire_h_bristow,Claire H. Bristow,Claire H. Bristow,,,,Financial Services,First Citizens Bank,USA-Raleigh,2026
clark_hunt,Clark Hunt,Clark Hunt,,,,Media & Entertainment,Chiefs,USA-Dallas,2026
claude_berda,Claude Berda,Claude Berda,Male,1947.0,Belgium,Media,Groupe AB,,2020
claudio_del_vecchio,Claudio Del Vecchio,Claudio Del Vecchio,Male,1958.0,Italy,Consumer Goods,EssilorLuxottica,USA-Muttontown,2026
clay_bavor,Clay Bavor,Clay Bavor,Male,1975.0,United States,Artificial Intelligence,Sierra,USA-Mountain View,2026
clayton_mathile,Clayton Mathile,克莱顿·马修,Male,,United States,Consumer Goods,Lams,USA-Brookville,2023
clayton_riddell,Clayton Riddell,,,,,Oil & Gas,Paramount Resources,,2018
clayton_zekelman,Clayton Zekelman,Clayton Zekelman,Male,,Canada,Industrial Products,Zekelman Industries,Canada-Windsor,2026
clelia_haji_ioannou,Clelia Haji-Ioannou,Clelia Haji-Ioannou,Female,1971.0,Monaco,Transportation & Logistics,easyJet,Monaco-Monte Carlo,2026
clemens_toennies,Clemens Toennies,克莱门斯·托尼,Male,1956.0,Germany,Food & Beverages,Toennies Lebensmittel,Germany-Rheda-Wiedenbrück,2026
clement_fayat,Clement Fayat,克莱门特·法亚特,Male,,France,Construction & Engineering,Fayat Group,France-Saint-Émilion,2022
clemente_del_vecchio,Clemente del Vecchio,Clemente del Vecchio,Male,,Italy,Consumer Goods,EssilorLuxottica,Italy-Milan,2026
clemmie_spangler_jr,Clemmie Spangler Jr,,,,,Investments,Bank Of America,,2018
cliff_asness,Cliff Asness,克里夫·阿斯尼斯,Male,1966.0,United States,Financial Services,AQR Capital,USA-Greenwich,2026
cliff_obrecht,Cliff Obrecht,Cliff Obrecht,Male,,Australia,Software & Services,Canva,Australia-Sydney,2026
clive_calder,Clive Calder,克莱夫·考德,Male,1946.0,United Kingdom,Media & Entertainment,Record Label,UK-London,2026
clive_palmer,Clive Palmer,Clive Palmer,Male,1955.0,Australia,Metals & Mining,Mineralogy,Australia-Brisbane,2026
colette_cloosterman_van_eerd,Colette Cloosterman- van Eerd,Colette Cloosterman- van Eerd,Female,1966.0,Netherlands,Retail,Jumbo,Netherlands-Veghel,2023
conni_jonsson,Conni Jonsson,Conni Jonsson,Male,1961.0,Sweden,Financial Services,EQT,Sweden-Stockholm,2026
constantinos_martinos,Constantinos Martinos,Constantinos Martinos,,,,Transportation & Logistics,Thenamaris,Greece-Athens,2026
craig_abod,Craig Abod,Craig Abod,Male,1963.0,United States,Software & Services,CarahSoft,USA-Great Falls,2026
craig_c_culver,Craig C Culver,Craig C. Culver,Male,1951.0,United States,Food & Beverages,Culver's,USA-Prairie du Sac,2026
craig_mccaw,Craig Mccaw,克雷格·麦考,Male,,United States,Telecommunications,AT&T,USA-Hunts Point,2026
cristiano_ronaldo,Cristiano Ronaldo,克里斯蒂亚诺·罗纳尔多,Male,1985.0,Saudi Arabia,Media & Entertainment,Footballer,Saudi Arabia-Riyadh,2026
cristina_junqueira,Cristina Junqueira,Cristina Junqueira,Female,1983.0,Brazil,Financial Services,Nu Holdings,Brazil-Sao Paulo,2026
cui_genliang,Cui Genliang,崔根良,Male,1958.0,China,Industrial Products,Hengtong,China-Suzhou,2026
cui_genliang_cui_wei,Cui Genliang & Cui Wei,,,,,TMT,Hengtong ,,2018
cui_guopeng,Cui Guopeng,崔国鹏,Male,1976.0,China,Consumer Goods,Huaqin,China-Shanghai,2026
cui_jinhai,Cui Jinhai,崔金海,Male,1959.0,China,Medical Devices ,Allmed,Zhejiang-Jiaxing,2020
cui_lijie,Cui Lijie,,,,,"Food & Beverages,Gaming",Bower Pacific,,2018
cui_lixin,Cui Lixin,崔立新,Male,,,Metals & Mining,Innovation Group,China-Binzhou,2026
cui_peng,Cui Peng,崔鹏,Male,1977.0,China,Healthcare,Fapon Biotech,China-Shenzhen,2026
cui_wei,Cui Wei,崔巍,Male,1985.0,China,Industrial Products,Hengtong,China-Suzhou,2026
cui_weixing,Cui Weixing,,,,,Logitc and Shipping,Deppon,,2018
cui_zhixiang,Cui Zhixiang,崔志祥,Male,1963.0,China,Copper ,Shandong Fangyuan Nonferrous Metals ,Zhejiang-Hangzhou,2020
cynthia_grossman,Cynthia Grossman,Cynthia Grossman,,,,Agriculture,Grupo Continental,Mexico,2025
cynthia_y_bruce_grossman,Cynthia Y Bruce Grossman,辛西娅·布鲁斯·格罗斯曼,Female,,Mexico,Food & Beverages,Arca Continental,Mexico-Monterrey,2026
cyrus_pallonji_mistry,Cyrus Pallonji Mistry,赛勒斯·帕隆吉·米斯特里,Male,1966.0,India,Investments,Cyrus Investments,India-Mumbai,2022
cyrus_poonawalla,Cyrus Poonawalla,赛鲁斯·普纳瓦拉,Male,,India,Pharmaceuticals,Serum Institute of India,India-Pune,2024
cyrus_s_poonawalla,Cyrus S Poonawalla,赛勒斯·斯普纳瓦拉,Male,,India,Healthcare,Serum Institute of India,India-Pune,2026
dagmar_dolby,Dagmar Dolby,达格玛·杜比,Female,1941.0,United States,Software & Services,Dolby Laboratories,USA-San Francisco,2026
dai_hao,Dai Hao,戴浩,Male,1964.0,China,Real Estate,Zhongfa ,Beijing-Beijing,2019
dai_jun,Dai Jun,戴军,,1974.0,,Industrial Products,Robotechnik,China-Suzhou,2026
dai_lizhong,Dai Lizhong,戴立忠,Male,1968.0,China,Pharmaceuticals,Sansure,China-Changsha,2022
dai_shan,Dai Shan,戴珊,Male,1976.0,China,Retail,Alibaba,China-Hangzhou,2026
dai_tiantian,Dai Tiantian,代田田,Male,1983.0,China,Software & Services,Friendess,China-Shanghai,2026
dai_weili,Dai Weili,戴伟立,Male,,United States,Semiconductors,Marvell,USA-Las Vegas,2026
dai_weimin,Dai Weimin,戴伟民,Male,1951.0,,Semiconductors,Verisilicon Microelectronics,China-Shanghai,2026
dai_wenjun,Dai Wenjun,戴文军,Male,1968.0,China,Food & Beverages,Juewei,China-Wuhan,2023
dai_wenyuan,Dai Wenyuan,戴文渊,Male,1983.0,China,Artificial Intelligence,Fourth Paradigm,China-Beijing,2026
dai_xuebin,Dai Xuebin,戴学斌,Male,1979.0,China,Real Estate,Lanrun,China-Chengdu,2023
dai_yongge,Dai Yongge,戴永革,Male,1968.0,China,Real Estate,Dili,China-Beijing,2022
daisy_igel,Daisy Igel & Family,,,,,Energy,Ultrapar,,2018
damian_ornani,Damian Ornani,Damian Ornani,Male,,United States,Financial Services,Fisher Investments,USA-Dallas,2026
dan_cathy,Dan Cathy,丹·凯西,Male,1953.0,United States,Food & Beverages,Chick-fil-A,USA-Hampton,2026
dan_friedkin,Dan Friedkin,丹·弗里德金,Male,,United States,Retail,Gulf States Toyota,USA-Houston,2026
dan_friis,Dan Friis,Dan Friis丹飞,Male,1969.0,,Apparel & Accessories,Bestseller China,China-Beijing,2022
dan_gertler,Dan Gertler,丹·格特勒,Male,1973.0,Israel,Metals & Mining,Dan Gertler International,Israel-Bnei Brak,2026
dan_hong,Dan Hong,丹宏,Male,,China,Consumer Goods,Wudeli,China-Hebei-Handan,2024
dan_kurzius,Dan Kurzius,Dan Kurzius,Male,1972.0,United States,Software & Services,Mailchimp,USA-Atlanta,2026
dan_morehead,Dan Morehead,Dan Morehead,Male,,United States,Crypto Currency,Pandera Capital,USA-San Francisco,2022
dan_snyder,Dan Snyder,丹·斯奈德,Male,1964.0,United States,Media & Entertainment,Washington Commanders,USA-Potomac,2026
dan_sten_olsson,Dan Sten Olsson,丹·斯坦·奥尔森,Male,1947.0,Sweden,Investments,Stena Sphere,Sweden-Gothenburg,2026
dan_wilks,Dan Wilks,丹·威尔克斯,Male,,United States,Construction & Engineering,Wilks Masonry,USA-Cisco,2026
dana_azrieli,Dana Azrieli,Dana Azrieli,Female,1967.0,Israel,Real Estate,Azrieli Group,Israel-Herzliya,2026
dang_yanbao,Dang Yanbao,党彦宝,Male,1973.0,China,Energy,Baofeng,China-Yinchuan,2026
dani_reiss,Dani Reiss,Dani Reiss,Male,1974.0,Canada,Retail,Canada Goose,,2020
daniel_chiu_tat_jung,Daniel Chiu Tat Jung,邱达强,Male,1962.0,Hong Kong,Chemicals,Fortune Oil,China-Hong Kong,2023
daniel_d_aniello,Daniel D'Aniello,Daniel D'Aniello,Male,1947.0,United States,Financial Services,Carlyle,USA-Vienna,2026
daniel_dines,Daniel Dines,Daniel Dines,Male,1971.0,United States,Software & Services,UiPath,USA-New York,2026
daniel_ek,Daniel Ek,丹尼尔·埃克,Male,1983.0,Sweden,Media & Entertainment,Spotify,Sweden-Stockholm,2026
daniel_feffer,Daniel Feffer,丹尼尔·费弗,Male,,Brazil,Paper & Forest Products,Suzano,Brazil-Sao Paulo,2026
daniel_gilbert,Daniel Gilbert,吉尔·伯特,Male,,United States,Financial Services,Rocket Companies,USA-Franklin,2026
daniel_harrison_iii,Daniel Harrison III,丹尼尔·哈里森三世,Male,,United States,Oil & Gas,Royal Dutch Shell,,2021
daniel_hirschfeld,Daniel Hirschfeld,Daniel Hirschfeld,Male,1941.0,United States,Retail,Buckle,USA-Kearney,2026
daniel_hunt,Daniel Hunt,Daniel Hunt,,,,Media & Entertainment,Chiefs,USA-Dallas,2026
daniel_jaeggi,Daniel Jaeggi  ,,,,,Oil & Gas,Mercuria Energy,,2018
daniel_john_deer,Daniel John Deer And Family,,,,,Manufacturing,Renishaw,,2018
daniel_kretinsky,Daniel Kretinsky,Daniel Kretinsky,Male,1976.0,Czech Republic,Energy,EPH,Czech Republic-Prague,2026
daniel_loeb,Daniel Loeb,丹尼尔·勒布,Male,,United States,Financial Services,Third Point,USA-New York,2026
daniel_lubetzky,Daniel Lubetzky,Daniel Lubetzky,Male,1969.0,United States,Food & Beverages,Kind Healthy Snacks,USA-New York,2026
daniel_mate,Daniel Maté,丹尼尔·马特,Male,,Switzerland,Metals & Mining,Glencore,Switzerland-Kanton Schwyz,2026
daniel_miguel_klabin,Daniel Miguel Klabin,Daniel Miguel Klabin,Male,1929.0,Brazil,Consumer Goods,Klabin,Brazil-Rio de Janeiro,2026
daniel_och,Daniel Och,Daniel Och,Male,1961.0,United States,Financial Services,Och-Ziff Capital Management,USA-Miami Beach,2026
daniel_pritzker,Daniel Pritzker,丹尼尔·普里兹克,Male,,United States,Hospitality,Hyatt,USA-Marin,2026
daniel_rocher,Daniel Rocher,Daniel Rocher,Male,1954.0,France,Consumer Goods,Groupe Rocher,France-Rennes,2026
daniel_roullier,Daniel Roullier,丹尼尔·鲁利埃,Male,,France,Chemicals,Groupe Roullier,France-Paris,2026
daniel_servitje_montull,Daniel Servitje Montull,丹尼尔·塞维特耶·蒙特,Male,1959.0,Mexico,Food & Beverages,Grupo Bimbo,Mexico-Mexico City,2026
daniel_sundheim,Daniel Sundheim,Daniel Sundheim,Male,1977.0,United States,Investments,D1 Capital,USA-New York,2026
daniel_tsai_ming_chung,Daniel Tsai Ming-Chung,蔡明忠,Male,,Taiwan,Financial Services,Fubon,China-Taipei,2026
daniel_ziff,Daniel Ziff,丹尼尔·齐夫,Male,1905.0,United States,Investments,Investments,USA-New York,2026
daniela_amodei,Daniela Amodei,Daniela Amodei,Female,1987.0,United States,Artificial Intelligence,Anthropic,USA-San Francisco,2026
daniela_herz,Daniela Herz,丹妮拉·赫兹,Female,,Germany,Investments,Mayfair,Germany-Hamburg,2026
danil_khachaturov,Danil Khachaturov,,,,,Insurance,Rosgosstrakh,,2018
danilo_lervolino,Danilo Lervolino,Danilo Lervolino,Male,1978.0,Italy,Education & Training,UniPegaso,Italy-Rome,2026
danna_azrieli,Danna Azrieli,Danna Azrieli,Female,1968.0,Israel,Real Estate,Azrieli Group,Israel-Herzliya,2024
dannine_avara,Dannine Avara,丹宁·阿瓦拉,Female,,United States,Energy,Enterprise Products,USA-Houston,2026
danny_harris,Danny Harris,Danny Harris,Male,1972.0,United States,Consumer Goods,Alo Yoga,USA-Los Angeles,2026
danny_tan_chee_sing,Danny Tan Chee Sing,,,,,Real Estate,Tropicana,,2017
daonapa_petampai,Daonapa Petampai,Daonapa Petampai,Female,1955.0,Thailand,Financial Services,Muangthai Capital,Thailand-Bangkok,2026
darcie_glazer_kassewitz,Darcie Glazer Kassewitz,Darcie Glazer Kassewitz,Female,1969.0,United States,Media & Entertainment,Tampa Bay Buccaneers,USA-Palm Beach,2026
dario_amodei,Dario Amodei,Dario Amodei,Male,1982.0,United States,Artificial Intelligence,Anthropic,USA-San Francisco,2026
dariusz_milek,Dariusz Milek,Dariusz Milek,Male,1967.0,Poland,Retail,CCC,Poland-Chrostnik,2026
dariusz_miłek,Dariusz Miłek,,,,,Footwear,CCC,,2018
darshan_hiranandani,Darshan Hiranandani,Darshan Hiranandani,,,,Software & Services,Yotta,UAE-Dubai,2026
darwin_deason,Darwin Deason,达尔文·迪森,Male,,United States,Software & Services,Affiliated Computer Services,USA-Dallas,2024
daryl_katz,Daryl Katz,达里尔·卡兹,Male,1961.0,Canada,Healthcare,Katz,Canada-Edmonton,2026
dasari_uday_kumar_reddy,Dasari Uday Kumar Reddy,Dasari Uday Kumar Reddy,Male,1967.0,India,Cloud Communications,Tanla Platforms,India-Hyderabad,2022
dato_sri_tahir,Dato Sri Tahir,,,,,Banking,Bank Mayapada,,2018
david,David,David,,,,Telecommunications,TPG Telecom,Australia-Sydney,2026
david_adelman,David Adelman,David Adelman,,,,Real Estate,Campus Apartments,USA-Haverford,2026
david_allemann,David Allemann,David Allemann,Male,1970.0,Switzerland,Apparel & Textile Products,On Holding,Switzerland-Zurich,2022
david_barclay,David Barclay,大卫巴克莱,Male,1934.0,United Kingdom,Multi Brand Retailing,Shop Direct,,2020
david_baszucki,David Baszucki,David Baszucki,Male,1963.0,United States,Media & Entertainment,Roblox,USA-San Francisco,2026
david_blitzer,David Blitzer,David Blitzer,,,,Media & Entertainment,Harris Blitzer Sports & Entertainment,USA-New York,2026
david_bonderman,David Bonderman,戴维·邦德曼,Male,1942.0,United States,Financial Services,TPG,USA-Fort Worth,2024
david_booth,David Booth,David Booth,Male,1946.0,United States,Financial Services,Dimensional Fund Advisors,USA-Austin,2026
david_c_paul,David C Paul,David C Paul,Male,1967.0,United States,Healthcare,Globus Medical,USA-Audubon,2026
david_cheriton,David Cheriton,戴维·切里顿,Male,1951.0,United States,Software & Services,Arista Networks,USA-Palo Alto,2026
david_consunji,David Consunji,,,,,Construction,DMCI Holdings,,2017
david_duffield,David Duffield,大卫·杜菲尔德,Male,,United States,Software & Services,Workday,USA-Blackhawk,2026
david_einhorn,David Einhorn,大卫·爱因霍恩,Male,,United States,Hedge Funds,Green Light Capital,,2020
david_fattal,David Fattal,David Fattal,Male,1958.0,Israel,Hospitality,Fattal Holdings,Israel-Tel Aviv,2026
david_feffer,David Feffer,David Feffer,Male,1957.0,Brazil,Paper & Forest Products,Suzano,Brazil-Sao Paulo,2026
david_filo,David Filo,大卫·费罗,Male,1966.0,United States,Media & Entertainment,Yahoo,USA-Palo Alto,2026
david_fong_man_hung,David Fong Man-hung,方文雄,Male,,Hong Kong,Real Estate,Hip Shing Hong,China-Hong Kong,2026
david_geffen,David Geffen,大卫·格芬,Male,1943.0,United States,Media & Entertainment,Geffen Records,USA-Malibu,2026
david_golub,David Golub,David Golub,Male,1963.0,United States,Financial Services,Golub Capital,USA-New York,2026
david_gottesman,David Gottesman,大卫·戈德曼,Male,1926.0,United States,Investments,Berkshire Hathaway,USA-New York,2022
david_green,David Green,大卫·格林,Male,1941.0,United States,Retail,Hobby Lobby,USA-Oklahoma City,2026
david_hains,David Hains,大卫·海恩斯,Male,,Australia,Investments,Portland House ,,2020
david_halbert,David Halbert,David Halbert,Male,1955.0,United States,Healthcare,Caris Life Sciences,USA-Colleyville,2026
david_hall,David Hall,David Hall,Male,1952.0,United States,Auto Components,Velodyne Lidar,,2021
david_harding,David Harding,大卫·哈丁,Male,,United Kingdom,Investment Management,Winton Capital,UK-London,2022
david_helgason,David Helgason,David Helgason,Male,1977.0,Denmark,Gaming,Unity Software,Denmark-Copenhagen,2022
david_hindawi,David Hindawi,戴维·欣达维,Male,,United States,Software & Services,Tanium,USA-Berkeley,2026
david_hoffmann,David Hoffmann,David Hoffmann,,,,Real Estate,Hoffmann Family of Companies,USA-Naples,2026
david_humphreys,David Humphreys,David Humphreys,Male,1956.0,United States,Construction & Engineering,Tamko,USA-Joplin,2026
david_j_safra,David J. Safra,David J. Safra,Male,1985.0,Brazil,Financial Services,Safra,Brazil-Sao Paulo,2026
david_kabiller,David Kabiller,大卫·卡比勒,Male,,United States,Asset Management,AQR Capital,,2021
david_kaplan,David Kaplan,David Kaplan,Male,1967.0,United States,Financial Services,Ares Management,USA-Los Angeles,2026
david_koch,David Koch,大卫·科赫,Male,1940.0,United States,Energy,Koch Industries,,2019
david_lichtenstein,David Lichtenstein,David Lichtenstein,,,,Real Estate,Lightstone Group,USA-Monsey,2026
david_mcmurtry,David Mcmurtry,大卫·麦克默特里,Male,,United Kingdom,Industrial Products,Renishaw,UK-Wotton-under-Edge,2024
david_mindus,David Mindus,David Mindus,Male,1971.0,Sweden,Real Estate,Sagax,Sweden-Stockholm,2026
david_murdock,David Murdock,大卫·默多克,Male,1923.0,United States,Food & Beverages,Dole Foods,USA,2025
david_nahmad,David Nahmad,David Nahmad,Male,1948.0,Monaco,Investments,Art Collector,USA-New York,2026
david_paul,David Paul,David Paul,Male,1966.0,United States,Healthcare,Globus Medical,USA-Audubon,2024
david_penaloza_alanis,David Penaloza Alanis,大卫·佩纳洛萨·阿拉尼斯,Male,,Mexico,Construction & Engineering,Pinfra,Mexico-Mexico City,2026
david_reuben,David Reuben,戴维·鲁本,Male,,United Kingdom,Services,Global Switch,UK-London,2026
david_rockefeller_sr,David Rockefeller Sr,,,,,Real Estate,Standard Oil,,2017
david_rubenstein,David Rubenstein,大卫·鲁宾斯坦,Male,,United States,Financial Services,Carlyle,USA-Bethesda,2026
david_shaw,David Shaw,大卫·肖,Male,1951.0,United States,Financial Services,D.E. Shaw,USA-New York,2026
david_siegel,David Siegel,大卫·西格尔,Male,,United States,Financial Services,Two Sigma Investments,USA-Scarsdale,2026
david_steward,David Steward,David Steward,Male,1952.0,United States,Software & Services,World Wide Technology,USA-St. Louis,2026
david_sullivan,David Sullivan,大卫·沙利文,Male,,United Kingdom,Sports,West Ham United,,2020
david_sun,David Sun,孙大卫,Male,1951.0,United States,Semiconductors,Kingston Technology,USA-Irvine,2026
david_teoh,David Teoh,戴维·张,Male,,Australia,Telecommunications,TPG Telecom,Australia-Sydney,2024
david_tepper,David Tepper,大卫·泰珀,Male,1957.0,United States,Financial Services,Appaloosa Management,USA-Palm Beach,2026
david_thomson,David Thomson,大卫·汤姆森,Male,1957.0,Canada,Media & Entertainment,Thomson Reuters,Canada-Toronto,2026
david_thomson_family,David Thomson family,,Male,1958.0,,Media,Thomson Reuters,,2015
david_tran,David Tran,David Tran,Male,,United States,Food & Beverages,Huy Fong Foods,USA-Arcadia,2024
david_van_andel,David Van Andel,大卫·范·安德尔,Male,,United States,Retail,Amway,,2019
david_velez,David Velez,David Velez,Male,1982.0,Brazil,Financial Services,Nu Holdings,Brazil-Sao Paulo,2026
david_vicky_teoh,David & Vicky Teoh,,,,,Telecom,TPG Telecom,,2018
david_walentas,David Walentas,David Walentas,Male,1936.0,United States,Real Estate,Two Trees,USA-New York,2026
david_wertheim,David Wertheim,David Wertheim,Male,1958.0,Israel,Food & Beverages,Coca Cola Israel,Israel-Ramat Hasharon,2026
david_zalik,David Zalik,David Zalik,Male,1974.0,United States,Investments,Investments,USA-Atlanta,2026
dean_solon,Dean Solon,Dean Solon,Male,1964.0,United States,Industrial Products,Shoals Technologies,USA-Gallatin,2026
deborah_a_dolan_sweeney,Deborah A. Dolan-Sweeney,Deborah A. Dolan-Sweeney,,,,Media & Entertainment,The Madison Square Garden Company,USA-New York,2026
decio_da_silva,Décio da Silva,德西奥·达席尔瓦,Male,,Brazil,Industrial Products,WEG Industries,Brazil-Santa Catarina,2026
deep_c_anand,Deep C Anand,迪普·C·阿南德,Male,,India,Automobile & Auto Components,Asia Investments,India,2025
deepak_chimanlal_mehta,Deepak Chimanlal Mehta,迪帕克·奇曼拉尔·梅塔,Male,,India,Chemicals,Deepak Nitrite,India-Pune,2026
deepak_kumar_seth,Deepak Kumar Seth,Deepak Kumar Seth,,,,Consumer Goods,Pearl Global Industries,UAE-Dubai,2026
deepinder_goyal,Deepinder Goyal,迪珀德·戈亚尔,Male,,India,Transportation & Logistics,Zomato,India-Gurugram,2026
delfin_jorge_e_carballo,Delfín Jorge E. Carballo,,,,,Financial Services,Banco Marco,,2018
delfin_jorge_ezequiel_carballo,Delfin Jorge Ezequiel Carballo,Delfin Jorge Ezequiel Carballo,Male,1952.0,Argentina,Financial Services,Banco Marco,Argentina-Buenos Aires,2026
deng_hong,Deng Hong,邓鸿,Male,1963.0,China,Investments,Chengdu International Exhibition & Convention Center,China-Chengdu,2026
deng_hongjiu,Deng Hongjiu,邓洪九,Male,1970.0,China,Retail,Hongjiu Fruit,China-Chongqing,2023
deng_hui,Deng Hui,邓晖,Male,1962.0,China,Data Visualisation,Arcsoft,Zhejiang-Hangzhou,2021
deng_ke,Deng Ke,邓可,,1985.0,,Industrial Products,YDET,China-Dongguan,2026
deng_taihua,Deng Taihua,邓泰华,Male,1976.0,China,Industrial Products,"Swancor, Zhiyuan Robot",China-Shanghai,2026
deng_wei,Deng Wei,,,,,Telecom,Bright Oceans,,2017
deng_weiming,Deng Weiming,邓伟明,Male,1968.0,China,Industrial Products,Cngr,China-Changsha,2026
deng_wen,Deng Wen,邓文,Male,1968.0,China,Food & Beverages,Teway Food,China-Chengdu,2026
deng_yefang,Deng Yefang,邓烨芳,Female,,China,Construction & Engineering,Honglu Steel Structure,China-Hefei,2026
deng_yingzhong,Deng Yingzhong,邓颖忠,Male,1951.0,China,Consumer Goods,Zhongshun,China-Zhongshan,2026
deng_yonghong,Deng Yonghong,邓永红,Female,1969.0,China,Chemicals,Capchem,China-Shenzhen,2026
deng_yuquan,Deng Yuquan,邓玉泉,,1959.0,China,Industrial Products,YDET,China-Dongguan,2026
denis_o_brien,Denis O'Brien,Denis O'Brien,Male,1959.0,Ireland,Telecommunications,Digicel,Ireland-Dublin,2026
denis_shtengelov,Denis Shtengelov,Denis Shtengelov,Male,,Australia,Food & Beverages,KDV,Australia-Gold Coast,2026
denis_sverdlov,Denis Sverdlov,Denis Sverdlov,Male,1979.0,United Kingdom,Electric Buses,Arrival,UK-London,2022
denis_yarats,Denis Yarats,Denis Yarats,Male,1899.0,United States,Artificial Intelligence,Perplexity,USA-New York,2026
denise_coates,Denise Coates,丹尼斯·科茨,Female,1967.0,United Kingdom,Media & Entertainment,Bet365,UK-Stoke-on-Trent,2026
denise_debartolo_york,Denise Debartolo York,Denise DeBartolo York,Female,1951.0,United States,Media & Entertainment,San Francisco 49ers,USA-Youngstown,2026
denise_prenosil,Denise Prenosil,Denise Prenosil,Female,1959.0,United States,Retail,DICK'S Sporting Goods,USA-Gibsonia,2026
denise_york,Denise York,,,,,Sports,San Francisco 49ers,,2017
deniz_sahenk,Deniz Sahenk,Deniz Sahenk,Female,1946.0,Turkey,Retail,Dogus,Turkey-Istanbul,2026
dennis_bastas,Dennis Bastas,Dennis Bastas,Male,1966.0,Australia,Healthcare,DBG Health,Australia-Melbourne,2026
dennis_chip_wilson,Dennis Chip Wilson,丹尼斯·奇普·威尔逊,Male,1956.0,Canada,Consumer Goods,Lululemon,Canada-Vancouver,2026
dennis_gillings,Dennis Gillings,丹尼斯·吉林斯,Male,,United States,Healthcare,IQVIA,USA-Durham,2026
dennis_washington,Dennis Washington,丹尼斯·华盛顿,Male,1934.0,United States,Transportation & Logistics,Seaspan,USA-Missoula,2026
derichebourg_daniel,Derichebourg Daniel And Family,,,,,Others,Derichebourg Environnement SAS,,2018
dermot_desmond,Dermot Desmond,德莫特·戴斯蒙德,Male,,Ireland,Investments,International Investment & Underwriting,Ireland-Dublin,2026
desh_bandhu_gupta,Desh Bandhu Gupta,,,,,Pharmaceuticals,Lupin,,2017
desmond_lim_siew_choon,Desmond Lim Siew Choon,,,,,Real estate,Pavilion Real Estate Investment Trust,,2018
desmond_sacco,Desmond Sacco,德斯蒙德·萨科,Male,,South Africa,Metals & Mining,Assore,,2019
devendra_kumar_jain,Devendra Kumar Jain,,,,,Chemicals & Petrochemicals,Gujarat Flourochemicals,,2018
devi_prasad_shetty,Devi Prasad Shetty,Devi Prasad Shetty,Male,1953.0,India,Healthcare,Narayana Hrudayalaya,India-Bengaluru,2026
dewi_kam,Dewi Kam,Dewi Kam,Male,1950.0,Indonesia,Metals & Mining,Bayan Resources,Indonesia-Jakarta,2026
dhanin_chearavanont,Dhanin Chearavanont,谢国民,Male,1939.0,Thailand,Food & Beverages,CP Group,Thailand-Bangkok,2026
dhanin_chearavanont_family,Dhanin Chearavanont family,,Male,1939.0,,Food & Beverages,Charoen Pokphand Foods,,2013
dharam_pal_jindal,Dharam Pal Jindal,Dharam Pal Jindal,Male,,India,Industrial Products,Maharashtra Seamless,India-New Delhi,2024
dharmesh_shah,Dharmesh Shah,达摩什·沙,Male,,India,Healthcare,BDR Pharmaceuticals International,India-Mumbai,2026
dharmpal_agarwal,Dharmpal Agarwal,Dharmpal Agarwal,Male,1950.0,India,Transportation & Logistics,Transport Corporation of India,India,2025
dhiraj_rajaram,Dhiraj Rajaram,德拉伊·拉贾兰,Male,,India,Software & Services,Mu Sigma,India-Bengaluru,2026
dhruv_manmohan_sawhney,Dhruv Manmohan Sawhney,Dhruv Manmohan Sawhney,Male,1944.0,India,Industrial Products,Triveni Turbine,UAE-Dubai,2026
diamantis_diamantides,Diamantis Diamantides,Diamantis Diamantides,,,,Transportation & Logistics,Delta Tankers,Greece-Athens,2026
diana_teh_li_shing,Diana Teh Li Shing,Diana Teh Li Shing,Female,,Malaysia,Financial Services,Public Bank,Singapore-Singapore,2026
diane_goldman,Diane Goldman,Diane Goldman,Female,1946.0,United States,Real Estate,Solil Management,USA-New York,2026
diane_hendricks,Diane Hendricks,黛安·亨德里克斯,Female,1947.0,United States,Construction & Engineering,ABC Supply,USA-Afton,2026
diao_zhizhong,Diao Zhizhong,刁志中,Male,1963.0,China,Software & Services,Glodon,China-Beijing,2023
dick_wolf,Dick Wolf,Dick Wolf,Male,1946.0,United States,Media & Entertainment,Wolf Entertainment,USA-Montecito,2026
diego_della_valle,Diego Della Valle,迭戈·德拉·瓦莱,Male,,Italy,Consumer Goods,Tod's,Italy-Sant' Elpidio A Mare,2026
dieter_schnabel,Dieter Schnabel,迪特尔·施纳贝尔,Male,1946.0,Germany,Trading,Helm,Germany-Hamburg,2024
dieter_schoen,Dieter Schoen,Dieter Schoen,Male,,Switzerland,Healthcare,Schön Klinik,Switzerland-St. Moritz,2026
dieter_schwarz,Dieter Schwarz,迪特尔·施瓦茨,Male,1939.0,Germany,Retail,Schwarz,Germany-Neckarsulm,2026
dietmar_hopp,Dietmar Hopp,迪特马尔·霍普,Male,1940.0,Germany,Software & Services,SAP,Germany-Walldorf,2026
dietrich_mateschitz,Dietrich Mateschitz,迪克·梅特舒兹,Male,1944.0,Austria,Energy Drink,Red Bull,Austria-Fuschl am See,2022
dilip_shanghvi,Dilip Shanghvi,迪利普·桑哈维,Male,1955.0,India,Healthcare,Sun Pharmaceutical Industries,India-Mumbai,2026
dilip_surana,Dilip Surana,迪利普·苏拉纳,Male,,India,Healthcare,Micro Labs,India-Bengaluru,2026
dilip_suryavanshi,Dilip Suryavanshi,,,,,Construction & Engineering,Dilip Buildcon,,2018
dimitry_ananyev,Dimitry Ananyev,,,,,Banking,Synterra ,,2018
dinara_kulibayeva,Dinara Kulibayeva,Dinara Kulibayeva,Female,1967.0,Kazakhstan,Financial Services,Halyk Bank,Kazakhstan-Almaty,2026
dinesh_chandra_agarwal,Dinesh Chandra Agarwal,Dinesh Chandra Agarwal,Male,1970.0,India,Services,IndiaMart,,2021
dinesh_d_thakkar,Dinesh D Thakkar,Dinesh D Thakkar,Male,,India,Financial Services,Angel One,India-Mumbai,2024
dinesh_krishnaswamy,Dinesh Krishnaswamy,Dinesh Krishnaswamy,Male,1956.0,India,Software & Services,Infosys,India-Bengaluru,2026
dinesh_nandwana,Dinesh Nandwana,,,,,Software & Services,Vakranjee Software,,2018
ding_feng,Ding Feng,丁锋,Male,1966.0,China,Energy,Wanbang,China-Changzhou,2026
ding_hui,Ding Hui,丁会,Male,,China,Semiconductors,JLC,China-Shenzhen,2026
ding_huixiang,Ding Huixiang,丁会响,Male,,China,Semiconductors,JLC,China-Shenzhen,2026
ding_lei,Ding Lei,丁磊,Male,1971.0,China,Media & Entertainment,Netease,China-Hangzhou,2026
ding_lieming,Ding Lieming,丁列明,Male,1963.0,China,Biotechnology,Betta Pharmaceutical,China-Hangzhou,2022
ding_liguo,Ding Liguo,丁立国,Male,1970.0,China,Industrial Products,Delong Steel,China-Shanghai,2026
ding_shijia,Ding Shijia,丁世家,Male,1964.0,China,Consumer Goods,Anta,China-Xiamen,2026
ding_shizhong,Ding Shizhong,丁世忠,Male,1970.0,China,Consumer Goods,Anta,China-Xiamen,2026
ding_shuibo,Ding Shuibo,丁水波,Male,1970.0,China,Consumer Goods,Xtep,China-Quanzhou,2023
ding_xinxin,Ding Xinxin,丁欣欣,Male,1958.0,China,Construction,Yasha Decoration,Zhejiang-Hangzhou,2021
ding_xinxin_zhang_xingjuan,Ding Xinxin & Zhang Xingjuan,,,,,Decoration,Yasha Decoration,,2017
ding_yali,Ding Yali,丁雅丽,Male,,China,Consumer Goods,Anta,China-Xiamen,2026
ding_yongqaing,Ding Yongqaing,丁永强,Male,1980.0,China,Energy,Growatt Technology,China-Guangdong-Shenzhen,2024
ding_yuhua,Ding Yuhua,,,,,Tires ,Triangle,,2017
ding_zuohong,Ding Zuohong,丁佐宏,Male,1962.0,China,Retail,Yuexing,China-Shanghai,2023
dionisiio_romero_paoletti,Dionisiio Romero Paoletti,Dionisiio Romero Paoletti,Male,1965.0,Peru,Financial Services,Grupo Romero,Peru-Lima,2026
dipankar_chatterjee,Dipankar Chatterjee,Dipankar Chatterjee,,,,Food & Beverages,Luxmi Tea,India-Kolkata,2024
dipika_amar_vakil,Dipika Amar Vakil,Dipika Amar Vakil,,,,Chemicals,Asian Paints,India-Mumbai,2026
dirk_rossmann,Dirk Rossmann,德克·罗斯曼,Male,1946.0,Germany,Retail,Rossmann,Germany-Lower-Saxony,2026
dirk_stroeer,Dirk Stroeer,Dirk Stroeer,Male,1970.0,Germany,Advertising,Stroeer ,Germany-Cologne,2022
dirk_ziff,Dirk Ziff,德克·齐夫,Male,,United States,Investments,Investments,USA-North Palm Beach,2026
divi_satchandra_kiran,Divi Satchandra Kiran,萨特钱德拉·基兰,Male,,India,Pharmaceuticals,Divi's Lab,,2019
divyank_turakhia,Divyank Turakhia,杨克·特莱科希亚,Male,,United Arab Emirates,Investments,Investments,UAE-Dubai,2026
diwakar_nigam,Diwakar Nigam,Diwakar Nigam,,,,Software & Services,Newgen Software Technologies,India,2025
djoko_susanto,Djoko Susanto,郭桂和,Male,,Indonesia,Retail,Alfamart,Indonesia-Jakarta,2026
dmitry_alexeyev,Dmitry Alexeyev,Dmitry Alexeyev,Male,1974.0,Russia,Retail,DNS Retail,Russia-Vladivostok,2026
dmitry_bukhman,Dmitry Bukhman,Dmitry Bukhman,Male,1985.0,United Kingdom,Media & Entertainment,Playrix,UK-London,2026
dmitry_kamenshchik,Dmitry Kamenshchik,Dmitry Kamenshchik,Male,1968.0,Russia,Aerospace & Defence,Domodedovo Airport,Russia-Moscow,2026
dmitry_mazepin,Dmitry Mazepin,Dmitry Mazepin,Male,1968.0,Russia,Chemicals,Uralchem,Russia-Moscow,2026
dmitry_nikolaev,Dmitry Nikolaev,Dmitry Nikolaev,,,,Construction & Engineering,Stroyservis,Russia-Kemerovo,2026
dmitry_pumpansky,Dmitry Pumpansky,Dmitry Pumpansky,Male,,Russia,Investments,Investments,Russia-Moscow,2026
dmitry_pumpyansky,Dmitry Pumpyansky,德米特里·皮扬斯基,Male,1964.0,Russia,Industrial Products,TMK,Russia-Yekaterinburg,2022
dmitry_rybolovlev,Dmitry Rybolovlev,德米特里·雷博洛夫列夫,Male,1966.0,Monaco,Chemicals,Uralkali,Monaco-Monte Carlo,2026
do_won_chang,Do Won Chang,杜元昌,Male,,,Single Brand Retailing,Forever 21,,2019
domenico_dolce,Domenico Dolce,多梅尼科·杜尔塞,Male,,Italy,Consumer Goods,Dolce & Gabbana,Italy-Milan,2026
dominika_kulczyk,Dominika Kulczyk,Dominika Kulczyk,Female,1978.0,Poland,Food & Beverages,SABMiller,UK-London,2026
dominique_desseigne,Dominique Desseigne,Dominique Desseigne,Male,1945.0,France,Media & Entertainment,Groupe Lucien Barrière,France-Paris,2024
dominique_heriard_dubreuil,Dominique Heriard Dubreuil,多米尼克·赫里亚德·杜布罗伊,Female,1946.0,France,Food & Beverages,Remy Cointreau,France-Paris,2023
don_ahern,Don Ahern,Don Ahern,Male,1953.0,United States,Industrial Products,Ahern Rentals,USA-Las Vegas,2026
don_hankey,Don Hankey,唐·汉基,Male,1943.0,United States,Financial Services,Hankey Group,USA-Malibu,2026
don_levin,Don Levin,Don Levin,,,,Consumer Goods,Republic Brands,USA-Glenview,2026
don_simplot,Don Simplot,唐·辛普洛特,Male,,United States,Food Processing,JR Simplot,,2021
don_vultaggio,Don Vultaggio,Don Vultaggio,Male,,United States,Food & Beverages,Arizona Beverages,USA-Long Island,2026
dona_bertarelli,Dona Bertarelli,Dona Bertarelli,Female,1968.0,Switzerland,Healthcare,Serono,Switzerland-Gstaad,2026
donald_a_foss,Donald A Foss,唐纳德·福斯,Male,,United States,Banking,Credit Acceptance,USA-Farmington Hills,2022
donald_bren,Donald Bren,唐纳德·布伦,Male,1932.0,United States,Real Estate,Irvine Company,USA-Newport Beach,2026
donald_friese,Donald Friese,唐纳德·弗里斯,Male,,United States,Construction & Engineering,CRH,USA-Los Angeles,2026
donald_graham,Donald Graham,唐纳德·格雷厄姆,Male,,United States,Media,Graham Holding,,2020
donald_hall,Donald Hall,,,,,Greeting Cards,Hallmark Cards,,2018
donald_mackenzie,Donald Mackenzie,Donald Mackenzie,,,,Investments,CVC Capital Partners,UK-Shalden,2026
donald_newhouse,Donald Newhouse,唐纳德·纽豪斯,Male,,United States,Media & Entertainment,Warner Bros. Discovery,USA-Somerset,2026
donald_r_sobey,Donald R Sobey,,,,,Conglomerate (food retail & corporate investments),Empire,,2017
donald_ray_horton,Donald Ray Horton,唐纳德·雷·霍顿,Male,,United States,Real Estate,DR Horton Homebuilding,USA-Texas,2024
donald_sterling,Donald Sterling,唐纳德·斯特林,Male,1934.0,United States,Media & Entertainment,Los Angeles Clippers,USA-Beverly Hills,2026
donald_trump,Donald Trump,唐纳德·特朗普,Male,1946.0,United States,Real Estate,The Trump Organization,USA-New York,2026
dong_caiping,Dong Caiping,董才平,Male,1963.0,China,Metals & Mining,Zenith,China-Changzhou,2026
dong_fan,Dong Fan,董凡,Male,1970.0,China,Healthcare,Jafron Biomedical,China-Zhuhai,2026
dong_jinggui,Dong Jinggui,董经贵,Male,1970.0,China,Automobile & Auto Components,Yadea,China-Shanghai,2026
dong_jufeng,Dong Jufeng,东菊凤,Female,,China,Metals & Mining,Tianyuan Manganese,Ningxia-Yinchuan,2021
dong_mingzhu,Dong Mingzhu,董明珠,Female,1954.0,China,Household Appliances,Gree,Guangdong-Zhuhai,2021
dong_qingbo,Dong Qingbo,董清波,Male,1963.0,Hong Kong,Industrial Products,Xinyi Glass,China-Hong Kong,2023
dong_qingshi,Dong qingshi,董清世,Male,1966.0,Hong Kong,Industrial Products,Xinyi Glass,China-Hong Kong,2026
dong_wei,Dong Wei,董伟,Male,1971.0,China,Healthcare,Hengrui,China-Lianyungang,2026
dong_xiang,Dong Xiang,董翔,Female,1979.0,China,Real Estate,Lanrun,China-Chengdu,2023
dong_xiaoli,Dong Xiaoli,董晓丽,Female,,Guangxi,Real Estate,Ronghe,China-Nanning,2026
dong_xizhi,Dong Xizhi,董系治,Female,,Hong Kong,Manufacturing,Xinyi Glass,Hong Kong-Hong Kong,2020
dong_zengping,Dong Zengping,董增平,Male,1970.0,,Industrial Products,Sieyuan,China-Shanghai,2026
dong_zhifeng,Dong Zhifeng,董志锋,,1986.0,,Financial Services,Sy,China-Shenzhen,2026
dongxue,Dongxue,董雪,Female,,China,Restaurants,Laoxiangji,China-Hefei,2022
dora_voigt_de_assis,Dora Voigt de Assis,Dora Voigt de Assis,,,,Industrial Products,WEG,Brazil-Florianópolis,2026
doria_pamphilj,Doria Pamphilj Family,,,,,Others,(Inheritence),,2018
doris_fisher,Doris Fisher,多丽丝·费舍尔,Female,,United States,Consumer Goods,GAP,USA-San Francisco,2026
dorothea_steinbruch,Dorothea Steinbruch & family,,,,,Steel,CSN,,2017
dorothy_chao_jenkins,Dorothy Chao Jenkins,赵元熹,,,,Chemicals,Westlake,USA-Lakeland,2026
dou_wenwei,Dou Wenwei,窦文伟,Male,1965.0,China,Healthcare,Ping An Health and technology ,Shanghai-Shanghai,2021
dou_zhenggang,Dou Zhenggang,钭正刚,Male,1953.0,China,Energy,Jinjiang,China-Hangzhou,2026
dou_zhenggang_wei_xuefeng,Dou Zhenggang & Wei Xuefeng,,,,,"Energy, chemical ",Jinjiang ,,2018
doug_meijer,Doug Meijer,道格·迈耶,Male,,United States,Retail,Meijer Supermarket,USA-Grand Rapids,2026
douglas_hsu_hsu_tung,Douglas Hsu Hsu-Tung,徐旭东,Male,,China,Financial Services,Far Eastern,China-New Taipei,2026
douglas_perkins,Douglas Perkins,道格拉斯·珀金斯,Male,,United Kingdom,Consumer Goods,Specsavers,UK-Guernsey,2026
dragos_paval,Dragos Paval,Dragos Paval,Male,1967.0,Romania,Retail,Dedeman,Romania-Bacau,2026
drayton_mclane,Drayton Mclane,德雷顿·麦克拉恩,Male,,United States,Retail,Walmart,USA-Temple,2026
drew_houston,Drew Houston,Drew Houston,,,,Software & Services,Dropbox,USA,2025
drorit_wertheim,Drorit Wertheim,Drorit Wertheim,Male,1955.0,Israel,Food & Beverages,Coca Cola Israel,Israel-Bnei Atarot,2026
du_jiangtao,Du Jiangtao,杜江涛,Male,1969.0,Inner Mongolia,Chemicals,Junzheng,China-Wuhai,2026
du_jiangtao_hao_hong,Du Jiangtao & Hao Hong,,,,,"Coal, thermoelectricity, energy",Junzheng ,,2018
du_jinhao,Du Jinhao,杜锦豪,Male,1954.0,China,Healthcare,Allist,China-Shanghai,2026
du_nan,Du Nan,杜楠,Female,1968.0,Gansu,Investments,Yate,China-Longnan,2026
du_sha,Du Sha,杜厦,Male,1947.0,China,Investments,Pacific Links,Tianjin-Tianjin,2021
du_shuanghua,Du Shuanghua,杜双华,Male,1965.0,China,Metals & Mining,Rizhao Iron and Steel,China-Rizhao,2026
du_weimin,Du Weimin,杜伟民,Male,1963.0,China,Healthcare,Biokangtai,China-Guangdong-Shenzhen,2024
du_ying,Du Ying,杜莹,Male,1965.0,China,Pharmaceuticals,Zailab,Shanghai-Shanghai,2021
du_yinglian,Du Yinglian,杜英莲,Female,,China,Media & Entertainment,Enlight Media,China-Beijing,2026
du_yuexin,Du Yuexin,杜越新,Male,,China,Broking,China Guardian,China-Beijing,2022
du_yulin,Du Yulin,杜玉林,Male,1972.0,China,Software & Services,Zwsoft,China-Guangzhou,2022
duan_wei,Duan Wei,段威,Male,1986.0,China,Software & Services,Mobvista,China-Guangzhou,2026
duan_ying,Duan Ying,段颖,Female,1979.0,China,Healthcare,Vazyme,China-Nanjing,2023
duan_yongping,Duan Yongping,段永平,Male,1961.0,United States,Investments,BBK,USA-San Francisco,2026
duke_reyes,Duke Reyes,Duke Reyes,Male,1957.0,United States,Food & Beverages,Reyes,USA-Palm Beach,2026
dulce_pugliese_de_godoy_bueno,Dulce Pugliese De Godoy Bueno,杜耳塞·普格里斯·德·戈多伊·布埃诺,Female,,Brazil,Healthcare,Dasa,Switzerland-Lugano,2026
duncan_barclay,Duncan Barclay,Duncan Barclay,Male,1961.0,United Kingdom,Retail,The Very Group,UK-London,2023
duncan_macmillan,Duncan Macmillan,邓肯·麦克米兰,Male,,United States,Financial Services,Bloomberg,USA-New York,2026
duncan_wen_shan_wang,Duncan Wen-Shan Wang,王文杉,Male,,Taiwan,Media & Entertainment,United Daily News,China-Taipei,2026
dustin_moskovitz,Dustin Moskovitz,达斯汀·莫斯科维茨,Male,1984.0,United States,Media & Entertainment,Meta Platforms,USA-Gainesville,2026
dwight_schar,Dwight Schar,Dwight Schar,,,,Real Estate,NVR,USA,2025
dylan_field,Dylan Field,Dylan Field,Male,1992.0,United States,Software & Services,Figma,USA-San Francisco,2026
earvin_magic_johnson,"Earvin ""Magic"" Johnson","Earvin ""Magic"" Johnson",Male,1959.0,United States,Investments,Investments,USA-Beverly Hills,2026
ed_craven,Ed Craven,Ed Craven,Male,1995.0,Australia,Media & Entertainment,Stake,Australia-Melbourne,2026
eddie_healey,Eddie Healey,Eddie Healey,Male,1939.0,United Kingdom,Real Estate,Meadowhall,,2021
eddie_siu_wah_law,Eddie Siu Wah Law,罗肇华,Male,1966.0,Hong Kong,Investments,Zhenghe Capital,Hong Kong-Hong Kong,2021
eddie_zakay,Eddie Zakay,埃迪·扎卡伊,Male,,,Real Estate,Topland,Monaco-Monaco,2026
eddy_kusnadi_sariaatmadja,Eddy Kusnadi Sariaatmadja,Eddy Kusnadi Sariaatmadja,Male,1964.0,Indonesia,Media & Entertainment,Elang Mahkota Teknologi,Indonesia-Jakarta,2026
eddy_sugianto,Eddy Sugianto,Eddy Sugianto,Male,1945.0,Indonesia,Energy,Mandiri,Indonesia,2025
edgar_bronfman_jr,Edgar Bronfman Jr,小埃德加·布朗夫曼,Male,1955.0,United States,Media & Entertainment,Warner Music Group,USA-New York,2026
edir_macedo,Edir Macedo,Edir Macedo,,,,Media & Entertainment,Grupo Record,Brazil-Sao Paulo,2026
edmund_ansin,Edmund Ansin,埃德蒙·安辛,Male,,United States,Media,Sunbeam Television,,2020
edouard_carmignac,Edouard Carmignac,爱德华·卡米尼亚克,Male,,France,Investments,Carmignac Gestion,France-Paris,2026
edson_de_godoy_bueno,Edson de Godoy Bueno & family,,,,,Health Care,Amil Participacoes,,2017
eduard_chukhlebov,Eduard Chukhlebov,Eduard Chukhlebov,Male,1964.0,Russia,Metals & Mining,UGMK,Russia-Moscow,2026
eduard_kucera,Eduard Kučera,Eduard Kučera,Male,1953.0,Czech Republic,Software & Services,Avast,Czech Republic-Prague,2026
eduard_schleicher,Eduard Schleicher,Eduard Schleicher,Male,1955.0,Germany,Construction & Engineering,Schwenk cement,Germany-Ulm,2026
eduardo_belmont,Eduardo Belmont,,,,,Cosmetics,Belcorp,,2018
eduardo_belmont_anderson,Eduardo Belmont Anderson,爱德华多·贝尔蒙特,Male,,Peru,Consumer Goods,Belcorp,Peru-Lima,2023
eduardo_cojuangco_jr,Eduardo Cojuangco Jr,Eduardo Cojuangco Jr,Male,1936.0,Philippines,Food & Beverages,San Miguel,,2020
eduardo_costantini,Eduardo Costantini,Eduardo Costantini,Male,1947.0,Argentina,Real Estate,Consultatio,Argentina-Buenos Aires,2026
eduardo_eurnekian,Eduardo Eurnekian,爱德华多·欧尼肯,Male,,Argentina,Aerospace & Defence,Corporación América Airports,Argentina-Buenos Aires,2026
eduardo_hochschild,Eduardo Hochschild,爱德华多·霍奇希尔德,Male,,Peru,Metals & Mining,Hochschild Mining PLC,Peru-Lima,2026
eduardo_saverin,Eduardo Saverin,爱德华多·萨维林,Male,1982.0,Singapore,Media & Entertainment,Meta Platforms,Singapore-Singapore,2026
eduardo_vivas,Eduardo Vivas,Eduardo Vivas,Male,1985.0,United States,Artificial Intelligence,AppLovin,USA-Palo Alto,2026
eduardo_voigt_schwartz,Eduardo Voigt Schwartz,Eduardo Voigt Schwartz,,,,Industrial Products,WEG,Brazil-Florianópolis,2026
edward_bass,Edward Bass,爱德华·巴斯,Male,1945.0,United States,Investments,Investments,USA-Fort Worth,2026
edward_debartolo_jr,Edward Debartolo Jr,小爱德华·德巴托洛,Male,1946.0,United States,Real Estate,Simon Property,USA-Tampa,2026
edward_fitzgerald,Edward Fitzgerald,Edward Fitzgerald,Male,,United States,Financial Services,EQT,USA-Philadelphia,2023
edward_glazer,Edward Glazer,Edward Glazer,Male,1970.0,United States,Media & Entertainment,Tampa Bay Buccaneers,USA-Palm Beach,2026
edward_hallen,Edward Hallen,Edward Hallen,Male,1981.0,United States,Software & Services,Klaviyo,USA-Boulder,2026
edward_johnson_iii,Edward Johnson III,爱德华·约翰逊三世,Male,1926.0,United States,Investment Management,Fidelity,USA-Boston,2022
edward_lampert,Edward Lampert,爱德华·兰伯特,Male,,United States,Financial Services,ESL Investments,USA-Miami,2026
edward_rogers_iii,Edward Rogers III,爱德华·罗杰斯三世,Male,1969.0,Canada,Telecommunications,Rogers Communications,Canada-Toronto,2026
edward_roski_jr,Edward Roski Jr,小爱德华·罗斯基,Male,,United States,Real Estate,Majestic Realty,USA-Los Angeles,2026
edward_stack,Edward Stack,Edward Stack,Male,1955.0,United States,Retail,Dick's Sporting Goods,USA-Sewickley,2026
edwin_chen,Edwin Chen,Edwin Chen,Male,1987.0,United States,Artificial Intelligence,Surge AI,USA-New York,2026
edwin_leong,Edwin Leong,梁绍鸿,Male,,Hong Kong,Real Estate,Tai Hung Fai,China-Hong Kong,2026
edwin_soeryadjaya,Edwin Soeryadjaya,谢重生,Male,1949.0,Indonesia,Investments,Saratoga Investama Sedaya,Indonesia-Jakarta,2026
edythe_broad,Edythe Broad,Edythe Broad,Male,,United States,Investments,Investments,USA-Los Angeles,2026
egon_durban,Egon Durban,Egon Durban,Male,1973.0,United States,Financial Services,Silver Lake,USA-Atherton,2026
egor_kulkov,Egor Kulkov,Egor Kulkov,Male,1971.0,Russia,Healthcare,Pharmstandard,Switzerland-Grimisuat,2026
eiichi_kuriwada,Eiichi Kuriwada,Eiichi Kuriwada,Male,1947.0,Japan,Transportation & Logistics,Sagawa Express,Japan-Osaka,2024
eike_batista,Eike Batista ,,Male,1956.0,,Energy,OGX,,2013
eka_tjipta_widjaja,Eka Tjipta Widjaja & Family,,,,,Chemicals & Petrochemicals,Sinar Mas ,,2018
ekaterina_fedun,Ekaterina Fedun,Ekaterina Fedun,Female,1988.0,United Kingdom,Energy,Lukoil,UK-London,2026
elaine_marshall,Elaine Marshall,伊莲·马歇尔,Female,1942.0,United States,Energy,Koch Industries,USA-Dallas,2026
elaine_marshall_family,Elaine Marshall Family,,Female,,,Energy,Koch Industries,,2016
elaine_wynn,Elaine Wynn,伊莱恩·韦恩,Female,,United States,Hospitality,Wynn Resort,USA,2025
eleanor_butt_crook,Eleanor Butt Crook,Eleanor Butt Crook,Female,1932.0,United States,Retail,H-E-B Store,USA-San Marcos,2026
elena_baturina,Elena Baturina,埃琳娜·巴图丽娜,Female,,United Kingdom,Construction & Engineering,Inteko,UK-London,2026
eleonora_berlusconi,Eleonora Berlusconi,Eleonora Berlusconi,Female,1986.0,Italy,Media & Entertainment,MFE-MediaForEurope,Italy-Macherio,2026
eli_broad,Eli Broad,伊莱·布罗德,Male,1933.0,United States,Insurance,AIG,,2021
elie_horn,Elie Horn,艾莉·霍恩,Male,,Brazil,Developer,Cyrela,,2021
elijah_widjaja,Elijah Widjaja,黄柏年,Male,1956.0,China,Real Estate,Bund Center,China-Shanghai,2026
eliodoro_bernardo_patricia_matte,Eliodoro、Bernardo、Patricia Matte ,,Male、Male、Male,,,Forestry,Empresas Cmpc,,2012
eliodoro_matte,Eliodoro Matte,埃利奥多罗·马特,Male,,Chile,Forestry,Empresas,,2021
elisabeth_badinter,Elisabeth Badinter,伊丽莎白·巴丹特,Female,,France,Media & Entertainment,Publicis Groupe,France-Paris,2026
elisabeth_deluca,Elisabeth DeLuca,Elisabeth DeLuca,Female,1948.0,United States,Food & Beverages,Subway,USA-Pompano Beach,2026
elisabeth_douglas,Elisabeth Douglas,Elisabeth Douglas,Female,1941.0,Sweden,Investments,Investment AB Latour,Sweden-Stockholm,2026
elisabeth_furtwaengler,Elisabeth Furtwaengler,Elisabeth Furtwaengler,Female,1992.0,Germany,Media,Hubert Burda Media,,2021
elisabeth_murdoch,Elisabeth Murdoch,Elisabeth Murdoch,,1968.0,United Kingdom,Investments,Investments,UK-London,2026
elisio_alexandre_soares_dos_santos,Elisio Alexandre Soares Dos Santos,埃利西奥·亚历山大·索雷斯·多斯桑托斯,Male,1935.0,Portugal,Food & Beverages,Jeronimo Martins,,2019
elizabeth_johnson,Elizabeth Johnson,Elizabeth Johnson,Female,,United States,Financial Services,FMR,USA-Boston,2026
elizabeth_mohn,Elizabeth Mohn,伊丽莎白·莫恩,Female,1941.0,Germany,Media & Entertainment,Bertelsmann,Germany-Gutersloh,2026
elizabeth_t_sy,Elizabeth T. Sy,施美致,Female,,Philippines,Retail,SM Investments,Philippines-Manila,2026
elizabeth_uihlein,Elizabeth Uihlein,Elizabeth Uihlein,,,,Containers & Packaging,Uline,USA-Lake Forest,2026
elly_reisman,Elly Reisman,Elly Reisman,Male,1949.0,Canada,Real Estate,Great Gulf Homes,Canada-Toronto,2026
elon_musk,Elon Musk,埃隆·马斯克,Male,1971.0,United States,Aerospace & Defence,SpaceX,USA-Austin,2026
emad_al_muhaidib,Emad Al Muhaidib,Emad Al Muhaidib,Male,1956.0,Saudi Arabia,Construction & Engineering,Al Muhaidib Group,Saudi Arabia-Dammam,2026
emanuella_barilla,Emanuella Barilla,伊曼纽拉·巴里拉,Female,,Italy,Food & Beverages,Barilla Group,Italy-Parma,2026
emilio_alves_odebrecht,Emilio Alves Odebrecht,埃米利奥·阿尔维斯·奥莱克斯,Male,1945.0,Brazil,Construction & Engineering,Odebrecht,Brazil,2025
emilio_alves_odebrecht_family,Emilio Alves Odebrecht Family,,Male,,,Petrochemical,Odebrecht,,2016
emilio_azcarraga_jean,Emilio Azcarraga Jean,埃米利奥·阿兹卡拉格·让,Male,,Mexico,Media & Entertainment,Televisia,Mexico,2025
emily_irving,Emily Irving,Emily Irving,,,,Energy,Irving Oil,Canada-New Brunswick,2026
emma_marcegaglia,Emma Marcegaglia,Emma Marcegaglia,Female,1965.0,Italy,Metals & Mining,Marcegaglia,Italy-Mantua,2026
emmanuel_besnier,Emmanuel Besnier,埃马纽埃尔·贝妮尔,Male,1970.0,France,Food & Beverages,Lactalis,France-Laval,2026
ennio_doris,Ennio Doris,恩尼奥·多里斯,Male,,Italy,Insurance,Mediolanum,,2021
enrico_preziosi,Enrico Preziosi,Enrico Preziosi,Male,1947.0,Italy,Toys,Giochi Preziosi,Italy-Cogliate,2022
enrique_coppel_luken,Enrique Coppel Luken,Enrique Coppel Luken,,,,Retail,Grupo Coppel,Mexico-Culiacan,2026
enrique_cueto,Enrique Cueto,恩里克·库托,Male,,Chile,Aviation  ,LATAM,,2020
enrique_razon_jr,Enrique Razon Jr,小恩里克·拉松,Male,1960.0,Philippines,Transportation & Logistics,International Container Terminal Services,Philippines-Manila,2026
enrique_yamuni_robles,Enrique Yamuni Robles,恩里克·亚姆尼·罗伯斯,Male,,Mexico,TMT,Megacable Holdings,,2019
eren_ozmen,Eren Ozmen,埃伦·奥兹曼,Female,,United States,Aerospace & Defence,Sierra Nevada,USA-Reno,2026
eric_douglas,Eric Douglas,埃里克·道格拉斯,Male,,Sweden,Investments,Investment AB Latour,Sweden-Stockholm,2026
eric_duval,Eric Duval,Eric Duval,Male,1960.0,France,Real Estate,Groupe Duval,France-Paris,2026
eric_glyman,Eric Glyman,Eric Glyman,Male,1990.0,United States,Financial Services,Ramp,USA-New York,2026
eric_hemar,Eric Hémar,Eric Hémar,Male,1963.0,France,Transportation & Logistics,ID Logistics,France-Paris,2026
eric_lefkofsky,Eric Lefkofsky,Eric Lefkofsky,,,,Healthcare,Tempus,USA-Glencoe,2026
eric_schmidt,Eric Schmidt,埃里克·施密特,Male,1955.0,United States,Media & Entertainment,Alphabet,USA-Atherton,2026
eric_smidt,Eric Smidt,Eric Smidt,Male,1960.0,United States,Retail,Harbor Freight Tools,USA-California City,2026
eric_sprott,Eric Sprott,,,,,Investments,Sprott ,,2017
eric_tsai_cheng_chiu,Eric Tsai Cheng-Chiu,蔡镇球,Male,,Taiwan,Financial Services,Lin Yuan,China-Taipei,2026
eric_wittouck,Eric Wittouck,埃里克·威图克,Male,1947.0,Monaco,Investments,Artel,Monaco-Monaco,2026
eric_wu,Eric Wu,Eric Wu,Male,1984.0,United States,Online Marketplace,Opendoor,,2021
erich_kellerhals,Erich Kellerhals,,,,,Consumer electronics Retailing,Media-Saturn,,2017
erich_sixt,Erich Sixt,埃里希·西维特,Male,,Germany,Transportation & Logistics,Sixt,Germany-Munich,2026
erich_von_baumbach,Erich von Baumbach,Erich von Baumbach,Male,1971.0,Germany,Healthcare,Boehringer Ingelheim,Germany-Ingelheim,2026
erich_wesjohann,Erich Wesjohann,Erich Wesjohann,Male,1946.0,Germany,Food & Beverages,EW Group,Germany-Visbek,2026
erik_must,Erik Must,Erik Must,Male,1942.0,Norway,Financial Services,Investor,Norway-Oslo,2026
erik_paulsson,Erik Paulsson,埃里克·鲍尔森,Male,,Sweden,Real Estate,Fabege,Sweden,2025
erik_selin,Erik Selin,埃里克·塞林,Male,,Sweden,Real Estate,Fastighets AB Balder,Sweden-Gothenburg,2026
erivan_haub,Erivan Haub & Family,,,,,Multi Brand Retailing,Tengelmann,,2018
erman_ilicak,Erman Ilicak,尔曼·伊利克,Male,1967.0,Turkey,Construction & Engineering,Ronesans Holding,Turkey-Ankara,2026
ermirio_pereira_de_moraes,Ermirio Pereira de Moraes,Ermirio Pereira de Moraes,Male,1933.0,Brazil,Investments,Grupo Votorantim,Brazil-Sao Paulo,2026
ernest_garcia_ii,Ernest Garcia II,欧内斯特·加西亚二世,Male,1958.0,United States,Retail,Carvana,USA-Tempe,2026
ernest_garcia_iii,Ernest Garcia III,Ernest Garcia III,Male,1983.0,United States,Automobile,Carvana,,2021
ernesto_bertarelli,Ernesto Bertarelli,埃内斯托·贝尔塔雷利,Male,1965.0,Switzerland,Healthcare,Serono,Switzerland-Gstaad,2026
ernesto_bertarelli_family,Ernesto Bertarelli family,,Male,1965.0,,Pharmaceuticals,Serono,,2016
erramon_aboitiz,Erramon Aboitiz,埃拉蒙·阿博提兹,Male,1956.0,Philippines,Energy,Aboitiz Equity Ventures,,2019
erwin_franz_mueller,Erwin Franz Mueller,欧文·弗朗兹·穆勒,Male,,Germany,Retail,Mueller,Germany-Ulm,2026
essam_al_muhaidib,Essam Al Muhaidib,Essam Al Muhaidib,Male,1958.0,Saudi Arabia,Construction & Engineering,Al Muhaidib Group,Saudi Arabia-Dammam,2026
esther_grether,Esther Grether,埃丝特·格雷瑟,Female,,Switzerland,Investments,Art Collector,Switzerland,2025
esther_koplowitz,Esther Koplowitz,埃丝特·科普洛维兹,Female,,Spain,Construction & Engineering,FCC,Spain-Madrid,2024
esther_safra,Esther Safra,Esther Safra,Female,1978.0,Brazil,Financial Services,Safra,Brazil-Sao Paulo,2026
eugene_kaspersky,Eugene Kaspersky,Eugene Kaspersky,Male,1966.0,Russia,Software & Services,Kaspersky Lab,Russia-Moscow,2026
eugene_murtagh,Eugene Murtagh,尤金·穆塔格,Male,,Ireland,Construction & Engineering,Kingspan,Ireland-Kingscourt,2026
eugene_shvidler,Eugene Shvidler,,,,,Oil & Gas,Evraz,,2018
eugene_wu,Eugene Wu,吴东进,Male,,Taiwan,Financial Services,Shin Kong,China-Taipei,2026
eva_gonda_rivera,Eva Gonda Rivera,伊娃·冈达·里维拉,Female,,Mexico,Food & Beverages,FEMSA,Mexico-Monterrey,2026
eva_maria_braun_luedicke,Eva Maria Braun-Luedicke,伊娃·玛丽亚·布劳恩·卢迪克,Female,,Germany,Healthcare,B. Braun,Germany-Melsungen,2026
eva_maria_bucher_haefner,Eva Maria Bucher-Haefner,Eva Maria Bucher-Haefner,Female,1956.0,Switzerland,Investments,Investments,Switzerland-Zurich,2026
eva_maria_bucher_haefner_2,Eva-Maria Bucher Haefner,,,,,Technology,Computer Associates,,2018
eva_maria_bucher_haefner_3,Eva-Maria Bucher Haefner,伊娃·玛丽亚·布赫·海夫纳,Female,,Switzerland,Software & Services,CA Technologies,Switzerland-Zurich,2026
eva_maria_bucher_haefner_4,Eva-Maria Bucher Haefner,,,,,Technology,Computer Associates,,2017
evan_sharp,Evan Sharp,埃文·夏普,Male,,United States,Technology,Pinterest,,2019
evan_spiegel,Evan Spiegel,埃文·斯皮格尔,Male,,United States,Media & Entertainment,Snap,USA-Venice,2026
evan_williams,Evan Williams,埃文·威廉姆斯,Male,,United States,Media & Entertainment,Twitter,USA-San Francisco,2026
evangelos_marinakis,Evangelos Marinakis,Evangelos Marinakis,,,,Transportation & Logistics,Capital Maritime Trading Corp,Greece-Piraeus,2026
evgeny_shvidler,Evgeny Shvidler,Evgeny Shvidler,,,,Metals & Mining,Evraz,UK-London,2026
eyal_ofer,Eyal Ofer,艾尔·奥弗,Male,,Monaco,Transportation & Logistics,Ofer Global,Monaco-Monte Carlo,2026
ezra_nahmad,Ezra Nahmad,以斯拉·纳玛德,Male,,Monaco,Investments,Art Collector,Monaco,2025
f_c_tseng,F. C. Tseng,曾繁城,Male,,Taiwan,Semiconductors,TSMC,China-Hsinchu,2026
fabian_hedin,Fabian Hedin,Fabian Hedin,Male,1999.0,Sweden,Artificial Intelligence,Lovable,Sweden-Stockholm,2026
fabien_pinckaers,Fabien Pinckaers,Fabien Pinckaers,,,,Software & Services,Odoo,Belgium-Saint-Denis-Bovesse,2026
fabio_mantegazza,Fabio Mantegazza,Fabio Mantegazza,Male,1955.0,Switzerland,Media & Entertainment,Group Voyagers,Switzerland-Lugano,2024
fabricio_bittar_garcia,Fabrício Bittar Garcia,Fabrício Bittar Garcia,Male,1978.0,Brazil,Multi-Brand Retail,Magazine Luiza,,2021
fabrizio_di_amato,Fabrizio Di Amato,Fabrizio Di Amato,Male,1963.0,Italy,Construction & Engineering,Maire,Italy-Rome,2026
fahd_hariri,Fahd Hariri,法赫德·哈里里,Male,,France,Construction,Turk Telekomunikasyon,,2020
fahed_hariri,Fahed Hariri,Fahed Hariri,Male,1981.0,United Kingdom,Construction & Engineering,Saudi Oger & Vera,UK-London,2026
faisal_bin_qassim_al_thani,Faisal Bin Qassim Al Thani,费萨尔·本·卡西姆·塔尼,Male,,Qatar,Industrial Products,Aamal Co,Qatar-Doha,2026
faizal_kottikollon,Faizal Kottikollon,Faizal Kottikollon,Male,1963.0,United Arab Emirates,Investments,KEF Holdings,UAE-Dubai,2026
falguni_nayar,Falguni Nayar,Falguni Nayar,Male,1963.0,India,Consumer Goods,Nykaa,India-Mumbai,2026
famil,famil,famil,,,,Media & Entertainment,Kansas City Chiefs,USA-Dallas,2026
fan_daidi,Fan Daidi,范代娣,Female,1965.0,Shaanxi,Healthcare,Giant Biogene,China-Xi'an,2026
fan_hongwei,Fan Hongwei,范红卫,Female,1967.0,China,Chemicals,Hengli,China-Suzhou,2026
fan_meihua,Fan Meihua,樊梅花,Female,,China,E-commerce,KJT,Zhejiang-Ningbo,2020
fan_mingqiang,Fan Mingqiang,范明强,Male,,China,Food & Beverages,JML,China-Xingtai,2026
fan_minhua,Fan Minhua,范敏华,Male,1961.0,China,Pharmaceuticals,Poly Pharm,China-Haikou,2022
fan_xianguo,Fan Xianguo,范现国,Male,1960.0,China,Food & Beverages,JML,China-Xingtai,2026
fan_xiulian,Fan Xiulian,范秀莲,Male,1963.0,China,Healthcare,Haisco Pharmaceutical,China-Shenyang,2026
fan_zheng,Fan Zheng,樊铮,Male,1979.0,China,Automobile & Auto Components,Li Auto,Beijing-Beijing,2025
fang_hongbo,Fang Hongbo,方洪波,Male,1967.0,China,Consumer Goods,Midea,China-Foshan,2026
fang_jining,Fang Jining,方骥柠,Female,1990.0,China,Industrial Products,Jimei Technology,China-Huzhou,2026
fang_junyun,Fang Junyun,方隽云,Male,1964.0,China,Industrial Products,Jimei Technology,China-Huzhou,2026
fang_tonghua,Fang Tonghua,方同华,Male,1963.0,China,Healthcare,ZBD,Heilongjiang-Jixi,2025
fang_wei,Fang Wei,方威,Male,1973.0,China,Metals & Mining,Fangda,China-Beijing,2026
fang_xiaoliang,Fang Xiaoliang,方效良,Male,1958.0,,Biotechnology,Orient Gene Biotech,China-Huzhou,2022
fang_yuyou,Fang Yuyou,方玉友,Male,1969.0,China,Consumer Goods,Proya Cosmetics,China-Hangzhou,2026
fang_zhancheng,Fang Zhancheng,方展城,Male,,China,Food & Beverages,Haitian,China-Foshan,2023
farhad_akhmedov,Farhad Akhmedov,,,,,Energy,Northgas,,2018
farhad_moshiri,Farhad Moshiri,法哈德·莫希里,Male,,United Kingdom,Metals & Mining,USM Holdings,Monaco-Monaco,2026
farkhad_akhmedov,Farkhad Akhmedov,法哈德·阿赫梅多夫,Male,1955.0,Russia,Energy,Nortgas,Russia-Moscow,2026
farris_wilks,Farris Wilks,法里斯·威尔克斯,Male,,United States,Construction & Engineering,Wilks Masonry,USA-Cisco,2026
faruk_eczacibasi,Faruk Eczacibasi,法鲁克·埃卡西巴西,Male,,Turkey,Consumer Goods,Eczacibasi Holding,Turkey-Istanbul,2026
farukbhai_gulambhai_patel,Farukbhai Gulambhai Patel,Farukbhai Gulambhai Patel,Male,1972.0,India,Energy,KPI Green Energy,India-Surat,2026
fatih_ozmen,Fatih Ozmen,法提赫·奥兹曼,Male,,United States,Aerospace & Defence,Sierra Nevada,USA-Reno,2026
fatih_tosyali,Fatih Tosyali,Fatih Tosyali,Male,1966.0,Turkey,Industrial Products,Tosyali Holdings,Turkey-Istanbul,2022
fawaz_alhokair,Fawaz Alhokair,,,,,Retail,Fawaz Abdulaziz AlHokair,,2018
fawzi_al_kharafi,Fawzi Al-Kharafi,法兹·卡拉菲,Male,,Kuwait,Construction,Kharafi Group,,2021
fayez_sarofim,Fayez Sarofim ,Fayez Sarofim ,Male,1930.0,United States,Energy,Kinder Morgan,,2021
federico_de_nora,Federico De Nora,Federico De Nora,Male,1969.0,Italy,Industrial Products,Industrie De Nora,Italy-Milan,2026
fei_zhengxiang,Fei Zhengxiang,费铮翔,Male,1960.0,China,Consumer Goods,Conant,China-Shanghai,2026
fei_zhenyong,Fei Zhenyong,费振勇,Male,1969.0,,Software & Services,NorthKing,China-Beijing,2026
felix_baker,Felix Baker,Felix Baker,Male,,United States,Investments,Baker Brothers Advisors,USA-New York,2026
femi_otedola,Femi Otedola,Femi Otedola,Male,1962.0,Nigeria,Energy,Geregu,Nigeria-Lagos,2026
feng_changge,Feng Changge,,,,,"Car sales, real estate ",Harmony ,,2018
feng_chenhui,Feng Chenhui,冯晨晖,Male,1966.0,China,Semiconductors,Guide Electrics,China-Wuxi,2022
feng_hailiang,Feng Hailiang,冯海良,Male,1960.0,China,Metals & Mining,Hailiang,China-Shaoxing,2026
feng_huanpei,Feng Huanpei,冯焕培,Male,1966.0,China,Energy,Jing Yun Tong,China-Beijing,2023
feng_huanpei_fan_zhaoxia,Feng Huanpei & Fan Zhaoxia,,,,,New energy,Jing Yun Tong,,2018
feng_lingling,Feng Lingling,冯玲玲,Female,1973.0,China,Consumer Goods,Biemlf,China-Guangdong-Guangzhou,2024
feng_xiaohua,Feng Xiaohua,冯小华,Male,1956.0,China,Food & Beverages,Nanhua Sugar,China-Nanning,2023
feng_yi,Feng Yi,冯毅,Male,1974.0,China,Office Automation,Sangfor,Guangdong-Shenzhen,2021
feng_yuxia,Feng Yuxia,冯宇霞,Female,1964.0,China,Healthcare,Joinn Laboratories,China-Beijing,2026
feng_zhimin,Feng Zhimin,冯陟旻,,,,Media & Entertainment,Sea,Singapore-Singapore,2026
ferdinand_piech,Ferdinand Piech,费迪南德·皮赫,Male,,Germany,Automobiles & Components,Volkswagen,,2020
feridun_gecgel,Feridun Gecgel,Feridun Gecgel,Male,1970.0,Turkey,Industrial Products,Astor Enerji,Turkey-Ankara,2026
ferit_faik_sahenk,Ferit Faik Sahenk,弗里特·法伊克·萨罕克,Male,,Turkey,Retail,Dogus,Turkey-Istanbul,2026
fernand_huts,Fernand Huts,Fernand Huts,,,,Retail,KN holding,UK-Kent,2026
fernando_augusto_zobel,Fernando Augusto Zobel,,,,,Energy,Ayala Corporation,,2018
fernando_augusto_zobel_de_ayala,Fernando Augusto Zobel de Ayala,费尔南多·奥古斯托·佐贝尔,Male,1960.0,Philippines,Energy,Ayala,,2019
fernando_belmont,Fernando Belmont,费尔南多·贝尔蒙特,Male,,Peru,Cosmetics,Yanbal International,,2021
fernando_chico_pardo,Fernando Chico Pardo,费尔南多·奇科·帕尔多,Male,,Mexico,Aerospace & Defence,Grupo Aeroportuario del Sureste,Mexico-Mexico City,2026
fernando_espinosa_abdala,Fernando Espinosa Abdalá,Fernando Espinosa Abdalá,,,,Healthcare,Rimsa,Mexico-Mexico City,2026
fernando_henrique_borges_trajano,Fernando Henrique Borges Trajano,Fernando Henrique Borges Trajano,Male,,Brazil,Multi-Brand Retail,Magazine Luiza,,2021
fernando_roberto_moreira_salles,Fernando Roberto Moreira Salles,费尔南多·罗伯托·莫雷拉·萨尔斯,Male,,Brazil,Financial Services,Itau Unibanco,Brazil-Sao Paulo,2026
fernando_roig,Fernando Roig,费尔南多·罗伊格,Male,,Spain,Construction & Engineering,Pamesa,Spain-Valencia,2026
feroz_allana,Feroz Allana,费罗兹·阿拉娜,Male,,United Arab Emirates,Consumer Products,IFFCO,,2020
filaret_galchev,Filaret Galchev,,,,,Cement,Holcim,,2017
filiz_sahenk,Filiz Sahenk,菲利兹·萨亨克,Female,,Turkey,Retail,Dogus,Turkey-Istanbul,2026
finn_rausing,Finn Rausing,芬·劳辛,Male,1955.0,United Kingdom,Containers & Packaging,Tetra Pak,UK-London,2026
fiona_pratt,Fiona Pratt,菲奥娜·普拉特,Female,,Australia,Paper & Forest Products,Visy Industries,Australia-Melbourne,2026
flavia_bittar_garcia_faleiros,Flávia Bittar Garcia Faleiros,Flávia Bittar Garcia Faleiros,Female,,Brazil,Multi-Brand Retail,Magazine Luiza,,2021
florentino_perez,Florentino Perez,弗洛伦蒂诺·佩雷斯,Male,,Spain,Construction & Engineering,Actividades De Construcción Y Servicios,Spain-Madrid,2026
florian_rehm,Florian Rehm,Florian Rehm,Male,1979.0,Germany,Food & Beverages,Mast-Jägermeister,Germany-Erkerode,2026
floyd_mayweather,Floyd Mayweather,弗洛伊德·梅威瑟,Male,1977.0,United States,Media & Entertainment,Boxing,USA-Las Vegas,2026
folorunsho_alakija,Folorunsho Alakija,佛罗伦舒·阿拉基贾,Female,1951.0,Nigeria,Energy,Famfa,Nigeria-Lagos,2026
fong_yun_wah,Fong Yun Wah,方润华,Male,,Hong Kong,Estate Holding,Hip Shing Hong,China-Hong Kong,2022
forrest_li_xiaodong,Forrest Li Xiaodong,Forrest Li Xiaodong,Male,1978.0,Singapore,Entertainment,Sea,,2020
forrest_mars_jr,Forrest Mars Jr ,,Male,1931.0,,Food & Beverages,Mars,,2016
forrest_preston,Forrest Preston,福雷斯特·普雷斯顿,Male,1933.0,United States,Healthcare,Life Care Centers of America,USA-Cleveland,2026
forrest_xiaodong_li,Forrest Xiaodong Li,李小冬,Male,1978.0,Singapore,Media & Entertainment,Sea,Singapore-Singapore,2026
francesco_aquilini,Francesco Aquilini ,,,,,Investment,Aquilini Investment ,,2018
francesco_gaetano_caltagirone,Francesco Gaetano Caltagirone,弗朗切斯科·加埃塔诺·卡尔塔吉罗内,Male,1943.0,Italy,Financial Services,Assicurazioni Generali,Italy-Rome,2026
francesco_saputo,Francesco Saputo,Francesco Saputo,Male,1952.0,Canada,Agriculture,Eponymous Dairy Company,Canada-Montreal,2026
francine_von_finck,Francine von Finck,Francine von Finck,Female,1940.0,Switzerland,Software & Services,SGS,Switzerland-Thurgau,2026
francis_biondi,Francis Biondi,弗朗西斯·比昂迪,Male,1940.0,United States,Financial Services,King Street Capital Management,USA-New York,2026
francis_choi_chee_ming,Francis Choi Chee Ming,蔡志明,Male,,Hong Kong,Consumer Goods,Early Light International,China-Hong Kong,2026
francis_holder,Francis Holder,Francis Holder,Male,1941.0,France,Food & Beverages,Groupe Holder,France-Lille,2026
francisco_deusmar_de_queiros,Francisco Deusmar De Queiros,弗朗西斯科·杜斯玛·德奎罗斯,Male,,Brazil,Pharmaceuticals,Pague Menos,,2019
francisco_javier_bours_castelo,Francisco Javier Bours Castelo,弗朗西斯科·哈维尔·布尔·卡斯特洛,Male,,Mexico,Telecommunications,Megacable Holdings,Mexico-Sanora,2026
francisco_jose_calderon_rojas,Francisco Jose Calderon Rojas,弗朗西斯科·何塞·卡德隆·罗哈斯,Female,,,Food & Beverages,FEMSA,,2019
francisco_jose_riberas_mera,Francisco Jose Riberas Mera,Francisco Jose Riberas Mera,Male,1965.0,Spain,Automobile & Auto Components,Gestamp Automocion,Spain-Madrid,2026
franco_bittar_garcia,Franco Bittar Garcia,Franco Bittar Garcia,Male,1984.0,Brazil,Multi-Brand Retail,Magazine Luiza,,2021
francois_feuillet,Francois Feuillet,Francois Feuillet,Male,1948.0,France,Automobile & Auto Components,Trigano,France-Paris,2026
francois_heriard_dubreuil,François Hériard Dubreuil,François Hériard Dubreuil,Male,1949.0,France,Food & Beverages,Remy Cointreau,France-Paris,2023
francois_pinault,Francois Pinault,弗朗索瓦·皮诺,Male,1936.0,France,Consumer Goods,Kering,France-Paris,2026
francois_pinault_family,Francois Pinault family,,Male,1936.0,,Multi Brand Retailing,PPR,,2015
francois_xavier_bellon,François-Xavier Bellon,François-Xavier Bellon,Male,1965.0,France,Food & Beverages,Sodexo,France,2025
francoise_bettencourt_meyers,Francoise Bettencourt Meyers,弗朗索瓦丝·贝当古·梅耶尔,Female,1953.0,France,Consumer Goods,L'Oreal,France-Paris,2026
frank_blase,Frank Blase,Frank Blase,Male,1959.0,Germany,Industrial Products,IGUS,Germany-Bergisch Gladbach,2026
frank_fertitta_iii,Frank Fertitta III,"Frank Fertitta, III",Male,1963.0,United States,Media & Entertainment,Zuffa,USA-Las Vegas,2026
frank_h_laukien,Frank H Laukien,Frank H Laukien,Male,1961.0,United States,Healthcare,Bruker,USA-Boston,2026
frank_hazenfratz,Frank Hazenfratz & Family,,,,,Auto Parts,Linamar Corp,,2018
frank_holding,Frank Holding,Frank Holding,,,,Financial Services,First Citizens Bank,USA-Raleigh,2026
frank_love,Frank Love,Frank Love,Male,,United States,Retail,Love's Travel Stops & Country Stores,USA-Oklahoma City,2026
frank_lowy,Frank Lowy,弗兰克·洛威,Male,1930.0,Australia,Real Estate,Westfield,Israel-Tel Aviv,2026
frank_mccourt,Frank Mccourt,弗兰克·麦考特,Male,,United States,Media & Entertainment,Los Angeles Dodgers,USA-Los Angeles,2026
frank_slootman,Frank Slootman,Frank Slootman,Male,1959.0,United States,Software & Services,Snowflake,USA-Pleasanton,2026
frank_sobey,Frank Sobey,Frank Sobey,Male,1955.0,Canada,Retail,Sobeys,Canada-Stellarton,2026
frank_stronach,Frank Stronach,弗兰克·斯特罗纳奇,Male,1932.0,Canada,Industrial Products,Magna International,Canada-Aurora,2026
frank_vandersloot,Frank VanderSloot,Frank VanderSloot,Male,1948.0,United States,Healthcare,Melaleuca,USA-Idaho Falls,2026
frankle_widjaja,Frankle Widjaja,弗兰克勒·维贾哈,Male,,Indonesia,Consumer Goods,Sinar Mas,Indonesia-Jakarta,2026
franky_oesman_widjaja,Franky Oesman Widjaja,弗兰基·奥斯曼·维贾贾,Male,,Indonesia,Consumer Goods,Sinar Mas,Indonesia-Jakarta,2026
franz_m_haniel,Franz M Haniel,Franz M Haniel,Male,1956.0,Germany,Retail,Metro,,2020
franz_melnhof_mayr,Franz Melnhof Mayr,弗朗兹·梅恩霍夫·梅尔,Male,,Austria,Packaging,Mayr Melnhof Karton,,2020
franz_viegener,Franz Viegener,Franz Viegener,Male,1982.0,Germany,Industrial Products,Viega Group,Germany-Attendorn,2026
franz_von_baumbach,Franz von Baumbach,Franz von Baumbach,Male,2001.0,Germany,Healthcare,Boehringer Ingelheim,Germany-Ingelheim,2026
franziska_wurbser,Franziska Wurbser,Franziska Wurbser,Female,,Germany,Industrial Products,Rational,Germany-Landsberg am Lech,2026
fred_and_peter_done,Fred And Peter Done,,,,,Entertainment,BetFred,,2018
fred_chang,Fred Chang,,,,,Online Retail,Newegg,,2017
fred_done,Fred Done,弗雷德·唐恩,Male,,United Kingdom,Entertainment,BetFred,,2019
fred_mouawad,Fred Mouawad,弗雷德·穆阿瓦德,Male,,Switzerland,Retail,Mouawad,Thailand-Bangkok,2026
fred_ron_mannix,Fred & Ron Mannix,,,,,"Oil,Gas",Mancal,,2018
frederic_b_luddy,Frederic B Luddy,Frederic B Luddy,Male,1955.0,United States,Software & Services,ServiceNow,USA-San Diego,2026
frederick_barclay,Frederick Barclay,弗雷德里克·巴克莱,Male,1934.0,United Kingdom,Retail,The Very Group,UK-Island of Brecquou,2023
frederick_ernest_ehrsam_iii,Frederick Ernest Ehrsam III,Frederick Ernest Ehrsam III,Male,1986.0,United States,Blockchain,Coinbase,USA-Boston,2026
frederick_smith,Frederick Smith,弗雷德里克·史密斯,Male,1944.0,United States,Transportation & Logistics,Fedex,USA,2025
frederik_mohn,Frederik Mohn,弗雷德里克·莫恩,Male,,Norway,Cargo pumps,Frank Mohn,,2020
frederik_paulsen,Frederik Paulsen,弗雷德里克·保尔森,Male,1950.0,Switzerland,Healthcare,Ferring Pharmaceuticals,Switzerland-Lausanne,2026
frederik_paulson,Frederik Paulson,,,,,Pharmaceuticals,Ferring Pharmaceuticals,,2018
fredrik_attiing,Fredrik Attiing,Fredrik Attiing,Male,1967.0,Germany,Financial Services,EQT,Germany-Munich,2026
fredrik_atting,Fredrik Åtting ,Fredrik Åtting ,Male,,United Kingdom,Investment Management,EQT,UK-London,2022
fredrik_lundberg,Fredrik Lundberg,弗雷德里克·隆伯格,Male,1951.0,Sweden,Investments,LE Lundbergforetagen,Sweden-Stockholm,2026
fredrik_osterberg,Fredrik Österberg,Fredrik Österberg,Male,1971.0,Sweden,Media & Entertainment,Evolution,Sweden-Stockholm,2026
friede_springer,Friede Springer,弗里德·斯普林格,Female,1942.0,Germany,Media & Entertainment,Axel Springer,Germany-Berlin,2026
friederike_braun_luedicke,Friederike Braun-Luedicke,弗雷德里克·布劳恩·卢迪基,Male,,Germany,Healthcare,B. Braun,Germany-Melsungen,2026
friedhelm_loh,Friedhelm Loh,弗里德海姆·卢,Male,1946.0,Germany,Industrial Products,Friedhelm Loh Group,Germany-Haiger,2026
friedrich_knapp,Friedrich Knapp ,弗里德里希·纳普,Male,,Germany,Retail,New Yorker,Germany-Brunswick,2024
frits_goldschmeding,Frits Goldschmeding,弗里茨·戈登斯迈迪恩,Male,1933.0,Netherlands,Services,Randstad,Netherlands-Amsterdam,2024
frits_van_eerd,Frits van Eerd,Frits van Eerd,Male,1968.0,Netherlands,Retail,Jumbo,Netherlands-Veghel,2023
fritz_draexlmaier,Fritz Draexlmaier,弗里茨·德拉克斯米尔,Male,,Germany,Automobile & Auto Components,Draexlaimer,Germany-Landshut,2026
fu_ching_hsuan,Fu Ching-Hsuan,傅青炫,,1962.0,China,Industrial Products,Long Young,China-Suzhou,2026
fu_guangming,Fu Guangming,傅光明,Male,1954.0,China,Agriculture,Sunner,China-Nanping,2026
fu_jun,Fu Jun,傅军,Male,1957.0,China,"Mining, Real Estate, Investments",Macrolink ,Beijing-Beijing,2020
fu_lei,Fu Lei,傅磊,Male,1966.0,,Industrial Products,Moons,China-Shanghai,2026
fu_liquan,Fu Liquan,傅利泉,Male,1967.0,China,Software & Services,Dahua Technology,China-Hangzhou,2026
fu_liquan_chen_ailing,Fu Liquan & Chen Ailing,,,,,"Software, Electronic and communication products",Dahua Technology,,2018
fu_meicheng,Fu Meicheng,傅梅城,Male,1957.0,China,Media & Entertainment,Huace Film & TV,China-Hangzhou,2026
fu_mingkang,Fu Mingkang,傅明康,Male,1963.0,China,Industrial Products,Riyue,China-Ningbo,2026
fu_shenglong,Fu Shenglong,付胜龙,Male,1962.0,China,Trading,Dahan,China-Shaoyang,2023
fuat_tosyali,Fuat Tosyali,Fuat Tosyali,Male,1963.0,Turkey,Industrial Products,Tosyali Holdings,Turkey-Istanbul,2022
fumio_kaneko,Fumio Kaneko,Fumio Kaneko,Male,,Japan,Energy,Daiei Kankyo,Japan-Kobe,2026
g_amarender_reddy,G Amarender Reddy,G Amarender Reddy,Male,1960.0,India,Real Estate,GAR,India-Hyderabad,2024
g_anuradha,G Anuradha,G·阿努拉达,Male,,India,Healthcare,Dr. Reddy's Laboratories,India-Hyderabad,2023
g_gnanalingam,G. Gnanalingam,G. Gnanalingam,Male,1945.0,Malaysia,Transportation & Logistics,Westports Holdings,Malaysia-Kuala Lumpur,2024
g_ravindra_rao,G Ravindra Rao,G Ravindra Rao,Male,1949.0,India,Hospitality,Yashoda Healthcare Services,India-Hyderabad,2026
gabe_newell,Gabe Newell,加布·纽维尔,Male,1962.0,United States,Software & Services,Valve,USA-Seattle,2026
gabe_pereyra,Gabe Pereyra,Gabe Pereyra,Male,1899.0,United States,Software & Services,Harvey,USA-San Francisco,2026
gabriel_escarrer,Gabriel Escarrer,加布里埃尔·埃斯卡勒,Male,,Spain,Hospitality,Melia Hotel,Spain-Palma de Majorca,2022
gabriele_gebauer,Gabriele Gebauer,Gabriele Gebauer,Female,1941.0,Germany,Consumer Goods,Mewa,Germany-Wiesbaden,2026
gabriella_meister,Gabriella Meister,加布里埃拉·迈斯特,Female,1949.0,Germany,Industrial Products,Rational,Germany-Landsberg am Lech,2026
gail_miller,Gail Miller,盖尔·米勒,Female,,United States,Retail,Larry H. Miller,USA-Salt Lake City,2026
galen_weston,Galen Weston,盖伦·韦斯顿,Male,1940.0,Canada,Retail,George Weston,Canada-Toronto,2026
galen_weston_family,Galen Weston  Family,,Male,,,Single Brand Retailing,George Weston ?,,2016
gan_zhongru,Gan Zhongru,甘忠如,Male,1948.0,,Healthcare,Gan & Lee Pharmaceuticals,China-Beijing,2026
gao_dekang,Gao Dekang,高德康,Male,1952.0,China,Consumer Goods,Bosideng,China-Suzhou,2026
gao_dekang_mei_dong,Gao Dekang & Mei Dong,,,,,Textiles,Bosideng ,,2018
gao_guangrong,Gao Guangrong,高光荣,Male,1969.0,,Telecommunications,Eoptolink,China-Chengdu,2026
gao_hongmin,Gao Hongmin,高红明,Male,1960.0,China,Metals & Mining,Yuangao,Ningxia-Yinchuan,2021
gao_jifan,Gao Jifan,高纪凡,Male,1965.0,,Energy,Trinasolar,China-Changzhou,2026
gao_jisheng_gao_jinna,Gao Jisheng & Gao Jinna ,,,,,Real Estate,Lander,,2017
gao_lufeng,Gao Lufeng,高禄峰,Male,1979.0,,E-Bicycles,Ninebot,Beijing-Beijing,2021
gao_mingqing,Gao Mingqing,高明清,,,,Metals & Mining,Wanguo Gold,China-Yichun,2026
gao_shijun,Gao Shijun,高仕军,Male,,China,Developer,Real estate,China-Nanjing,2022
gao_shuhua,Gao Shuhua,高树华,Male,1947.0,China,Healthcare,Changshan Biochemical Pharmaceutical,China-Hebei,2026
gao_tianguo,Gao Tianguo,高天国,Male,1951.0,China,Investments,Guozhijie,Shanghai-Shanghai,2019
gao_wanjun,Gao Wanjun,高万军,Male,1963.0,China,Industrial Products,Xinjin Steel,China-Handan,2023
gao_xing,Gao Xing & Family,,,,,"Real estate, construction",Xingtai ,,2018
gao_xingjiang,Gao Xingjiang,高兴江,Male,1963.0,China,Industrial Products,Yongxing Iron and steel,China-Huzhou,2026
gao_xuefeng,Gao Xuefeng,,,,,"Coal, chemicals",Jinchengtai ,,2018
gao_yi,Gao Yi,高毅,Male,1968.0,China,Retail,Yifeng Pharmacy,China-Changsha,2026
gao_yuanqian,Gao Yuanqian,高元倩,Female,1986.0,China,Healthcare,Edge,China-Shenzhen,2026
gao_yuejing,Gao Yuejing,高月静,Male,1969.0,,Chemicals,Sunresin,China-Xi'an,2026
gao_yugen,Gao Yugen,,,,,Manufacturing,Shengli,,2018
gao_yunfeng,Gao Yunfeng,高云峰,Male,1967.0,China,Industrial Products,Han's Laser,China-Shenzhen,2026
garibaldi_thohir,Garibaldi Thohir,加里波第·托希尔,Male,1965.0,Indonesia,Energy,Adaro Energy,Indonesia-Jakarta,2026
garrett_camp,Garrett Camp,加勒特·坎普,Male,1978.0,United States,Transportation & Logistics,Uber,USA-San Francisco,2026
gary_burrel,Gary Burrel,,,,,Technology,Garmin,,2017
gary_burrell,Gary Burrell,加里·伯瑞尔,Male,,United States,Technology,Garmin,,2019
gary_fegel,Gary Fegel,加里·费格尔,Male,,Switzerland,Metals & Mining,Glencore,Switzerland-Gstaad,2026
gary_friedman,Gary Friedman,Gary Friedman,Male,1957.0,United States,Retail,RH,USA-Belvedere,2026
gary_magness,Gary Magness,加里·马格尼斯,Male,,United States,Telecommunications,AT&T,USA-Denver,2026
gary_michelson,Gary Michelson,加里·米歇尔森,Male,,United States,Healthcare,Medtronic,USA-Los Angeles,2026
gary_rollins,Gary Rollins,加里·罗林斯,Male,1944.0,United States,Services,Rollins,USA-Atlanta,2026
gary_tharaldson,Gary Tharaldson,Gary Tharaldson,Male,1946.0,United States,Investments,Investments,USA-Fargo,2026
gaston_glock,Gaston Glock,加斯顿·格洛克,Male,,Austria,Aerospace & Defence,Glock,Austria-Deutsch-Wagram,2023
gauri_shankar_agarwala,Gauri Shankar Agarwala,高丽·香卡·阿加瓦拉,Male,,India,Metals & Mining,CMR Green Technologies,India-New Delhi,2026
gautam_adani,Gautam Adani,高塔姆·阿达尼,Male,1962.0,India,Energy,Adani,India-Ahmedabad,2026
gautam_dalmia,Gautam Dalmia,Gautam Dalmia,,,,Construction & Engineering,Dalmia Bharat,India-New Delhi,2026
gavril_yushvaev,Gavril Yushvaev,加夫里尔·尤什瓦耶夫,Male,,Russia,Investments,Investments,Israel-Tel Aviv,2026
gay_simplot,Gay Simplot,盖伊·辛普森,Male,,United States,Food Processing,JR Simplot,,2021
gaye_farncombe,Gaye Farncombe,Gaye Farncombe,Female,,Canada,Media & Entertainment,Thomson Reuters,Canada-Toronto,2026
gayle_benson,Gayle Benson,Gayle Benson,Female,1947.0,United States,Media & Entertainment,New Orleans Saints,USA-New Orleans,2026
ge_jianming,Ge Jianming,戈建鸣,Male,1970.0,China,Industrial Products,Ktk,China-Changzhou,2026
ge_ke,Ge Ke,葛珂,Male,1973.0,,Office Automation,Kingsoft Office,Beijing-Beijing,2021
ge_tairong,Ge Tairong,葛泰荣,,1956.0,,Industrial Products,Glory Mica,China-Jiaxing,2026
ge_weidong,Ge Weidong,葛卫东,Male,1969.0,China,Investments,Hundun,China-Shanghai,2026
ge_zhiyong,Ge Zhiyong,葛志勇,Male,1970.0,China,Energy,Autowell,China-Wuxi,2023
geeta_gupta,Geeta Gupta,Geeta Gupta,Female,1975.0,United States,Autonomous vehicle,Fisker ,USA-Los Angeles,2022
geetanjali_vikram_kirloskar,Geetanjali Vikram Kirloskar,Geetanjali Vikram Kirloskar,Female,1965.0,India,Automobile & Auto Components,Toyota Kirloskar Motor,India-Bengaluru,2026
gene_lee,Gene Lee,Gene Lee,Male,1991.0,United States,Financial Services,Ramp,USA-New York,2026
geng_diangen,Geng Diangen,耿殿根,Male,1956.0,China,Telecommunications,Sinnet,China-Beijing,2026
geng_jianming,Geng Jianming,耿建明,Male,1962.0,China,Real Estate,RiseSun,Hebei-Langfang,2025
geng_jianming_yang_xiaoqing,Geng Jianming & Yang Xiaoqing,,,,,Real estate,RiseSun ,,2018
geng_kangming,Geng Kangming,耿康铭,,1974.0,China,Software & Services,Sharetronic,China-Shenzhen,2026
gennady_kozovoy,Gennady Kozovoy,Gennady Kozovoy,Male,1951.0,Russia,Metals & Mining,Evraz,,2021
gennady_timchenko,Gennady Timchenko,季姆琴科,Male,1952.0,Switzerland,Energy,Novatek,Russia-Moscow,2026
geoffrey_guy,Geoffrey Guy,Geoffrey Guy,Male,1955.0,United Kingdom,Pharmaceuticals,GW Pharmaceuticals,,2021
geoffrey_palmer,Geoffrey Palmer,Geoffrey Palmer,Male,,United States,Real Estate,G.H. Palmer Associates,USA-Beverly Hills,2026
geoffrey_warren,Geoffrey Warren,Geoffrey Warren,Male,1956.0,United Kingdom,Retail,Cargiant,UK-London,2026
georg_haub,Georg Haub,乔治·豪布,Male,,Germany,Retail,Tengelmann,Germany-Berlin,2026
georg_nemetschek,Georg Nemetschek,乔治·内梅切克,Male,,Germany,Software & Services,Nemetschek,Germany-Munich,2026
georg_rethmann,Georg Rethmann,乔治·瑞斯曼,Male,,Germany,Services,Rethmann,Germany-Lünen,2026
georg_schaeffler,Georg Schaeffler ,乔治·舍弗勒,Male,1964.0,Germany,Automobile & Auto Components,Schaeffler,Germany-Herzogenaurach,2026
georg_schaeffler_son,Georg ?Schaeffler son,,Male,,,Manufacturing,Schaeffler Group,,2016
georg_stumpf,Georg Stumpf,乔治·史坦普夫,Male,1972.0,Austria,Construction & Engineering,M+W,Austria-Vienna,2026
georg_von_opel,Georg Von Opel,乔治·欧宝,Male,1966.0,Switzerland,Real Estate,Athris Holding,UK-London,2026
george_alexander_muthoot,George Alexander Muthoot,乔治·亚历山大·穆特胡特,Male,,India,Financial Services,Muthoot Finance,India-Ernakulam,2026
george_argyros,George Argyros,乔治·阿吉罗斯,Male,,United States,Real Estate,Argyros,USA-Newport Beach,2026
george_bishop,George Bishop,乔治·毕晓普,Male,,United States,Energy,GeoSouthern Energy,USA-The Woodlands,2026
george_christ,George Christ,George Christ,Male,1954.0,United States,Software & Services,Altair Engineering,USA-Paradise Valley,2026
george_d_yancopoulos,George D. Yancopoulos,George D Yancopoulos,Male,1960.0,United States,Healthcare,Regeneron,USA-New York,2026
george_economou,George Economou,George Economou,,,,Transportation & Logistics,TMS Group,Monaco-Monaco,2026
george_j_pedersen,George J. Pedersen,George J. Pedersen,Male,1935.0,United States,Aerospace & Defence,ManTech International,USA-McLean,2023
george_jacob_muthoot,George Jacob Muthoot,乔治·雅各布·穆特胡特,Male,,India,Financial Services,Muthoot Finance,India-Trivandrum,2026
george_joseph,George Joseph,乔治·约瑟夫,Male,,United States,Financial Services,Mercury General,USA-Los Angeles,2026
george_kaiser,George Kaiser,乔治·凯泽,Male,1942.0,United States,Financial Services,BOK Financial,USA-Tulsa,2026
george_kurtz,George Kurtz,George Kurtz,Male,1972.0,United States,Software & Services,CrowdStrike,USA-Sunnyvale,2026
george_lindemann_sr,George Lindemann Sr,,,,,Energy,Southern Union,,2018
george_lucas,George Lucas,乔治·卢卡斯,Male,1944.0,United States,Media & Entertainment,Lucasfilm,USA-San Anselmo,2026
george_m_marcus,George M Marcus,George M Marcus,Male,1942.0,United States,Real Estate,Marcus & Millichap,USA-Los Altos Hills,2026
george_prokopiou,George Prokopiou,George Prokopiou,,,,Transportation & Logistics,Dynacom,Monaco-Monaco,2026
george_roberts,George Roberts,乔治·罗伯茨,Male,,United States,Financial Services,KKR,USA-Atherton,2026
george_soros,George Soros,乔治·索罗斯,Male,1930.0,United States,Financial Services,Soros Fund Management,USA-Katonah,2026
george_thomas_muthoot,George Thomas Muthoot,乔治·托马斯·穆特胡特,Male,,India,Financial Services,Muthoot Finance,India-Kottayam,2026
george_ty,George Ty & Family,,,,,Financial Services,GT Capital,,2018
george_weston,George Weston,George Weston,Male,1964.0,United Kingdom,Retail,Primark,UK-London,2026
georges_nickolas_hayek_jr,Georges Nickolas Hayek Jr,小乔治·尼古拉斯·海耶克,Male,1954.0,Switzerland,Consumer Goods,Swatch,Switzerland-Biel,2026
georgi_domuschiev,Georgi Domuschiev,Georgi Domuschiev,Male,1973.0,United Kingdom,Healthcare,Advance Properties,UK-London,2026
georgina_rinehart,Georgina Rinehart ,,Female,1955.0,,Mining,Roy Hill Iron Ore Mine,,2016
gerald_cavendish_grosvenor_family,Gerald Cavendish Grosvenor family,,Male,1951.0,,Real Estate,Grosvenor,,2016
gerald_frere,Gerald Frere,Gerald Frere,,,,Investments,Groupe Bruxelles Lambert,Belgium-Gerpinnes,2026
gerald_j_ford,Gerald J Ford,杰拉尔德·J·福特,Male,,United States,Financial Services,Ford Financial Group,USA-Dallas,2026
gerard_deprez,Gerard Déprez,Gerard Déprez,Male,1955.0,France,Services,Loxam,France-Paris,2026
gerard_mulliez,Gérard Mulliez,穆里耶兹,Male,1931.0,France,Multi Brand Retailing,Auchan,,2019
gerard_mulliez_family,Gérard Mulliez family,,Male,1931.0,,Multi Brand Retailing,Auchan,,2016
gerard_wertheimer,Gerard Wertheimer,杰拉德·韦特海默,Male,,United States,Consumer Goods,Chanel,USA-New York,2026
gerhild_schetter,Gerhild Schetter,Gerhild Schetter,Female,1899.0,Germany,Industrial Products,Stihl family fortune,Germany-Waiblingen,2026
gerita_wessels,Gérita Wessels,Gérita Wessels,Female,1970.0,Netherlands,Construction & Engineering,VolkerWessels,Netherlands-Amersfoort,2026
german_khan,German Khan,戈尔曼·罕,Male,1961.0,Russia,Energy,Alfa Group,Russia-Moscow,2026
german_larrea_mota_velasco,German Larrea Mota Velasco,格尔曼·拉利阿·莫塔·维拉斯科,Male,,Mexico,Metals & Mining,Grupo Mexico,Mexico-Mexico City,2026
german_larrea_mota_velasco_family,German Larrea Mota Velasco family,,Male,1943.0,,Mining,Grupo Mexico,,2015
gerry_harvey,Gerry Harvey,格里·哈维,Male,1939.0,Australia,Retail,Harvey Norman,Australia-Sydney,2026
gerry_schwartz,Gerry Schwartz,格里·施瓦兹,Male,1941.0,Canada,Financial Services,Onex,Canada-Toronto,2026
ghanshyam_sarda,Ghanshyam Sarda,Ghanshyam Sarda,Male,,India,Metals & Mining,Sarda Energy & Minerals,India-Nagpur,2026
giammaria_giuliani,Giammaria Giuliani,Giammaria Giuliani,Male,1977.0,Switzerland,Healthcare,Royalty Pharma,Switzerland-Montagnola,2026
gian_marco_moratti,Gian Marco Moratti,,,,,Energy,Saras,,2018
giancarlo_devasini,Giancarlo Devasini,Giancarlo Devasini,,,,Financial Services,Tether,France-Roquebrune-Cap-Martin,2026
gianfelice_mario_rocca,Gianfelice Mario Rocca,Gianfelice Mario Rocca,Male,1949.0,Argentina,Energy,Techint,Argentina-Buenos Aires,2026
gianluigi_aponte,Gianluigi Aponte,吉安路吉·阿蓬特,Male,1940.0,Switzerland,Transportation & Logistics,Mediterranean Shipping,Switzerland-Geneva,2026
giannis_vardinogiannis,Giannis Vardinogiannis,Giannis Vardinogiannis,,,,Trading & Distribution,Motor Oil Hellas,Greece-Athens,2026
gigi_pritzker,Gigi Pritzker,吉吉·普利兹克,Female,,United States,Hospitality,Hyatt,USA-Branford,2026
gil_shwed,Gil Shwed,吉尔·舒德,Male,,Israel,Software & Services,Check Point,Israel-Tel Aviv,2026
gilberto_benetton,Gilberto Benetton,,,,,Single Brand Retailing,Benetton ,,2018
gilles_martin,Gilles Martin,吉尔斯·马丁,Male,,France,Healthcare,Eurofins Scientific,France-Nantes,2026
gina_rinehart,Gina Rinehart,吉娜·莱因哈特,Female,1954.0,Australia,Metals & Mining,Hancock Prospecting,Australia-Perth,2026
gina_vecchiarelli,Gina Vecchiarelli,Gina Vecchiarelli,Female,1961.0,United States,Food & Beverages,Leprino Foods,USA-Indian Hills,2026
ginette_moulin,Ginette Moulin,吉妮特·穆兰,Female,,France,Retail,Carrefour,France-Paris,2024
ginette_snow,Ginette Snow,Ginette Snow,,,,Aerospace & Defence,Capital Airport Group,Australia-Canberra,2026
ginia_rinehart,Ginia Rinehart,吉尼亚·里内哈特,Female,,Australia,Metals & Mining,Hancock Prospecting,Australia-Sydney,2026
giorgianna_cuneo_queirolo,Giorgianna Cuneo Queirolo,,,,,Retail,SACI Falabella,,2018
giorgio_armani,Giorgio Armani,乔治·阿玛尼,Male,1934.0,Italy,Consumer Goods,Armani,Italy,2025
giorgio_perfetti,Giorgio Perfetti,乔治·佩费蒂,Male,,Switzerland,Food & Beverages,Perfetti Van Melle,Switzerland-Lugano,2026
giovanni_arvedi,Giovanni Arvedi,Giovanni Arvedi,Male,1937.0,Italy,Metals & Mining,Arvedi Group,Italy-Cremona,2026
giovanni_ferrero,Giovanni Ferrero,乔瓦尼·费列罗,Male,1965.0,Belgium,Food & Beverages,Ferrero Rocher,Belgium-Brussels,2026
girdhari_jaisinghani,Girdhari Jaisinghani,Girdhari Jaisinghani,Male,1944.0,India,Industrial Products,Polycab India,India-Mumbai,2026
girdharilal_bawri,Girdharilal Bawri,吉达里拉尔·鲍里,Male,,India,Healthcare,Macleods Pharmaceuticals,India-Mumbai,2026
gisela_sick,Gisela Sick,Gisela Sick,Female,1922.0,Germany,Semiconductors,SICK,Germany-Freiburg im Breisgau,2024
gisele_trajano,Gisele Trajano,Gisele Trajano,Female,,Brazil,Multi-Brand Retail,Magazine Luiza,,2021
giuliana_benetton,Giuliana Benetton,朱莉安娜·贝纳通,Female,1937.0,Italy,Consumer Goods,Benetton,Italy-Treviso,2026
giuliana_caprotti,Giuliana Caprotti,Giuliana Caprotti,Female,1940.0,Italy,Retail,Esselunga,Italy-Milan,2026
giuseppe_crippa,Giuseppe Crippa,Giuseppe Crippa,Male,1935.0,Italy,Semiconductors,Technoprobe,Italy,2025
giuseppe_de_longhi,Giuseppe De Longhi,Giuseppe De Longhi,Male,1940.0,Italy,Consumer Goods,De Longhi,Italy-Treviso,2026
gleb_fetisov,Gleb Fetisov,Gleb Fetisov,Male,1967.0,Russia,Telecommunications,Vimpelcom,Cyprus-Limassol,2026
glen_taylor,Glen Taylor,格伦·泰勒,Male,1941.0,United States,Containers & Packaging,Taylor,USA-Mankato,2026
glenn_dubin,Glenn Dubin,格伦·杜宾,Male,,United States,Investments,Investments,USA-Manhattan,2026
glenn_gordon,Glenn Gordon,Glenn Gordon,Male,,United States,Consumer Goods,William Grant,UK-Jersey,2026
glenn_saldanha,Glenn Saldanha,格伦·萨尔达尼亚,Male,,India,Healthcare,Glenmark Pharmaceuticals,India-Mumbai,2026
gm_rao,GM Rao,GM Rao,Male,,India,Construction & Engineering,GMR,India-Bengaluru,2026
god_nisanov,God Nisanov,高德·尼萨洛夫,Male,1972.0,Russia,Real Estate,Kievskaya Ploschad,Russia-Moscow,2026
goh_cheng_liang,Goh Cheng Liang,吴清亮,Male,1972.0,Singapore,Construction & Engineering,Nippon Paints,Singapore,2025
goh_hup_jin,Goh Hup Jin,Goh Hup Jin,Male,1953.0,Singapore,Construction & Engineering,Nippon Paints,Singapore-Singapore,2026
gong_hongjia,Gong Hongjia,龚虹嘉,Male,1965.0,Hong Kong,Consumer Goods,Hikvision,China-Hong Kong,2026
gong_hongjia_chen_chunmei,Gong Hongjia & Chen Chunmei ,,,,,Video surveillance products,Hikvision Digital Technology ,,2018
gong_junlong,Gong Junlong,龚俊龙,Male,1959.0,China,Real Estate,Hengyu,China-Shenzhen,2026
gong_yingying,Gong Yingying,宫盈盈,Female,1984.0,China,Information service,Yidu Tech,China-Beijing,2022
gonzalve_bich,Gonzalve Bich,Gonzalve Bich,Male,1979.0,France,Retail,BIC,USA-Norwall,2026
goodwin_gaw,Goodwin Gaw,吴继炜,Male,1968.0,Hong Kong,Investments,Gaw Capital Partners,China-Hong Kong,2022
gopichand_hinduja,Gopichand Hinduja,Gopichand Hinduja,Male,,United Kingdom,Automobile & Auto Components,Hinduja,India,2025
gopichand_parmanand_hinduja,Gopichand Parmanand Hinduja,,,,,Conglomerate,Hinduja Group,,2018
gopikishan_damani,Gopikishan Damani,戈皮基山·达玛尼,Male,,India,Retail,Avenue Supermarts,India-Mumbai,2026
gordon_getty,Gordon Getty,戈登·盖蒂,Male,1933.0,United States,Energy,Getty Oil,USA-San Francisco,2026
gordon_moore,Gordon Moore,戈登·摩尔,Male,1929.0,United States,Semiconductors,Intel,USA-Woodside,2023
gordon_wu,Gordon Wu,胡应湘,Male,1935.0,Hong Kong,Real Estate,Hopewell,China-Hong Kong,2026
gou_yiqun,Gou Yiqun,苟轶群,Male,1973.0,China,Restaurant,Haidilao,Beijing-Beijing,2021
govindarajulu_radhakrishnan,Govindarajulu Radhakrishnan,戈文达拉朱鲁·拉德哈基什南,Male,,India,Consumer Goods,GRT Jewellers,India-Chennai,2026
govindbhai_laljibhai_dholakia,Govindbhai Laljibhai Dholakia,Govindbhai Laljibhai Dholakia,,,,Consumer Goods,Shree Ramkrishna Exports,India,2025
grace_wong,Grace Wong,王思涵,Female,,Taiwan,Construction & Engineering,Grace THW Group,China-Taipei,2026
graeme_hart,Graeme Hart,格雷姆·哈特,Male,1955.0,New Zealand,Investments,Rank,New Zealand-Auckland,2026
graham_kirkham,Graham Kirkham,Graham Kirkham,Male,1945.0,United Kingdom,Retail,DFS Furniture,UK-Doncaster,2026
greg_brown,Greg Brown,Greg Brown,Male,1960.0,United States,Consumer Goods,Motorola,USA-Barrington,2026
greg_goodman,Greg Goodman,Greg Goodman,Male,,Australia,Real Estate,Goodman Group,,2021
greg_jensen,Greg Jensen,Greg Jensen,Male,1974.0,United States,Financial Services,Bridgewater Associates,USA-Ridgefield,2024
greg_love,Greg Love,Greg Love,Male,,United States,Retail,Love's Travel Stops & Country Stores,USA-Oklahoma City,2026
greg_mondre,Greg Mondre,Greg Mondre,,,,Financial Services,Silver Lake,USA-New York,2026
gregg_hymowitz,Gregg Hymowitz,Gregg Hymowitz,Male,1965.0,United States,Investments,EnTrust Global,USA-New York,2026
gregorio_perez_companc,Gregorio Perez Companc,Gregorio Perez Companc,Male,1936.0,Argentina,Energy,Perez Companc,Argentina-Buenos Aires,2024
gregory_baszucki,Gregory Baszucki,Gregory Baszucki,Male,,United States,Gaming,Roblox Corporation,USA-San Francisco,2022
gregory_goodman,Gregory Goodman,Gregory Goodman,Male,1962.0,Australia,Transportation & Logistics,Goodman Group,Australia-Sydney,2026
gretel_packer,Gretel Packer,Gretel Packer,Female,1967.0,Australia,Hospitality,Crown Resorts,Australia-Sydney,2026
gs_raju,GS Raju,GS Raju,Male,,India,Chemicals,Deccan Fine Chemicals,India-Hyderabad,2026
gsk_velu,GSK Velu,GSK Velu,Male,1967.0,India,Healthcare,Trivitron Healthcare,India-Chennai,2026
gt_dave,GT Dave,GT Dave,Male,1977.0,United States,Food Processing,GT's Living Foods,USA-Beverly Hills,2022
gu_jiangsheng,Gu Jiangsheng,顾江生,Male,1973.0,China,Consumer Goods,Kuka,China-Zhejiang-Hangzhou,2024
gu_wei,Gu Wei,顾伟,Male,1965.0,China,Industrial Products,Mtc,China-Shenzhen,2026
gu_xiaojia,Gu Xiaojia,谷晓嘉,Female,1971.0,China,Pharmaceuticals,Bicon,Jiangsu -Nantong,2020
guan_yamei,Guan Yamei,管亚梅,Female,,China,Energy,Tongwei,China-Chengdu,2026
guan_yihong,Guan Yihong,管毅宏,Male,1969.0,China,Food & Beverages,Jiumaojiu,China-Guangzhou,2023
gudrun_heine,Gudrun Heine,古德伦·海涅,Male,,Germany,Healthcare,Storz,Germany-Ohningen,2026
guenther_lehmann,Guenther Lehmann,根瑟·莱曼,Male,,Germany,Retail,dm-drogerie markt,Germany-Karlsruhe,2023
guido_barilla,Guido Barilla,吉多·巴里拉,Male,,Italy,Food & Beverages,Barilla Group,Italy-Parma,2026
guilherme_benchimol,Guilherme Benchimol,Guilherme Benchimol,Male,1978.0,Brazil,Financial Services,XP,Brazil-Rio De Janeiro,2026
guilherme_paulus,Guilherme Paulus,吉尔赫姆·保罗,Male,,Brazil,Hospitality,CVC Brasil,Brazil-Sao Paulo,2026
guilherme_peirao_leal,Guilherme Peirao Leal,吉列尔梅·佩拉奥·里尔,Male,,Brazil,Retail,Natura Cosmeticos,Brazil-Sao Paulo,2026
guillaume_pousaz,Guillaume Pousaz,Guillaume Pousaz,Male,1982.0,United Kingdom,Financial Services,Checkout.com,UK-London,2026
guler_sabanci,Guler Sabanci,古勒·萨班奇,Female,,Turkey,Banking,Sabanci,,2019
gunter_herz,Gunter Herz,冈特·赫尔兹,Male,1940.0,Germany,Investments,Mayfair,Germany-Hamburg,2026
gunther_fielmann,Gunther Fielmann,冈瑟·菲尔曼,Male,1939.0,Germany,Consumer Goods,Fielmann,Germany-Hamburg,2024
gunther_lehner,Gunther Lehner,Gunther Lehner,Male,1960.0,Austria,Containers & Packaging,Alpla,Austria-Hard,2026
guo_chunxuan,Guo Chunxuan,郭春萱,Male,1946.0,China,Chemicals,Richful,China-Henan,2026
guo_donglin,Guo Donglin,,,,,Apparel,Yishion,,2017
guo_dongze,Guo Dongze,,,,,Logistics,Antong ,,2018
guo_enyuan,Guo Enyuan,郭恩元,Male,1948.0,China,Metals & Mining,Puyang Iron and steel,China-Handan,2026
guo_guangchang,Guo Guangchang,郭广昌,Male,1967.0,China,Investments,Fosun,China-Shanghai,2026
guo_hongwei,Guo Hongwei,郭宏伟,Male,1971.0,,Healthcare,Aier Ophthalmology,Hunan-Changsha,2021
guo_jiangang,Guo Jiangang,郭建刚,Male,1966.0,China,Consumer Goods,Donlim Kitchen,China-Foshan,2026
guo_jianjun,Guo Jianjun,郭建军,Male,1952.0,China,Energy,Huineng,Inner Mongolia-Ordos,2025
guo_jianqiang,Guo Jianqiang,郭建强,Male,1968.0,China,Household Appliances,Donlim Kitchen,Guangdong-Foshan,2021
guo_jinshu,Guo Jinshu,郭金树,Male,1951.0,China,Energy,Huineng,China-Ordos,2026
guo_junling,Guo Junling,郭军玲,Female,1973.0,China,Healthcare,Xiangyu,China-Beijing,2026
guo_meilan,Guo Meilan,郭梅兰,Female,,China,Industrial Products,Hec Technology,China-Dongguan,2026
guo_wei,Guo Wei,郭为,Male,1963.0,China,Software & Services,Digital China,China-Shenzhen,2026
guo_wengui,Guo Wengui & family,,,,,Real Estate,Zhengquan ,,2017
guo_xuhui,Guo Xuhui,郭旭辉,,1969.0,,Industrial Products,Jwipc,China-Shenzhen,2026
guo_yingcheng,Guo Yingcheng,郭英成,Male,1965.0,Hong Kong,Developer,Kaisa ,Hong Kong-Hong Kong,2021
guo_yinglan,Guo Yinglan,郭英兰,Female,1970.0,China,Developer,Yuzhou ,Fujian-Xiamen,2021
guo_yiqun,Guo Yiqun,郭艺群,Female,1964.0,China,Automobile & Auto Components,Pret Composites,China-Shanghai,2026
guo_zhenyu,Guo Zhenyu,郭振宇,Male,1963.0,China,Consumer Goods,Botanee,China-Yunnan-Kunming,2024
guo_ziwen,Guo Ziwen,郭梓文,Male,1964.0,China,Estate Holding,Aoyuan,Guangdong-Guangzhou,2021
gurbachan_singh_dhingra,Gurbachan Singh Dhingra,Gurbachan Singh Dhingra,Male,1948.0,India,Chemicals,Berger Paints,India-New Delhi,2026
gustaf_douglas,Gustaf Douglas,古斯塔夫·道格拉斯,Male,1938.0,Sweden,Investments,Investment AB Latour,Sweden-Stockholm,2023
gustav_magnar_witzoe,Gustav Magnar Witzoe,古斯塔夫·玛格纳·维索,Male,,Norway,Food & Beverages,SalMar,Norway-Kverva,2024
gustav_witzoe,Gustav Witzoe,Gustav Witzoe,,,,Food & Beverages,SalMar,Norway-Kverva,2026
gustavo_cisneros,Gustavo Cisneros,古斯塔沃·西斯内罗斯,Male,1945.0,Venezuela,Media & Entertainment,Grupo Cisneros,Venezuela-La Romana,2023
gustavo_denegri,Gustavo Denegri,古斯塔沃·德内格里,Male,,Italy,Healthcare,DiaSorin,Italy-Turin,2026
guy_laliberte,Guy Laliberte,盖伊·拉利伯特,Male,1959.0,Canada,Media & Entertainment,Cirque du Soleil,Canada-Montreal,2026
guy_weston,Guy Weston,Guy Weston,Male,1960.0,United Kingdom,Retail,Primark,UK-London,2026
gv_prasad,GV Prasad,加夫·普拉萨德,Male,,India,Healthcare,Dr. Reddy's Laboratories,India-Hyderabad,2026
gwang_mo_koo,Gwang Mo Koo,具本茂,Male,,South Korea,Electronics,LG,,2019
gwendolyn_sontheim_meyer,Gwendolyn Sontheim Meyer,格温多琳·桑西姆·迈耶,Female,,United States,Agriculture,Cargill,USA-Rancho Santa Fe,2026
gwynne_shotwell,Gwynne Shotwell,Gwynne Shotwell,Female,1963.0,United States,Aerospace & Defence,SpaceX,USA-Rolling Hills,2026
h_lawrence_culp_jr,H. Lawrence Culp Jr,H. Lawrence Culp Jr,Male,1962.0,United States,Aerospace & Defence,General Electric Company,"USA-Washington, D.C",2026
h_ross_perot_sr,H Ross Perot Sr,老H·罗斯·佩罗,Male,,United States,Technology,Perot System,,2019
h_wayne_huizenga,H Wayne Huizenga,,,,,Investments,Swisher Hygiene,,2018
ha_chengshu,Ha Chengshu,哈承姝,Female,1977.0,China,Semiconductors,Skyverse,China-Shenzhen,2026
habil_khorakiwala,Habil Khorakiwala,Habil Khorakiwala,Male,1942.0,India,Healthcare,Wockhardt,India-Mumbai,2026
haim_saban,Haim Saban,Haim Saban,Male,1945.0,United States,Investments,Investments,USA-Beverly Hills,2026
haji_hassanal_bolkiah,Haji Hassanal Bolkiah ,,Male,1946.0,,/,Brunei Investment Agency,,2016
hajime_satomi,Hajime Satomi,里见治,Male,1942.0,Japan,Media & Entertainment,Sega Sammy,Japan-Tokyo,2026
hakan_koc,Hakan Koç,Hakan Koç,Male,1985.0,Germany,Automobile,Auto1,,2021
hal_jackman,Hal Jackman,哈尔·杰克曼,Male,1932.0,Canada,Financial Services,E-L Financial Corporation,Canada-Toronto,2026
hal_steinbrenner,Hal Steinbrenner,哈尔·斯坦布伦纳,Male,1969.0,United States,Media & Entertainment,New York Yankees,USA-Tampa,2026
haluk_bayraktar,Haluk Bayraktar,Haluk Bayraktar,,,,Aerospace & Defence,Baykar,Turkey-Istanbul,2026
hamad_bin_jassim_bin_jaber_al_thani,Hamad Bin Jassim Bin Jaber Al Thani,哈马德·本·贾西姆·本·贾伯·塔尼,Male,1959.0,Qatar,Financial Services,Deutsche Bank,Qatar-Doha,2026
hamdi_akin,Hamdi Akin,Hamdi Akin,Male,1955.0,Turkey,Construction & Engineering,Afken Holding,Turkey-Istanbul,2026
hamdi_ulukaya,Hamdi Ulukaya,汉迪·乌鲁卡亚,Male,,United States,Food & Beverages,Chobani,USA-New Berlin,2026
hamilton_e_james,Hamilton E. James,Hamilton E. James,,,,Financial Services,Blackstone Group,USA-New York,2026
han_arming_hanafia,Han Arming Hanafia,Han Arming Hanafia,Male,,Indonesia,Software & Services,PT DCI Indonesia Tbk,Indonesia-Bogor,2026
han_chang_woo,Han Chang-Woo,韩昌祐,Male,1931.0,Japan,Media & Entertainment,Maruhan,Japan-Kyoto,2026
han_guolong,Han Guolong,韩国龙,Male,1955.0,China,Developer,Citichamp ,Fujian-Fuzhou,2021
han_hongwei,Han Hongwei,韩宏伟,Male,1965.0,China,Alcohol,Guijiu、 HY Win Wealth,China-Shanghai,2022
han_huiru,Han Huiru,韩汇如,Male,1976.0,China,Industrial Products,East Steel Tower Stock,China-Qingdao,2026
han_limei,Han Limei,韩丽梅,Female,1972.0,China,Industrial Products,Dawn Polymer,China-Yantai,2026
han_tao,Han Tao,韩涛,Male,1960.0,China,Industrial Products,Goldenmax,China-Shanghai,2026
han_xiao,Han Xiao,韩啸,Male,1989.0,China,Alcohol,Guijiu、 HY Win Wealth,China-Shanghai,2022
han_xu_zhang_renhua,Han Xu  & Zhang Renhua ,,,,,Pharmaceuticals,Realcan Pharmaceutical,,2018
han_yulong,Han Yulong,韩玉龙,Male,1985.0,China,Food & Beverages,Manner,China-Shanghai,2026
han_zhenfa,Han Zhenfa,韩真发,Male,1953.0,China,Real Estate,Zhengye,China-Beijing,2023
hang_xuejuan,Hang Xuejuan,韩雪娟,Female,1966.0,China,Automobile & Auto Components,Great Wall Motor,China-Baoding,2026
hank_meijer,Hank Meijer,汉克·迈耶,Male,,United States,Retail,Meijer Supermarket,USA-Grand Rapids,2026
hanni_toosbuy_kasprzak,Hanni Toosbuy Kasprzak,汉妮·托斯比,Female,,Denmark,Consumer Goods,Ecco,Denmark-Haderslev,2026
hans_adam_ii,Hans-Adam II,Hans-Adam II,Male,1946.0,Switzerland,Financial Services,LGT Bank,Switzerland-Zurich,2026
hans_adam_von,Hans-Adam Von,汉斯·亚当·冯,Male,1945.0,Switzerland,Banking,Lgt Bank,,2020
hans_adam_von_zu_liechtenstein,Hans-Adam Von & Zu Liechtenstein,,,,,Banking,Lgt Bank,,2018
hans_arndt_riegel,Hans Arndt Riegel,Hans Arndt Riegel,Male,,Germany,Food & Beverages,Haribo,Germany-Bonn,2026
hans_georg_naeder,Hans Georg Naeder,汉斯·格奥尔格·内德,Male,1961.0,Germany,Healthcare,Ottobock,Germany-Duderstadt,2026
hans_guido_riegel,Hans Guido Riegel,汉斯·吉多·里格尔,Male,,Germany,Food & Beverages,Haribo,Germany-Bonn,2026
hans_langer,Hans Langer,Hans Langer,Male,1952.0,Germany,Industrial Products,EOS,Germany-Gräfelfing,2026
hans_melchers,Hans Melchers,汉斯·梅尔彻斯,Male,,Netherlands,Investments,Hal Trust,Netherlands,2025
hans_michel_piech,Hans Michel Piech,汉斯·米歇尔·皮希,Male,,Germany,Automobile & Auto Components,Porsche,Austria-Vienna,2026
hans_peter_stihl,Hans Peter Stihl,Hans Peter Stihl,Male,1932.0,Germany,Industrial Products,Stihl family fortune,Germany-Waiblingen,2026
hans_peter_wild,Hans Peter Wild,汉斯·彼得·怀德,Male,1941.0,Switzerland,Food & Beverages,Rudolf Wild,Switzerland-Zug,2026
hans_rausing,Hans Rausing,汉斯·劳辛,Male,1926.0,United Kingdom,Packaging,Tetra Pak,,2019
hans_strothoff,Hans Strothoff,汉斯·斯特罗托夫,Male,1950.0,Germany,Retail,MHK Group,,2020
hans_tan_sy,Hans Tan Sy,施汉生,Male,,Philippines,Retail,SM Investments,Philippines-Manila,2026
hans_thomann,Hans Thomann,Hans Thomann,Male,1962.0,Germany,Media & Entertainment,Thomann,Germany-Burgebrach,2026
hans_ueli_rihs,Hans-Ueli Rihs,Hans-Ueli Rihs,Male,,Switzerland,Healthcare,Sonova,Switzerland-Zurich,2026
hans_werner_hector,Hans-Werner Hector,汉斯·沃纳·赫克托,Male,,Germany,Software & Services,SAP,Germany-Weinheim,2026
hansjorg_wyss,Hansjorg Wyss,汉斯乔·怀斯,Male,1935.0,United States,Healthcare,Synthes,USA-West Chester,2026
hao_congmei,Hao Congmei,郝聪梅,Female,,China,Healthcare,Haisco Pharmaceutical,China-Shannan,2026
hao_hong,Hao Hong,郝虹,Female,,Inner Mongolia,Chemicals,Junzheng,China-Wuhai,2026
harald_link,Harald Link,Harald Link,Male,1955.0,Thailand,Energy,BGrimm Power,Thailand-Bangkok,2026
harald_mcpike,Harald McPike,Harald McPike,Male,1957.0,United Kingdom,Financial Services,Starling Bank,UK-Nassau,2026
harald_tschira,Harald Tschira,哈拉德·切拉,Male,,Germany,Software & Services,SAP,Germany-Heidelberg,2026
hari_bhartia,Hari Bhartia,Hari Bhartia,,,,Food & Beverages,Jubilant FoodWorks,India-New Delhi,2026
hari_krishan_aggarwal,Hari Krishan Aggarwal,Hari Krishan Aggarwal,Male,1956.0,India,Consumer Goods,Campus Activewear,India-New Delhi,2023
harindarpal_banga,Harindarpal Banga,Harindarpal Banga,,,,Transportation & Logistics,Caravel Group,Hong Kong,2025
harish_ahuja,Harish Ahuja,Harish Ahuja,Male,1955.0,India,Consumer Goods,Shahi Exports,India-New Delhi,2026
harley_tan_sy,Harley Tan Sy,施俊麟,Male,,Philippines,Retail,SM Investments,Philippines-Manila,2026
harold_hamm,Harold Hamm,哈罗德·哈姆,Male,1945.0,United States,Energy,Continental Resources,USA-Oklahoma City,2026
harry_klagsbrun,Harry Klagsbrun,Harry Klagsbrun,Male,1955.0,Sweden,Financial Services,EQT,Sweden-Stockholm,2026
harry_stine,Harry Stine,哈里·史汀,Male,,United States,Agriculture,Stine Seed,USA-Adel,2026
harry_triguboff,Harry Triguboff,哈里·特里古波夫,Male,1933.0,Australia,Real Estate,Meriton,Australia-Sydney,2026
harsh_goenka,Harsh Goenka,哈什·戈恩卡,Male,,India,Construction & Engineering,RPG Enterprises,India-Mumbai,2024
harsh_mariwala,Harsh Mariwala,哈施·马里瓦拉,Male,,India,Consumer Goods,Marico,India-Mumbai,2026
harsh_vardhan_goenka,Harsh Vardhan Goenka,瓦尔登·冈卡,Male,,India,Construction & Engineering,RPG Enterprises,India-Mumbai,2026
harshil_mathur,Harshil Mathur,Harshil Mathur,Male,1991.0,India,Financial Services,Razorpay,India-Bengaluru,2026
hartley_rogers,Hartley Rogers,Hartley Rogers,Male,1959.0,United States,Financial Services,Hamilton Lane,USA-Chicago,2026
haruko_mikitani,Haruko Mikitani,三谷晴子,Male,,Japan,Online Retail,Rakuten,,2020
harvey_jones,Harvey Jones,Harvey Jones,,,,Semiconductors,Nvidia,USA-Palm Beach,2026
hary_tanoesoedibjo,Hary Tanoesoedibjo,Hary Tanoesoedibjo,Male,1966.0,Indonesia,Media,Media Nusantara Citra,,2021
haryanto_tjiptodihardjo,Haryanto Tjiptodihardjo,Haryanto Tjiptodihardjo,Male,1963.0,Indonesia,Industrial Products,PT. Impack Pratama Industri,Indonesia-Jakarta,2026
hasmukh_chudgar,Hasmukh Chudgar,哈斯穆克·楚德加,Male,,India,Healthcare,Intas Pharmaceuticals,India-Ahmedabad,2026
hassan_khosrowshahi,Hassan Khosrowshahi,,,,,Distribution,Future Shop,,2018
hassanal_bolkiah,Hassanal Bolkiah,哈桑纳尔·博尔基亚,Male,1946.0,Brunei,Investments,Brunei Investment Agency,,2021
hasso_plattner,Hasso Plattner,哈索·普拉特纳,Male,1944.0,Germany,Software & Services,SAP,Germany-Heidelberg,2026
hayes_barnard,Hayes Barnard,Hayes Barnard,Male,1972.0,United States,Financial Services,GoodLeap,USA-Austin,2026
hazel_czernin,Hazel Czernin,榛·切尔宁,Female,,United Kingdom,Real Estate,Howard De Walden Estate,UK-London,2024
he_bo,He Bo,贺波,Female,1971.0,China,Consumer Electronics,Aoshikang,China-Shenzhen,2022
he_chulun,He Chulun,何楚仑,,1988.0,,Industrial Products,E-P Equipment,China-Huzhou,2026
he_guangqi,He Guangqi,贺光启,Male,1963.0,China,Restaurant,Xiabuxiabu,Beijing-Beijing,2021
he_jianfeng,He Jianfeng,何剑锋,Male,1967.0,China,Home appliances,Midea,Guangdong-Foshan,2019
he_jianliang,He Jianliang,何建梁,Male,1954.0,China,Real Estate,Yihe,Guangdong-Guangzhou,2020
he_jingdao,He Jingdao,何净岛,,1974.0,,Healthcare,Ascletis,China-Hangzhou,2026
he_jinhui,He Jinhui,何金辉,,1965.0,,Industrial Products,E-P Equipment,China-Huzhou,2026
he_li,He Li,贺丽,Male,1984.0,,Retail,Anker,China-Changsha,2026
he_ningning,He Ningning,何宁宁,Male,1971.0,China,Audio Technologies,Q Technology,China-Suzhou,2022
he_qi,He Qi,何旗,Male,1982.0,China,Trading,Junhe,Shanghai-Shanghai,2025
he_qiaonv,He Qiaonv,何巧女,Male,1966.0,China,Forestry,Orient Landscape,Beijing-Beijing,2019
he_qiaonv_tang_kai,He Qiaonv & Tang Kai ,,,,,Forestry,Orient Landscape,,2018
he_renbao,He Renbao,何人宝,Male,1965.0,China,Chemicals,Yongtai Technology,China-Taizhou,2023
he_shida,He Shida,何仕达,,1979.0,,Industrial Products,Tricolo,China-Beijing,2026
he_simo,He Simo,何思模,Male,1965.0,China,Electrical Equipments,Eastups,China-Dongguan,2022
he_tao,He Tao,何涛,Male,1986.0,China,Software & Services,Yuanxin,China-Beijing,2026
he_xiangjian,He Xiangjian,何享健,Male,1942.0,China,Consumer Goods,Midea,China-Foshan,2026
he_xiangjian_he_jianfeng,He Xiangjian & He Jianfeng,,,,,Home appliances,Midea ,,2018
he_xiaopeng,He Xiaopeng,何小鹏,Male,1977.0,China,Automobile & Auto Components,Xpeng Motors,China-Guangzhou,2026
he_xinming,He Xinming,何新明,Male,1955.0,China,Ceramics,Dongpeng,China-Foshan,2022
he_yamin,He Yamin,何亚民,Male,1957.0,China,Industrial Products,Leejun Industrial,China-Chengdu,2026
he_yiju,He Yiju,何意菊,Female,,China,Manufacturing,AUX ,Shandong-Dongying,2020
he_ying,He Ying,何颖,Female,1986.0,China,Ceramics,Dongpeng,China-Foshan,2022
he_yongzhen,He Yongzhen,何永正,Male,1972.0,China,Healthcare,Xiangyu,China-Beijing,2026
he_yujiao,He Yujiao,何玉姣,Female,1981.0,China,Industrial Products,Anda,China-Dongguan,2026
he_zhaoxi,He Zhaoxi,何朝曦,Male,1974.0,China,Software & Services,Sangfor,China-Shenzhen,2026
he_zhenggang,He Zhenggang,贺正刚,Male,1954.0,China,Metals & Mining,Hebang,China-Leshan,2026
he_zhiping,He Zhiping,何志平,Male,1965.0,China,Investments,Huajian,China-Shenzhen,2026
he_zhonglin,He Zhonglin,何中林,Male,1968.0,China,Energy,Rongtong,China-Huangshi,2026
he_zhusheng,He Zhusheng,何著胜,Male,1947.0,China,Industrial Products,Houying,China-Anshan,2026
he_zuxun,He Zuxun,何祖训,Male,1965.0,China,Agriculture,Shennong Agricultural Industry,China-Kunming,2026
heather_reisman,Heather Reisman,,,,,Retail,Indigo Books & Music,,2018
hedda_brahm_droege,Hedda Brahm Droege,,,,,Investments,Droege International ,,2018
hedda_im_brahm_droege,Hedda Im Brahm Droege,赫达·勃拉姆·德罗格,Female,,Germany,Investments,Droege International ,,2020
heidi_horten,Heidi Horten,海蒂·霍顿,Female,1941.0,Austria,Multi-Brand Retail,Horten,Austria-Vienna,2022
heike_paulmann,Heike Paulmann,Heike Paulmann,Female,1967.0,Chile,Retail,Cencosud,Chile-Santiago,2026
heikki_herlin,Heikki Herlin,Heikki Herlin,Male,1991.0,Finland,Industrial Products,KONE,Finland-Helsinki,2026
heikki_kyostila,Heikki Kyöstilä,海基·基斯提拉,Male,,Finland,Healthcare,Planmeca,Finland-Helsinki,2026
heinrich_deichmann,Heinrich Deichmann,海因里希·戴奇曼,Male,1962.0,Germany,Retail,Deichmann,Germany-Essen,2026
heinrich_weiss,Heinrich Weiss,海因里希·魏斯,Male,,Germany,Construction & Engineering,SMS Group,Germany,2025
heinz_hermann_thiele,Heinz Hermann Thiele,海因茨·赫尔曼·蒂勒,Male,1941.0,Germany,Auto Components,Knorr-Bremse,,2021
helen_johnson_leipold,Helen Johnson-Leipold,海伦·约翰逊·莱波特,Female,,United States,Consumer Goods,S.C. Johnson,USA-Racine,2026
helena_dassault,Helena Dassault,Helena Dassault,,,,Aerospace & Defence,Dassault Systèmes,France-Paris,2026
helena_revoredo,Helena Revoredo,海伦娜·雷沃雷多,Female,,Spain,Services,Prosegur,Spain-Madrid,2026
helga_kellerhals,Helga Kellerhals,Helga Kellerhals,Female,1941.0,Austria,Retail,MediaMarkt,Austria-Salzburg,2026
helmut_lehner,Helmut Lehner,赫尔穆特·莱纳,Male,,Austria,Packaging,Alpla,,2019
helmut_sohmen,Helmut Sohmen,苏海文,Male,1940.0,Hong Kong,Transportation & Logistics,BW Group,China-Hong Kong,2026
helmuth_lehner,Helmuth Lehner,Helmut Lehner,Male,,Austria,Containers & Packaging,Alpla,Austria,2025
heloise_pratt,Heloise Pratt,赫洛伊斯·普拉特,Female,,Australia,Paper & Forest Products,Visy Industries,Australia-Melbourne,2026
hemendra_kothari,Hemendra Kothari,Hemendra Kothari,Male,,India,Investments,DSP BlackRock,India-Mumbai,2026
henadiy_boholyubov,Henadiy Boholyubov,,,,,Banking,Privatbank,,2018
henning_conle,Henning Conle,亨宁·康乐,Female,,United Kingdom,Real Estate,Sirosa,UK-London,2026
henri_beaufour,Henri Beaufour,亨利·博福,Male,,United Kingdom,Healthcare,Ipsen,France,2025
henrietta_goh,Henrietta Goh,Henrietta Goh,Female,1992.0,Singapore,Construction & Engineering,Nippon Paints,Singapore-Singapore,2026
henrik_fisker,Henrik Fisker,Henrik Fisker,Male,1964.0,United States,Autonomous vehicle,Fisker ,USA-Los Angeles,2022
henrik_mads_clauson,Henrik Mads Clauson,亨里克·马兹·克劳斯顿,Male,,Denmark,Industrial Products,Danfoss,Denmark-Nordborg,2026
henry_cheng,Henry Cheng & family,,,,,Real Estate、Jewellery、Investments,"New World, Chow Tai Fook",,2017
henry_cheng_kar_shun,Henry Cheng Kar-shun,郑家纯,Male,,Hong Kong,Retail,Chow Tai Fook,China-Hong Kong,2026
henry_davis,Henry Davis,Henry Davis,Male,1951.0,United States,Food & Beverages,Greater Omaha Packing,USA-Omaha,2026
henry_engelhardt,Henry Engelhardt,亨利·恩格哈特,Male,,United Kingdom,Financial Services,Admiral Group,UK-Cardiff,2026
henry_hillman,Henry Hillman,,,,,Investments,Hilman,,2017
henry_keswick,Henry Keswick,Henry Kisweck,Male,,United Kingdom,Real Estate,Jardine Matheson,UK-London,2024
henry_kravis,Henry Kravis,亨利·克拉维斯,Male,1944.0,United States,Financial Services,KKR,USA-New York,2026
henry_laufer,Henry Laufer,Henry Laufer,Male,1946.0,United States,Financial Services,Renaissance Technologies,USA-Lake Worth,2026
henry_moser,Henry Moser,Henry Moser,Male,1950.0,United Kingdom,Financial Services,Together Financial Services,UK-Manchester,2024
henry_nicholas_iii,Henry Nicholas III,亨利·尼古拉斯三世,Male,,United States,Semiconductors,Broadcom,USA-Newport Beach,2026
henry_ross_perot_jr,Henry Ross Perot Jr,小亨利·罗斯·佩罗,Male,,United States,Software & Services,Perot Systems,USA-Dallas,2026
henry_ross_perot_sr,Henry Ross Perot Sr,,,,,Technology,Perot System,,2017
henry_samueli,Henry Samueli,亨利·萨缪里,Male,1954.0,United States,Semiconductors,Broadcom,USA-Newport Beach,2026
henry_schuck,Henry Schuck,Henry Schuck,Male,1984.0,United States,Software & Services,ZoomInfo,"USA-Washington, D.C",2026
henry_swieca,Henry Swieca,亨利·斯威卡,Male,,United States,Investments,Investments,USA-New York,2026
henry_sy,Henry Sy & Family,,,,,Multi Brand Retailing,Sm Prime Holding,,2018
henry_sy_family,Henry Sy family,,Male,1931.0,,Multi Brand Retailing,News Corp,,2015
henry_t_sy_jr,Henry T Sy Jr,施俊龙,Male,,Philippines,Retail,SM Investments,Philippines-Manila,2026
herald_chen,Herald Chen,Herald Chen,Male,1970.0,United States,Artificial Intelligence,Applovin,USA-Hillsborough,2026
herb_chambers,Herb Chambers,赫比·尚贝尔,Male,,United States,Retail,Herb Chambers Companies,USA-Somerville,2026
herbert_allen_jr,Herbert Allen Jr,小赫伯特·艾伦,Male,,United States,Financial Services,Allen & Co,USA-New York,2026
herbert_fisk_johnson_iii,Herbert Fisk Johnson III,赫伯特·菲斯克·约翰逊三世,Male,,United States,Consumer Goods,S.C. Johnson,USA-Racine,2026
herbert_kohler_jr,Herbert Kohler Jr,小赫伯特·科勒,Male,1939.0,United States,Consumer Goods,Kohler,USA-Kohler,2022
herbert_simon,Herbert Simon,赫伯特·西蒙,Male,1934.0,United States,Real Estate,Simon Property,USA-Indianapolis,2026
herbert_t_sy,Herbert T. Sy,施汉铭,Male,,Philippines,Retail,SM Investments,Philippines-Manila,2026
herbert_wertheimer,Herbert Wertheimer,赫伯特·韦特海默,Male,,United States,Investments,Investments,USA-Miami,2026
hermanto_tanoko,Hermanto Tanoko,Hermanto Tanoko,Male,1940.0,Indonesia,Chemicals,Avia Avian,Indonesia-Surabaya,2026
herriot_tabuteau,Herriot Tabuteau,Herriot Tabuteau,Male,1968.0,United States,Healthcare,Axsome Therapeutics,USA-New York,2026
hideyuki_busujima,Hideyuki Busujima,Hideyuki Busujima,Male,1953.0,Japan,Media & Entertainment,Sankyo,Japan-Tokyo,2026
hillel_nahmad,Hillel Nahmad,Hillel Nahmad,Male,1978.0,Monaco,Investments,Art Collector,Monaco-Monte Carlo,2026
hilmi_panigoro,Hilmi Panigoro,Hilmi Panigoro,Male,,Indonesia,Energy,Medco Energy Internasional,Indonesia-Jakarta,2026
hilton_h_schlosberg,Hilton H Schlosberg,Hilton H. Schlosberg,Male,1953.0,United States,Food & Beverages,Monster Beverage,USA-Irvine,2026
hirokazu_sugiara,Hirokazu Sugiara,杉浦裕一,Male,,Japan,Retail,Sugi Holdings,Japan-Aichi Pef,2024
hiroko_takei,Hiroko Takei & Family,,,,,Financial Services,TFK,,2018
hiromasa_tsuchiya,Hiromasa Tsuchiya,Hiromasa Tsuchiya,Male,,Japan,Consumer Goods,Workman,Japan-Tokyo,2026
hiroshi_ishibashi,Hiroshi Ishibashi,石桥浩史,Male,,Japan,Automobile & Auto Components,Bridgestone,Japan-Tokyo,2026
hiroshi_mikitani,Hiroshi Mikitani,三谷浩史,Male,1965.0,Japan,Retail,Rakuten,Japan-Tokyo,2026
hiroshi_okura,Hiroshi Okura,Hiroshi Okura,Male,1937.0,Japan,Cosmetics,Noevir Holdings ,,2020
hisako_yamamoto,Hisako Yamamoto,Hisako Yamamoto,,,,Retail,Seven & I,Japan-Tokyo,2026
hisao_nagata,Hisao Nagata,Hisao Nagata,Male,1956.0,Japan,Retail,Trial Holdings,Japan-Fukuoka,2026
ho_hung_anh,Ho Hung Anh,Ho Hung Anh,Male,1970.0,Vietnam,Financial Services,Techcombank,Vietnam-Hanoi,2026
ho_tsz_wan,Ho Tsz Wan,何芷韵,Female,,Hong Kong,Pulp & Paper,Lee & Man,China-Hong Kong,2022
hoang_kieu,Hoang Kieu,黄凯,Male,,United States,Pharmaceuticals,RAAS Blood Products,,2019
hock_e_tan,Hock E. Tan,Hock E. Tan,Male,1952.0,United States,Semiconductors,Broadcom,USA-San Jose,2023
holden_spaht,Holden Spaht,Holden Spaht,Male,,United States,Financial Services,Thoma Bravo,USA-San Francisco,2026
hong_feng,Hong Feng,洪锋,Male,,China,Consumer Goods,Xiaomi,China-Beijing,2026
hong_hao,Hong Hao,洪浩,Male,1956.0,China,Healthcare,Casymchen,China-Tianjin,2026
hong_jie,Hong Jie,洪杰,Male,1967.0,China,Chemicals,3Trees,China-Putian,2026
hong_lee_ra_hee,Hong Lee Ra-Hee,洪利熙,Female,1945.0,South Korea,Consumer Goods,Samsung,South Korea-Seoul,2026
hong_ruidi,Hong Ruidi,洪瑞娣,Female,1969.0,China,Industrial Products,Zhenyu Technology,China-Ningbo,2026
hong_seok_joh,Hong Seok-Joh,洪锡柱,Male,,South Korea,Retail,BGF Retail,,2019
hong_xiaobo,Hong Xiaobo,洪晓波,Male,1979.0,China,E-Commerce,Vipshop,Guangdong-Guangzhou,2021
hong_zhenhai,Hong Zhenhai,洪镇海,Male,1951.0,Taiwan,Apparel & Textile Products,Eclat,China-New Taipei,2022
hope_bryant,Hope Bryant,Hope Bryant,,,,Financial Services,First Citizens Bank,USA-Raleigh,2026
hope_rinehart_welker,Hope Rinehart Welker,霍普·林哈特·韦克尔,Female,,Australia,Metals & Mining,Hancock Prospecting,USA-New York,2026
horst_julius_pudwill,Horst Julius Pudwill,霍斯特·帕德威尔,Male,,Hong Kong,Consumer Goods,TTI,China-Hong Kong,2026
horst_otto_gerberding,Horst-Otto Gerberding,Horst-Otto Gerberding,Male,1954.0,Germany,Chemicals,Symrise AG,Germany,2025
horst_paulmann,Horst Paulmann,霍斯特·鲍尔曼,Male,,Chile,Retail,Cencosud,Chile,2025
horst_paulmann_family,Horst Paulmann family,,Male,1924.0,,Multi Brand Retailing,Sm Prime Holding,,2016
horst_wortmann,Horst Wortmann,霍斯特·沃特曼,Male,,Germany,Consumer Goods,Wortmann,Germany-Detmold,2026
hortensia_herrero,Hortensia Herrero,霍滕西亚·赫雷罗,Female,1950.0,Spain,Retail,Mercadona,Spain-Valencia,2026
hou_changcai,Hou Changcai,侯昌财,Male,1956.0,China,Real Estate,Yuanchang,China-Fujian-Xiamen,2024
hou_jianfang,Hou Jianfang & Family,,,,,Husbandry,Chuying Farming,,2018
hou_juncheng,Hou Juncheng,侯军呈,Male,1964.0,China,Consumer Goods,Proya Cosmetics,China-Hangzhou,2026
howard_barclay,Howard Barclay,Howard Barclay,Male,1959.0,United Kingdom,Retail,The Very Group,UK-London,2023
howard_butt_iii,Howard Butt III,Howard Butt III,Male,1952.0,United States,Retail,H-E-B Store,USA-San Antonio,2026
howard_jenkins,Howard  Jenkins,,,,,Retail,Publix,,2018
howard_lutnick,Howard Lutnick,Howard Lutnick,Male,1961.0,United States,Financial Services,Cantor Fitzgerald,USA-Washington,2026
howard_marks,Howard Marks,Howard Marks,Male,1947.0,United States,Financial Services,Oaktree Capital,USA-New York,2026
howard_schultz,Howard Schultz,霍华德·舒尔茨,Male,1953.0,United States,Food & Beverages,Starbucks,USA-Seattle,2026
hsieh_wen_ta,Hsieh Wen Ta,谢旼达,,,,Semiconductors,Hon.Precision,China-Taichung,2026
hsu_bang_fu,Hsu Bang-Fu,许邦福,,,,Industrial Products,Fortune Electric,China-Taoyuan,2026
hsu_cheng,Hsu Cheng & Family  ,,,,,Food & Beverages,Hsu Fu Chi ,,2018
hsu_kun_tai,Hsu Kun-Tai,许昆泰,Male,,Taiwan,Consumer Goods,Clevo,China-Taipei,2026
hu_baosen,Hu Baosen,胡葆森,Male,1950.0,China,Real Estate,Henan Jianye,China-Zhengzhou,2023
hu_bofan,Hu Bofan,胡柏藩,Male,1962.0,China,Healthcare,NHU,China-Shaoxing,2026
hu_bopan,Hu Bopan ,,,,,Pharmaceuticals,NHU,,2018
hu_caifang,Hu Caifang,胡彩芳,Female,1970.0,China,Industrial Products,Jack Technology,China-Taizhou,2026
hu_chengzhong,Hu Chengzhong,胡成中,Male,1961.0,China,Industrial Products,Delixi,China-Wenzhou,2023
hu_gengxi,Hu Gengxi,胡赓熙,Male,1964.0,China,Healthcare,Wolwo Pharma,China-Huzhou,2026
hu_huazhi,Hu Huazhi,胡华智,Male,1977.0,China,Consumer Goods,Ehang,Guangdong-Guangzhou,2021
hu_jingen,Hu Jingen,胡金根,Male,1964.0,,Retail,Guoguang,China-Ji‘an,2026
hu_jinlian,Hu Jinlian,胡金莲,Male,1972.0,,Heavy Electrical Equipment,Zhefu Holding,China-Hangzhou,2022
hu_jinsheng,Hu Jinsheng,胡锦生,Male,1955.0,,Pharmaceuticals,Starry Pharmaceutical,Zhejiang-Taizhou,2021
hu_jiqiang,Hu Jiqiang,,,,,Pharmaceuticals,Conba Pharmaceutical,,2018
hu_kaijun,Hu Kaijun,胡凯军,Male,1962.0,China,Healthcare,China Grand,China-Beijing,2026
hu_keqin,Hu Keqin,,,,,"Daily chemicals, food, and tourism real estate",Reward,,2018
hu_kun,Hu Kun,胡坤,Male,1969.0,,Medical Devices,Contec Medical,China-Qinhuangdao,2022
hu_kunhui,Hu Kunhui,胡鹍辉,Male,1991.0,China,Biotechnology,YHLO,China-Shenzhen,2022
hu_liqiang,Hu Liqiang,胡黎强,Male,1976.0,,Semiconductors,Bright Power,China-Shanghai,2022
hu_qixiang,Hu Qixiang,胡淇翔,Male,1988.0,China,Chemicals,Sanmei Chemical,China-Jinhua,2026
hu_renchang,Hu Renchang,胡仁昌,Male,1968.0,China,Equipments,Jiecang Linear Motion Technology,Zhejiang-Shaoxing,2021
hu_rongda,Hu Rongda,胡荣达,Male,1959.0,China,Chemicals,Sanmei Chemical,China-Jinhua,2026
hu_shuangmei,Hu Shuangmei,胡双美,Female,1966.0,China,Industrial Products,GoerTek,China-Weifang,2026
hu_wei,Hu Wei,胡畏,Male,1964.0,,Semiconductors,StarPower Semiconductor,China-Jiaxing,2026
hu_wen,Hu Wen,胡文,Male,1969.0,China,Industrial Products,Kema Tech,China-Suzhou,2026
hu_xiaojun,Hu Xiaojun,胡晓军,Male,1961.0,China,Transportation & Logistics,China Express,China-Guiyang,2026
hu_xiaoming,Hu Xiaoming,胡晓明,Male,1970.0,,E-Commerce,Alibaba,China-Hangzhou,2022
hu_xingrong,Hu Xingrong,胡兴荣,Male,1981.0,China,Real Estate,Doof,Beijing-Beijing,2025
hu_yangzhong,Hu Yangzhong,胡扬忠,Male,1965.0,China,Consumer Goods,Hikvision,China-Hangzhou,2026
hu_yuhang,Hu Yuhang,胡宇航,Male,1976.0,,Media & Entertainment,37 Interactive Entertainment,China-Guangzhou,2026
hua_rongwei,Hua Rongwei,华荣伟,,1966.0,China,Industrial Products,Leili Motor,China-Changzhou,2026
hua_sheng,Hua Sheng,华盛,,1990.0,China,Industrial Products,Leili Motor,China-Changzhou,2026
hua_tao,Hua Tao,华涛,,,,Agriculture,Shuangbaotai,China-Nanchang,2026
hua_xuande,Hua Xuande,花轩德,Male,1943.0,China,Healthcare,Zonebanner Jiuzhou,China-Taizhou,2026
hua_yong,Hua Yong,华勇,Male,1964.0,China,TMT,Shunwang Technology,Beijing-Beijing,2020
huang_bingkun,Huang Bingkun,黄炳坤,Male,1972.0,China,Consumer Durables,DeRucci,Guangdong-Dongguan,2021
huang_bingwen,Huang Bingwen,黄炳文,Male,1954.0,China,Containers & Packaging,Dongfeng Printing,China-Shantou,2023
huang_chaoyang,Huang Chaoyang,黄朝阳,Male,1966.0,Hong Kong,Developer,SCE,China-Hong Kong,2022
huang_chiheng,Huang Chiheng,黄炽恒,Male,,China,Real Estate,Helenbergh,China-Guangzhou,2023
huang_chulong,Huang Chulong,黄楚龙,Male,1959.0,China,Real Estate,Galaxy,China-Shenzhen,2026
huang_dawen,Huang Dawen,黄达文,Male,1960.0,China,Metals & Mining,Hoshine Silicon,China-Ningbo,2026
huang_guangmiao,Huang Guangmiao,黄光苗,Male,1969.0,China,Real Estate,Zhongzhou,China-Shenzhen,2026
huang_guangyu,Huang Guangyu,黄光裕,Male,1969.0,China,E-Commerce,Gome,China-Beijing,2022
huang_guanlin,Huang Guanlin,黄关林,Male,1966.0,China,Consumer Goods,Shenzhou,China-Zhejiang-Ningbo,2024
huang_hongsheng,Huang Hongsheng,黄宏生,Male,1956.0,China,Consumer Goods,Skyworth,China-Shenzhen,2026
huang_hongsheng_lin_weiping,Huang Hongsheng & Lin Weiping,,,,,Home appliances ,Skyworth ,,2018
huang_hongyun,Huang Hongyun,黄红云,Male,1966.0,China,Developer,Jinke ,Chongqing-Chongqing,2021
huang_hongyun_tao_hongxia,Huang Hongyun & Tao Hongxia,,,,,Real Estate,Jinke ,,2018
huang_jian,Huang Jian,黄健,Male,1967.0,China,Consumer Goods,Midea,China-Foshan,2026
huang_jiangji,Huang Jiangji,黄江吉,Male,,China,Consumer Goods,Xiaomi,China-Beijing,2026
huang_jianping,Huang Jianping,黄建平,Male,1964.0,China,Construction & Engineering,Marco Polo,China-Dongguan,2026
huang_jianxun,Huang Jianxun,黄建勲,Male,1965.0,China,Construction & Engineering,Lian Tai,China-Shantou,2026
huang_jinfeng,Huang Jinfeng,黄锦峰,Male,,,Cosmetics,Yatsen,Guangdong-Guangzhou,2021
huang_jingkang,Huang Jingkang,,,,,Real estate,Lvgem,,2018
huang_jinxiang,Huang Jinxiang,黄金祥,Male,1965.0,China,Chemicals,Guangxin,China-Xuancheng,2023
huang_junkang,Huang Junkang,黄俊康,Male,1955.0,Hong Kong,Real Estate,Topspring,China-Shenzhen,2023
huang_kangjing,Huang Kangjing,黄康境,Male,1962.0,China,Estate Holding,Lvgem,Guangdong-Shenzhen,2021
huang_li,Huang Li,黄晟,Male,1989.0,China,Semiconductors,Guide Electrics,China-Wuhan,2026
huang_li_2,Huang Li & Family,,,,,Electronics,Guide Electrics,,2018
huang_li_3,Huang Li,黄立,Male,1963.0,China,Semiconductors,Guide Electrics,China-Wuhan,2026
huang_li_4,Huang Li & family,,,,,Electronics,Guide Electrics,,2017
huang_lianxi,Huang Lianxi,黄联禧,Male,1963.0,China,Construction & Engineering,Lesso,China-Foshan,2026
huang_lianxi_zuo_xiaoping,Huang Lianxi & Zuo Xiaoping,,,,,Plastic pipes and fittings ,L&S,,2018
huang_maoru,Huang Maoru,黄茂如,Male,1965.0,China,Investments,Maoye,China-Shenzhen,2026
huang_maoru_zhang_jin,Huang Maoru & Zhang Jin,,,,,"Real Estate, Retail",Maoye ,,2018
huang_min,Huang Min,黄敏,Male,1973.0,,Energy,Goodwe Power,China-Jiangsu-Suzhou,2024
huang_minli,Huang Minli,黄敏利,Male,1965.0,Hong Kong,Consumer Goods,Manwah,China-Hong Kong,2026
huang_minli_xu_huiqing,Huang Minli & Xu Huiqing,,,,,Manufacturing,Manwah,,2018
huang_nubo,Huang Nubo,,,,,Real Estate,Zhongkun ,,2018
huang_qiaoling,Huang Qiaoling,黄巧灵,Male,1958.0,China,Hospitality,Worldland,China-Hangzhou,2026
huang_qisen,Huang Qisen,黄其森,Male,1965.0,China,Real Estate,Thaihot,Fujian-Fuzhou,2020
huang_rulun,Huang Rulun,黄如论,Male,1951.0,China,Real Estate,Century Golden Resources,China-Beijing,2026
huang_shan,Huang Shan,黄山,Male,1970.0,China,Software & Services,Fortune Trend,China-Shenzhen,2026
huang_shanbing,Huang Shanbing,黄善兵,Male,1956.0,China,Semiconductors,JieJie Microelectronics,China-Nantong,2026
huang_shaowu,Huang Shaowu,黄绍武,Male,1970.0,China,Investments,SinoPostgraduate,China-Shenzhen,2026
huang_shaoxiong,Huang Shaoxiong,黄少雄,Male,1963.0,,Financial Services,Compass,China-Guangzhou,2026
huang_shikun,Huang Shikun,黄仕坤,Male,,China,Retail,Kinghood,China-Shenzhen,2023
huang_shilin,Huang Shilin,黄世霖,Male,1967.0,China,Energy,CATL,China-Ningde,2026
huang_shizai,Huang Shizai,黄世再,Male,1951.0,China,Real Estate,Great China Properties,China-Shenzhen,2026
huang_tao,Huang Tao,黄涛,Male,1976.0,China,Real Estate,Century Golden Resources,China-Beijing,2026
huang_tongge,Huang Tongge,黄彤舸,Male,1968.0,,Medical Devices ,Orthok,Anhui-Hefei,2021
huang_wei,Huang Wei,黄伟,Male,1959.0,China,Real Estate,XinHu,China-Zhejiang-Hangzhou,2024
huang_wei_2,Huang Wei,黄伟,Male,1968.0,,Cloud Solutions,GDS,Shanghai-Shanghai,2021
huang_wei_li_ping,Huang Wei & Li Ping ,,,,,"Real estate, finance",XinHu ,,2018
huang_weibin,Huang Weibin,黄卫斌,Male,1967.0,China,Consumer Goods,Marssenger Kitchenware,China-Jiaxing,2023
huang_wenbiao,Huang Wenbiao,黄文彪,Male,1967.0,,Food & Beverages,Haitian,China-Foshan,2023
huang_wenji,Huang Wenji,,,,,Manufacturing,China Jicheng ,,2017
huang_wenzai,Huang Wenzai,黄文仔,Male,1953.0,China,Real Estate,Star River,China-Guangzhou,2026
huang_xi,Huang Xi,黄曦,Male,,China,Banking,Goodfirst ,China-Xiamen,2022
huang_xiangmo,Huang Xiangmo,,,,,"Hydroelectric power, logistics, real estate",Yuhu ,,2018
huang_xiaofen,Huang Xiaofen,黄小芬,Female,1963.0,China,Industrial Products,Kinwong,China-Shenzhen,2026
huang_xiaojie,Huang Xiaojie,,,,,Investments,JD Capital,,2018
huang_xiaolei,Huang Xiaolei,黄晓雷,,1969.0,,Telecommunications,Eoptolink,China-Chengdu,2026
huang_xu,Huang Xu,黄旭,Male,1967.0,,Semiconductors,Rockchip Electronics,China-Fuzhou,2026
huang_yi,Huang Yi,黄毅,Male,1963.0,China,Retail,Zhongsheng,China-Dalian,2026
huang_yimeng,Huang Yimeng,黄一孟,Male,1982.0,China,Media & Entertainment,Xd,China-Shanghai,2026
huang_youlong_zhao_wei,Huang Youlong & Zhao Wei,,,,,Investments,Gold Ocean,,2018
huang_yuanhao,Huang Yuanhao,黄源浩,,1980.0,China,Industrial Products,Orbbec,China-Shenzhen,2026
huang_zelan,Huang Zelan,黄泽兰,Male,1955.0,China,Metals & Mining,Zhangyuan Tungsten,China-Ganzhou,2026
huang_zelan_lai_xiangying,Huang Zelan & Lai Xiangying,,,,,Tungsten mining,Zhangyuan Tungsten,,2018
huang_zheng,Huang Zheng,黄峥,Male,1980.0,China,Retail,Pinduoduo,China-Shanghai,2026
huang_zheng_2,Huang Zheng,黄峥,Female,1971.0,China,Industrial Products,FRD,China-Shenzhen,2026
huang_zhengcong,Huang Zhengcong,黄正聪,Male,1967.0,China,Consumer Electronics,Shiyuan Electronic,China-Guangzhou,2022
huang_zhuangmian,Huang Zhuangmian,,,,,Warehousing logistics transportation,Feima International ,,2018
hubert_burda,Hubert Burda,休伯特·布尔达,Male,1940.0,Germany,Media & Entertainment,Hubert Burda Media,Germany-Munich,2026
hubertus_benteler,Hubertus Benteler,休伯特·本特勒,Male,,Austria,Automobile & Auto Components,Benteler International,Austria-Salzburg,2026
hubertus_von_baumbach,Hubertus von Baumbach,Hubertus von Baumbach,Male,1968.0,Germany,Healthcare,Boehringer Ingelheim,Germany-Ingelheim,2026
hugh_grosvenor,Hugh Grosvenor,休·格罗夫纳,Male,1991.0,United Kingdom,Real Estate,Grosvenor,UK-London,2026
hugo_ribeiro,Hugo Ribeiro,Hugo Ribeiro,Male,,Brazil,Agriculture,Andre Maggi Group,Brazil-Rondonopolis,2026
hugo_sigman,Hugo Sigman,Hugo Sigman,Male,1944.0,Argentina,Healthcare,Insud Pharma,Argentina-Buenos Aires,2026
huh_young_in,Huh Young-In,Hur Young-In,Male,1950.0,South Korea,Food processing,SPC group,Beijing-Beijing,2020
hui_man_long,Hui Man-Long ,许文龙,Male,1928.0,Taiwan,Chemicals,Chi Mei,China-Tainan,2023
hui_sai_fun,Hui Sai Fun,,,,,Real Estate,Central Development,,2018
huo_qinghua,Huo Qinghua & Family,,,,,Heavy Industry,China Kingho,,2018
huo_yan,Huo Yan,霍焱,Male,1968.0,United Kingdom,Investments,Capula,UK-London,2023
hur_young_in,Hur Young-In,许英寅,Male,,South Korea,Food processing,SPC group,,2019
husnu_ozyegin,Husnu Ozyegin,侯斯努·奥齐金,Male,,Turkey,Investments,Fiba Holding,Turkey-Istanbul,2026
hussain_binghatti_aljbori,Hussain Binghatti Aljbori,Hussain Binghatti Aljbori,Male,1956.0,United Arab Emirates,Real Estate,Binghatti Properties,UAE-Dubai,2026
hussain_sajwani,Hussain Sajwani,侯赛因·萨瓦尼,Male,,United Arab Emirates,Real Estate,Damac Properties,UAE-Dubai,2026
hyot_r_barnett,Hyot R Barnett,卡罗尔·詹金斯·巴内特,Female,,United States,Multi-Brand Retail,Publix,,2021
ian_henrick_lundin,Ian Henrick Lundin,伊恩·亨里克·伦丁,Male,,Switzerland,Energy,Nemesia,Switzerland-Geneva,2026
ian_livingstone,Ian Livingstone,伊恩·利文斯通,Male,,United Kingdom,Real Estate,London & Regional Properties,UK-London,2026
ian_wace,Ian Wace,Ian Wace,Male,1963.0,United Kingdom,Investment Management,Marshall Wace,UK-London,2022
ian_wood,Ian Wood,伊恩·伍德,Male,,United Kingdom,Energy,Wood Group,UK-Aberdeen,2026
ibrahim_erdemoglu,Ibrahim Erdemoglu,Ibrahim Erdemoglu,Male,1963.0,Turkey,Chemicals,SASA Polyester,Turkey-Istanbul,2026
idan_ofer,Idan Ofer,伊丹·奥弗,Male,1955.0,Israel,Transportation & Logistics,Eastern Shipping Company,UK-London,2026
igor_altushkin,Igor Altushkin,伊戈尔·阿尔图什金,Male,1970.0,Russia,Metals & Mining,Russian Copper,Russia-Yekaterinburg,2026
igor_bukhman,Igor Bukhman,Igor Bukhman,Male,1982.0,United Kingdom,Media & Entertainment,Playrix,UK-London,2026
igor_kesaev,Igor Kesaev,Igor Kesaev,Male,1967.0,Russia,Retail,Megapolis,Russia-Moscow,2026
igor_khandros,Igor Khandros,Igor Khandros,Male,1956.0,United States,Healthcare,Berkeley Lights ,,2021
igor_khudokormov,Igor Khudokormov,Igor Khudokormov,,,,Food & Beverages,Prodimex Group,Russia-Moscow,2026
igor_kudryashkin,Igor Kudryashkin,Igor Kudryashkin,Male,1962.0,Russia,Metals & Mining,UGMK,Russia-Moscow,2026
igor_makarov,Igor Makarov,伊戈尔·马卡罗夫,Male,,Russia,Energy,Itera,USA-Miami,2026
igor_olenicoff,Igor Olenicoff,伊戈尔·奥莱尼科夫,Male,1905.0,United States,Real Estate,Olen Properties,USA-Lighthouse Point,2026
igor_rotenberg,Igor Rotenberg,Igor Rotenberg,,,,Investments,Investments,Russia-Moscow,2026
igor_rybakov,Igor Rybakov,Igor Rybakov,Male,1972.0,Russia,Construction & Engineering,Technonicol,Russia-Moscow,2026
igor_yakovlev,Igor Yakovlev,Igor Yakovlev,,,,Retail,Kari,Russia-Moscow,2026
ihor_kolomoyskyy,Ihor Kolomoyskyy,,,,,Banking,Privatbank,,2018
ilkka_herlin,Ilkka Herlin,伊尔卡·赫林,Male,,Finland,Industrial Products,KONE,Finland-Helsinki,2026
ilona_herlin,Ilona Herlin,伊洛娜·赫林,Female,,Finland,Industrial Products,KONE,Finland-Helsinki,2026
ilson_mateus,Ilson Mateus,Ilson Mateus,Male,,Brazil,Retail,Grupo Mateus,Brazil-Sao Luis,2026
ilya_sutskever,Ilya Sutskever,Ilya Sutskever,Male,1986.0,United States,Artificial Intelligence,Safe Superintelligence,USA-San Francisco,2026
imogene_powers_johnson,Imogene Powers Johnson,,,,,Multi Brand Retailing,Sc Johnson & Sons,,2018
ina_ashwin_dani,Ina Ashwin Dani,Ina Ashwin Dani,Male,,India,Chemicals,Asian Paints,India-Mumbai,2026
inder_jaisinghani,Inder Jaisinghani,Inder Jaisinghani,Male,1953.0,India,Industrial Products,Polycab India,India-Mumbai,2026
indra_widjaja,Indra Widjaja,因德拉·维贾贾,Male,,Indonesia,Consumer Goods,Sinar Mas,Indonesia-Jakarta,2026
indu_jain,Indu Jain,,,,,Media,Bennett Coleman,,2018
inge_wessels,Inge Wessels,Inge Wessels,Female,1973.0,Netherlands,Construction & Engineering,VolkerWessels,Netherlands-Amersfoort,2026
ingrid_flick,Ingrid Flick,英格丽德·弗里克,Female,,United States,Automobile & Auto Components,Daimler,USA-Pebble Beach,2026
ingvar_kamprad,Ingvar Kamprad & family,,,,,Single Brand Retailing,Ikea,,2017
ingvar_kamprad_family,Ingvar Kamprad family,,Male,1927.0,,Furniture Manufacturing,Ikea,,2016
inigo_zobel,Inigo Zobel,Inigo Zobel,Male,1956.0,Philippines,Food & Beverages,San Miguel,Philippines-Makati,2024
ioannis_papalekas,Ioannis Papalekas,Ioannis Papalekas,,,,Real Estate,Yoda Group,Cyprus-Nicosia,2026
ion_stoica,Ion Stoica,Ion Stoica,Male,1965.0,United States,Software & Services,Databricks,USA-Berkeley,2026
ion_tiriac,Ion Tiriac,伊翁·提里亚克,Male,,Romania,Financial Services,UniCredit Tiraic Bank,Romania-Bucharest,2026
ipec_kirac,Ipec Kirac,Ipec Kirac,Female,1984.0,Turkey,Investments,Koc Holding,Turkey-Istanbul,2026
ira_ehrenpreis,Ira Ehrenpreis,Ira Ehrenpreis,Male,1970.0,United States,E-Cars,Tesla,USA-Palo Alto,2022
ira_rennert,Ira Rennert,艾拉·伦纳特,Male,1934.0,United States,Investments,Renco,USA-New York,2026
irene_lee,Irene Lee & family,,,,,Real Estate,Hysan,,2017
irene_lee_yun_lien,Irene Lee Yun Lien,利蕴莲,Male,,Hong Kong,Real Estate,Hysan,China-Hong Kong,2026
irfan_razack,Irfan Razack,Irfan Razack,Male,1953.0,India,Real Estate,Prestige Estate Projects,India-Bengaluru,2026
iris_fontbona,Iris Fontbona,伊里斯·冯特博纳,Female,,Chile,Metals & Mining,Antofagasta,Chile-Santiago,2026
iris_fontbona_family,Iris Fontbona family,,Female,1943.0,,Mining,Quinenco,,2015
irving_grousbeck,Irving Grousbeck,Irving Grousbeck,Male,,United States,Media & Entertainment,Boston Celtics,USA-Portola Valley,2026
irwin_jacobs,Irwin Jacobs,欧文·雅各布斯,Male,,United States,Semiconductors,Qualcomm,USA-La Jolla,2023
isaac_larian,Isaac Larian,艾萨克·拉里安,Male,,United States,Consumer Goods,MGA Entertainment,USA-Los Angeles,2023
isabel_boehringer,Isabel Boehringer,Isabel Boehringer,Female,1980.0,Germany,Healthcare,Boehringer Ingelheim,Germany-Ingelheim,2026
isabel_dos_santos,Isabel Dos Santos,伊莎贝尔·多斯·桑托斯,Female,1959.0,Angola,Investments,Unitel,,2020
isabella_seragnoli,Isabella Seràgnoli,Isabella Seràgnoli,Female,1946.0,Italy,Containers & Packaging,Coesia,Italy-Bologna,2026
isabelle_d_ornano,Isabelle d'Ornano,Isabelle d'Ornano,Female,1938.0,France,Consumer Goods,Sisley,France-Paris,2026
isak_andic,Isak Andic,伊萨克·安迪克,Male,,Spain,Consumer Goods,Mango,Spain-Barcelona,2024
isara_vongkusolkit,Isara Vongkusolkit,伊萨拉·冯库索基特,Male,,Thailand,Agriculture,Mitr Phol,Thailand-Bangkok,2026
isidiro_consunji,Isidiro Consunji,伊西迪罗·康森吉,Male,,Philippines,Construction,DMCI Holding,,2019
isidro_consunji,Isidro Consunji,Isidiro Consunji,Male,1950.0,Philippines,Construction & Engineering,DMCI Holding,Philippines-Makati,2026
iskander_makhmudov,Iskander Makhmudov,伊斯坎德尔·马克穆多夫,Male,1963.0,Russia,Metals & Mining,Ural Mining,Russia-Moscow,2026
ismael_borges_trajano,Ismael Borges Trajano,Ismael Borges Trajano,Male,,Brazil,Multi-Brand Retail,Magazine Luiza,,2021
isolde_liebherr,Isolde Liebherr,伊索尔德·利勃海尔,Female,1949.0,Switzerland,Industrial Products,Liebherr,Switzerland-Bulle,2026
israel_englander,Israel Englander,伊斯雷尔·英格兰德,Male,,United States,Financial Services,Millennium Management,USA-New York,2026
issac_perlmutter,Issac Perlmutter,伊萨克·珀尔穆特,Male,1942.0,United States,Media & Entertainment,Marvel Entertainment,USA-Palm Beach,2026
issad_rebrab,Issad Rebrab,伊萨德·雷布拉布,Male,1944.0,Algeria,Food & Beverages,Cevital,Algeria-Algiers,2026
issam_al_zahid,Issam Al Zahid,伊萨姆·扎伊德,Male,,Saudi Arabia,Conglomerate,Al zahid ,,2019
itamar_locks,Itamar Locks,Itamar Locks,Male,,Brazil,Agriculture,Andre Maggi Group,Brazil-Rondonopolis,2026
itzhak_ezratti,Itzhak Ezratti,Itzhak Ezratti,,,,Real Estate,GL Homes,USA-Indian Creek,2026
ivan_chrenko,Ivan Chrenko,伊凡·切伦科,Male,,Slovakia,Real Estate,HB Reavis,Slovakia-Bratislava,2026
ivan_glasenberg,Ivan Glasenberg,伊万·格拉森伯格,Male,1957.0,Switzerland,Metals & Mining,Glencore,Switzerland-Ruschlikon,2026
ivan_muller_botelho,Ivan Muller Botelho,伊万·穆勒·波泰略,Male,,Brazil,Energy,Energisa,Brazil-Sao Paulo,2026
ivan_savvidis,Ivan Savvidis,Ivan Savvidis,Male,1960.0,Russia,Investments,Investments,Russia-Rostov On Don,2026
ivan_tavrin,Ivan Tavrin,Ivan Tavrin,,,,Investments,Kismet Capital Group,Russia-Moscow,2026
ivan_zhao,Ivan Zhao,Ivan Zhao,,,,Software & Services,Notion,USA-San Francisco,2026
ivar_tollefsen,Ivar Tollefsen,Ivar Tollefsen,Male,,Norway,Real Estate,Fredensborg,Norway-Oslo,2026
j_b_pritzker,J.B Pritzker,J.B Pritzker,,,,Hospitality,Hyatt,USA-Springfield,2026
j_christopher_flowers,J Christopher Flowers,J.克里斯托弗·弗劳斯,Male,1957.0,United States,Financial Services,J.C. Flowers,USA-Palm Beach,2026
j_frederic_kerrest,J Frederic Kerrest,J Frederic Kerrest,Male,,United States,Cloud Solutions,Okta,,2021
j_hyatt_brown,J Hyatt Brown,J·亚特·布朗,Male,1937.0,United States,Financial Services,Brown & Brown,USA-Ormond Beach,2026
j_joe_ricketts,J Joe Ricketts,乔·里基茨,Male,1941.0,United States,Financial Services,TD Ameritrade,USA-Little Jackson Hole,2026
j_k_rowling,J.K. Rowling,,,,,Publishing,Novelist,,2018
j_tomilson_hill,J Tomilson Hill,托米尔森·希尔,Male,,United States,Financial Services,Blackstone Group,USA-Manhattan,2026
jack_clark,Jack Clark,Jack Clark,Male,1899.0,United States,Artificial Intelligence,Anthropic,USA-San Francisco,2026
jack_cockwell,Jack Cockwell,Jack Cockwell,Male,1941.0,Canada,Media & Entertainment,Brookfield Asset Management,Canada-Toronto,2026
jack_cogen,Jack Cogen,Jack Cogen,Male,1956.0,United States,Artificial Intelligence,CoreWeave,USA-New York,2026
jack_cowins,Jack Cowins,杰克·考因斯,Male,,Australia,Food & Beverages,Competitive Foods Australia,Australia-Sydney,2026
jack_dangermond,Jack Dangermond,杰克·丹格蒙德,Male,,United States,Software & Services,ESRI,USA-Redlands,2026
jack_dorsey,Jack Dorsey,杰克·多西,Male,1976.0,United States,Financial Services,Block,USA-San Francisco,2026
jack_gance,Jack Gance,Jack Gance,,,,Retail,Chemist Warehouse,Australia-Melbourne,2026
jack_ma_yun,Jack Ma Yun & Family,,,,,"E-commerce, fintech",Alibaba,,2018
jack_taylor_family,Jack Taylor family,,Male,1922.0,,Logistics,Enterprise Rent A Car,,2016
jacob_brunsborg,Jacob Brunsborg,Jacob Brunsborg,Male,1973.0,Denmark,Retail,JYSK,Denmark-Silkeborg,2026
jacob_burda,Jacob Burda,Jacob Burda,Male,1990.0,Germany,Media,Hubert Burda Media,,2021
jacob_j_safra,Jacob J. Safra,Jacob J. Safra,Male,1976.0,Brazil,Financial Services,Safra,Brazil-Sao Paulo,2026
jacob_rothschild,Jacob Rothschild,Nathaniel Charles Jacob Rothschild,Male,1937.0,United Kingdom,Investments,RIT Capital Partners,UK-London,2024
jacqueline_mars,Jacqueline Mars,杰奎琳·马尔斯,Female,1939.0,United States,Food & Beverages,Mars,USA-The Plains,2026
jacques_d_amours,Jacques D'Amours,Jacques D'Amours,Male,1957.0,Canada,Retail,Alimentation Couche Tard,Canada-Montreal,2026
jacques_gaston_murray,Jacques Gaston Murray,雅克·加斯顿·默里,Male,,United Kingdom,Industrial Products,Andrew Sykes Group,UK-Wolverhampton,2023
jacques_merceron_vicat,Jacques Merceron-Vicat,雅克·默瑟隆·维卡特,Male,,France,Construction & Engineering,Vicat,France-Paris,2026
jacques_saade,Jacques Saade & Family,,,,,Logistics,CMA-CGM,,2018
jacques_saade_jr,"Jacques Saadé, Jr.","Jacques Saadé, Jr.",Male,1967.0,France,Transportation & Logistics,CMA CGM,France-Marseille,2026
jacques_veyrat,Jacques Veyrat,Jacques Veyrat,Male,1963.0,France,Investments,Impala,France-Paris,2026
jae_yong_lee,Jae-Yong Lee,Jae-Yong Lee,Male,1969.0,South Korea,Consumer Goods,Samsung,South Korea-Seoul,2026
jagadish_prasad_aluru,Jagadish Prasad Aluru,Jagadish Prasad Aluru,Male,,India,Industrial Products,HBL Power Systems,India-Hyderabad,2026
jahm_najafi,Jahm Najafi,Jahm Najafi,Male,1963.0,United States,Financial Services,Najafi Companies,USA-Paradise Valley,2026
jai_hari_dalmia,Jai Hari Dalmia,杰·哈里·达米亚,Male,,India,Cement & Cement Products,Dalmia Bharat,India-New Delhi,2024
jaime_botin,Jaime Botin,海梅·博汀,Male,,Spain,Financial Services,Bankinter,Spain-Madrid,2024
jaime_gilinski_bacal,Jaime Gilinski Bacal,海梅·吉林斯基·巴尔,Male,,Colombia,Financial Services,Banco GNB,Panama-Panama City,2026
jaime_zobel_de_ayala,Jaime Zobel de Ayala,Jaime Zobel de Ayala,Male,1935.0,Philippines,Developer,Ayala Corporation,,2021
jalaj_ashwin_dani,Jalaj Ashwin Dani,贾拉吉·阿什温·达尼,Male,,India,Chemicals,Asian Paints,,2019
james_arthur_irving,James & Arthur Irving,,,,,Energy,Irving Group,,2018
james_cabela,James Cabela,詹姆斯·卡贝拉,Male,,United States,Retail,Cabela,USA-Sidney,2026
james_cameron,James Cameron,James Cameron,Male,1954.0,New Zealand,Media & Entertainment,Lightstorm Entertainment,New Zealand-Wairarapa,2026
james_cargill_ii,James Cargill II,詹姆斯·嘉吉二世,Male,,United States,Agriculture,Cargill,USA-Minnetonka,2026
james_chambers,James Chambers,詹姆斯·钱伯斯,Male,,United States,Media & Entertainment,Cox Enterprises,USA-New York,2026
james_chao,James Chao,赵元修,,,,Chemicals,Westlake,USA-Houston,2026
james_clark,James Clark,詹姆斯·克拉克,Male,,United States,Software & Services,Netscape,USA-Palm Beach,2026
james_coulter,James Coulter,詹姆斯·库尔特,Male,1959.0,United States,Financial Services,TPG,USA-San Francisco,2026
james_crown,James Crown,詹姆斯·克朗,Male,1953.0,United States,Aerospace,General Dynamics,,2021
james_d_slavik,James D Slavik,詹姆斯·斯拉维克,Male,,United States,Investments,Investments,USA-Austin,2024
james_d_slavik_2,James D Slavik,James D Slavik,Male,1944.0,United States,Industrial Products,W.W. Grainger,USA-Newport Beach,2026
james_dinan,James Dinan,詹姆斯·迪南,Male,,United States,Financial Services,York Capital Management,USA-North Salem,2026
james_dolan,James Dolan,James Dolan,,,,Media & Entertainment,The Madison Square Garden Company,USA-New York,2026
james_duff,James Duff,James Duff,Male,1960.0,United States,Investments,Duff Capital,USA-Hattiesburg,2026
james_dyson,James Dyson,詹姆斯·戴森,Male,1947.0,United Kingdom,Consumer Goods,Dyson,UK-Gloucestershire,2026
james_france,James France,詹姆斯·法兰西,Male,1944.0,United States,Media & Entertainment,NASCAR,USA-Daytona Beach,2026
james_goodnight,James Goodnight,詹姆斯·古德奈特,Male,1943.0,United States,Software & Services,SAS Institute,USA-Cary,2026
james_irsay,James Irsay,詹姆斯·欧赛,Male,1959.0,United States,Media & Entertainment,Indianapolis Colts,USA,2025
james_j_kavanaugh,James J Kavanaugh,James J Kavanaugh,Male,1968.0,United States,Software & Services,IBM ,,2021
james_jannard,James Jannard,詹姆士·詹纳德,Male,1949.0,United States,Consumer Goods,Oakley,USA-San Juan Islands,2026
james_leininger,James Leininger,詹姆斯·莱宁格,Male,,United States,Healthcare,Kinetic Concepts,USA-San Antonio,2026
james_leprino,James Leprino,詹姆斯·莱皮诺,Male,,United States,Food & Beverages,Leprino Foods,USA,2025
james_litinsky,James Litinsky,James Litinsky,Male,1977.0,United States,Metals & Mining,MP Materials,USA-Chicago,2026
james_murdoch,James Murdoch,James Murdoch,,1972.0,United States,Investments,Investments,USA-New York City,2026
james_packer,James Packer,詹姆斯·帕克,Male,1967.0,Australia,Hospitality,Crown Resorts,USA-Los Angeles,2026
james_ratcliffe,James Ratcliffe,詹姆斯·拉特克利夫,Male,1952.0,United Kingdom,Chemicals,Ineos,UK-London,2026
james_richardson,James Richardson,,,,,Conglomerate ,James Richardson & Sons,,2017
james_scapa,James Scapa,James Scapa,Male,1956.0,United States,Software & Services,Altair Engineering,USA-Atherton,2026
james_shoen,James Shoen,詹姆斯·肖恩,Male,,United States,Transportation & Logistics,Amerco,USA-Reno,2026
james_simons,James Simons,詹姆斯·西蒙斯,Male,1938.0,United States,Financial Services,Renaissance Technologies,USA-East Setauket,2024
james_tisch,James Tisch,James Tisch,,,,Financial Services,Loews,USA-New York,2026
james_truchard,James Truchard,James Truchard,,,,Investments,Investments,USA-Austin,2026
james_wu,James Wu & family,,,,,Catering,Maxim's Caterers,,2017
james_wu_tak,James Wu Tak,伍沾德,Male,,Hong Kong,Food Processing,Maxim's Caterers,Hong Kong-Hong Kong,2021
jami_gertz,Jami Gertz,Jami Gertz,Female,1966.0,United States,Media & Entertainment,Atlanta Hawks,USA-Chicago,2026
jamie_augusto_zobel,Jamie Augusto Zobel,,,,,Energy,Ayala Corporation,,2018
jamie_augusto_zobel_de_ayala,Jamie Augusto Zobel de Ayala,杰米·奥古斯托·佐贝尔,Male,1959.0,Philippines,Energy,Ayala,,2019
jamie_dimon,Jamie Dimon,杰米·戴蒙,Male,,United States,Financial Services,JPMorgan Chase,USA-New York,2026
jamshyd_godrej,Jamshyd Godrej,杰姆希德·戈德雷,Male,,India,Industrial Products,Godrej,India-Mumbai,2026
jan_hendrik_goldbeck,Jan-Hendrik Goldbeck,Jan-Hendrik Goldbeck,Male,1976.0,Germany,Construction & Engineering,Goldbeck,Germany-Bielefeld,2026
jan_koum,Jan Koum,简·库姆,Male,1976.0,United States,Media & Entertainment,Meta Platforms,USA-Mountain View,2026
jan_stahlberg,Jan Ståhlberg,Jan Ståhlberg,Male,,Sweden,Investment Management,EQT,Sweden-Stockholm,2022
jan_topholm,Jan Topholm,扬·托普霍尔姆,Male,,Denmark,Healthcare,WS Audiology,Denmark-Lynge,2026
jan_van_geet,Jan Van Geet,Jan Van Geet,Male,1971.0,Czech Republic,Real Estate,VGP,Czech Republic-Prague,2026
jane_goldman,Jane Goldman,Jane Goldman,Female,1971.0,United States,Real Estate,Solil Management,USA-New York,2026
jane_lauder,Jane Lauder,简·劳德,Female,,United States,Consumer Goods,Estée Lauder,USA-New York,2026
janice_mcnair,Janice McNair,Janice McNair,Female,1936.0,United States,Media & Entertainment,Houston Texans,USA-Houston,2026
jaran_chiaravanont,Jaran Chiaravanont,谢正民,Male,1930.0,Thailand,Food & Beverages,CP Group,Thailand-Bangkok,2026
jared_isaacman,Jared Isaacman,Jared Isaacman,Male,1984.0,United States,Financial Services,Shift4,USA-Easton,2026
jared_kaplan,Jared Kaplan,Jared Kaplan,Male,1984.0,United States,Artificial Intelligence,Anthropic,USA-Pacifica,2026
jared_smith,Jared Smith,Jared Smith,Male,1975.0,United States,Software & Services,Qualtrics,USA-Provo,2026
jaroslav_hascak,Jaroslav Hascak,Jaroslav Hascak,Male,1970.0,Slovakia,Investments,Penta Investments,Slovakia-Bratislava,2026
jasminder_singh,Jasminder Singh,贾斯明德·辛格,Male,,United Kingdom,Hospitality,Edwardian Group,UK-London,2026
jason_chang_c_s,Jason Chang C.S. & family ,,,,,Manufacturing ,ASE ,,2017
jason_chang_cs,Jason Chang CS,张虔生,Male,,Taiwan,Industrial Products,ASE,China-Taipei,2026
jason_cs_chang,Jason Cs Chang & Family ,,,,,Manufacturing ,ASE ,,2018
jason_gardner,Jason Gardner,Jason Gardner,Male,,United States,Payment Solutions,Marqeta,USA-Oakland,2022
jason_murray,Jason Murray,Jason Murray,Male,1979.0,United States,Healthcare,PACS Group,USA-Mountain Green,2026
jaspal_singh_kandhari,Jaspal Singh Kandhari,Jaspal Singh Kandhari,Male,,India,Food & Beverages,Kandhari Beverages,India-Chandigarh,2026
jay_c_hoag,Jay C Hoag,杰伊·霍格,Male,,United States,Media Services,Netflix,,2020
jay_chaudhry,Jay Chaudhry,Jay Chaudhry,Male,1959.0,United States,Software & Services,Zscaler,USA-San Jose,2026
jay_hennick,Jay Hennick,Jay Hennick,Male,1957.0,Canada,Real Estate,Colliers International,Canada-Toronto,2026
jay_kreps,Jay Kreps,Jay Kreps,Male,,United States,Software & Services,Confluent,USA-San Francisco,2026
jay_paul,Jay Paul,Jay Paul,Male,1947.0,United States,Real Estate,Jay Paul Co,USA-San Francisco,2026
jay_robert_pritzker,Jay Robert Pritzker,杰伊·罗伯特·普利兹克,Male,1965.0,United States,Hospitality,Hyatt,USA-Chicago,2022
jay_y_lee,Jay Y Lee,李在镕,Male,1968.0,South Korea,Consumer Goods,Samsung,South Korea-Seoul,2024
jay_z,Jay Z,Jay Z,Male,1970.0,United States,Media & Entertainment,Music,USA-Los Angeles,2026
jayashree_ullal,Jayashree Ullal,贾亚什里·乌拉尔,Female,,United States,Technology,Arista Network,,2020
jayme_garfinkel,Jayme Garfinkel,杰姆·加芬克尔,Male,,Brazil,Financial Services,Porto Seguro,Brazil-Sao Paulo,2026
jayshree_ullal,Jayshree Ullal,杰什里·乌拉尔,Male,,United States,Software & Services,Arista Networks,USA-San Francisco,2026
jb_straubel,JB Straubel,JB Straubel,Male,1975.0,United States,Automobile & Auto Components,Redwood Materials,USA-Carson City,2026
jean_burelle,Jean Burelle,让·伯瑞尔,Male,,France,Automobiles & Components,Plastic Omnium,,2020
jean_charles_decaux,Jean-Charles Decaux,让·查尔斯·德考,Male,,France,Media & Entertainment,JC Decaux,France-Paris,2026
jean_claude_fayat,Jean-Claude Fayat,Jean-Claude Fayat,Male,1959.0,France,Construction & Engineering,Fayat Group,France-Bordeaux,2026
jean_claude_marian,Jean-Claude Marian,Jean-Claude Marian,Male,,France,Healthcare,Orpea,France-Puteaux,2026
jean_couto,Jean Couto,,,,,Drug chain,Jean Coutu Group,,2018
jean_coutu,Jean Coutu,让·库托,Male,1927.0,Canada,Retail,Jean Coutu,Canada-Varennes,2026
jean_francois_decaux,Jean-Francois Decaux,让·弗朗索瓦·德考,Male,,France,Media & Entertainment,JC Decaux,France-Paris,2026
jean_louis_van_der_velde,Jean-Louis van der Velde,Jean-Louis van der Velde,,,,Financial Services,Tether,British Virgin Islands,2025
jean_michel_besnier,Jean-Michel Besnier,让·米歇尔·贝斯尼尔,Male,1967.0,France,Food & Beverages,Lactalis,France-Laval,2026
jean_paul,Jean-Paul,Jean-Paul,Male,1956.0,Switzerland,Biotechnology,Idorsia,Switzerland-Basel,2022
jean_pierre_cayard,Jean Pierre Cayard,让·皮埃尔·卡亚德,Male,1942.0,France,Food & Beverages,La Martiniquaise,France-Paris,2026
jean_salata,Jean Salata,Jean Salata,Male,1965.0,Hong Kong,Financial Services,EQT,China-Hong Kong,2026
jean_sebastien_decaux,Jean-Sebastien Decaux,让·塞巴斯蒂安·德科,Male,,France,Media & Entertainment,JC Decaux,France-Paris,2026
jeannine_buhler,Jeannine Bühler,Jeannine Bühler,Female,1987.0,Switzerland,Industrial Products,Bühler,Switzerland-Uzwil,2026
jed_mccaleb,Jed McCaleb,Jed McCaleb,Male,1975.0,United States,Blockchain,Ripple,USA-Berkeley,2026
jef_colruyt,Jef Colruyt,,,,,Retail,Colruyt Group,,2018
jeff_bezos,Jeff Bezos,杰夫·贝佐斯,Male,1964.0,United States,Retail,Amazon,USA-Seattle,2026
jeff_green,Jeff Green,Jeff Green,Male,1977.0,United States,Software & Services,The Trade Desk,USA-Newbury Park,2026
jeff_greene,Jeff Greene,杰夫·格林,Male,1954.0,United States,Investments,Investments,USA-Palm Beach,2026
jeff_lawson,Jeff Lawson,Jeff Lawson,Male,1978.0,United States,Software & Services,Twilio,USA-San Francisco,2026
jeff_rothschild,Jeff Rothschild,杰夫·罗斯柴尔德,Male,,United States,Media & Entertainment,Meta Platforms,USA-Los Angeles,2026
jeff_yass,Jeff Yass,杰夫·亚斯,Male,1956.0,United States,Financial Services,Susquehanna International Group,USA-Haverford,2026
jeffery_hildebrand,Jeffery Hildebrand,Jeffery Hildebrand,,,,Energy,Hilcorp Energy,USA-Houston,2026
jeffrey_c_sprecher,Jeffrey C Sprecher,Jeffrey C Sprecher,Male,1956.0,United States,Financial Services,Intercontinental Exchange,USA-Atlanta,2026
jeffrey_cheah,Jeffrey Cheah,Jeffrey Cheah,Male,1946.0,Malaysia,Real Estate,Sunway,Malaysia-Kuala Lumpur,2026
jeffrey_chih_lo,Jeffrey Chih Lo,Jeffrey Chih Lo,,1957.0,,Telecommunications,Eoptolink,China-Chengdu,2026
jeffrey_gundlach,Jeffrey Gundlach,杰弗里·冈德拉赫,Male,,United States,Financial Services,DoubleLine Capital,USA-Los Angeles,2026
jeffrey_hildebrand,Jeffrey Hildebrand,杰弗里·希尔德布兰德,Male,,United States,Energy,Hillcorp Energy,USA-Houston,2024
jeffrey_katzenberg,Jeffrey Katzenberg,,,,,Entertainment,Dreamworks Animation,,2018
jeffrey_lorberbaum,Jeffrey Lorberbaum,杰弗里·洛伯鲍姆,Male,,United States,Construction & Engineering,Mohawk Industries,USA-Dalton,2026
jeffrey_lurie,Jeffrey Lurie,杰弗里·卢里,Male,,United States,Media & Entertainment,Philadelphia Eagles,USA-Wynnewood,2026
jeffrey_michael,Jeffrey Michael,Jeffrey Michael,Male,1957.0,United States,Software & Services,CorVel,USA-Minnetonka,2026
jeffrey_skoll,Jeffrey Skoll,杰弗里·斯科尔,Male,1965.0,United States,Financial Services,Capricon Investment,USA-Manalapan,2026
jeffrey_talpins,Jeffrey Talpins,Jeffrey Talpins,Male,,United States,Investments,Element Capital,USA-New York,2026
jeffrey_tangney,Jeffrey Tangney,Jeffrey Tangney,Male,1972.0,United States,Healthcare,Doximity,USA-Palo Alto,2026
jen_hsun_huang,Jen-Hsun Huang,黄仁勋,Male,,United States,Semiconductors,Nvidia,USA-Los Altos Hills,2026
jennifer_irving,Jennifer Irving,Jennifer Irving,,,,Energy,Irving Oil,Canada-New Brunswick,2026
jennifer_pritzker,Jennifer Pritzker,珍妮弗·普利兹克,Female,,United States,Hospitality,Hyatt,USA-Chicago,2026
jennifer_steinbrenner_swindal,Jennifer Steinbrenner Swindal,Jennifer Steinbrenner Swindal,Female,1959.0,United States,Media & Entertainment,New York Yankees,USA-Tampa,2026
jennifer_van_der_leegte,Jennifer van der Leegte,Jennifer van der Leegte,Female,,Netherlands,Automobile & Auto Components,VDL Groep,Netherlands,2025
jenny_linden_urnes,Jenny Lindén Urnes,Jenny Lindén Urnes,Female,1972.0,Sweden,Industrial Products,Lindéngruppen,Sweden-Helsingborg,2026
jenny_love,Jenny Love,Jenny Love,Female,,United States,Retail,Love's Travel Stops & Country Stores,USA-Oklahoma City,2026
jens_von_bahr,Jens von Bahr,Jens von Bahr,Male,1971.0,Sweden,Media & Entertainment,Evolution,Sweden-Stockholm,2026
jeremy_allaire,Jeremy Allaire,Jeremy Allaire,Male,1971.0,United States,Financial Services,Circle Internet Group,USA-Boston,2026
jeremy_coller,Jeremy Coller,Jeremy Coller,Male,1958.0,United Kingdom,Financial Services,Coller Capital,UK-London,2026
jeremy_jacobs_sr,Jeremy Jacobs Sr,杰里米·雅各布斯,Male,1940.0,United States,Hospitality,Delaware North,USA-New York,2026
jeronimo_arango,Jeronimo Arango,杰罗尼莫·阿兰戈,Male,,United States,Multi Brand Retailing,Cifra,,2020
jerrold_perenchio,Jerrold Perenchio,,,,,Entertainment,Chartwell Leisure,,2017
jerry_jones,Jerry Jones,杰里·琼斯,Male,1942.0,United States,Media & Entertainment,Dallas Cowboys,USA-Dallas,2026
jerry_moyes,Jerry Moyes,Jerry Moyes,Male,1944.0,United States,Transportation & Logistics,Knight-Swift Transportation,USA-Tolleson,2026
jerry_ng,Jerry Ng,Jerry Ng,Male,1966.0,Indonesia,Banking,Bank Jago,Indonesia-Jakarta,2022
jerry_reinsdorf,Jerry Reinsdorf,Jerry Reinsdorf,Male,1937.0,United States,Media & Entertainment,Chicago Bulls,USA-Chicago,2026
jerry_seinfield,Jerry Seinfield,Jerry Seinfield,Male,1955.0,United States,Media & Entertainment,Movies,USA-New York,2026
jerry_speyer,Jerry Speyer,杰里·斯派尔,Male,1940.0,United States,Real Estate,Tishman Speyer,USA-New York,2026
jerry_yang,Jerry Yang,杨致远,Male,,United States,Media & Entertainment,Yahoo,USA-Los Altos Hills,2026
jerzy_starak,Jerzy Starak,Jerzy Starak,Male,1948.0,Poland,Healthcare,Polpharma,Poland-Konstancin,2026
jessica_steinbrenner,Jessica Steinbrenner,Jessica Steinbrenner,Female,1964.0,United States,Media & Entertainment,New York Yankees,USA-Tampa,2026
ji_changqun,Ji Changqun,季昌群,Male,,China,Real Estate,FullShare,Jiangsu -Nanjing,2019
ji_haipeng,Ji Haipeng,纪海鹏,Male,1967.0,China,Real Estate,Logan Property,China-Shenzhen,2023
ji_qi,Ji Qi,季琦,Male,1966.0,China,Hospitality,Home Inn,China-Shanghai,2026
ji_wei,Ji Wei,吉为,Male,1957.0,China,Software & Services,Willfar,China-Changsha,2026
ji_xingye,Ji Xingye,,,,,"Metal, chemical industry ",Xingye,,2018
ji_xuewen,Ji Xuewen,吉学文,Male,1962.0,China,Chemicals,Dynanonic,China-Changchun,2023
ji_zhe,Ji Zhe,吉喆,Male,1983.0,China,Software & Services,Willfar,China-Changsha,2026
jia_guolong,Jia Guolong,贾国龙,Male,1967.0,China,Restaurants,Xibei,China-Beijing,2022
jia_tianjiang,Jia Tianjiang,贾天将,Male,1962.0,China,Metals & Mining,Tianyuan Manganese,Ningxia-Yinchuan,2021
jia_tianjiang_dong_jufeng,Jia Tianjiang & Dong Jufeng,,,,,"Manufacturing, non-ferrous metals",Tianyuan Manganese,,2018
jia_yueting,Jia Yueting,,,,,Entertainment,Letv,,2017
jian_jun,Jian Jun,简军,Female,1963.0,China,Healthcare,Imeik,China-Beijing,2026
jian_yao,Jian Yao,简瑶,,,,Healthcare,Mindray,China-Shenzhen,2026
jiang_bin,Jiang Bin,江斌,Male,1967.0,China,Healthcare,Kingdomway,China-Xiamen,2022
jiang_bin_2,Jiang Bin,姜滨,Male,1966.0,China,Industrial Products,GoerTek,China-Weifang,2026
jiang_bin_hu_shuangmei,Jiang Bin & Hu Shuangmei,,,,,Acoustics and multimedia products ,GoerTek,,2018
jiang_biwang,Jiang Biwang,江必旺,Male,1965.0,China,Industrial Products,Nanomicro,China-Suzhou,2023
jiang_chengzhi,Jiang Chengzhi,蒋承志,Male,1986.0,China,Industrial Products,Smarter Energy,China-Wuxi,2026
jiang_ganjun,Jiang Ganjun,江淦钧,Male,1964.0,China,Furnishing,Suofeiya,China-Guangzhou,2022
jiang_guiting,Jiang Guiting,姜桂廷,Male,1958.0,China,Industrial Products,Jingjin,China-Dezhou,2023
jiang_jianqi,Jiang Jianqi,蒋建琪,Male,1964.0,China,Beverages,Xiangpiaopiao,Zhejiang-Huzhou,2021
jiang_jinzhi,Jiang Jinzhi,蒋锦志,Male,,China,Investments,Greenwoods,China-Shanghai,2022
jiang_libei,Jiang Libei,蒋鹂北,Female,1973.0,China,Telecommunications,Runjian Communication,China-Nanning,2026
jiang_liming,Jiang Liming,江黎明,Male,,China,Car sales ,Lited,Guangdong-Foshan,2020
jiang_ling,Jiang Ling,姜岭,,1973.0,,Automobile & Auto Components,Sling Automobile Bearing,China-Shaoxing,2026
jiang_long,Jiang Long,姜龙,Male,1974.0,,Industrial Products,GoerTek,China-Weifang,2026
jiang_long_2,Jiang Long,蒋龙,Male,1979.0,China,Consumer Goods,RELX,Guangdong-Shenzhen,2021
jiang_nan,Jiang Nan,,,,,"Rubber products, real estate",Shengfeng,,2018
jiang_nan_2,Jiang Nan,,,,,Rubber products、 real estate,Shengfeng,,2017
jiang_nan_3,Jiang Nan,江南,Male,1963.0,China,Hospitality,Shengfeng,China-Guangzhou,2026
jiang_nanchun,Jiang Nanchun,江南春,Male,1973.0,China,Media & Entertainment,FocusMedia,China-Shanghai,2026
jiang_rensheng,Jiang Rensheng,蒋仁生,Male,1953.0,China,Healthcare,Zhifei,China-Chongqing,2026
jiang_wei,Jiang Wei,蒋伟,Male,,China,Healthcare,Haohai,Shanghai-Shanghai,2025
jiang_wei_2,Jiang Wei & Family,,,,,Pharmaceuticals,Bailing ,,2018
jiang_wei_3,Jiang Wei & family,,,,,Pharmaceuticals,Bailing ,,2017
jiang_wei_4,Jiang Wei,姜伟,Male,1961.0,China,Pharmaceuticals,Bailing ,Guizhou-Guiyang,2021
jiang_weiping,Jiang Weiping,蒋卫平,Male,1955.0,China,Metals & Mining,Tianqi,China-Suining,2026
jiang_weiping_zhang_jing,Jiang Weiping & Zhang Jing,,,,,Mining,Tianqi ,,2017
jiang_xipei,Jiang Xipei,蒋锡培,Male,1963.0,China,Industrial Products,Smarter Energy,China-Wuxi,2026
jiang_xuefei,Jiang Xuefei,姜雪飞,Male,1969.0,China,Semiconductors,Suntak,China-Shenzhen,2026
jiang_xuefei_zhu_xuehua,Jiang Xuefei & Zhu Xuehua,,,,,Electric,Suntak,,2018
jiang_xueming,Jiang Xueming,蒋学明,,1961.0,China,Semiconductors,Dosilicon,China-Shanghai,2026
jiang_xueying,Jiang Xueying,姜学英,Female,1973.0,China,Biotechnology,Assuro Tech,China-Hangzhou,2022
jiang_yehua,Jiang Yehua,蒋业华,Male,1963.0,China,Real Estate,Huayu,China-Chongqing,2026
jiang_yehua_jiang_yu,Jiang Yehua & Jiang Yu,,,,,Real Estate,Huayu ,,2018
jiang_yintai,Jiang Yintai,姜银台,Male,1950.0,China,Automobile & Auto Components,Daimay,China-Shanghai,2026
jiang_yintai_jiang_ming,Jiang Yintai & Jiang Ming,,,,,Automotive Interior,Daimay,,2018
jiang_yu,Jiang Yu,蒋宇,Male,1988.0,China,Real Estate,Huayu,China-Chongqing,2026
jiang_yuzhou,Jiang Yuzhou,蒋雨舟,,1988.0,China,Semiconductors,Dosilicon,China-Shanghai,2026
jiang_zhaobai,Jiang Zhaobai,姜照柏,Male,1963.0,China,Investments,Pengxin,China-Shanghai,2023
jiang_zhenlin,Jiang Zhenlin,蒋震林,Male,1967.0,China,Industrial Products,Zhenyu Technology,China-Ningbo,2026
jiao_zheng,Jiao Zheng,焦震,Male,1966.0,China,Investments,CDH,China-Beijing,2026
jigneshbhai_desai,Jigneshbhai Desai,Jigneshbhai Desai,,,,Financial Services,NJ India Invest,India,2025
jill_foss_watson,Jill Foss Watson,吉尔·福斯·沃森,Female,1968.0,United States,Financial Services,Credit Acceptance,USA-Farmington Hills,2026
jim_breyer,Jim Breyer,吉姆·布雷耶,Male,,United States,Investments,Investments,USA-Woodside,2026
jim_crane,Jim Crane,Jim Crane,Male,1954.0,United States,Transportation & Logistics,Crane Worldwide Logistics,USA-Houston,2026
jim_davis,Jim Davis & Family,,,,,Multi Brand Retailing,New Balance,,2018
jim_davis_2,Jim Davis & family,,,,,Multi Brand Retailing,New Balance,,2017
jim_davis_3,Jim Davis,吉姆·戴维斯,Male,,United States,Consumer Goods,New Balance,USA-Newton,2026
jim_davis_4,Jim Davis,吉姆·戴维斯,,,,Software & Services,Allegis,USA-Cockeysville,2026
jim_irving,Jim Irving,Jim Irving,,,,Paper & Forest Products,J.D. Irving,Canada-Saint John,2026
jim_kavanaugh,Jim Kavanaugh,Jim Kavanaugh,Male,1963.0,United States,Software & Services,World Wide Technology,USA-St. Louis,2026
jim_kennedy,Jim Kennedy,吉姆·肯尼迪,Male,,United States,Media & Entertainment,Cox Enterprises,USA-Atlanta,2026
jim_mccoll,Jim Mccoll,吉姆·麦克科,Male,,United Kingdom,Industrial Products,Clyde Blowers Capital,Monaco-Monaco,2026
jim_mckelvey,Jim McKelvey,Jim McKelvey,Male,1966.0,United States,Financial Services,Block,USA-St. Louis,2026
jim_pattison,Jim Pattison,吉姆·帕蒂森,Male,1928.0,Canada,Retail,Jim Pattison Group,Canada-Vancouver,2026
jim_walton,Jim Walton,吉姆·沃尔顿,Male,1948.0,United States,Retail,Walmart,USA-Bentonville,2026
jimmy_haslam,Jimmy Haslam,吉米·哈斯兰,Male,1954.0,United States,Retail,Pilot Flying J,USA-Knoxville,2026
jimmy_john_liautaud,Jimmy John Liautaud,吉米·约翰·利奥陶,Male,,United States,Food & Beverages,Jimmy John's,USA-Key Largo,2026
jimmy_rane,Jimmy Rane,Jimmy Rane,Male,1946.0,United States,Agriculture,Great Southern Wood Preserving,USA-Abbeville,2026
jin_baofang,Jin Baofang,靳保芳,Male,1952.0,China,Energy,JA Solar,China-Xingtai,2026
jin_chengcheng,Jin Chengcheng,金成成,Male,1986.0,,Automobile & Auto Components,Huguang,China-Suzhou,2026
jin_feng,Jin Feng,金锋,,1988.0,,Media & Entertainment,Kingnet,China-Shanghai,2026
jin_huiming,Jin Huiming,金惠明,Male,1953.0,China,Real Estate,Dahua,China-Shanghai,2026
jin_jie,Jin Jie,金洁,Male,,China,Healthcare,Vigonvita,China-Suzhou,2026
jin_lei,Jin Lei,金磊,Male,1954.0,,Healthcare,Balance Medical,China-Beijing,2026
jin_lei_2,Jin Lei,金磊,Male,1954.0,,Healthcare,Changchun High-tech Industries,China-Changchun,2023
jin_liang,Jin Liang,金亮,Male,1977.0,China,Green Energy,Titan Wind Energy,China-Suzhou,2022
jin_liguo,Jin Liguo,金立国,Male,1973.0,China,Industrial Products,Yiheda,China-Shenzhen,2023
jin_sook_chang,Jin Sook Chang,张金淑,Female,,United States,Single Brand Retailing,Forever 21,,2019
jin_sook_do_won_chang,Jin Sook & Do Won Chang,,,,,Single Brand Retailing,Forever 21,,2018
jin_xiandong,Jin Xiandong,井贤栋,Male,1972.0,China,Retail,Alibaba,China-Hangzhou,2026
jin_xin,Jin Xin,金鑫,Male,1967.0,China,Industrial Products,Dajin Heavy Industry,China-Fuxin,2026
jing_baifu,Jing Baifu,,,,,Real Estate,Angzhan ,,2018
jing_huijuan,Jing Huijuan,靖慧娟,Female,1971.0,China,Medical Diagnostics,Labway,China-Shanghai,2022
jiravat_yoovidhya,Jiravat Yoovidhya,吉拉瓦特·约维迪亚,Male,,Thailand,Food & Beverages,Red Bull,Thailand-Bangkok,2026
jitendra_mohan,Jitendra Mohan,Jitendra Mohan,Male,1973.0,United States,Semiconductors,Astera Labs,USA-Santa Clara,2026
jitendra_ujamsi_mamtora,Jitendra Ujamsi Mamtora,Jitendra Ujamsi Mamtora,,,,Industrial Products,Transformers & Rectifiers (India),India,2025
jitendra_virwani,Jitendra Virwani,吉森德拉·维瓦尼,Male,,India,Real Estate,Embassy Office Parks,India-Bengaluru,2026
jithendra_virwani,Jithendra Virwani,,,,,Realty,Embassy Property Developments ,,2018
jitse_groen,Jitse Groen,Jitse Groen,Male,1979.0,Netherlands,Online Delivery,Just Eat Takeaway.com,,2021
jk_irving,JK Irving,詹姆斯·欧文,Male,1928.0,Canada,Energy,Irving,Canada-St. John,2024
jk_rowling,JK Rowling,J.K.罗琳,Female,,United Kingdom,Media & Entertainment,Harry Potter,UK-Edinburgh,2026
jo_ann_taylor,Jo Ann Taylor,Jo Ann Taylor,Female,,United States,Transportation & Logistics,Enterprise Mobility,USA-St. Louis,2026
joachim_ante,Joachim Ante,Joachim Ante,Male,1982.0,Denmark,Gaming,Unity Software,Denmark-Copenhagen,2022
joachim_goldbeck,Joachim Goldbeck,Joachim Goldbeck,Male,1970.0,Germany,Construction & Engineering,Goldbeck,Germany-Weinheim,2026
joan_tisch,Joan Tisch,,,,,Energy,Loews ,,2017
joao_alves_de_queiroz_filho,Joao Alves De Queiroz Filho,乔·阿尔维斯·德·奎罗斯,Male,,Brazil,Healthcare,Hypera Pharma,Brazil-Sao Paulo,2026
joao_moreira_salles,Joao Moreira Salles,乔·莫雷拉·萨利斯,Male,,Brazil,Financial Services,Itau Unibanco,Brazil-Rio de Janeiro,2026
joao_roberto_marinho,Joao Roberto Marinho,若昂·罗伯托·马里尼奥,Male,1953.0,Brazil,Media & Entertainment,Grupo Globo,Brazil-Rio de Janeiro,2026
joaquin_del_pino_y_calvo_sotelo,Joaquin Del Pino y Calvo-Sotelo,Joaquin Del Pino y Calvo-Sotelo,Male,1960.0,Spain,Construction & Engineering,Ferrovial,Spain-Madrid,2026
jobst_wagner,Jobst Wagner,Jobst Wagner,Male,1960.0,Switzerland,Chemicals,Rehau,UK-London,2026
joe_gebbia,Joe Gebbia,乔·盖比亚,Male,1981.0,United States,Hospitality,Airbnb,USA-San Francisco,2026
joe_kiani,Joe Kiani,Joe Kiani,Male,1965.0,United States,Healthcare,Masimo,USA-Orange County,2026
joe_lacob,Joe Lacob,Joe Lacob,Male,1956.0,United States,Media & Entertainment,Golden State Warriors,USA-Atherton,2026
joe_lau,Joe Lau,Joe Lau,Male,1989.0,United States,Blockchain,Alchemy,USA-California City,2026
joe_lewis,Joe Lewis,乔·刘易斯,Male,1937.0,Bahamas,Financial Services,Tavistock,UK-New Providence,2026
joe_lonsdale,Joe Lonsdale,Joe Lonsdale,Male,1982.0,United States,Software & Services,Palantir Technologies,USA-Austin,2026
joe_mansueto,Joe Mansueto,乔·曼苏托,Male,,United States,Financial Services,Morningstar,USA-Chicago,2026
joe_rogers_jr,Joe Rogers Jr,Joe Rogers Jr,Male,1950.0,United States,Food & Beverages,Waffle House,USA-Atlanta,2026
joe_shoen,Joe Shoen,乔·肖恩,Male,1949.0,United States,Transportation & Logistics,U-Haul Holding,USA-Reno,2026
joeben_bevirt,JoeBen Bevirt,JoeBen Bevirt,Male,1973.0,United States,Aerospace & Defence,Joby Aviation,USA-Santa Cruz,2026
joel_glazer,Joel Glazer,Joel Glazer,Male,1968.0,United States,Media & Entertainment,Tampa Bay Buccaneers,USA-Palm Beach,2026
joel_greenberg,Joel Greenberg,Joel Greenberg,Male,,United States,Financial Services,"Susquehanna International Group,",USA-Gladwyne,2026
joesley_batista,Joesley Batista,乔斯利·巴蒂斯塔,Male,,Brazil,Food & Beverages,JBS,Brazil-Sao Paulo,2026
jogi_hendra_atmadja,Jogi Hendra Atmadja,Jogi Hendra Atmadja,Male,1947.0,Indonesia,Food & Beverages,Mayora,Indonesia-Jakarta,2026
johan_eliasch,Johan Eliasch,约翰·埃利亚施,Male,,United Kingdom,Consumer Goods,Head,Monaco-Monaco,2026
johan_h_andresen,Johan H. Andresen,Johan H. Andresen,Male,1961.0,Norway,Investments,Ferd,Norway,2025
johan_johannson,Johan Johannson,Johan Johannson,Male,1968.0,Norway,Retail,NorgesGruppen,Norway-Oslo,2026
johanathan_gray,Johanathan Gray,,,,,Investment management,Blackstone,,2017
johann_graf,Johann Graf,约翰·格拉夫,Male,1947.0,Austria,Media & Entertainment,Novamtic,Austria-Vienna,2026
johann_rupert,Johann Rupert,约翰·鲁珀特,Male,1950.0,South Africa,Consumer Goods,Richemont,South Africa-Cape Town,2026
johanna_braun,Johanna Braun,约翰娜·布劳恩,Female,,Germany,Healthcare,B. Braun,Germany-Melsungen,2026
johanna_quandt,Johanna Quandt ,,Female,1926.0,,Automobile,BMW,,2014
johannes_kaercher,Johannes Kaercher,Johannes Kaercher,,,,Consumer Goods,Alfred Kaercher,Germany-Winnenden,2026
johannes_karcher,Johannes Karcher,约翰尼斯·凯彻,Male,,Germany,Consumer Goods,Alfred Karcher,Germany-Winnenden,2024
johannes_von_baumbach,Johannes von Baumbach,Johannes von Baumbach,Male,2005.0,Germany,Healthcare,Boehringer Ingelheim,Germany-Ingelheim,2026
john_a_sobrato,John A Sobrato,约翰·索布拉托,Male,,United States,Real Estate,Sobrato Development,USA-Atherton,2026
john_armitage,John Armitage,John Armitage,Male,1960.0,United Kingdom,Investments,Egerton Capital,UK-London,2026
john_arnold,John Arnold,约翰·阿诺德,Male,,United States,Financial Services,Centaurus Advisors,USA-Houston,2026
john_arrillaga,John Arrillaga,约翰·阿里拉加,Male,,United States,Real Estate,Investments,,2021
john_b_hess,John B Hess,约翰·B·赫斯,Male,1954.0,United States,Energy,Chevron,USA-New York,2026
john_bicket,John Bicket,John Bicket,Male,1981.0,United States,Software & Services,Samsara,USA-San Francisco,2026
john_bloor,John Bloor,约翰·布洛尔,Male,,United Kingdom,Real Estate,Bloor Homes,UK-Aberdyfi,2026
john_borg,John Borg,John Borg,Male,1957.0,Australia,Industrial Products,Borg Manufacturing,Australia-Sydney,2026
john_brown,John Brown,约翰·布朗,Male,,United States,Healthcare,Stryker,USA-Portage,2026
john_calamos,John Calamos,John Calamos,Male,1941.0,United States,Financial Services,Calamos Asset Management,USA-Chicago,2024
john_catsimatidis,John Catsimatidis,约翰·卡西米蒂迪斯,Male,,United States,Real Estate,Red Apple Group,USA-New York,2026
john_caudwell,John Caudwell,约翰·考德威尔,Male,1952.0,United Kingdom,Retail,Phones4U,UK-Newcastle,2026
john_christodoulou,John Christodoulou,John Christodoulou,Male,1965.0,Monaco,Real Estate,Yianis Group,Monaco-Monaco,2026
john_coates,John Coates,约翰·科茨,Male,,United Kingdom,Media & Entertainment,Bet365,UK-Stoke-on-Trent,2026
john_collison,John Collison,约翰·科里森,Male,1990.0,United States,Financial Services,Stripe,USA-San Francisco,2026
john_de_mol,John De Mol,约翰·德莫尔,Male,,Netherlands,Media & Entertainment,Endemol,Netherlands-Blaricum,2026
john_deer,John Deer,John Deer,Male,1938.0,United Kingdom,Machinery,Renishaw,UK-Wotton-under-Edge,2022
john_doerr,John Doerr,约翰·杜尔,Male,1951.0,United States,Financial Services,Kleiner Perkins,USA-Woodside,2026
john_dorrance_iii,John Dorrance III,约翰·多兰斯三世,Male,,Ireland,Food & Beverages,Campbell Soup,Ireland-Dublin,2026
john_e_kelly_iii,John E Kelly III,John E Kelly III,Male,1955.0,United States,Software & Services,IBM ,,2021
john_edson,John Edson,约翰·埃德森,Male,1905.0,United States,Shipping,Bayliner Marine ,,2020
john_elkann,John Elkann,John Elkann,Male,1976.0,Italy,Investments,Exor,Italy-Turin,2026
john_farber,John Farber,John Farber,Male,1926.0,United States,Chemicals,Frutaroma,USA-New York,2023
john_fish,John Fish,John Fish,,,,Construction & Engineering,Suffolk Construction,USA-Boston,2026
john_fisher,John Fisher,约翰·费希尔,Male,1961.0,United States,Consumer Goods,GAP,USA-San Francisco,2026
john_foley,John Foley,John Foley,Male,1972.0,United States,Consumer Durables,Peleton,,2021
john_fredriksen,John Fredriksen,约翰·弗雷德里克森,Male,1944.0,United Kingdom,Transportation & Logistics,Frontline,UK-London,2026
john_gandel,John Gandel,约翰·甘德尔,Male,,Australia,Real Estate,Vicinity Centres,Australia-Melbourne,2026
john_goff,John Goff,John Goff,Male,1955.0,United States,Real Estate,Crescent Real Estate,USA-Fort Worth,2026
john_gokongwei_jr,John Gokongwei Jr,吴奕辉,Male,1926.0,Philippines,Telecommunication,JG Summit Holding,,2019
john_grayken,John Grayken,约翰·格雷肯,Male,,United Kingdom,Investments,Lone Star Funds,UK-London,2026
john_henry,John Henry,约翰·亨利,Male,1949.0,United States,Media & Entertainment,Fenway Sports Group,USA-Boca Raton,2026
john_kapoor,John Kapoor,,,,,Pharmaceuticals,Insys Therapeutics,,2018
john_krystynak,John Krystynak,John Krystynak,Male,1969.0,United States,Artificial Intelligence,AppLovin,USA-Incline Village,2026
john_kusuma,John Kusuma,John Kusuma,Male,1967.0,Indonesia,Financial Services,Bank Aladin Syariah,Indonesia-Jakarta,2024
john_l_morris,John L Morris,John L Morris,Male,1949.0,United States,Retail,Bass Pro Shops,USA-Springfield,2026
john_langley_hancock,John Langley Hancock,约翰·兰利·汉考克,Male,1976.0,Australia,Metals & Mining,Hancock Prospecting,UK-London,2026
john_leigh,John Leigh,利约翰,Male,,Hong Kong,Energy,CLP,China-Hong Kong,2026
john_liew,John Liew,约翰·刘,Male,,United States,Financial Services,AQR Capital,USA-Greenwich,2026
john_lim,John Lim,John Lim,Male,1957.0,Singapore,Financial Services,Investments,Singapore-Singapore,2026
john_macmillan,John Macmillan,约翰·麦克米兰,Male,,United States,Agriculture,Cargill,USA-Plymouth,2026
john_magnier,John Magnier,约翰·马格尼尔,Male,,Ireland,Healthcare,Barchester Healthcare,Ireland-Fethard,2026
john_malone,John Malone,约翰·马龙,Male,1941.0,United States,Media & Entertainment,Liberty Media,USA-Elizabeth,2026
john_mars,John Mars,约翰·马尔斯,Male,1935.0,United States,Food & Beverages,Mars,USA-Jackson,2026
john_martin,John Martin,约翰·马丁,Male,,United States,Pharmaceuticals,Gilead Sciences,,2021
john_mcconnell,John McConnell,John McConnell,Male,1953.0,United States,Metals & Mining,Worthington Industries,USA-Delaware,2024
john_menard_jr,John Menard Jr,小约翰·梅纳德,Male,1940.0,United States,Retail,Menards,USA-Eau Claire,2026
john_middleton,John Middleton,约翰·米德尔顿,Male,,United States,Media & Entertainment,Philadelphia Phillies,USA-Bryn Mawr,2026
john_morgan,John Morgan,John Morgan,Male,1956.0,United States,Services,Morgan & Morgan,USA-Lake Mary,2026
john_morgridge,John Morgridge,约翰·莫里奇,Male,1933.0,United States,Software & Services,Cisco,USA-Portola Valley,2026
john_overdeck,John Overdeck,约翰·奥德克,Male,,United States,Financial Services,Two Sigma Investments,USA-Millburn,2026
john_oyler,John Oyler,John Oyler,Male,1968.0,United States,Healthcare,BeiGene,USA-Nevada,2024
john_p_mcconnell,John P McConnell,John P McConnell,Male,1953.0,United States,Metals & Mining,Worthington,USA-Delaware,2026
john_paul_dejoria,John Paul Dejoria,约翰·保罗·德乔里亚,Male,1944.0,United States,Consumer Goods,Paul Mitchell,USA-Austin,2026
john_paulson,John Paulson,约翰·保尔森,Male,1955.0,United States,Financial Services,Paulson & Co,USA-New York,2026
john_phillips,John Phillips,John Phillips,Male,,Canada,Software & Services,Shopify,Canada-Toronto,2026
john_pritzker,John Pritzker,约翰·普里兹克,Male,,United States,Hospitality,Hyatt,USA-San Francisco,2026
john_reece,John Reece,约翰·里斯,Male,,Switzerland,Chemicals,Ineos,UK-London,2026
john_riccitiello,John Riccitiello,John Riccitiello,Male,1959.0,United States,Gaming,Unity Software,USA-Erie,2022
john_sall,John Sall,约翰·萨尔,Male,,United States,Software & Services,SAS Institute,USA-Cary,2026
john_shaw,John Shaw,John Shaw,Male,1950.0,United Kingdom,Pharmaceuticals,Biocon,,2020
john_stanton,John Stanton,John Stanton,Male,1955.0,United States,Telecommunications,Western Wireless,USA-Bellevue,2026
john_tu,John Tu,杜纪川,Male,1953.0,United States,Semiconductors,Kingston Technology,USA-Rolling Hills,2026
john_tyson,John Tyson,约翰·泰森,Male,1953.0,United States,Food & Beverages,Tyson Foods,USA-Springdale,2026
john_v_oyler,John V. Oyler,欧雷强,Male,1968.0,China,Healthcare,BeiGene,China-Beijing,2026
john_van_lieshout,John Van Lieshout,约翰·范·利肖特,Male,,Australia,Consumer Goods,Super Amart Furniture,Australia-Brisbane,2026
john_whittaker,John Whittaker,约翰·惠特克,Male,,United Kingdom,Real Estate,The Peel Group,UK-Isle of Man,2026
john_wilson,John Wilson,John Wilson,Male,1937.0,Australia,Retail,Reece,Australia-Melbourne,2026
johnathan_oringer,Johnathan Oringer,Johnathan Oringer,Male,1975.0,United States,Media & Entertainment,Shutterstock,USA-Miami Beach,2023
johnelle_hunt,Johnelle Hunt,约翰内尔·亨特,Female,,United States,Transportation & Logistics,J.B. Hunt,USA-Fayetteville,2026
johnny_boufarhat,Johnny Boufarhat,Johnny Boufarhat,Male,1994.0,United Kingdom,Software & Services,Hopin,UK-London,2023
johnny_ho,Johnny Ho,Johnny Ho,Male,1899.0,United States,Artificial Intelligence,Perplexity,USA-New York,2026
johnson_ko,Johnson Ko,,,,,Financial Services,Yfcapita,,2017
johnson_ko_chun_shun,Johnson Ko Chun-shun,高振顺,Male,,Hong Kong,Financial Services,Yfcapita,Hong Kong-Hong Kong,2020
jon_hunt,Jon Hunt,Jon Hunt,Male,1954.0,United Kingdom,Real Estate,Foxtons,UK-London,2026
jon_huntsman,Jon Huntsman & family,,,,,Chemicals & Petrochemicals,Huntsman corporation,,2017
jon_ramon_aboitiz,Jon Ramon Aboitiz & Family,,,,,Energy,Aboitiz Equity Ventures,,2018
jon_stryker,Jon Stryker,乔恩·史崔克,Male,,United States,Healthcare,Stryker,USA-Kalamazoo,2026
jon_yarbrough,Jon Yarbrough,乔恩·雅布鲁,Male,,United States,Media & Entertainment,Video Gaming Technologies,USA-Franklin,2026
jonas_kamprad,Jonas Kamprad,乔纳斯·坎普拉德,Male,,United Kingdom,Real Estate,Ikano,UK-London,2026
jonathan_andic,Jonathan Andic,Jonathan Andic,,,,Consumer Goods,Mango,Spain-Barcelona,2026
jonathan_burrell,Jonathan Burrell,Jonathan Burrell,Male,,United States,Consumer Goods,Garmin,USA-Spring Hill,2026
jonathan_c_burrell,Jonathan C Burrell,乔纳森·伯瑞尔,Male,,United States,Technology,Garmin,,2020
jonathan_gray,Jonathan Gray,约翰娜·格雷,Male,1970.0,United States,Financial Services,Blackstone Group,USA-Manhattan,2026
jonathan_grimm,Jonathan Grimm,Jonathan Grimm,Male,1983.0,United States,Financial Services,Toast,USA-Boston,2026
jonathan_harmsworth,Jonathan Harmsworth,Jonathan Harmsworth,Male,1968.0,United Kingdom,Media & Entertainment,Daily Mail,UK-London,2026
jonathan_nelson,Jonathan Nelson,乔纳森·尼尔森,Male,,United States,Financial Services,Providence Equity Partners,USA-Providence,2026
jonathan_tisch,Jonathan Tisch,Jonathan Tisch,,,,Financial Services,Loews,USA-New York,2026
jonney_shih,Jonney Shih,施崇棠,Male,1952.0,Taiwan,Consumer Goods,Asustek,China-Taipei,2026
jony_ive,Jony Ive,Jony Ive,Male,1967.0,United States,Artificial Intelligence,OpenAI,USA-San Francisco,2026
joop_van_den_ende,Joop Van Den Ende,乔普·范·登·恩德,Male,1905.0,Netherlands,Media & Entertainment,Stage Entertainment,Netherlands-Baarn,2026
jordi_rubiralta,Jordi Rubiralta,Jordi Rubiralta,Male,1973.0,Spain,Healthcare,Werfen,Spain-Barcelona,2026
jorg_bucherer,Jorg Bucherer,乔格·布彻勒,Male,,Switzerland,Retail,Bucherer,Switzerland-Lucerne,2023
jorg_duschmale,Jorg Duschmale,豪尔赫·杜什马勒,Male,,Switzerland,Pharmaceuticals,Roche,,2021
jorg_uwe_goldbeck,Jörg-Uwe Goldbeck,Jörg-Uwe Goldbeck,Male,1967.0,Germany,Construction & Engineering,Goldbeck,Germany-Bielefeld,2026
jorge_feffer,Jorge Feffer,豪尔赫·费弗,Male,,Brazil,Paper & Forest Products,Suzano,Brazil-Sao Paulo,2026
jorge_gallardo_ballart,Jorge Gallardo Ballart,Jorge Gallardo Ballart,Male,1942.0,Spain,Pharmaceuticals,Almirall,Spain-Barcelona,2022
jorge_gerdau,Jorge Gerdau,豪尔赫·格道,Male,,Brazil,Metals & Mining,Metalurgica Gerdau,,2021
jorge_horacio_brito,Jorge Horacio Brito,豪尔赫·霍拉西奥·布里托,Male,,Mexico,Banking,Banco Macro,,2020
jorge_mas,Jorge Mas,Jorge Mas,Male,1962.0,United States,Construction & Engineering,MasTec,USA-Miami,2026
jorge_moll_filho,Jorge Moll Filho,豪尔赫·摩尔·菲略,Male,,Brazil,Healthcare,Rede D'or,Brazil-Rio de Janeiro,2026
jorge_paulo_lemann,Jorge Paulo Lemann,豪尔赫·保罗·雷曼,Male,,Switzerland,Investments,3G Capital,Switzerland-Zurich,2026
jorge_perez,Jorge Perez,豪尔赫·佩雷斯,Male,1933.0,United States,Real Estate,Related Group of Florida,USA-Miami,2026
jorge_pinheiro_koren_de_lima,Jorge Pinheiro Koren de Lima,Jorge Pinheiro Koren de Lima,Male,1973.0,Brazil,Healthcare,Hapvida,,2021
jorge_rodriguez,Jorge Rodriguez,Jorge Rodriguez,Male,1945.0,Peru,Consumer Goods,Gloria,Peru-Lima,2026
jorge_yarur_rey,Jorge Yarur Rey,豪尔赫·亚鲁·雷伊,Male,,Chile,Banking,BCI Bank,,2019
jorgen_mads_clausen,Jorgen Mads Clausen,Jorgen Mads Clausen,Male,1949.0,Denmark,Industrial Products,Danfoss,Denmark-Nordborg,2026
jorn_rausing,Jorn Rausing,乔恩·劳辛,Male,1960.0,United Kingdom,Containers & Packaging,Tetra Pak,UK-Surrey,2026
jos_alukkas,Jos Alukkas,Jos Alukkas,Male,1973.0,India,Consumer Goods,Jos Alukkas India,India-Thrissur,2026
jose_calderon_rojas,Jose Calderon Rojas,何塞·卡德隆·罗哈斯,Female,,Mexico,Food & Beverages,FEMSA,,2019
jose_coppel,José Coppel,José Coppel,,,,Retail,Grupo Coppel,Mexico-Culiacan,2026
jose_e_feliciano,Jose E. Feliciano,Jose E. Feliciano,Male,,United States,Financial Services,Clearlake Capital,USA-Santa Monica,2026
jose_ermirio_de_moraes_neto,Jose Ermirio de Moraes Neto,Jose Ermirio de Moraes Neto,Male,1952.0,Brazil,Investments,Grupo Votorantim,Brazil-Sao Paulo,2026
jose_francisco_jose_calderon_rojas,Jose & Francisco Jose Calderon Rojas,何塞与弗朗西斯科,Male,1955.0,Mexico,Food & Beverages,FEMSA,,2021
jose_isaac_peres,Jose Isaac Peres,何塞·艾萨克·佩雷斯,Male,,Brazil,Real Estate,Multiplan Empreendimentos ImobiliÃ¡rios,Brazil-Rio de Janeiro,2026
jose_issac_peres,Jose Issac Peres,Jose Issac Peres,Male,,Brazil,Real Estate,Multiplan,Brazil-Rio de Janeiro,2024
jose_joao_abdalla_filho,Jose Joao Abdalla Filho,Jose Joao Abdalla Filho,Male,1946.0,Brazil,Energy,Banco Classico,Brazil-Rio de Janeiro,2026
jose_llado_fernandez_urrutia,Jose Llado Fernandez Urrutia,,,,,Manufacturing,Tecnicas Reunidas,,2018
jose_luis_cutrale,Jose Luis Cutrale,Jose Luis Cutrale,Male,1947.0,Brazil,Food Processing,Cutrale,Brazil-Sao Paulo,2022
jose_luis_del_rio_goudie,Jose Luis Del Rio Goudie,何塞·路易斯·德尔·里约·古迪,Female,,Chile,Retail,SACI Falabella,Chile-Santiago,2026
jose_luis_rubiralta,Jose Luis Rubiralta,Jose Luis Rubiralta,Male,1974.0,Spain,Healthcare,Werfen,Spain-Barcelona,2026
jose_maria_aristrain,Jose Maria Aristrain,Jose Maria Aristrain,Male,,Switzerland,Investments,Investments,Switzerland-Gstaad,2026
jose_mendes_nogueira,Jose Mendes Nogueira & family,,,,,Iron ore mining,J Mendes,,2017
jose_neves,José Neves,José Neves,Male,1975.0,United Kingdom,E-Commerce,Farfetch,UK-London,2022
jose_roberto_ermirio_de_moraes,Jose Roberto Ermirio de Moraes,Jose Roberto Ermirio de Moraes,Male,1957.0,Brazil,Investments,Grupo Votorantim,Brazil-Sao Paulo,2026
jose_roberto_marinho,Jose Roberto Marinho,何塞·罗伯托·马里尼奥,Male,,Brazil,Media & Entertainment,Grupo Globo,Brazil-Rio de Janeiro,2026
jose_said_saffie,Jose Said Saffie ,,Male,1931.0,,/,Parque Arauco,,2015
josef_boquoi,Josef Boquoi,约瑟夫·博奎,Male,,Germany,Food & Beverages,Bofrost,Germany-Straelen,2026
joseph_edelman,Joseph Edelman,Joseph Edelman,Male,1955.0,United States,Investments,Perceptive Advisors,USA-New York,2026
joseph_grendys,Joseph Grendys,约瑟夫·格兰迪斯,Male,,United States,Food & Beverages,Koch Foods,USA-Chicago,2026
joseph_lau,Joseph Lau,,,,,Real Estate、Art Collection,Chinese Estates,,2017
joseph_lau_luen_hung,Joseph Lau Luen Hung,刘銮雄,Male,,Hong Kong,Real Estate,Chinese Estates,China-Hong Kong,2026
joseph_nahmad,Joseph Nahmad,Joseph Nahmad,Male,1989.0,Monaco,Investments,Art Collector,Monaco-Monte Carlo,2026
joseph_safra,Joseph Safra,约瑟夫·萨夫拉,Male,,Brazil,Banking,Safra,,2020
joseph_steinberg,Joseph Steinberg,Joseph Steinberg,Male,1943.0,United States,Financial Services,Jefferies Financial Group,USA-New York,2026
joseph_tsai_chung_hsin,Joseph Tsai Chung-Hsin,蔡崇信,Male,,Hong Kong,Retail,Alibaba,USA-New York,2026
joseph_y_bae,Joseph Y Bae,Joseph Y Bae,Male,1972.0,United States,Financial Services,KKR,USA-New York,2026
josephine_louis,Josephine Louis,约瑟芬·路易斯,Female,,United States,Consumer Goods,S.C. Johnson,USA-Winnetka,2026
josh_kushner,Josh Kushner,Josh Kushner,Male,1985.0,United States,Financial Services,Thrive Capital,USA-New York,2026
joshua_harris,Joshua Harris,约书亚·哈里斯,Male,,United States,Financial Services,Apollo Global Management,USA-Miami,2026
jost_hellmann,Jost Hellmann,乔斯特·赫尔曼,Male,,Germany,Transportation & Logistics,Hellmann Worldwide Logistics,Germany-Hamburg,2023
joy_alukkas,Joy Alukkas,乔·阿卢卡斯,Male,,India,Consumer Goods,Joy Alukkas,India-Thrissur,2026
jr_andre_bombardier,Jr Andre Bombardier & Family,,,,,Manufacturing,Bombardier,,2018
jr_shaw,Jr Shaw & Family,,,,,Media,Corus Entertainment,,2018
juan_abello,Juan Abello,胡安·阿贝罗,Male,1941.0,Spain,Investments,Sacyr,Spain-Madrid,2026
juan_carlos_cortes_solari,Juan Carlos Cortés Solari,,,,,Retail,SACI Falabella,,2018
juan_carlos_escotet,Juan Carlos Escotet,胡安·卡洛斯·埃斯科特,Male,,Venezuela,Financial Services,Banesco,Spain-La Coruna,2026
juan_carlos_yarur,Juan Carlos Yarur,胡安·卡洛斯·亚鲁,Male,,Chile,Banking,BCI Bank,,2019
juan_coneo_solari,Juan Coneo Solari & Family,,,,,Multi Brand Retailing,SACI Falabella,,2018
juan_cuneo_solari,Juan Cuneo Solari,胡安·科尼奥·索拉里,Male,,Chile,Retail,SACI Falabella,Chile-Santiago Metropolitan Region,2026
juan_domingo_beckmann,Juan Domingo Beckmann,胡安·多明戈·贝克曼,Male,,Mexico,Beverages,Becle Sab,,2020
juan_domingo_beckmann_legorreta,Juan Domingo Beckmann Legorreta,Juan Domingo Beckmann Legorreta,Male,1967.0,Mexico,Food & Beverages,Becle,Mexico-Mexico city,2026
juan_francisco_beckmann_vidal,Juan Francisco Beckmann Vidal,胡安·弗朗西斯科·贝克曼·维达尔,Male,,Mexico,Food & Beverages,Becle SAB,Mexico-Mexico City,2026
juan_march_delgado,Juan March Delgado,Juan March Delgado,Male,1940.0,Spain,Financial Services,Banca March,Spain-Palma de Mallorca,2026
juan_maria_riberas_mera,Juan Maria Riberas Mera,Juan Maria Riberas Mera,Male,1969.0,Spain,Automobile & Auto Components,Gestamp Automocion,Spain-Madrid,2026
juan_miguel_villar_mir,Juan-Miguel Villar Mir,胡安·米格尔·维拉尔·米尔,Male,,Spain,Chemicals,Grupo Villar Mir,Spain,2025
juan_roig,Juan Roig,胡安·罗格,Male,1949.0,Spain,Retail,Mercadona,Spain-Valencia,2026
jude_reyes,Jude Reyes,裘德·雷耶斯,Male,,United States,Food & Beverages,Reyes,USA-Kenilworth,2026
judith_neilson,Judith Neilson,Judith Neilson,Female,1947.0,Australia,Investments,Platinum Asset Management,,2020
judy_faulkner,Judy Faulkner,朱迪·福克纳,Female,,United States,Software & Services,Epic Systems,USA-Madison,2026
judy_irving,Judy Irving,Judy Irving,,,,Paper & Forest Products,J.D. Irving,Canada-Saint John,2026
judy_love,Judy Love,朱迪·洛夫,Female,,,Retail,Love's Travel Stops & Country Stores,USA-Oklahoma City,2024
jugal_kishore_baid,Jugal Kishore Baid,Jugal Kishore Baid,,,,Healthcare,Poly Medicure,India,2025
julia_koch,Julia Koch,茱莉娅·科赫,Female,1963.0,United States,Energy,Koch Industries,USA-New York,2026
julia_oetker,Julia Oetker,朱莉娅·欧特克,Female,,Germany,Food & Beverages,Dr. Oetker,Germany-Bielefeld,2026
julia_thiele_schuerhoff,Julia Thiele-Schuerhoff,Julia Thiele-Schuerhoff,Female,1971.0,Germany,Automobile & Auto Components,Knorr-Bremse,Germany-Munich,2026
julian_baker,Julian Baker,Julian Baker,Male,,United States,Investments,Baker Brothers Advisors,USA-New York,2026
julian_robertson_jr,Julian Robertson Jr,小朱利安·罗伯逊,Male,,United States,Investment Management,Tiger Management,USA-New York,2022
julio_bozano,Julio Bozano,朱利奥·博萨诺,Male,1936.0,Brazil,Investments,Bozano Investimentos,Brazil-Rio de Janeiro,2026
julio_mario_santo_domingo_iii,Julio Mario Santo Domingo III,朱利奥·马里奥·桑托·多明戈,Male,,United States,Food & Beverages,SABMiller,USA-New York,2026
julio_ponce_lerou,Julio Ponce Lerou,Julio Ponce Lerou,Male,1946.0,Chile,Chemicals,SQM,Chile-Santiago,2026
jun_hyuk_bang,Jun Hyuk Bang,方俊赫,Male,1968.0,South Korea,Media & Entertainment,Netmarble,South Korea,2025
jun_rao,Jun Rao,Jun Rao,Male,,United States,Cloud Solutions,Confluent ,USA-Palo Alto,2022
june_ou,June Ou,June Ou,Female,1899.0,United States,Financial Services,Figure technology Solutions,USA-San Francisco,2026
junro_ito,Junro Ito,Junro Ito,,,,Retail,Seven & I,Japan-Tokyo,2026
jurgen_bickle,Jurgen Bickle,,,,,Manufacturing,SEW Eurodrive,,2018
jurgen_blickle,Jurgen Blickle,于尔根·比克尔,Male,,Germany,Industrial Products,Sew Eurodrive,Germany-Bruchsal,2026
jurgen_wirtgen,Jurgen Wirtgen,Jurgen Wirtgen,Male,,Germany,Industrial Products,Wirtgen Group,Germany-Neustadt,2026
justin_ishbia,Justin Ishbia,Justin Ishbia,Male,1977.0,United States,Financial Services,UWM,USA-Chicago,2026
justin_rosenstein,Justin Rosenstein,Justin Rosenstein,Male,1983.0,United States,Productivity software ,Asana,USA-San Francisco,2022
justin_sun,Justin Sun,孙宇晨,,1990.0,,Blockchain,TRON,Singapore-Singapore,2026
k_k_kumar,K K Kumar,,,,,FMCG,Shakti Bhog Foods,,2018
k_rai_sahi,K. Rai Sahi,K. Rai Sahi,Male,1946.0,Canada,Real Estate,Morguard Corporation,Canada-Mississauga,2026
k_satish_reddy,K Satish Reddy,萨蒂什·雷迪,Male,,India,Healthcare,Dr. Reddy's Laboratories,India-Hyderabad,2026
k_w_chang,K.W. Chang,张国炜,Male,,Taiwan,Aerospace & Defence,Starlux Airlines,China-Taipei,2026
kabir_mulchandani,Kabir Mulchandani,Kabir Mulchandani,,,,Hospitality,FIVE Holdings,UAE-Dubai,2026
kagemasa_kozuki,Kagemasa Kozuki,上月景正,Male,,Japan,Media & Entertainment,Konami,Japan-Tokyo,2026
kailashchandra_nuwal,Kailashchandra Nuwal,卡拉什尚德拉·努瓦尔,Male,,India,Chemicals,Solar Industries India,India-Bhilwara,2026
kalanithi_maran,Kalanithi Maran,卡拉尼西·马兰,Male,1964.0,India,Media & Entertainment,Sun TV Network,India-Chennai,2026
kalen_jackson,Kalen Jackson,Kalen Jackson,Female,1987.0,United States,Media & Entertainment,Indiana Colts,USA-Indianapolis,2026
kalpana_apurva_parekh,Kalpana Apurva Parekh,Kalpana Apurva Parekh,Female,1953.0,India,Chemicals,Pidilite Industries,India-Mumbai,2026
kamal_ghaffarian,Kamal Ghaffarian,Kamal Ghaffarian,Male,,United States,Aerospace & Defence,Intuitive Machines,USA-Naples,2026
kamil_yazici,Kamil Yazici,卡米尔·亚齐奇,Male,1929.0,Turkey,Food & Beverages,Anadolu,,2019
kang_jingwei,Kang Jingwei,,,,,E-commerce,Cogobuy,,2017
kang_qiao,Kang Qiao,,,,,"Medical e-commerce, digital entertainment, high tech chemical fiber ",Searainbow,,2018
kang_yonglai,Kang Yonglai,康永来,,,,Aerospace & Defence,Space Pioneer,China-Suzhou,2026
kanye_west,Kanye West,Kanye West,Male,1977.0,United States,Consumer Goods,Yeezy,USA-Los Angeles,2023
kapil_bhatia,Kapil Bhatia,卡皮尔·巴蒂亚,Male,,India,Aerospace & Defence,InterGlobe Aviation,India-New Delhi,2026
karel_komarek,Karel Komarek,卡雷尔·科马雷克,Male,1932.0,Czech Republic,Media & Entertainment,Allwyn,Switzerland-Verbier,2026
karel_van_eerd,Karel Van Eerd,查尔斯·范·埃德,Male,,Netherlands,Multi-Brand Retail,Jumbo ,Netherlands-Veghel,2022
karen_pritzker,Karen Pritzker,凯伦·普利兹克,Female,,United States,Hospitality,Hyatt,USA-Chicago,2026
karen_virginia_beckmann_legorretta,Karen Virginia Beckmann Legorretta,Karen Virginia Beckmann Legorretta,Female,1971.0,United States,Food & Beverages,Becle,Mexico-Mexico City,2026
karim_atiyeh,Karim Atiyeh,Karim Atiyeh,Male,1989.0,United States,Financial Services,Ramp,USA-Miami,2026
karin_buhler,Karin Bühler,Karin Bühler,Female,1979.0,Switzerland,Industrial Products,Bühler,Switzerland-Uzwil,2026
karin_sartorius_herbst,Karin Sartorius-Herbst,Karin Sartorius-Herbst,Female,,Germany,Healthcare,Sartorius,Germany-Northeim,2026
karin_schick,Karin Schick,Karin Schick,Female,,Germany,Software & Services,Bechtle,Germany-Gaildorf,2026
karl_albrecht,Karl Albrecht ,,Male,1921.0,,Multi Brand Retailing,Aldi Sud,,2016
karl_albrecht_jr,Karl Albrecht Jr,卡尔·阿尔布雷希特,Male,,Germany,Retail,Aldi Sued,Germany-Muelheim,2026
karl_friedrich_braun,Karl Friedrich Braun,卡尔·弗里德里希·布劳恩,Male,,Germany,Healthcare,B. Braun,Germany-Melsungen,2026
karl_heinz_kipp,Karl-Heinz Kipp,,,,,Hospitality,Hotel Eden Roc,,2017
karl_johan_persson,Karl-Johan Persson,卡尔·约翰·佩尔森,Male,,Sweden,Apparel & Accessories,H&M,,2021
karl_scheufele,Karl Scheufele,卡尔·舍费尔,Male,1958.0,Switzerland,Consumer Goods,Chopard,Switzerland-Geneva,2026
karsanbhai_patel,Karsanbhai Patel,卡珊·帕特尔,Male,,India,Consumer Goods,Nirma,India-Ahmedabad,2026
karthik_sarma,Karthik Sarma,Karthik Sarma,Male,1974.0,United States,Software & Services,SRS,USA-New York,2026
katarina_martinson,Katarina Martinson,卡塔琳娜·马丁森,Male,,Sweden,Investments,LE Lundbergforetagen,Sweden-Stockholm,2026
katharina_andresen,Katharina Andresen,Katharina Andresen,Female,1995.0,Norway,Investments,Ferd,Norway-Oslo,2026
katharina_otto_bernstein,Katharina Otto-Bernstein,Katharina Otto-Bernstein,Female,1964.0,United States,Retail,Otto,USA-New York,2026
katharina_von_baumbach,Katharina von Baumbach,Katharina von Baumbach,Female,1999.0,Germany,Healthcare,Boehringer Ingelheim,Germany-Ingelheim,2026
katharine_rayner,Katharine Rayner,凯瑟琳·雷纳,Female,,United States,Media & Entertainment,Cox Enterprises,USA-New York,2026
katherina_andresen,Katherina Andresen,凯瑟琳娜·安德烈森,Female,,Netherlands,Asset Management,Ferd,,2021
katherine_tanner,Katherine Tanner,凯瑟琳·坦纳,Female,,United States,Agriculture,Cargill,USA-Marathon,2023
kathleen_m_dolan,Kathleen M. Dolan,Kathleen M. Dolan,,,,Media & Entertainment,The Madison Square Garden Company,USA-New York,2026
katrin_haub,Katrin Haub,Katrin Haub,Female,1963.0,Germany,Retail,Tengelmann,Germany-Mulheim an der Ruhr,2026
katrina_lake,Katrina Lake,Katrina Lake,Female,1983.0,United States,E-Commerce,Stitch Fix,,2021
katsuhiro_kinoshita,Katsuhiro Kinoshita,Katsuhiro Kinoshita,Male,,Japan,Banking,Acom,,2021
katsuhito_yamauchi,Katsuhito Yamauchi,,,,,Entertainment,Nintendo,,2017
katsumi_tada,Katsumi Tada,多田胜美,Male,,Japan,Real Estate,Daito Trust Construction,Japan-Tokyo,2026
kavita_yadupati_singhania,Kavita Yadupati Singhania,Kavita Yadupati Singhania,Female,1961.0,India,Cement,JK Cement,India-Chennai,2022
kavitark_ram_shriram,Kavitark Ram Shriram,卡维塔克·拉姆·斯里拉姆,Male,,United States,Media & Entertainment,Alphabet,USA-Menlo Park,2026
kazumi_yanai,Kazumi Yanai,矢井一澄,Male,1974.0,Japan,Retail,Fast Retailing,Japan-Yamaguchi,2024
kazuo_inamori,Kazuo Inamori & Family,,,,,Electronics,Kyocera,,2018
kazuo_okada,Kazuo Okada,冈田和夫,Male,,Hong Kong,Media & Entertainment,Universal Entertainment,Japan-Tokyo,2024
kazutoshi_kobayashi,Kazutoshi Kobayashi,小林一俊,Male,,Japan,Personal Care,KOSE ,,2021
ke_binghua,Ke Binghua,柯炳华,Male,1969.0,,Auto Components,Keboda,China-Shanghai,2022
ke_guihua,Ke Guihua,柯桂华,Male,1965.0,China,Automobile & Auto Components,Keboda,China-Shanghai,2026
ke_jiandong,Ke Jiandong,柯建东,Male,1970.0,China,Industrial Products,Keli Sensing Technology,China-Ningbo,2026
ke_jiansheng,Ke Jiansheng,柯健生,Male,1964.0,China,Furnishing,Sogal,Guangdong-Guangzhou,2021
ke_jinlong,Ke Jinlong,柯金龙,Male,1970.0,China,Healthcare,Dashenlin,China-Guangdong-Guangzhou,2024
ke_kangbao,Ke Kangbao,柯康保,Male,1963.0,China,Healthcare,Dashenlin,China-Guangdong-Guangzhou,2024
ke_lei,Ke Lei,柯磊,Male,1985.0,,Auto Components,Keboda,China-Shanghai,2022
ke_liming,Ke Liming,柯利明,,,,Media & Entertainment,China Ruyi,China-Beijing,2026
ke_xiping,Ke Xiping,柯希平,Male,1960.0,China,Investments,Hengxing,China-Xiamen,2026
ke_yunfeng,Ke Yunfeng,柯云峰,Male,1967.0,China,Healthcare,Dashenlin,China-Guangdong-Guangzhou,2024
ke_zunhong,Ke Zunhong,柯尊洪,Male,1954.0,China,Healthcare,Kanghong Pharmaceuticals,China-Chengdu,2026
keeree_kanjanapa,Keeree Kanjanapa,,,,,Logistics,BTS Skytrain,,2018
keeree_kanjanapas,Keeree Kanjanapas,任何坎贾纳帕,Male,,Thailand,Transportation & Logistics,BTS Skytrain,Thailand,2025
keichiro_takahara,Keichiro Takahara & Family,,,,,Cosmetics,Unicharm,,2018
keiichi_shibahara,Keiichi Shibahara,Keiichi Shibahara,Male,1964.0,Japan,Healthcare,Amvis Holdings,Japan-Tokyo,2024
keiko_erikawa,Keiko Erikawa,Keiko Erikawa,,,,Software & Services,Koei,Japan-Yokohama City,2026
keith_dunleavy,Keith Dunleavy,Keith Dunleavy,Male,1969.0,United States,Healthcare,Inovalon,USA-Annapolis,2026
keki_hormusji_gharda,Keki Hormusji Gharda,Keki Hormusji Gharda,Male,,India,Agro-chemicals,Gharda Chemicals,India-Mumbai,2024
kelcy_warren,Kelcy Warren,凯尔西·沃伦,Male,,United States,Energy,Energy Transfer,USA-Dallas,2026
ken_chu,Ken Chu,朱鼎健,Male,1974.0,China,Real Estate,Mission Hills,China-Hong Kong,2026
ken_fisher,Ken Fisher,肯·费舍尔,Male,1950.0,United States,Financial Services,Fisher Investments,USA-Dallas,2026
ken_griffin,Ken Griffin,肯·格里芬,Male,1968.0,United States,Financial Services,Citadel,USA-Miami,2026
ken_grossman,Ken Grossman,肯·格罗斯曼,Male,,United States,Alcohol,Sierra Nevada Brewing,USA-Chico,2022
ken_kendrick,Ken Kendrick,Ken Kendrick,Male,1944.0,United States,Media & Entertainment,Arizona Diamondbacks,USA-Paradise Valley,2026
ken_xie,Ken Xie,谢青,Male,,United States,Software & Services,Fortinet,USA-San Francisco,2026
kenji_kasahara,Kenji Kasahara,笠原健治,Male,,Japan,Media & Entertainment,Mixi,Japan-Tokyo,2026
kenneth_c_rowe,Kenneth C Rowe,肯尼斯·罗,Male,1905.0,Canada,Aerospace & Defence,IMP Group International,Canada-Toronto,2026
kenneth_dart,Kenneth Dart,Kenneth Dart,Male,1955.0,Cayman Islands,Consumer Goods,Dart Enterprises,UK-George Town,2026
kenneth_feld,Kenneth Feld,肯尼斯·费尔德,Male,,United States,Media & Entertainment,Feld Entertainment,USA-Sarasota,2026
kenneth_hao,Kenneth Hao,Kenneth Hao,,,,Financial Services,Silver Lake,USA-Hillsborough,2026
kenneth_irving,Kenneth Irving,Kenneth Irving,,,,Energy,Irving Oil,Canada-New Brunswick,2026
kenneth_kt_yen,Kenneth Kt Yen & Family ,,,,,Automobile,Yulon,,2018
kenneth_langone,Kenneth Langone,肯尼斯·兰格内,Male,1935.0,United States,Retail,Home Depot,USA-New York,2026
kenneth_lo,Kenneth Lo,罗乐风,Male,,United Kingdom,Consumer Goods,Crystal,China-Hong Kong,2026
kenneth_tuchman,Kenneth Tuchman,肯尼斯·图赫曼,Male,,United States,Software & Services,TeleTech,USA-Denver,2024
kenny_park,Kenny Park,Kenny Park,Male,1956.0,South Korea,Manufacturing,Simone Accessory,,2020
kenny_troutt,Kenny Troutt,肯尼·特劳特,Male,,United States,Telecommunications,Excel Communications,USA-Dallas,2026
kentaro_ogawa,Kentaro Ogawa,小川健太郎,Male,1948.0,Japan,Food & Beverages,Zensho,Japan-Tokyo,2026
kenzo_tsujimoto,Kenzo Tsujimoto,Kenzo Tsujimoto,Male,,Japan,Media & Entertainment,Capcom,Japan-Osaka,2026
kerr_neilson,Kerr Neilson,Kerr Neilson,Male,1950.0,Australia,Investment Management,Platinum Asset Management,Australia-Sydney,2022
kerry_stokes,Kerry Stokes,凯里·斯托克斯,Male,1940.0,Australia,Industrial Products,Seven Group Holdings,Australia-Perth,2026
keshub_mahindra,Keshub Mahindra,,,,,Automobiles & Auto Components,Mahindra & Mahindra,,2018
kevin_david_lehmann,Kevin David Lehmann,Kevin David Lehmann,Male,,Germany,Retail,dm-drogerie markt,Germany-Karlsruhe,2026
kevin_glazer,Kevin Glazer,Kevin Glazer,Male,1967.0,United States,Media & Entertainment,Tampa Bay Buccaneers,USA-Palm Beach,2026
kevin_guo,Kevin Guo,Kevin Guo,Male,1994.0,China,Consumer Goods,Botanee,China-Yunnan-Kunming,2024
kevin_marchetti,Kevin Marchetti,Kevin Marchetti,Male,1977.0,United States,Transportation & Logistics,Lineage,USA-San Francisco,2026
kevin_plank,Kevin Plank,凯文·普兰克,Male,1972.0,United States,Consumer Goods,Under Armour,USA-Lutherville,2026
kevin_systrom,Kevin Systrom,凯文·西斯特罗姆,Male,,United States,Media & Entertainment,Instagram,USA-San Francisco,2026
khalaf_al_habtoor,Khalaf Al Habtoor,哈拉夫·哈卜图尔,Male,,United Arab Emirates,Construction,Al Habtoor ,,2021
khaleefa_butti_bin_omair_al_muhairi,Khaleefa Butti bin Omair Al-Muhairi,哈利法·布蒂·本·奥马尔·穆海里,Male,,United Arab Emirates,Healthcare,NMC Health,,2019
khalif_bin_zayed_an_nahyas,Khalif bin zayed an Nahyas ,,Male,1948.0,,/,SBK Holdings,,2016
khalifa_bin_zayed_al_nahyan,Khalifa Bin Zayed Al Nahyan & Family,,,,,Energy,SBK Holdings,,2018
khouw_lip_swan,Khouw Lip Swan,Khouw Lip Swan,Male,,Indonesia,Healthcare,Kalbe Farma,Indonesia-Jakarta,2024
ki_won_choi,Ki-Won Choi,崔基元,Female,,South Korea,Energy,SK ,,2021
kiat_chiaravanond,Kiat Chiaravanond,基亚·奇亚拉瓦农,Male,,Thailand,Conglomerate,CP Group,,2020
kie_chie_wong,Kie Chie Wong,Kie Chie Wong,,,,Metals & Mining,Fortescue Metals,Australia-Sydney,2026
kieu_hoang,Kieu Hoang,黄凯,Male,1944.0,China,Pharmaceuticals,RAAS,Shanghai-Shanghai,2020
kiki_barki,Kiki Barki,Kiki Barki,Male,1940.0,Indonesia,Energy,Harum Energy,Indonesia-Jakarta,2024
kim_beom_soo,Kim Beom-Soo,金范秀,Male,1966.0,South Korea,Software & Services,Daum Kakao,South Korea-Seoul,2026
kim_bum_soo,Kim Bum-Soo,,,,,Mobile application (Online services),Daum Kakao ,,2018
kim_chang_soo,Kim Chang-soo,Kim Chang-soo,Male,1962.0,South Korea,Consumer Goods,F&F,South Korea-Seoul,2024
kim_jae_young,Kim Jae Young,Kim Jae Young,Male,1973.0,South Korea,Media & Entertainment,Lionheart Studio,South Korea-Seoul,2026
kim_jun_ki,Kim Jun-ki,Kim Jun-ki,,,,Construction & Engineering,Dongbu Group,South Korea-Seoul,2026
kim_jung_ju,Kim Jung-Ju,金正柱,Male,1968.0,South Korea,Gaming,Nexon ,,2021
kim_jung_min,Kim Jung-min,Kim Jung-min,Female,2002.0,South Korea,Media & Entertainment,Nexon,South Korea-Jeju-do,2026
kim_jung_woong,Kim Jung-woong,Kim Jung-woong,Male,1976.0,South Korea,Consumer Goods,GP Club,South Korea-Seoul,2026
kim_jung_youn,Kim Jung-youn,Kim Jung-youn,Female,2003.0,South Korea,Media & Entertainment,Nexon,South Korea-Jeju-do,2026
kim_kardashian,Kim Kardashian,Kim Kardashian,Female,1980.0,United States,Consumer Goods,Skims,USA-Hidden Hills,2026
kim_nam_jung,Kim Nam-Jung,,,,,Marine Logistics,Dongwon Enterprise,,2017
kim_taek_jin,Kim Taek-Jin,金泽辰,Male,1967.0,South Korea,Software & Services,NCSoft,South Korea-Seoul,2026
kim_vyacheslav,Kim Vyacheslav,Kim Vyacheslav,Male,1970.0,Kazakhstan,Financial Services,Kaspi Bank,Kazakhstan-Almaty,2026
kiran_kumar,Kiran Kumar,基兰·库马尔,Male,,India,Consumer Goods,Lalithaa Jewellery,India-Chennai,2026
kiran_mazumdar_shaw,Kiran Mazumdar-Shaw,基兰·马祖玛·肖,Female,,India,Healthcare,Biocon,India-Bengaluru,2026
kiran_nadar,Kiran Nadar,基兰·纳达尔,Female,,India,Software & Services,HCL,,2019
kiril_domuschiev,Kiril Domuschiev,Kiril Domuschiev,Male,1970.0,Bulgaria,Healthcare,Advance Properties,UK-London,2026
kirill_shamalov,Kirill Shamalov,,,,,Petrochemicals ,Sibur,,2017
kirk_kristiansen,Kirk Kristiansen,Kirk Kristiansen,Male,1948.0,Denmark,Consumer Goods,Lego,Denmark-Billund,2026
kirsten_rausing,Kirsten Rausing,克尔斯滕·劳辛,Female,1952.0,United Kingdom,Containers & Packaging,Tetra Pak,UK-London,2026
kishin_rk,Kishin Rk,吉辛·RK,Male,,,Real Estate,RB Capital,Singapore-Singapore,2024
kishore_biyani,Kishore Biyani,基肖尔·比亚尼,Male,1961.0,India,Retail ,Future Group,Shanghai-Shanghai,2020
kishore_kumar_jain,Kishore Kumar Jain,基肖尔·库马尔·贾恩,Male,,India,Consumer Goods,Khazana Jewellery,India-Chennai,2026
kishore_r_chhabria,Kishore R. Chhabria,Kishore R. Chhabria,Male,1954.0,India,Food & Beverages,Allied Blenders & Distillers,India-Mumbai,2026
kjell_inge_rokke,Kjell Inge Rokke,凯尔·英格·洛克,Male,1958.0,Norway,Energy,Aker,Norway-Vettre,2026
klaus_hellmann,Klaus Hellmann,克劳斯·赫尔曼,Male,,Germany,Transportation & Logistics,Hellmann Worldwide Logistics,Germany-Osnabruck,2023
klaus_michael_kuehne,Klaus-Michael Kuehne,克劳斯-迈克尔·库恩,Male,1938.0,Switzerland,Transportation & Logistics,Kuehne & Nagel,Switzerland-Schindellegi,2026
klaus_michael_kuhne,Klaus Michael Kuhne,克劳斯·迈克尔·库恩,Male,1937.0,Switzerland,Shipping,Kuehne & Nagel ,,2019
klaus_peter_schulenberg,Klaus-Peter Schulenberg,克劳斯·彼得·舒伦伯格,Male,,Germany,Media & Entertainment,CTS Eventim,Germany-Bremen,2026
klemens_rethmann,Klemens Rethmann,克莱门斯·瑞斯曼,Male,,Germany,Services,Rethmann,Germany-Lünen,2026
kochouseph_chittilappilly,Kochouseph Chittilappilly,科乔塞夫·奇蒂拉皮利,Male,,India,Industrial Products,V-Guard Industries,India-Ernakulam,2026
kochouseph_chittilappilly_sheela_kochouseph,Kochouseph Chittilappilly & Sheela Kochouseph ,,,,,Capital Goods,V-Guard,,2018
koh_tuck_lye,Koh Tuck Lye,许达来,Male,1971.0,China,Consumer Goods,Xiaomi,China-Beijing,2026
koh_wee_meng,Koh Wee Meng,Koh Wee Meng,,,,Retail,Fragrance Group,Singapore-Singapore,2026
koji_yanai,Koji Yanai,柳井浩二,Male,,Japan,Retail,Fast Retailing,Japan-Yamaguchi,2024
kokuei_yuan,Kokuei Yuan,Kokuei Yuan,Male,1974.0,Hong Kong,Financial Services,Bullish,China-Hong Kong,2026
kommer_damen,Kommer Damen,,,,,Construction & Engineering,Damen Shipyards,,2018
kommer_damen_2,Kommer Damen,科默·达曼,Male,,Netherlands,Construction & Engineering,Damen Shipyards,Netherlands-Gorinchem,2026
kommer_damen_3,Kommer Damen,,,,,Logistics & Shipping,Damen Shipyards,,2017
kon_bon_joon,Kon Bon Joon,具光谟,Male,,South Korea,Consumer Goods,LG,South Korea-Seoul,2024
kong_jianmin,Kong Jianmin,孔健岷,Male,1969.0,China,Real Estate,KWG,China-Guangzhou,2023
kong_jinfeng,Kong Jinfeng,孔金凤,Female,1968.0,China,Industrial Products,Delijia,China-Wuxi,2026
kong_lingyong,Kong Lingyong,孔令涌,Male,1978.0,China,Specialty Chemicals,Dynanonic,China-Shenzhen,2022
kong_wei,Kong Wei,孔维,Male,1965.0,China,Healthcare,Bcht Biotechnology,China-Changchun,2023
konstantin_grigorishin,Konstantin Grigorishin,,,,,Engineering,Energy Standard,,2018
konstantin_nikolaev,Konstantin Nikolaev,Konstantin Nikolaev,Male,1972.0,Russia,Investments,Globaltrans,Russia-Moscow,2026
konstantin_strukov,Konstantin Strukov,Konstantin Strukov,Male,1959.0,Russia,Metals & Mining,Uzhuralzoloto,Russia-Chelyabinsk,2026
koo_bon_moo,Koo Bon Moo,,,,,Electronics,LG Electronics,,2018
koo_bon_sik,Koo Bon Sik,具本式,Male,,South Korea,Industrial Products,Heesung Electronics,South Korea-Seoul,2026
koo_hou_tien_i,Koo Hou Tien-I,辜侯天仪,Female,,Taiwan,Construction & Engineering,Taiwan Cement,China-Taipei,2023
koo_kwang_mo,Koo Kwang-mo,Koo Kwang-mo,Male,1977.0,South Korea,Consumer Goods,LG,South Korea-Seoul,2026
koo_lin_jui_hui,Koo Lin Jui-Hui,辜林瑞慧,Female,,Taiwan,Financial Services,CTBC,China-Taipei,2023
koon_poh_keong,Koon Poh Keong,Koon Poh Keong,Male,1962.0,Malaysia,Metals & Mining,Press Metal Aluminium Holdings,Malaysia-Petaling Jaya,2026
koon_poh_ming,Koon Poh Ming,Koon Poh Ming,Male,1956.0,Malaysia,Metals & Mining,Press Metal Aluminium Holdings,Malaysia-Selangor,2026
koos_bekker,Koos Bekker,库斯·贝克,Male,1952.0,South Africa,Media & Entertainment,Naspers,South Africa-Cape Town,2026
koos_van_oord,Koos Van Oord,乔·范·奥德,Male,,Netherlands,Construction,Van Oord,,2021
kostyantyn_zhevago,Kostyantyn Zhevago,克斯特安丁·哲瓦戈,Male,,Ukraine,Metals & Mining,Ferrexpo,Ukraine-Kiev,2026
kou_xiaokang,Kou Xiaokang,寇晓康,Male,1967.0,,Chemicals,Sunresin,China-Xi'an,2026
kris_gopalakrishnan,Kris Gopalakrishnan,,,,,Software & Services,Infosys,,2018
krishna_chivukula,Krishna Chivukula,Krishna Chivukula,Male,1947.0,India,Industrial Products,Indo-MIM,India-Bengaluru,2026
krishna_kumar_bangur,Krishna Kumar Bangur,克里希纳·库玛·班古尔,Male,1960.0,Singapore,Metals & Mining,Graphite India,Singapore-Singapore,2022
kristo_kaarmann,Kristo Käärmann,Kristo Käärmann,Male,1980.0,United Kingdom,Financial Services,Wise,UK-London,2026
krit_ratanarak,Krit Ratanarak,李智正,Male,1946.0,Thailand,Financial Services,Bank Of Ayudhya,Thailand-Bangkok,2026
kuan_kam_hon,Kuan Kam Hon,Kuon Kam Hon,Male,1948.0,Malaysia,Healthcare,Hartalega Holdings,Malaysia-Kuala Lumpur,2022
kuldeep_singh_rathee,Kuldeep Singh Rathee,库尔德·辛格·拉特,Male,,India,Automobile & Auto Components,ASK Automotive,India,2025
kuldip_r_sahi,Kuldip R Sahi,库尔迪普·萨希,Male,,Canada,Real Estate,Morguard Group,,2020
kuldip_singh_dhingra,Kuldip Singh Dhingra,科尔迪·辛格·辛格拉,Male,,India,Chemicals,Berger Paints,India-New Delhi,2026
kumar_mangalam_birla,Kumar Mangalam Birla,库玛·曼加拉姆·比拉,Male,1967.0,India,Construction & Engineering,Aditya Birla,India-Mumbai,2026
kumar_pritamdas_gera,Kumar Pritamdas Gera,Kumar Pritamdas Gera,,,,Real Estate,Gera Developments,India,2025
kunal_naresh_shah,Kunal Naresh Shah,Kunal Naresh Shah,Male,1979.0,India,Software & Services,CRED,India-Mumbai,2026
kuncoro_wibowo,Kuncoro Wibowo,昆科罗·维博沃,Male,,Indonesia,Machinery,Ace Hardware Indonesia,Indonesia-Jakarta,2022
kunio_busujima,Kunio Busujima,,,,,Entertainment,Sankyo,,2017
kuok_khoon_hong,Kuok Khoon Hong,郭孔丰,Male,,Singapore,Food & Beverages,Wilmar International,Singapore-Singapore,2026
kuon_kam_hon,Kuon Kam Hon,权锦汉,Male,,Malaysia,Manufacturing,Hartalega Holdings,,2019
kurt_krieger,Kurt Krieger,Kurt Krieger,Male,1949.0,Germany,Furnishing,Höffner,Germany-Berlin,2022
kushal_narendra_desai,Kushal Narendra Desai,Kushal Narendra Desai,,,,Chemicals,Apar Industries,India-Mumbai,2026
kushal_pal_singh,Kushal Pal Singh,,,,,Realty,DLF,,2018
kutayba_alghanim,Kutayba Alghanim,库塔伊巴·阿尔加尼姆,Male,,Kuwait,Retail,Alghanim Industries,Kuwait-Kuwait City,2026
kwai_bun,Kwai Bun,桂滨,Male,1977.0,Hong Kong,Media & Entertainment,QMMM,China-Hong Kong,2026
kwak_dong_shin,Kwak Dong-shin,Kwak Dong-shin,Male,,South Korea,Semiconductors,Hanmi Semiconductor,South Korea-Seoul,2026
kwang_mo_koo,Kwang Mo Koo,Gwang Mo Koo,Male,1969.0,South Korea,Consumer Goods,LG,South Korea-Seoul,2026
kwee_liong_keng,Kwee Liong Keng,郭良耿,Male,,Singapore,Real Estate,Pontiac Land,Singapore-Singapore,2026
kwee_liong_phing,Kwee Liong Phing,郭良平,Male,1905.0,Singapore,Real Estate,Pontiac Land,Singapore-Singapore,2026
kwee_liong_seen,Kwee Liong Seen,郭良成,Male,,Singapore,Real Estate,Pontiac Land,Singapore-Singapore,2026
kwee_liong_tek,Kwee Liong Tek,郭良德,Male,,Singapore,Real Estate,Pontiac Land,Singapore-Singapore,2026
kwek_leng_beng,Kwek Leng Beng,郭令明,Male,,Singapore,Real Estate,City Developments,Singapore-Singapore,2026
kwek_leng_kee,Kwek Leng Kee,Kwek Leng Kee,Male,1955.0,Singapore,Investments,Hong Leong Group,Singapore-Singapore,2026
kwek_leng_keow,Kwek Leng Keow,Kwek Leng Keow,Male,1951.0,Singapore,Investments,Hong Leong Group,Singapore-Singapore,2026
kwon_hyuk_bin,Kwon Hyuk-Bin,权赫彬,Male,1974.0,South Korea,Media & Entertainment,Smilegate,South Korea-Seoul,2026
kwong_siu_hing,Kwong Siu Hing,邝肖卿,Female,,Hong Kong,Real Estate,Sun Hung Kai,China-Hong Kong,2026
kylie_jenner,Kylie Jenner,Kylie Jenner,Female,1998.0,United States,Consumer Goods,Kylie Cosmetics,USA-Hidden Hills,2026
lachman_das_mittal,Lachman Das Mittal,拉赫曼米塔尔,Male,,India,Automobile & Auto Components,International Tractors,India-New Delhi,2026
lai_baosheng,Lai Baosheng,赖宝生,Male,,,Consumer Electronics,Smoore,Guangdong-Shenzhen,2021
lai_guogui,Lai Guogui,赖国贵,Male,1964.0,,Automobile & Auto Components,Cfmoto,China-Hangzhou,2026
lai_haimin,Lai Haimin,赖海民,Male,1966.0,China,Real Estate,Horoy,China-Shenzhen,2026
lai_jianfa,Lai Jianfa,赖建法,Male,1969.0,China,Transportation & Logistics,ZTO,China-Shanghai,2026
lai_jianping,Lai Jianping,赖建平,Male,,China,Food & Beverages,Foshan Haitian Flavoring and Food,China-Foshan,2026
lai_meisong,Lai Meisong,赖梅松,Male,1970.0,China,Transportation & Logistics,ZTO,China-Shanghai,2026
lai_miao,Lai Miao,赖苗,Male,,China,Food & Beverages,Ganten,China-Shenzhen,2026
lai_xiangying,Lai Xiangying,赖香英,Female,1962.0,Jiangxi,Metals & Mining,Zhangyuan Tungsten,China-Ganzhou,2026
lai_yujing,Lai Yujing,赖玉静,Female,,China,Construction & Engineering,Broad,China-Changsha,2026
lakshmi_n_mittal,Lakshmi N Mittal,拉克希米·米塔尔,Male,1950.0,United Kingdom,Metals & Mining,ArcelorMittal,UK-London,2026
lale_tara,Lale Tara,莱尔·塔拉,Female,,Turkey,Construction,ENKA,,2021
lalit_khaitan,Lalit Khaitan,Lalit Khaitan,Male,1943.0,India,Food & Beverages,Radico Khaitan,India-New Delhi,2026
lamar_hunt_jr,Lamar Hunt Jr.,Lamar Hunt Jr.,,,,Media & Entertainment,Chiefs,USA-Dallas,2026
lan_chun,Lan Chun,兰春,Male,1966.0,,Education & Training,New Talent,China-Beijing,2026
lan_huasheng,Lan Huasheng,,,,,Agriculture,Dasheng,,2018
lance_gokongwei,Lance Gokongwei,Lance Gokongwei,Male,1966.0,Philippines,Chemicals,JG Summit,Philippines-Manila,2024
lance_y_gokongwei,Lance Y Gokongwei,Lance Y Gokongwei,Male,1968.0,Philippines,Telecommunications,JG Summit Holdings,,2021
lang_walker,Lang Walker,朗·沃克,Male,,Australia,Real Estate,Walker Corp,Australia-Sydney,2023
langes_swarovski,Langes Swarovski,兰格·施华洛世奇,Male,,Austria,Crystal,Swarovski ,,2020
langley_steinert,Langley Steinert,Langley Steinert,Male,1965.0,United States,Automobile,CarGurus,USA-Boston,2022
larry_connor,Larry Connor,Larry Connor,,,,Financial Services,Connor Group,USA-Miamisburg,2026
larry_ellison,Larry Ellison,拉里·埃里森,Male,1944.0,United States,Software & Services,Oracle,USA-Woodside,2026
larry_fink,Larry Fink,Larry Fink,Male,1951.0,United States,Financial Services,BlackRock,USA-New York,2026
larry_page,Larry Page,拉里·佩奇,Male,1973.0,United States,Media & Entertainment,Alphabet,USA-Palo Alto,2026
larry_robbins,Larry Robbins,Larry Robbins,,,,Financial Services,Glenview Capital Management,USA-Alpine,2026
larry_silverstein,Larry Silverstein,拉里·西尔弗斯坦,Male,1941.0,United States,Real Estate,Silverstein Properties,USA-New York,2026
larry_tanenbaum,Larry Tanenbaum,Larry Tanenbaum,Male,1945.0,Canada,Media & Entertainment,Maple Leaf Sports & Entertainment,Canada-Toronto,2026
lars_larsen,Lars Larsen,拉尔斯·拉森,Male,1948.0,Denmark,Single Brand Retailing,Jysk,,2019
lars_wingefors,Lars Wingefors,Lars Wingefors,Male,1977.0,Sweden,Media & Entertainment,Embracer,Sweden-Karlstad,2023
lau_cho_kun,Lau Cho Kun,刘子君,Male,,Malaysia,Agriculture,Hap Seng Consolidated,Malaysia-Tawau,2026
laura_love,Laura Love,Laura Love,Female,1953.0,United States,Retail,Love's Travel Stops & Country Stores,USA-Oklahoma City,2026
laurans_mendelson,Laurans Mendelson,Laurans Mendelson,Male,1938.0,United States,Aerospace & Defence,Heico,USA-Miami,2026
laurence_d_fink,Laurence D Fink,Laurence D Fink,Male,1953.0,United States,Investment Management,BlackRock,USA-New York,2022
laurence_graff,Laurence Graff,劳伦斯·格拉夫,Male,1938.0,Switzerland,Retail,Graff Diamonds,Switzerland-Gstaad,2026
laurene_powell_jobs,Laurene Powell Jobs,劳伦娜·鲍威尔·乔布斯,Female,1963.0,United States,Media & Entertainment,Disney,USA-Palo Alto,2026
laurene_powell_jobs_family,Laurene Powell Jobs family,,Female,1963.0,,Technology,Apple,,2016
laurent_burelle,Laurent Burelle ,Laurent Burelle ,Male,1950.0,France,Automobiles & Components,Plastic Omnium,,2020
laurent_dassault,Laurent Dassault,洛朗·达索,Male,1953.0,France,Aerospace & Defence,Dassault Systèmes,France-Paris,2026
laurent_fayat,Laurent Fayat,Laurent Fayat,Male,1968.0,France,Construction & Engineering,Fayat Group,France-Saint-Émilion,2026
laurent_junique,Laurent Junique,Laurent Junique,Male,1966.0,Singapore,Software & Services,TDCX,Singapore-Singapore,2026
laurie_tisch,Laurie Tisch,Laurie Tisch,Female,1951.0,United States,Media & Entertainment,New York Giants,USA-New York,2026
lauritz_lanser_dippenaar,Lauritz Lanser Dippenaar,劳里兹·兰瑟·迪彭纳尔,Male,,South Africa,Banking,FirstRand,,2019
law_kar_po,Law Kar Po,罗家宝,Male,,Hong Kong,Real Estate,Park Group,China-Hong Kong,2026
lawrence_golub,Lawrence Golub,Lawrence Golub,Male,1959.0,United States,Financial Services,Golub Capital,USA-New York,2026
lawrence_ho,Lawrence Ho,,,,,Gaming,Melco,,2017
lawrence_ho_yau_lung,Lawrence Ho Yau Lung,何猷龙,Male,,Hong Kong,Hospitality,Melco,China-Hong Kong,2026
lawrence_stroll,Lawrence Stroll,劳伦斯·斯特罗,Male,,Switzerland,Consumer Goods,Capri Holdings,Switzerland-Geneva,2026
leah_karfunkel,Leah Karfunkel,莉亚·卡芬克,Female,,United States,Financial Services,Am Trust Financial Service,,2019
leandro_rizzuto,Leandro Rizzuto,,,,,Multi Brand Retailing,Conair ,,2017
lebron_james,LeBron James,LeBron James,Male,1985.0,United States,Media & Entertainment,Basket ball,USA-Mountain View,2026
lee_bass,Lee Bass,李·巴斯,Male,,United States,Investments,Investments,USA-Fort Worth,2026
lee_boo_jin,Lee Boo-Jin,李保珍,Female,,South Korea,Consumer Goods,Samsung C&T Corp,South Korea-Seoul,2026
lee_choi_mei_ling,Lee Choi Mei Ling,李蔡美灵,Male,,Hong Kong,Food & Beverages,Lee Kun Kee,China-Hong Kong,2026
lee_chou_sarn,Lee Chou Sarn,Lee Chou Sarn,Female,,Cambodia,Media & Entertainment,NagaCorp,Cambodia--,2024
lee_dong_chae,Lee Dong-chae,Lee Dong-chae,,,,Chemicals,EcoPro,South Korea-Cheongju,2026
lee_hae_jin,Lee Hae-Jin,Lee Hae-Jin,Male,1968.0,South Korea,Software & Services,Naver,South Korea-Seoul,2026
lee_ho_jin,Lee Ho Jin,Lee Ho Jin,Male,1962.0,South Korea,Chemicals,Taekwang Industrial,South Korea,2025
lee_hwa_kyung,Lee Hwa Kyung & family,,,,,Food & Beverages,Orion,,2017
lee_hwa_kyung_and_cheol_gon_tam,Lee Hwa Kyung And Cheol-Gon Tam,李华京,Female,,South Korea,Food & Beverages,Orion,,2019
lee_jay_hyun,Lee Jay-Hyun,李在贤,Male,1960.0,South Korea,Food & Beverages,CJ Corp,South Korea-Seoul,2022
lee_joong_keun,Lee Joong-Keun,李重根,Male,1942.0,South Korea,Real Estate,Booyoung,South Korea-Seoul,2023
lee_ka_kit,Lee Ka Kit,李家杰,,,,Real Estate,Henderson Land,China-Hong Kong,2026
lee_ka_shing,Lee Ka Shing,李家诚,,,,Real Estate,Henderson Land,China-Hong Kong,2026
lee_kun_hee,Lee Kun Hee,李健熙,Male,1942.0,South Korea,Electronics,Samsung,,2020
lee_man_bun,Lee Man Bun,李文斌,Male,1981.0,Hong Kong,Pulp & Paper,Lee & Man,China-Hong Kong,2022
lee_man_chun,Lee Man Chun,李文俊,Male,1971.0,Hong Kong,Pulp & Paper,Lee & Man,China-Hong Kong,2022
lee_man_tat,Lee Man Tat,李文达,Male,,Hong Kong,Food Processing,Lee Kun Kee,Hong Kong-Hong Kong,2021
lee_myung_hee,Lee Myung Hee,李明熙,Female,1943.0,South Korea,Multi-Brand Retail,Shinsegae,,2021
lee_seo_hyun,Lee Seo-Hyun,李瑞贤,Female,1973.0,South Korea,Consumer Goods,Samsung,South Korea-Seoul,2026
lee_shau_kee,Lee Shau Kee,李兆基,Male,,Hong Kong,Real Estate,Henderson Land,China-Hong Kong,2024
lee_shin_cheng,Lee Shin Cheng,李深静,Male,1939.0,Malaysia,Food & Beverages,IOI Group,,2019
lee_shing_fai,Lee Shing Fai,李成辉,Male,1969.0,Hong Kong,Investments,Allied,China-Hong Kong,2026
lee_su_jin,Lee Su-jin,Lee Su-jin,Male,1978.0,South Korea,Transportation & Logistics,Yanolja,South Korea-Seoul,2026
lee_thiam_wah,Lee Thiam Wah,Lee Thiam Wah,Male,1963.0,Malaysia,Retail,99 Speed Mart Retail,Malaysia-Petaling Jaya,2026
lee_tien_tsai,Lee Tien Tsai,李添财,Male,,Taiwan,Food & Beverages,King Car,China-Taipei,2026
lee_yeow_chor,Lee Yeow Chor,Lee Yeow Chor,Male,1967.0,Malaysia,Agriculture,IOI Group,Malaysia-Jeram,2026
lee_yeow_seng,Lee Yeow Seng,Lee Yeow Seng,Male,1979.0,Malaysia,Agriculture,IOI Group,Malaysia-Putrajaya,2026
leena_gandhi_tewari,Leena Gandhi Tewari,蕾娜·甘地·特瓦里,Male,,India,Healthcare,USV,India-Mumbai,2026
leena_tewari,Leena Tewari,莉娜·特瓦里,Female,,India,Pharmaceuticals,USV,,2020
lei_jufang,Lei Jufang,雷菊芳,Female,1953.0,China,Healthcare,Qizheng Pharmaceutical,China-Nyingchi,2026
lei_jun,Lei Jun,雷军,Male,1969.0,China,Consumer Goods,Xiaomi,China-Beijing,2026
leise_maersk_mckinney_moller,Leise Maersk Mckinney Moller & Family,,,,,Logistics,AP Moller – Maersk ,,2018
leitner_wolfgang,Leitner Wolfgang,,,,,Engineering,Andritz,,2018
leng_shuang,Leng Shuang,冷霜,Female,,China,Baby Formula,China Feihe,Beijing-Beijing,2020
leng_youbin,Leng Youbin,冷友斌,Male,1969.0,China,Food & Beverages,Feihe,China-Beijing,2026
lennart_blecher,Lennart Blecher,Lennart Blecher,Male,1956.0,Switzerland,Financial Services,EQT,Switzerland-Zurich,2026
lens_ainsworth,Lens Ainsworth & Family,,,,,Entertainment,Ainsworth Gaming Technology,,2018
leo_koguan,Leo Koguan,Leo Koguan,Male,1954.0,United States,Automobile & Auto Components,Tesla,Singapore-Singapore,2026
leon_black,Leon Black,莱昂·布莱克,Male,1951.0,United States,Financial Services,Apollo Global Management,USA-New York,2026
leon_cooperman,Leon Cooperman,莱昂·库珀曼,Male,1940.0,United States,Financial Services,Omega Advisors,USA-Boca Raton,2026
leonard_abess,Leonard Abess,Leonard Abess,,,,Investments,ThinkLab Ventures,USA-Miami,2026
leonard_blavatnik,Leonard Blavatnik,莱恩·布拉瓦特尼克,Male,1957.0,United Kingdom,Media & Entertainment,Warner Music,UK-London,2026
leonard_lauder,Leonard Lauder,伦纳德·劳德,Male,1933.0,United States,Consumer Goods,Estee Lauder,USA,2025
leonard_schleifer,Leonard Schleifer,伦纳德·施莱弗,Male,,United States,Healthcare,Regeneron,USA-Tarrytown,2026
leonard_stern,Leonard Stern,伦纳德·斯特恩,Male,1938.0,United States,Real Estate,Hartz Mountain Industries,USA-New York,2026
leonard_wilf,Leonard Wilf,Leonard Wilf,Male,1947.0,United States,Media & Entertainment,Minnesota Vikings,USA-Hillside,2026
leonardo_del_vecchio,Leonardo Del Vecchio ,,Male,1936.0,,Eye Wear,Luxottica,,2016
leonardo_del_vecchio_2,Leonardo Del Vecchio,,,,,Luxury Goods,Luxottica,,2018
leonardo_del_vecchio_3,Leonardo Del Vecchio,,,,,Luxury Goods,Luxottica,,2017
leonardo_del_vecchio_4,Leonardo Del Vecchio,莱昂纳多·戴尔·维吉奥,Male,1935.0,Italy,Luxury Goods,EssilorLuxottica,Italy-Milan,2022
leonardo_maria_del_vecchio,Leonardo Maria del Vecchio,Leonardo Maria del Vecchio,Male,1996.0,Italy,Consumer Goods,EssilorLuxottica,Italy-Milan,2026
leonid_boguslavsky,Leonid Boguslavsky,Leonid Boguslavsky,Male,1952.0,Russia,Investments,RTP Global,Italy-Florence,2026
leonid_fedun,Leonid Fedun,列昂尼德·费敦,Male,1956.0,Russia,Energy,Lukoil,Russia-Moscow,2026
leonid_mikhelson,Leonid Mikhelson,列昂尼德·米赫尔松,Male,1955.0,Russia,Energy,Novatek,Russia-Moscow,2026
leonid_radvinsky,Leonid Radvinsky,Leonid Radvinsky,Male,,United States,Media & Entertainment,OnlyFans,USA-Miami,2026
leonid_simanovsky,Leonid Simanovsky,列昂尼德·西马诺夫斯基,Male,,Russia,Energy,Novatek,Russia-Moscow,2026
leonie_schroder,Leonie Schroder,Leonie Schroder,Female,1976.0,United Kingdom,Financial Services,Schroders,UK-London,2026
leopoldo_del_pino_y_calvo_sotelo,Leopoldo Del Pino Y Calvo Sotelo,拉斐尔·德皮诺·卡尔沃-索特洛,Male,,Spain,Construction & Engineering,Ferrovial,Spain-Madrid,2026
leopoldo_espinosa_abdala,Leopoldo Espinosa Abdalá,Leopoldo Espinosa Abdalá,,,,Healthcare,Rimsa,Mexico-Zapopan,2026
lesa_france_kennedy,Lesa France Kennedy,莱萨·弗朗斯·肯尼迪,Female,1961.0,United States,Media & Entertainment,NASCAR,USA-Daytona Beach,2026
lesley_bamberger,Lesley Bamberger,Lesley Bamberger,Male,1966.0,Netherlands,Real Estate,Kroonenberg Groep,Netherlands-Amsterdam,2026
leslie_alexander,Leslie Alexander,莱斯利·亚历山大,Male,,United States,Media & Entertainment,Houston Rockets,USA-Houston,2026
leslie_wexner,Leslie Wexner,莱斯利·韦克斯纳,Male,1937.0,United States,Consumer Goods,Limited Brands,USA-New Albany,2026
leslie_wilson,Leslie Wilson,莱斯利·威尔逊,Female,,Australia,Retail,Reece,Australia-Melbourne,2026
lev_kvetnoi,Lev Kvetnoi,Lev Kvetnoi,Male,1966.0,Russia,Investments,Investments,Russia-Moscow,2026
lev_leviev,Lev Leviev,列夫·列维耶夫,Male,,United Kingdom,Metals & Mining,Catoca Diamond Mine,UK-London,2026
li_aizhen,Li Aizhen,李爱真,Female,1951.0,China,Industrial Products,Liliang,China-Shangqiu,2023
li_baoping,Li Baoping,李保平,Male,1960.0,China,Energy,HuangHe Mining,China-Shaanxi-Weinan,2024
li_bin,Li Bin,李斌,Male,1974.0,China,Automobile & Auto Components,Nio,China-Beijing,2026
li_binlan,Li Binlan,,,,,Retail ,A.Best,,2017
li_chaowang,Li Chaowang,李朝旺,Male,1958.0,Hong Kong,Consumer Goods,Vinda Paper,China-Hong Kong,2026
li_chen,Li Chen,李晨,Male,1985.0,China,Energy,Anhui Guoxuan,China-Hefei,2026
li_chunan,Li Chunan,李春安,Male,1968.0,China,Energy,Longi,China-Xi'an,2026
li_denghai,Li Denghai,李登海,Male,1949.0,China,Agriculture,Denghai Seeds,China-Yantai,2023
li_dongsheng,Li Dongsheng,李东生,Male,1957.0,China,Consumer Goods,TCL,China-Huizhou,2026
li_feilie,Li Feilie,李非列,Male,1966.0,China,Metals & Mining,Feishang,China-Shenzhen,2026
li_fengling,Li Fengling,李凤玲,Male,1957.0,,Healthcare,Balance Medical,China-Beijing,2026
li_fengluan,Li Fengluan,李凤娈,Female,,China,Construction & Engineering,Tianrui,Henan-Pingdingshan,2025
li_fuchao,Li Fuchao,黎福超,Male,1958.0,China,Industrial Products,Fuda,China-Guilin,2026
li_fuchen,Li Fuchen & family,,,,,Food,Ng Fung,,2017
li_gaiteng,Li Gaiteng,李丐腾,Male,1972.0,China,Consumer Goods,Flyco,China-Shanghai,2026
li_ganpo,Li Ganpo,李赶坡,Male,1949.0,China,Metals & Mining,Jingye,China-Shijiazhuang,2026
li_ge,Li Ge,李革,Male,1967.0,China,Healthcare,Wuxi Pharma Tech,China-Shanghai,2026
li_ge_zhao_ning,Li Ge & Zhao Ning,,,,,Pharmaceuticals,Wuxi Pharma Tech,,2018
li_guangyu,Li Guangyu,李光宇,Male,1963.0,China,Education,Huayu Education,Henan-Zhengzhou,2021
li_guangyu_li_hua,Li Guangyu&Li Hua,,,,,Education,Huayu Education,,2018
li_guiru,Li Guiru,李桂茹,Female,1971.0,China,Software & Services,Center International,China-Beijing,2023
li_guishan,Li Guishan,李贵山,Male,,China,Food & Beverages,Laoganma,China-Guiyang,2026
li_guoku,Li Guoku,李国库,Male,,China,Food & Beverages,Kinghey,China-Shijiazhuang,2026
li_guoqiang,Li Guoqiang,李国强,Male,1964.0,China,Retail,Zhongsheng,China-Dalian,2026
li_guoqing,Li Guoqing,李国庆,Male,1964.0,China,Chemicals,RongSheng,China-Hangzhou,2026
li_haiyan,Li Haiyan,李海燕,Female,,China,Food & Beverages,Haidilao,Singapore-Singapore,2026
li_haizhou,Li Haizhou,李海周,Male,1970.0,China,Industrial Products,Zhaowei Machinery & Electronic,China-Shenzhen,2026
li_hanxiong,Li Hanxiong,李捍雄,Male,1974.0,China,Healthcare,Yipinhong,China-Guangzhou,2026
li_hanyuan,Li Hanyuan,李翰园,Male,,,Healthcare,Sinocelltech,China-Beijing,2026
li_hejun,Li Hejun,李河君,Male,1967.0,China,Solar Energy,Hanergy,,2020
li_hong,Li Hong,李红,Female,1970.0,China,Software & Services,Zwsoft,China-Guangzhou,2022
li_hongjing,Li Hongjing,李红京,Male,1968.0,China,Energy,Autel,China-Shenzhen,2026
li_hongxin,Li Hongxin,李洪信,Male,1953.0,China,Paper & Forest Products,Sunpaper,China-Jining,2026
li_hu,Li Hu,李虎,,1975.0,China,Semiconductors,Techwinsemi,China-Shenzhen,2026
li_hua,Li Hua,李华,Male,1978.0,Hong Kong,Financial Services,Futu Holdings,China-Hong Kong,2024
li_hua_2,Li Hua & Family,,,,,Real Estate,Excellence ,,2018
li_hua_3,Li Hua & family,,,,,Real Estate,Excellence ,,2017
li_hua_4,Li Hua,李华,Male,1966.0,China,Real Estate,Excellence,China-Shenzhen,2026
li_hua_5,Li Hua,李华,Male,1978.0,Hong Kong,Financial Services,Futu,China-Hong Kong,2026
li_huanchang,Li Huanchang,李焕昌,Male,1969.0,,Machinery,Changhong,China-Shenzhen,2022
li_hui,Li Hui,李晖,Male,1975.0,China,Professional Services,Fengyuzhu,China-Shanghai,2022
li_jianguo,Li Jianguo,李建国,Male,1964.0,China,Telecommunications,Runjian Communication,China-Nanning,2026
li_jianli,Li Jianli,励建立,Male,1972.0,,Industrial Products,Kedali,China-Ningbo,2026
li_jianquan,Li Jianquan,李建全,Male,1957.0,China,Healthcare,Winner,China-Shenzhen,2026
li_jiaquan,Li Jiaquan,李家权,Male,1963.0,China,Metals & Mining,Lomon,China-Chengdu,2026
li_jie,Li Jie,李杰,Male,1975.0,Indonesia,Transportation & Logistics,J&T Global Express,Indonesia-Jakarta,2026
li_jin,Li Jin,李进,Male,1962.0,China,Consumer Goods,Li-ning,China-Beijing,2026
li_jinghua,Li Jinghua,黎经华,Male,1962.0,China,Furnishing,Louvre,China-Foshan,2022
li_jinyang,Li Jinyang,李金阳,Female,,China,Metals & Mining,Chifeng Jilong Gold Mining,China-Beijing,2026
li_jinyuan,Li Jinyuan,李金元,Male,1958.0,China,Healthcare,Tiens,China-Tianjin,2023
li_jun,Li Jun,李军,Male,1964.0,China,Green Energy,Leyard,China-Beijing,2022
li_juntian,Li Juntian,李俊田,Male,1975.0,,Industrial Products,Inovance Technology,China-Shenzhen,2026
li_ka_shing,Li Ka-shing,李嘉诚,Male,,Hong Kong,Investments,Cheung Kong,China-Hong Kong,2026
li_kuo,Li Kuo,李阔,Male,,China,Consumer Goods,Babycare,China-Hangzhou,2026
li_kwok_po,Li Kwok-po,李国宝,Male,,Hong Kong,Financial Services,BEA,China-Hong Kong,2026
li_li,Li Li,李锂,Male,1964.0,China,Healthcare,Hepalink,China-Shenzhen,2026
li_li_2,Li Li,李力,Male,1965.0,China,Healthcare,Aier Ophthalmology,China-Changsha,2026
li_li_li_tan,Li Li & Li Tan,,,,,Pharmaceuticals,Hepalink,,2018
li_liangbin,Li Liangbin,李良彬,Male,1967.0,China,Metals & Mining,Ganfeng Lithium,China-Xinyu,2026
li_lin,Li Lin,李林,Male,1982.0,China,Blockchain,Avenir,China-Hong Kong,2026
li_liufa,Li Liufa,李留法,Male,1959.0,China,Construction & Engineering,Tianrui,Henan-Pingdingshan,2025
li_liufa_li_fengluan,Li Liufa  & Li Fengluan,,,,,Construction Materials,Tianrui ,,2018
li_lixin,Li Lixin,李立新,Male,1967.0,China,Industrial Products,Lishi,China-Ningbo,2023
li_miaohang,Li Miaohang,李妙行,Male,,China,Food & Beverages,Laoganma,China-Guiyang,2026
li_min,Li Min,励民,Male,1965.0,,Semiconductors,Rockchip Electronics,China-Fuzhou,2026
li_min_2,Li Min,李民,Male,1971.0,China,Industrial Products,Hiuv,China-Shanghai,2023
li_ming,Li Ming,李明,Male,1963.0,Gansu,Investments,Yate,China-Longnan,2026
li_ni,Li Ni,李旎,Male,1986.0,,Entertainment,Bilibili,Shanghai-Shanghai,2021
li_ning,Li Ning,李宁,Male,1963.0,China,Consumer Goods,Li-ning,China-Beijing,2026
li_ping,Li Ping,李萍,Female,,China,Real Estate,XinHu,China-Zhejiang-Hangzhou,2024
li_ping_2,Li Ping,李平,Male,1968.0,China,Energy,CATL,China-Ningde,2026
li_ping_3,Li Ping,李平,Male,1964.0,China,Metals & Mining,Teamgo,China-Guangdong-Guangzhou,2024
li_qiang,Li Qiang ,李强,Male,,China,Consumer Goods,Pechion,China-Shanghai,2023
li_qiangzhong,Li Qiangzhong,李强忠,Male,,,Food Processing,Haitian,Guangdong-Foshan,2021
li_qibin,Li Qibin,李奇斌,,1973.0,China,Consumer Goods,Kayou,China-Shanghai,2026
li_qilin,Li Qilin,李麒麟,Male,1987.0,China,Consumer Goods,Li-ning,China-Beijing,2026
li_qing,Li Qing,李青,Female,,China,Semiconductor,Tunghsu,Beijing-Beijing,2021
li_qiong,Li Qiong,李琼,Male,1977.0,China,Media & Entertainment,Kunlun,China-Beijing,2026
li_rucheng,Li Rucheng,李如成,Male,1951.0,China,Consumer Goods,Youngor,China-Ningbo,2026
li_ruiqiang,Li Ruiqiang,李瑞强,Male,1979.0,China,Healthcare,Novogene,China-Beijing,2023
li_shufu,Li Shufu,李书福,Male,1963.0,China,Automobile & Auto Components,Geely,China-Hangzhou,2026
li_shufu_li_xingxing,Li Shufu & Li Xingxing,,,,,Car manufacturing,Geely ,,2018
li_shuibo,Li Shuibo,李水波,Male,1956.0,,Industrial Products,Kinglai,China-Suzhou,2026
li_shuirong,Li Shuirong,李水荣,Male,1956.0,China,Chemicals,RongSheng,China-Hangzhou,2026
li_suwen,Li Suwen,李素文,Female,1973.0,China,Developer,Cinese,Guangdong-Dongguan,2021
li_sze_lim,Li Sze Lim,李思廉,Male,1957.0,China,Real Estate,R & F,Guangdong-Guangzhou,2025
li_tan,Li Tan,李坦,Female,1964.0,China,Healthcare,Hepalink,China-Shenzhen,2026
li_wanqiang,Li Wanqiang,黎万强,Male,1977.0,China,Consumer Goods,Xiaomi,China-Beijing,2026
li_wanxiao,Li Wanxiao,李完小,Male,1966.0,China,Aerospace & Defence,Aerospace Huanyu,China-Changsha,2026
li_wei,Li Wei,李伟,Male,1968.0,China,Food & Beverages,Qianwei,China-Zhengzhou,2026
li_weiguo,Li Weiguo,李卫国,Male,1965.0,China,Construction & Engineering,Oriental Yuhong,China-Beijing,2026
li_weiwei,Li Weiwei,李卫伟,Male,1977.0,China,Media & Entertainment,37 Interactive Entertainment,China-Guangzhou,2026
li_weizhu,Li Weizhu,李伟柱,,1977.0,,Retail,Zhou Liu Fu,China-Shenzhen,2026
li_wen,Li Wen,李文,Male,1970.0,China,Energy,Autowell,China-Wuxi,2023
li_wenbin,Li Wenbin,李文斌,Male,1975.0,Hong Kong,Real Estate,Junfa,China-Hong Kong,2023
li_wenmei,Li Wenmei,李文美,Male,1962.0,China,Healthcare,Wondfo Biotech,China-Guangzhou,2023
li_xiande,Li Xiande,李仙德,Male,1975.0,,Energy,Jinko,China-Shanghai,2026
li_xiang,Li Xiang,李想,Male,1981.0,,Automobile & Auto Components,Li Auto,China-Beijing,2026
li_xiangping,Li Xiangping,李湘平,Male,,,Chemicals,Dongming,China-Heze,2026
li_xianyi,Li Xianyi,李贤义,Male,1952.0,Hong Kong,Industrial Products,Xinyi Glass,China-Hong Kong,2026
li_xianyi_dong_xizhi,Li Xianyi & Dong Xizhi,,,,,Manufacturing,Xinyi Glass,,2018
li_xianyu,Li Xianyu,李仙玉,Male,1954.0,China,Pharmaceuticals,Double Dove,Zhejiang-Taizhou,2020
li_xiaohua,Li Xiaohua,李晓华,Male,1962.0,China,Containers & Packaging,Energy New Material,China-Yuxi,2026
li_xiaolin,Li Xiaolin,李晓林,Male,1953.0,China,Real Estate,Linda,China-Beijing,2026
li_xiaoming,Li Xiaoming,李晓明,Male,1973.0,China,Construction & Engineering,Huilyu Ecological,China-Wuhan,2026
li_xiaoming_2,Li Xiaoming,李晓明,Male,1958.0,China,Containers & Packaging,Energy New Material,China-Yuxi,2026
li_xiaoming_3,Li Xiaoming,李小明,Male,1961.0,China,Real Estate,Desea,China-Beijing,2024
li_xiaoqin,Li Xiaoqin,李小勤,Male,1971.0,China,Consumer Goods,Motomotion,China-Changzhou,2026
li_xiaoyu,Li Xiaoyu,李晓昱,Female,1973.0,China,Industrial Products,Hiuv,China-Shanghai,2023
li_xin,Li Xin,李鑫,Male,,Jiangxi,Healthcare,Jemincare,China-Nanchang,2026
li_xing,Li Xing,李兴,Male,1971.0,China,Food & Beverages,Huanlejia,China-Zhanjiang,2026
li_xinyan,Li Xinyan,李新炎,Male,1951.0,China,Industrial Products,Lonking,China-Shanghai,2026
li_xinyan_ni_yinying,Li Xinyan & Ni Yinying,,,,,Heavy construction vehicles,Lonking,,2018
li_xipeng,Li Xipeng,李喜朋,Male,1963.0,China,"Real Estate, electric power, infrastructure",Shengrun ,Beijing-Beijing,2020
li_xipeng_shu_pujuan,Li Xipeng & Shu Pujuan,,,,,"Real estate, electric power, infrastructure",Shengrun ,,2018
li_xiting,Li Xiting,李西廷,Male,1951.0,Singapore,Healthcare,Mindray,Singapore-Singapore,2026
li_xiyan,Li Xiyan,李喜燕,Female,1968.0,China,Energy,Longi,China-Xi'an,2026
li_xubing,Li Xubing,李胥兵,Male,,China,Automobile,Geely ,China-Hangzhou,2022
li_xuechun,Li Xuechun,李学纯,Male,1955.0,China,Agriculture,Fufeng,China-Qingdao,2026
li_xueling,Li Xueling,李学凌,Male,1973.0,China,Media & Entertainment,YY,China-Shenzhen,2026
li_xuhui,Li Xuhui,黎旭晖,Female,1968.0,China,Food & Beverages,Haitian,China-Foshan,2023
li_yanggu,li Yanggu,李阳谷,Male,,China,Professional Services,Pony Testing,China-Beijing,2022
li_yanhong,Li Yanhong,李彦宏,Male,1968.0,China,Media & Entertainment,Baidu,China-Beijing,2026
li_yanhong_ma_dongmin,Li Yanhong & Ma Dongmin,,,,,TMT,Baidu,,2018
li_yanhua,Li Yanhua,李艳华,Female,1958.0,Jilin,Healthcare,Xiuzheng,China-Changchun,2026
li_yao,Li Yao,李要,Female,1955.0,China,Construction & Engineering,New Pearl,China-Foshan,2026
li_yifeng,Li Yifeng,李一峰,Male,1970.0,China,Household Appliances,Bear,Guangdong-Foshan,2021
li_yihai,Li Yihai,李义海,Male,1963.0,China,Healthcare,Jemincare,China-Nanchang,2026
li_yihai_li_xin,Li Yihai & Li Xin,,,,,Pharmaceuticals,Jiangxi Jiminkexin ,,2018
li_yinan,Li Yinan,李一男,Male,1970.0,,E-Bicycles,Niu Technologies,Beijing-Beijing,2021
li_yiping,Li Yiping,李一萍,Female,,China,Real Estate,Times China,China-Guangzhou,2023
li_yong,Li Yong,李勇,Male,,China,Education,Yuanfudao,Beijing-Beijing,2021
li_yongqing,Li Yongqing,李永庆,Male,1964.0,China,Chemicals,RongSheng,China-Hangzhou,2026
li_yongxin,Li Yongxin,李永新,Male,1976.0,China,Education & Training,Offcn,China-Beijing,2023
li_yongyi,Li Yongyi,李咏怡,Female,,China,Energy,Canvestt,China-Dongguan,2026
li_yulong,Li Yulong,李玉国,Male,1959.0,China,Investments,Jiutai,China-Beijing,2022
li_zhaoting,Li Zhaoting,李兆廷,Male,1965.0,China,Semiconductor,Tunghsu,Beijing-Beijing,2021
li_zhe,Li Zhe,李辙,Male,1955.0,China,Real Estate,Riverside ,Beijing-Beijing,2020
li_zhen,Li Zhen,李缜,Male,1964.0,China,Energy,Anhui Guoxuan,China-Hefei,2026
li_zhengguo,Li Zhengguo,李振国,Male,1968.0,China,Energy,Longi,China-Xi'an,2026
li_zhengjiang_li_xiyan,Li Zhengjiang & Li Xiyan,,,,,Silicon materials,Xi'an Longi,,2018
li_zhenjiang,Li Zhenjiang,李振江,Male,1957.0,China,Healthcare,Shineway,China-Hebei,2026
li_zhibiao,Li Zhibiao,李志彪,Male,1967.0,,Cosmetics,Haoyue Personal Care,Zhejiang-Hangzhou,2021
li_zhigang,Li Zhigang,李志刚,Male,1976.0,China,Industrial Products,DR Laser,China-Wuhan,2026
li_zhijiang,Li Zhijiang,李志疆,Male,1968.0,China,Medical Devices,AK Medical,Beijing-Beijing,2021
li_zhijun,Li Zhijun,林志军,Male,1975.0,China,Healthcare,Double Medical Technology,China-Xiamen,2026
li_zhiyuan,Li Zhiyuan,李志远,Male,1955.0,China,Industrial Products,Jinpan Smart Technology,China-Haikou,2026
li_zhongchu,Li Zhongchu,李仲初,Male,1963.0,China,Software & Services,Shiji,China-Beijing,2026
li_zongsong,Li Zongsong,李宗松,Male,1967.0,China,Pharmaceuticals,Bicon,Jiangsu -Nantong,2020
li_zongsong_gu_xiaojia,Li Zongsong & Gu Xiaojia,,,,,Pharmaceuticals,Bicon,,2018
li_zongyang,Li Zongyang,李宗洋,Male,1966.0,China,Metals & Mining,Feishang,China-Shenzhen,2026
lia_maria_aguiar,Lia Maria Aguiar,利亚·玛丽亚·阿吉亚尔,Female,,Brazil,Financial Services,Banco Bradesco,Brazil-Campos do Jordão,2026
liang_feng,Liang Feng,梁丰,Male,1968.0,China,Energy,Putailai,China-Shanghai,2026
liang_feng_liang_xiaomei,Liang Feng & Liang Xiaomei,,,,,Lithium ion battery,Putailai,,2018
liang_guangwei,Liang Guangwei,梁光伟,Male,1963.0,China,Investments,Huaqiang,China-Shenzhen,2026
liang_jiankun,Liang Jiankun,梁建坤,Male,1961.0,China,Metals & Mining,Hanrui Cobalt,China-Nanjing,2022
liang_jiankun_liang_jie,Liang Jiankun & Liang Jie,,,,,Cobalt ,Hanrui Cobalt,,2018
liang_jiarong,Liang Jiarong,梁家荣,Male,1962.0,China,Real estate,Shirong ,Guangdong-Zhuhai,2019
liang_jie,Liang Jie,梁杰,Male,1984.0,China,Metals & Mining,Hanrui Cobalt,China-Nanjing,2022
liang_liangsheng,Liang Liangsheng,梁亮胜,Male,1951.0,Hong Kong,Consumer Goods,C-Bons,China-Hong Kong,2026
liang_qin,Liang Qin,梁勤,Male,1971.0,China,Semiconductors,Yangjie Technology,China-Yangzhou,2026
liang_qingde,Liang Qingde,梁庆德,Male,1937.0,China,Consumer Goods,Galanz,China-Foshan,2026
liang_shezeng,Liang Shezeng,梁社增,Male,1932.0,China,Real estate,Shirong ,Guangdong-Zhuhai,2019
liang_shezeng_liang_jiarong,Liang Shezeng & Liang Jiarong,,,,,Real estate,Shirong ,,2018
liang_tongcan,Liang Tongcan,梁桐灿,Male,,China,Construction & Engineering,Hongyu,China-Foshan,2026
liang_wengen,Liang Wengen,梁稳根,Male,1956.0,China,Industrial Products,Sany,China-Changsha,2026
liang_xiaolin,Liang Xiaolin,梁小玲,Female,1970.0,China,Healthcare,Dashenlin,China-Guangdong-Guangzhou,2024
liang_xinjun,Liang Xinjun,梁信军,Male,1968.0,Singapore,Investments,Fosun,China-Shanghai,2026
liang_yanfeng,Liang Yanfeng,梁衍峰,Male,1965.0,China,Real Estate,Zhonggeng,China-Fuzhou,2022
liang_yaoming,Liang Yaoming,梁耀铭,Male,1964.0,,Healthcare,Kingmed,China-Guangzhou,2023
liang_yunchao,Liang Yunchao,梁允超,Male,1969.0,China,Healthcare,By-Health,China-Zhuhai,2026
liang_zaizhong,Liang Zaizhong,梁在中,,,,Industrial Products,Sany,China-Changsha,2026
liao_caixing,Liao Caixing,廖财兴,Male,,China,Consumer Electronics,Jiayuan,China-Meizhou,2022
liao_long_shing,Liao Long-Shing,廖龙星,Male,,Taiwan,Chemicals,Chang Chun,China-Taipei,2026
liao_pingyuan,Liao Pingyuan,廖平元,Male,1974.0,China,Consumer Electronics,Jiayuan,China-Meizhou,2022
liao_qingqing,Liao Qingqing,廖清清,Female,1949.0,China,Healthcare,Salubris Pharmaceuticals,China-Guangdong-Shenzhen,2024
liao_rongjiu,Liao Rongjiu,廖榕就,Male,1954.0,China,Developer,Sun City,Guangdong-Guangzhou,2021
liao_wenbing,Liao Wenbing,缪文彬,Male,,China,Industrial Products,Shuangliang,China-Wuxi,2026
liao_xinyu,Liao Xinyu,廖忻愉,Male,,,Food Processing,Haitian,Guangdong-Foshan,2021
liesel_pritzker_simmons,Liesel Pritzker Simmons,Liesel Pritzker Simmons,,,,Investments,Blue Haven Initiative,USA-Concord,2026
lilian_wernighaus,Lilian Wernighaus,莉莲·维尔尼豪斯,Female,,Brazil,Industrial Products,WEG Industries,Brazil-Jaragua do Sul,2026
liliana_solari_falabella,Liliana Solari Falabella,莉莉安娜·索拉里,Female,,Chile,Retail,SACI Falabella,Chile-Santiago,2026
liliane_bettencourt,Liliane Bettencourt,,,,,Cosmetics,L'Oreal,,2017
lillian_teh_li_ming,Lillian Teh Li Ming,Lillian Teh Li Ming,Female,,Malaysia,Financial Services,Public Bank,Malaysia-Kuala Lumpur,2026
lillyn_teh_li_hua,Lillyn Teh Li Hua,Lillyn Teh Li Hua,Female,,Malaysia,Financial Services,Public Bank,Malaysia-Kuala Lumpur,2026
lily_safra,Lily Safra,莉莉·萨夫拉,Female,,United Kingdom,Banking,Safra Bank,UK-London,2022
lim_chai_hock,Lim Chai Hock,Lim Chai Hock,Male,1959.0,Indonesia,Metals & Mining,Bayan Resources,Indonesia-Balikpapan,2026
lim_chap_huat,Lim Chap Huat,Lim Chap Huat,Male,1955.0,Singapore,Real Estate,Soilbuild Group,Singapore-Singapore,2026
lim_hariyanto_wijaya_sarwono,Lim Hariyanto Wijaya Sarwono,Lim Hariyanto Wijaya Sarwono,Male,1929.0,Indonesia,Agriculture,Bumitama Agri,Indonesia-Jakarta,2026
lim_kaling,Lim Kaling,Lim Kaling,Male,1963.0,Singapore,Consumer Goods,Razer,Singapore-Singapore,2026
lim_kok_thay,Lim Kok Thay,林国泰,Male,1951.0,Malaysia,Hospitality,Genting Group,Malaysia-Kuala Lumpur,2026
lim_kuang_sia,Lim Kuang Sia,Lim Kuang Sia,Male,1959.0,Malaysia,Industrial Products,Kossan Rubber Industries,,2021
lim_oon_kuin,Lim Oon Kuin,林恩强,Male,,Singapore,Oil & Gas,Hin Leong Trading,,2020
lim_sung_ki,Lim Sung-Ki,林成基,Male,1940.0,South Korea,Healthcare,Hanmi Science,,2021
lim_wee_chai,Lim Wee Chai,Lim Wee Chai,Male,1958.0,Malaysia,Gloves,Top Glove,Malaysia-Kuala Lumpur,2022
lin_bin,Lin Bin,林斌,Male,1968.0,China,Consumer Goods,Xiaomi,China-Beijing,2026
lin_chang_su_e,Lin Chang Su-E,林张素娥,Female,,Taiwan,Real Estate,Union,China-Taipei,2026
lin_chen_hai,Lin Chen-Hai,林陈海,Male,,Taiwan,Real Estate,Pao Chia,China-New Taipei,2026
lin_deying,Lin Deying,林德英,Female,1965.0,China,Industrial Products,Electric Connector,China-Shenzhen,2026
lin_dingqiang,Lin Dingqiang,林定强,Male,1966.0,China,Real Estate,Radiance,China-Fuzhou,2026
lin_dingqiang_lin_fengying,Lin Dingqiang & Lin Fengying,,,,,Real Estate,Kamfei,,2018
lin_fanlian,Lin Fanlian,,,,,Gas,Order,,2018
lin_feng,Lin Feng,林峰,Male,1976.0,,Developer,CIFI,China-Shanghai,2022
lin_fengying,Lin Fengying,林凤英,Female,,,Real Estate,Kamfei,Beijing-Beijing,2019
lin_gang,Lin Gang,林刚,Male,1964.0,China,Healthcare,CMS,China-Shenzhen,2026
lin_haichuan,Lin Haichuan,林海川,Male,1972.0,China,Transportation & Logistics,Great River Smarter Logistics,China-Guangdong-Dongguan,2024
lin_haifeng,Lin Haifeng,林海峰,Male,1975.0,China,Energy,Risen,China-Ningbo,2023
lin_hong_nan,Lin Hong-Nan,林鸿南,Male,,Taiwan,Investments,Hung Tai,China-Taipei,2026
lin_jiangwei,Lin Jiangwei,林建伟,Male,1966.0,China,Green Energy,Zhonglai,China-Suzhou,2022
lin_jianhua,Lin Jianhua,林建华,Male,1962.0,China,Industrial Products,First,China-Hangzhou,2026
lin_jianhua_zhang_hong,Lin Jianhua & Zhang Hong,,,,,Photovoltaic,First,,2018
lin_juguang,Lin Juguang,林巨广,Male,1963.0,China,Auto Components,Jee Technology,China-Hefei,2022
lin_ke_zhang_xueling,Lin Ke & Zhang Xueling,,,,,"Environmental protection, new materials",Lin Ke & Zhang Xueling,,2018
lin_lairong,Lin Lairong,林来嵘,Male,1968.0,China,Metals & Mining,Zhongxing,China-Tianjin,2026
lin_li,Lin Li,林立,Male,1963.0,China,Investments,Liye,China-Shenzhen,2026
lin_longan,Lin Longan,林龙安,Male,1964.0,China,Developer,Yuzhou ,Fujian-Xiamen,2021
lin_longan_guo_yinglan,Lin Longan & Guo Yinglan,,,,,Real estate,Yuzhou ,,2018
lin_ming_cheng,Lin Ming-Cheng,林明成,Male,,Taiwan,Financial Services,Hua Nan,China-Taipei,2026
lin_ming_hsiung,Lin Ming-Hsiung,林敏雄,Male,,Taiwan,Real Estate,Yuan Lih,China-Taipei,2026
lin_mingzhang,Lin Mingzhang,林明樟,Male,,China,"Pharmaceuticals, Investments",Creat ,,2020
lin_muqin,Lin Muqin,林木勤,Male,1964.0,China,Food & Beverages,Eastroc Beverage,China-Shenzhen,2026
lin_por_fong,Lin Por-Fong,林伯丰,Male,1943.0,Taiwan,Industrial Products,Taiwan Glass,China-Taipei,2026
lin_por_shih,Lin Por-Shih,林伯实,Male,1945.0,Taiwan,Industrial Products,Taiwan Glass,China-Taipei,2026
lin_qi,Lin Qi,林奇,Male,1981.0,China,Online Game,YOOZOO,,2020
lin_qibin,Lin Qibin,林启彬,Male,1953.0,China,Auto Components,Engley Automobile,China-Changchun,2022
lin_rongxin,Lin Rongxin,,,,,"Real estate, titanium pigment",San Sheng  ,,2018
lin_shu_hung,Lin Shu-Hung ,,,,,Manufacturing ,Chang Chun ,,2017
lin_su_hon,Lin Su-Hon,林书鸿,Male,,Taiwan,Chemicals,Chang Chun,China-Taipei,2026
lin_tengjiao,Lin Tengjiao,林腾蛟,Male,1968.0,China,Real Estate,Yango,China-Fuzhou,2022
lin_tianfu,Lin Tianfu ,,,,,"Sportswear, shoes",GRN ,,2018
lin_tsung_chi,Lin Tsung-Chi,林聪吉,,,,Consumer Goods,King Slide,China-Kaohsiung,2026
lin_wei,Lin Wei,林伟,Male,1973.0,,Developer,CIFI,China-Shanghai,2022
lin_weiping,Lin Weiping,林卫平,Female,1958.0,China,Consumer Goods,Skyworth,China-Shenzhen,2023
lin_wenjing,Lin Wenjing,,,,,Real Estate,Rong Qiao,,2018
lin_xiaohui,Lin Xiaohui,林晓辉,Male,1973.0,,Real Estate,Realord,China-Hong Kong,2026
lin_xiucheng,Lin Xiucheng,林秀成,Male,1955.0,China,Energy,Sanan,China-Xiamen,2026
lin_xiucheng_lin_zhiqiang,Lin Xiucheng & Lin Zhiqiang ,,,,,LED,Sanan ,,2018
lin_xuyan,Lin Xuyan,林旭燕,Female,,China,Metals & Mining,Yongfeng,China-Jinan,2026
lin_yi,Lin Yi,林亿,Male,,China,Developer,Shenglong,Shanghai-Shanghai,2021
lin_yinsun,Lin Yinsun,林印孙,Male,1964.0,China,Animal Husbandry,Zhengbang,China-Fuzhou,2022
lin_yongji,Lin Yongji,林永集,Male,,China,Consumer Durables,DeRucci,Guangdong-Dongguan,2021
lin_yu_lin,Lin Yu-Lin & Family ,,,,,Real Estate ,Hung Tai ,,2018
lin_yupeng,Lin Yupeng,林煜鹏,Male,,China,Food & Beverages,Eastroc Beverage,China-Shenzhen,2026
lin_zhiqiang,Lin Zhiqiang,林志强,Male,1974.0,China,Energy,Sanan,China-Xiamen,2026
lin_zhixiong,Lin Zhixiong,林志雄,Male,1973.0,China,Healthcare,Double Medical Technology,China-Xiamen,2026
lin_zhong,Lin Zhong,林中,Male,1968.0,China,Developer,Xuhui,China-Shanghai,2022
lina_maria_aguiar,Lina Maria Aguiar,丽娜·玛丽亚·阿吉亚,Female,,Brazil,Banking,Banco Bradesco,Beijing-Beijing,2020
lina_tombolato,Lina Tombolato,Lina Tombolato,Female,1947.0,Italy,Financial Services,Mediolanum,Italy-Tombolo,2026
linda_campbell,Linda Campbell,Linda Campbell,Female,,Canada,Media & Entertainment,Thomson Reuters,Canada-Toronto,2026
linda_pritzker,Linda Pritzker,琳达·普利兹克,Female,,United States,Hospitality,Hyatt,USA-St Ignatius,2026
linda_stephens,Linda Stephens,Linda Stephens,,,,Energy,Endeavor Energy Resources,USA,2025
linden_blue,Linden Blue,Linden Blue,Male,1937.0,United States,Aerospace & Defence,General Atomics,USA-Del Mar,2026
lindsay_fox,Lindsay Fox,林赛·福克斯,Male,1937.0,Australia,Transportation & Logistics,Linfox,Australia-Melbourne,2026
ling_bin,Ling bin,凌斌,Male,1968.0,China,Industrial Products,KTC,China-Shenzhen,2026
ling_shisheng,Ling Shisheng,凌世生,Male,1972.0,China,Biotechnology,Assuro Tech,China-Hangzhou,2022
ling_tang,Ling Tang,Ling Tang,,,,Artificial Intelligence,AppLovin,USA-Palo Alto,2026
lino_saputo,Lino Saputo,莉诺·萨普托,Male,1937.0,Canada,Food & Beverages,Saputo,Canada-Montreal,2026
lionel_messi,Lionel Messi,利昂内尔·梅西,Male,1988.0,France,Media & Entertainment,Footballer,Spain-Castelldefels,2026
lionel_viret,Lionel Viret,Lionel Viret,Male,1971.0,France,Healthcare,Stago,France-Paris,2026
liora_ofer,Liora Ofer,廖拉·奥弗,Female,,Israel,Real Estate,Melisron,Israel-Tel Aviv,2026
lip_keong_chen,Lip Keong Chen,陈立强,Male,,Cambodia,Media & Entertainment,NagaCorp,Cambodia-Phnom Penh,2023
lirio_parisotto,Lirio Parisotto,里里奥·帕里索托,Male,,Brazil,Chemicals,Videolar,Brazil-Manaus,2026
lisa_k_simmons,Lisa K Simmons,丽莎·西蒙斯,Female,,United States,Chemicals,Valhi,USA-Dallas,2026
lisa_k_simmons_serena_simmons,Lisa K Simmons & Serena Simmons,,,,,Chemicals & Petrochemicals,Valhi ,,2017
lisa_su,Lisa Su,苏姿丰,Female,1969.0,United States,Semiconductors,AMD,USA-Austin,2026
liu_aisen,Liu Aisen,刘爱森,Male,1972.0,China,Software & Services,Center International,China-Beijing,2023
liu_baolin,Liu Baolin,刘宝林,Male,1953.0,China,Retail,Jointown,China-Wuhan,2026
liu_baoqi,Liu Baoqi,刘保起,Male,1961.0,,Pharmaceuticals,Luoxin,China-Linyi,2022
liu_bing,Liu Bing,,,,,Real estate,Fu Sengmei,,2018
liu_canglong,Liu Canglong,刘沧龙,Male,,China,"Metallurgical industry, chemicals, Real estate",Hongda ,Anhui-Hefei,2019
liu_chengyu,Liu Chengyu,刘程宇,Male,1962.0,China,Industrial Products,Kstar,China-Shenzhen,2026
liu_chengyu_liu_ling,Liu Chengyu & Liu Ling,,,,,Electronic,Kstar,,2018
liu_chiping,Liu Chiping,刘炽平,Male,1973.0,China,Media & Entertainment,Tencent,China-Shenzhen,2026
liu_chunlan,Liu Chunlan,刘春兰,Female,,China,Industrial Products,Victory Giant,China-Huizhou,2026
liu_de,Liu De,刘德,Male,,China,Consumer Goods,Xiaomi,China-Beijing,2026
liu_debing,Liu Debing,刘德兵,Male,1975.0,China,Artificial Intelligence,Knowledge Atlas,China-Beijing,2026
liu_dianbo,Liu Dianbo,刘殿波,Male,1965.0,China,Pharmaceuticals,Luye pharma,Shandong-Yantai,2021
liu_dongsheng,Liu Dongsheng,刘冬生,Male,1973.0,China,Chemicals,Red Avenue,China-Shanghai,2023
liu_fangyi,Liu Fangyi,刘方毅,Male,1970.0,,Healthcare,Intco,China-Zibo,2026
liu_fei,Liu Fei,刘飞,Male,1972.0,China,Industrial Products,Anda,China-Dongguan,2026
liu_feng,Liu Feng,刘锋,Male,1970.0,China,Metals & Mining,Yongfeng,China-Jinan,2026
liu_fengjie,Liu Fengjie,刘锋杰,Male,1981.0,China,Construction & Engineering,Keda ,China-Dongying,2022
liu_fuhai,Liu Fuhai,,,,,"Textiles, chemical industry ",Dahai ,,2018
liu_fuping,Liu Fuping,刘福平,Male,1982.0,China,Food,Weilong,China-Luohe,2022
liu_gexin,Liu Gexin,刘革新,Male,1951.0,China,Healthcare,Kelun Pharmaceutical,China-Chengdu,2026
liu_guoben,Liu Guoben,刘国本,Male,1944.0,China,Batteries,Camel ,China-Xiangyang,2022
liu_guowei,Liu Guowei,刘国伟,Male,1972.0,,Industrial Products,Inovance Technology,China-Shenzhen,2026
liu_haining,Liu Haining,刘海凝,Male,1972.0,,Software & Services,NorthKing,China-Beijing,2026
liu_hanyuan,Liu Hanyuan,刘汉元,Male,1964.0,China,Energy,Tongwei,China-Chengdu,2026
liu_hanyuan_guan_yamei,Liu Hanyuan & Guan Yamei ,,,,,"Agriculture, new energy",Tongwei ,,2018
liu_hao,Liu Hao,刘昊,Male,1976.0,China,Consumer Goods,Aohai Technology,China-Dongguan,2026
liu_honglin,Liu Honglin,刘洪林,Male,1951.0,China,Chemicals,Sanmu,China-Wuxi,2026
liu_hua,Liu Hua,刘华,Male,1973.0,China,Dairy ,Feihe,Beijing-Beijing,2021
liu_jiang,Liu Jiang,刘江,Male,1968.0,China,City gas,Guizhou Gas Group,Guizhou-Guiyang,2019
liu_jianguo,Liu Jianguo,刘建国,Male,1968.0,China,Industrial Products,Delijia,China-Wuxi,2026
liu_jianjun,Liu Jianjun,,,,,Mining,HuaYu,,2017
liu_jianmin_wang_aiqin,Liu Jianmin & Wang Aiqin,,,,,Metals,Jianxin ,,2017
liu_jieqian,Liu Jieqian,刘洁茜,Male,1976.0,,Semiconductors,Bright Power,China-Shanghai,2022
liu_jilu,Liu Jilu,刘冀鲁,Male,1947.0,Hong Kong,Transportation & Logistics,SF,China-Hong Kong,2022
liu_jilu_liu_lingyun,Liu Jilu & Liu Lingyun,,,,,Express delivery,SF Express,,2018
liu_jinchan,Liu Jinchan,刘锦婵,,,,Industrial Products,Delton Technology,China-Guangzhou,2026
liu_jincheng,Liu Jincheng,刘金成,Male,1964.0,China,Energy,EVE Energy,China-Huizhou,2026
liu_jincheng_luo_jinhong,Liu Jincheng & Luo Jinhong,,,,,lithium battery,Eve Energy,,2018
liu_jingkang,Liu Jingkang,刘靖康,,1991.0,China,Consumer Goods,Arashi Vision,China-Shenzhen,2026
liu_jingyu,Liu Jingyu,刘景裕,Male,1964.0,,Semiconductors,Fine Made,China-Shenzhen,2022
liu_ke_chen,Liu Ke-Chen,刘克振,Male,,Taiwan,Industrial Products,Advantech,China-Taipei,2026
liu_lei,Liu Lei,刘蕾,Female,1979.0,China,Consumer Goods,Aohai Technology,China-Dongguan,2026
liu_ling,Liu Ling,刘玲,Female,1964.0,China,Industrial Products,Kstar,China-Shenzhen,2026
liu_manshi,Liu Manshi & Family,,,,,Coal ,Manshi ,,2018
liu_minghui,Liu Minghui,刘明辉,Male,1963.0,Hong Kong,Energy,China Gas,China-Hong Kong,2026
liu_qiangdong,Liu Qiangdong,刘强东,Male,1974.0,China,Retail,JD,China-Beijing,2026
liu_qingfeng,Liu Qingfeng,刘庆峰,Male,1973.0,China,Artificial Intelligence,Iflytek,China-Hefei,2026
liu_quan,Liu Quan,刘泉,Male,1976.0,,Retail,United IT,China-Beijing,2023
liu_ruopeng,Liu Ruopeng,刘若鹏,Male,1983.0,China,Industrial Products,Kuang-chi,China-Shenzhen,2026
liu_shaobai_huang_xiaofen,Liu Shaobai & Huang Xiaofen,,,,,Electric,Kingwong,,2018
liu_shaoxi,Liu Shaoxi,刘绍喜,Male,1963.0,China,"Health care, real estate, Investment ",Yihua Timbar Stock,Shanghai-Shanghai,2020
liu_sheng,Liu Sheng,刘圣,,1971.0,,Telecommunications,Zhongji Innolight,China-Yantai,2026
liu_shenghui,Liu Shenghui,刘圣慧,Female,1971.0,China,Dairy ,Feihe,Beijing-Beijing,2021
liu_shengjun,Liu Shengjun,柳胜军,Male,1969.0,China,Industrial Products,Himile,China-Weifang,2026
liu_shui,Liu Shui,,,,,Ecological gardening,Techand,,2018
liu_sichuan,Liu Sichuan,刘思川,Male,,China,"Pharmaceuticals, Medicine Circulation ",Kelun Pharmaceutical,Sichuan-Chengdu,2020
liu_tianwen,Liu Tianwen,刘天文,Male,1963.0,China,Software & Services,Isoftstone,China-Beijing,2026
liu_tieying,Liu Tieying,刘铁鹰,Male,,Chongqing,Healthcare,Zhifei,China-Chongqing,2026
liu_tin_ren,Liu Tin-Ren,刘丁仁,,,,Semiconductors,Media Tek,China-Hsinchu,2026
liu_wei,Liu Wei,刘伟,Male,1987.0,China,Media & Entertainment,Mihoyo,China-Shanghai,2026
liu_wei_2,Liu Wei,,,,,TMT,PCI,,2018
liu_wei_3,Liu Wei,,,,,TMT,PCI,,2017
liu_wei_4,Liu Wei,刘伟,Male,1965.0,China,Software & Services,PCI-Suntek,Guangdong-Guangzhou,2025
liu_wei_5,Liu Wei,刘伟,Female,,China,Software & Services,PCI-Suntek,China-Guangzhou,2026
liu_weihong,Liu Weihong,刘洧宏,Female,1981.0,China,Food & Beverages,ChaPanda,China-Chengdu,2026
liu_weiping,Liu Weiping,刘卫平,Male,1979.0,China,Food & Beverages,Weilong,China-Luohe,2026
liu_xianbing,Liu Xianbing,刘先兵,,,,Industrial Products,Kema Tech,China-Suzhou,2026
liu_xiangyu,Liu Xiangyu,刘相宇,Male,1975.0,China,Chemicals,East Hope,China-Shanghai,2026
liu_xianwu,Liu Xianwu,刘宪武,,1962.0,Liaoning,Chemicals,Bio Chemical,China-Dalian,2026
liu_xiaodong,Liu Xiaodong,刘晓东,Male,1967.0,China,Food & Beverages,Bairun,China-Shanghai,2026
liu_xicheng,Liu Xicheng,,,,,"Pharmaceuticals, energy",Nanfangtongzheng ,,2018
liu_xinrong,Liu Xinrong,柳新荣,Male,1973.0,China,Food & Beverages,Jiahe Foods,China-Suzhou,2022
liu_xiucai,Liu Xiucai,刘修才,Male,1957.0,,Healthcare,Cathay,China-Shanghai,2026
liu_xuebin,Liu Xuebin,刘学斌,Male,1972.0,China,Developer,Cinese,China-Dongguan,2022
liu_xuejing,Liu Xuejing,刘学景,Male,1951.0,China,Food,GMK,China-Liaocheng,2022
liu_yachao,Liu Yachao,刘亚超,Male,1981.0,China,Education,TAL,Beijing-Beijing,2021
liu_yan,Liu Yan,刘艳,Female,,China,Chemicals,Bio Chemical,China-Dalian,2026
liu_yanghong,Liu Yanghong,刘仰宏,Male,1978.0,,Consumer Durables,Transsion,Guangdong-Shenzhen,2021
liu_yanyun,Liu Yanyun,刘延云,Male,1967.0,,Food & Beverages,Kinghey,China-Shijiazhuang,2023
liu_yi,Liu Yi,刘毅,Male,1967.0,China,Medical Devices,Andon Health,China-Tianjin,2022
liu_yingqi,Liu Yingqi,刘颖麒,Male,1977.0,,Financial Management,Yeahka,Guangdong-Shenzhen,2021
liu_yinxin,Liu Yinxin,刘迎新,Male,1970.0,,Industrial Products,Inovance Technology,China-Shenzhen,2026
liu_yiqian,Liu Yiqian,刘益谦,Male,1963.0,China,Investments,Sunline,China-Shanghai,2026
liu_yonghao,Liu Yonghao,刘永好,Male,1951.0,China,Agriculture,New Hope,China-Chengdu,2026
liu_yongxing,Liu Yongxing,刘永行,Male,1948.0,China,Chemicals,East Hope,China-Shanghai,2026
liu_yuhua_zhao_yan,Liu Yuhua & Zhao Yan,,,,,Investments,Bloomage,,2018
liu_yunli,Liu Yunli,刘运利,Male,,China,Media & Entertainment,Weibo,China-Beijing,2022
liu_yuxia,Liu Yuxia,刘玉霞,Male,,,Metals & Mining,Anning Iron And Titanium,China-Panzhihua,2026
liu_zaiwang_fu_haixia,Liu Zaiwang & Fu Haixia,,,,,Construction,Jiangho ,,2018
liu_zhendong,Liu Zhendong,刘振东,Male,1971.0,China,Real Estate,Liando,China-Beijing,2026
liu_zhenfeng,Liu Zhenfeng,刘贞峰,Male,1961.0,China,Industrial Products,Jereh Oilfield,China-Yantai,2026
liu_zhengguo,Liu Zhengguo,,,,,Water Technology,Origin Water,,2018
liu_zhiqiang,Liu Zhiqiang,刘志强,Male,1964.0,China,Real Estate,Heung Kong,China-Shenzhen,2026
liu_zhiqiang_zhai_meiqing,Liu Zhiqiang & Zhai Meiqing,,,,,"Real Estate, Furniture retail ",Heung Kong ,,2018
liu_zhongtian,Liu Zhongtian,刘忠田,Male,1964.0,China,Metals & Mining,Zhongwang ,Liaoning-Liaoyang,2021
liu_zihong,Liu Zihong,刘自鸿,Male,1983.0,,Consumer Electronics,Royole,China-Shenzhen,2022
liu_zijia,Liu Zijia,刘子嘉,Male,1994.0,Hong Kong,Metals & Mining,Jiaxin International,China-Hong Kong,2026
livia_voigt,Livia Voigt,Livia Voigt,,,,Industrial Products,WEG,Brazil-Florianópolis,2026
lloyd_blankfein,Lloyd Blankfein,Lloyd Blankfein,Male,1954.0,United States,Financial Services,Goldman Sachs,USA-New York,2026
lloyd_d_frink,Lloyd D Frink,Lloyd D Frink,Male,1966.0,United States,Software & Services,Zillow,USA-Seattle,2026
lloyd_dorfman,Lloyd Dorfman,Lloyd Dorfman,Male,1953.0,United Kingdom,Financial Services,Travelex,UK-London,2026
lo_ka_shui,Lo Ka Shui,罗嘉瑞,Male,,Hong Kong,Real Estate,Great Eagle,China-Shenzhen,2026
long_daqiang,Long Daqiang,龙大强,Male,,China,Energy,Solarspace,China-Xuzhou,2026
lorenzo_fertitta,Lorenzo Fertitta,洛伦佐·费蒂塔,Male,1969.0,United States,Media & Entertainment,Zuffa,USA-Las Vegas,2026
lorenzo_mendoza,Lorenzo Mendoza,,,,,Food & Beverages,Empresas Polar,,2017
lottie_tham,Lottie Tham,洛蒂·塔姆,Female,,Sweden,Consumer Goods,H&M,Sweden-Stockholm,2026
lou_boliang,Lou Boliang,楼柏良,Male,1963.0,China,Healthcare,Pharmaron,China-Beijing,2023
lou_fu_an,Lou Fu'an,娄甫安,,,,Consumer Goods,Deli,China-Ningbo,2026
lou_fujun,Lou Fujun,娄甫君,Male,,China,Consumer Goods,Deli,China-Ningbo,2026
lou_guoqiang,Lou Guoqiang,楼国强,Male,1957.0,China,Metals & Mining,Jintian Copper,China-Ningbo,2026
lou_jing,Lou Jing,娄竞,Male,,China,Healthcare,3SBio,China-Shenyang,2026
lou_xiaoqiang,Lou Xiaoqiang,楼小强,Male,1968.0,China,Healthcare,Pharmaron,China-Beijing,2023
lou_zhongfu,Lou Zhongfu,楼忠福,Male,,China,Construction,Guangsha ,Zhejiang-Hangzhou,2019
louis_bacon,Louis Bacon,路易斯·培根,Male,,United States,Investments,Moore Capital,USA-Oyster Bay,2026
louis_le_duff,Louis Le Duff,Louis Le Duff,Male,1947.0,France,Food & Beverages,Groupe Le Duff,France-Paris,2026
louise_lindh,Louise Lindh,路易丝·林德,Female,,Sweden,Investments,LE Lundbergforetagen,Sweden-Stockholm,2026
low_tuck_kwong,Low Tuck Kwong,黄德光,Male,1948.0,Indonesia,Metals & Mining,Bayan Resources,Indonesia-Jakarta,2026
lu_ang,Lu Ang,陆昂,Female,1963.0,China,Investments,China Guardian,China-Beijing,2026
lu_bin,Lu Bin,陆斌,Male,1960.0,China,Industrial Products,Neway,China-Suzhou,2026
lu_cheng,Lu Cheng,卢成,Male,,,Food & Beverages,Nongfu Spring,China-Hangzhou,2026
lu_chuping,Lu Chuping,鲁楚平,Male,1965.0,China,Industrial Products,Broad-Ocean Motor,China-Zhongshan,2026
lu_chuping_peng_hui,Lu Chuping & Peng Hui,,,,,Technology,Dayang ,,2018
lu_di,Lu Di,陆地,Male,,China,Consumer Goods,DJI,China-Shenzhen,2026
lu_feng,Lu Feng,陆风,Male,1968.0,China,Financial Services,Wind,China-Shanghai,2026
lu_guanqiu,Lu Guanqiu & family,,,,,Automobiles & Auto Components,Wanxiang ,,2017
lu_hongyan,Lu Hongyan,卢竑岩,Male,1977.0,China,Media & Entertainment,G-bits,China-Xiamen,2026
lu_jiahong,Lu Jiahong,卢家红,Female,1979.0,China,Equipments,Lyric,China-Huizhou,2022
lu_jianguo,Lu Jianguo,鲁建国,Male,1970.0,,Healthcare,Zhende,China-Shaoxing,2026
lu_jianxia,Lu Jianxia,陆剑霞,Female,1993.0,China,Food & Beverages,Manner,China-Shanghai,2026
lu_keping,Lu Keping,陆克平,Male,1944.0,China,Consumer Goods,Jiangsu Sunshine,China-Wuxi,2023
lu_pingfang,Lu Pingfang,卢萍芳,Female,,China,Industrial Products,Minglida Precision,China-Shenzhen,2023
lu_qianfang,Lu Qianfang,陆倩芳,Female,1961.0,China,Real Estate,Agile,China-Guangdong-Guangzhou,2024
lu_rongfu,Lu Rongfu,卢荣富,Male,1971.0,China,Software & Services,Yealink,China-Xiamen,2023
lu_ruibo,Lu Ruibo,陆瑞博,Male,1964.0,China,Industrial Products,Impro Precision,China-Hong Kong,2026
lu_shengju,Lu Shengju,卢生举,Male,1966.0,China,Real Estate,Casin,China-Chongqing,2022
lu_shenglin,Lu Shenglin,卢盛林,Male,1980.0,China,Consumer Electronics,OPT Machine Vision Tech,China-Dongguan,2022
lu_weiding,Lu Weiding,鲁伟鼎,Male,1971.0,China,Automobile & Auto Components,Wanxiang,China-Hangzhou,2026
lu_weidong,Lu Weidong,鲁卫东,Male,1965.0,Inner Mongolia,Consumer Goods,Erdos,China-Ordos,2026
lu_weiqin,Lu Weiqin,芦伟琴,Female,1955.0,China,Electrical equipment,Suwen Electric,China-Changzhou,2022
lu_xiaofu,Lu Xiaofu,卢晓芙,Male,,,Food & Beverages,Nongfu Spring,China-Hangzhou,2026
lu_xiaowei,Lu Xiaowei,卢晓苇,Male,,,Food & Beverages,Nongfu Spring,China-Hangzhou,2026
lu_yanyun,Lu Yanyun,陆燕云,Female,1978.0,China,Industrial Products,Xihua,China-Wuxi,2026
lu_yiwen,Lu Yiwen,卢依雯,Female,1987.0,China,Retail,DR,China-Shenzhen,2026
lu_yonghua,Lu Yonghua,陆永华,Male,1963.0,China,Energy,Linyang,China-Nantong,2023
lu_yonghua_mao_caihong,Lu Yonghua & Mao Caihong,,,,,Manufacturing,Linyang Electronics ,,2018
lu_zhaoxi,Lu Zhaoxi,陆兆禧,Male,1969.0,China,Retail,Alibaba,China-Hangzhou,2026
lu_zhengyao,Lu Zhengyao,陆正耀,Male,1970.0,China,"Automobile Service, Coffee Chains","CAR, Luckin",Beijing-Beijing,2020
lu_zhilin,Lu Zhilin,卢治临,Male,1983.0,China,Consumer Electronics,OPT Machine Vision Tech,China-Dongguan,2022
lu_zhiqiang,Lu Zhiqiang,卢志强,Male,1952.0,China,Financial Services,Oceanwide,China-Beijing,2022
lu_zhongfang,Lu Zhongfang,鲁忠芳,Female,1942.0,China,Education & Training,Offcn,China-Beijing,2023
lu_zongjun,Lu Zongjun,卢宗俊,Male,1963.0,,Transportation & Logistics,Zhonggu,China-Shanghai,2026
luana_lopes_lara,Luana Lopes Lara,Luana Lopes Lara,Female,1995.0,United States,Financial Services,Kalshi,USA-New York,2026
luc_tack,Luc Tack,Luc Tack,Male,1962.0,Belgium,Chemicals,Tessenderlo Group,Belgium-Deinze,2026
luca_barilla,Luca Barilla,卢卡·巴里拉,Male,,Italy,Food & Beverages,Barilla Group,Italy-Parma,2026
luca_del_vecchio,Luca del Vecchio,Luca del Vecchio,Male,,Italy,Consumer Goods,EssilorLuxottica,UK-London,2026
luca_garavoglia,Luca Garavoglia,卢卡·加拉沃里亚,Male,,Italy,Food & Beverages,Gruppo Campari,Italy-Milan,2026
luca_rovati,Luca Rovati & family,,,,,Pharmaceuticals,Meda ,,2017
lucas_walton,Lucas Walton,,,,,Multi Brand Retailing,Walmart,,2018
lucia_borges_maggi,Lucia Borges Maggi,Lucia Borges Maggi,Male,,Brazil,Agriculture,Andre Maggi Group,Brazil-Rondonopolis,2026
luciano_benetton,Luciano Benetton,卢西亚诺·贝纳通,Male,1935.0,Italy,Consumer Goods,Benetton,Italy-Ponzano Veneto,2026
luciano_hang,Luciano Hang,Luciano Hang,Male,1963.0,Brazil,Retail,Havan,Brazil-Brusque,2026
lucio,Lucio,Lucio,,,,Retail,Cosco Capital,Philippines-Manila,2026
lucio_and_susan_co,Lucio and Susan Co,许炳记,Male,1955.0,Philippines,Retail,Cosco Capital,Philippines-Manila,2024
lucio_tan,Lucio Tan,陈永栽,Male,1934.0,Philippines,Consumer Goods,LT Group,Philippines-Manila,2026
lucy_gou,Lucy Gou,Lucy Gou,Female,1994.0,United States,Artificial Intelligence,Scale AI,USA-Los Angeles,2026
lucy_stitzer,Lucy Stitzer,露西·斯蒂泽,Female,,United States,Agriculture,Cargill,USA-Greenwich,2026
ludger_rethmann,Ludger Rethmann,路德·瑞斯曼,Male,,Germany,Services,Rethmann,Germany-Lünen,2026
ludwig_merckle,Ludwig Merckle,路德维格·马克哈尔,Male,,Germany,Construction & Engineering,HeidelbergCement,Germany-Ulm,2026
ludwig_theodore_braun,Ludwig Theodore Braun,路德维希·西奥多·布劳恩,Male,,Germany,Healthcare,B. Braun,Germany-Melsungen,2026
lui_che_woo,Lui Che Woo,吕志和,Male,,Hong Kong,Hospitality,Galaxy Entertainment,China-Hong Kong,2024
lui_yiu_tung,Lui Yiu Tung,吕耀东,,,,Hospitality,Galaxy Entertainment,China-Hong Kong,2026
luigi_berlusconi,Luigi Berlusconi,Luigi Berlusconi,Male,1988.0,Italy,Media & Entertainment,MFE-MediaForEurope,Italy-Macherio,2026
luigi_cremonini,Luigi Cremonini,路易吉·克雷莫尼尼,Male,,Italy,Food & Beverages,Cremonini Group,Italy-Modena,2026
luigi_rovati,Luigi Rovati,卢卡·罗瓦蒂,Male,,Italy,Pharmaceuticals,Rottapharm,,2020
luis_alejandro_pagani,Luis Alejandro Pagani,路易斯·亚历杭德罗·帕加尼,Male,,Argentina,Construction & Engineering,Grupo Arcor,Argentina-San Isidro,2026
luis_carlos_sarmiento,Luis Carlos Sarmiento,路易斯·卡洛斯·萨米恩托,Male,,Colombia,Financial Services,Grupo Aval,Colombia-Bogota,2026
luis_enrique_yarur_rey,Luis Enrique Yarur Rey,路易斯·恩里克·亚鲁·雷伊,Male,,Chile,Financial Services,Banco de Crédito e Inversiones,Chile-Santiago,2026
luis_frias,Luis Frias,Luis Frias,Male,1964.0,Brazil,Payment Solutions,PagSeguro Digital,Brazil-Sao Paulo,2022
luitpold_ferdinand_von_finck,Luitpold Ferdinand von Finck,Luitpold Ferdinand von Finck,Male,1971.0,Switzerland,Software & Services,SGS,Switzerland-Baar,2026
luiz_frias,Luiz Frias,Luiz Frias,Male,1963.0,Brazil,Financial Services,PagBank,Brazil-Sao Paulo,2026
luiza_helena_trajano,Luiza Helena Trajano,Luiza Helena Trajano,Female,1952.0,Brazil,Retail,Magazine Luiza,Brazil,2025
lukas_duschmale,Lukas Duschmale,卢卡斯·杜施马累,Male,,Switzerland,Pharmaceuticals,Roche,,2021
lukas_henrich_lundin,Lukas Henrich Lundin,,,,,Oil&Gas,Nemesia,,2018
lukas_henrik_lundin,Lukas Henrik Lundin,卢卡斯·亨里希·伦丁,Male,,Switzerland,Oil & Gas,Nemesia,Switzerland-Geneva,2022
lukas_walton,Lukas Walton,卢卡斯·沃尔顿,Male,,United States,Retail,Walmart,USA-Jackson,2026
luke_and_brian_comer,Luke And Brian Comer,卢克和布莱恩·科默,Male,,Monaco,Real Estate,Comer Group,,2020
lun_ruixiang,Lun Ruixiang,伦瑞祥,Male,1967.0,Hong Kong,Developer,Huijing,China-Hong Kong,2022
lun_ruixiang_2,Lun Ruixiang,伦瑞祥,Male,1967.0,Hong Kong,Estate Holding,Huijing,China-Hong Kong,2022
luo_hongxia,Luo Hongxia,罗宏霞,Female,1977.0,China,Industrial Products,Dingtong,China-Dongguan,2026
luo_jie,Luo Jie,罗结,Male,,Taiwan,Manufacturing ,Cheng Shin Rubber ,Chinese Taipei-Changhua,2020
luo_jinhong,Luo Jinhong,骆锦红,Female,1967.0,China,Energy,EVE Energy,China-Huizhou,2026
luo_liguo,Luo Liguo,罗立国,Male,1956.0,China,Metals & Mining,Hoshine,China-Ningbo,2026
luo_ningzheng,Luo Ningzheng,罗宁政,Male,1972.0,China,Healthcare,160 Health,China-Shenzhen,2026
luo_qianqian,Luo Qianqian,雒芊芊,Female,,California,Investments,Shanda,USA-Atherton,2026
luo_qiuping,Luo Qiuping,罗秋平,Male,1963.0,China,Consumer Goods,Blue Moon,China-Guangzhou,2026
luo_shaoyu,Luo Shaoyu,罗韶宇,Male,,China,"Property, special automobiles, investments",Dongyin ,Henan-Zhengzhou,2019
luo_shaoyu_zhao_jiehong,Luo Shaoyu & Zhao Jiehong,,,,,"Property, special automobiles, investments",Dongyin ,,2018
luo_shi,Luo Shi,罗实,Male,1973.0,China,Education,Tianli,Sichuan-Chengdu,2021
luo_tsai_ren,Luo Tsai-Ren,罗才仁,Male,1953.0,China,Automobile & Auto Components,Cheng Shin Rubber,China-Changhua,2026
luo_yangyong,Luo Yangyong,罗阳勇,Male,1975.0,,Metals & Mining,Anning Iron And Titanium,China-Panzhihua,2026
luo_yi,Luo Yi,骆奕,Female,,China,Investments,Chongyang,China-Shanghai,2026
luo_yuhao,Luo Yuhao,罗宇皓,Male,1987.0,China,Media & Entertainment,Mihoyo,China-Shanghai,2026
luo_yuping,Luo Yuping,罗玉平,Male,1966.0,China,Developer,Zhongtian,China-Guiyang,2022
lutz_mario_helmig,Lutz Mario Helmig,卢兹·马里奥·赫尔米格,Male,,Germany,Healthcare,Aton,Germany-Grebenhain,2026
lv_dongfang,Lv Dongfang,吕冬芳,,1973.0,Heilongjiang,Automobile & Auto Components,Tianyouwei,China-Harbin,2026
lv_shaolin,Lv Shaolin,吕绍林,Male,1973.0,China,Industrial Products,Bozhon Precision,China-Suzhou,2026
lynda_resnick,Lynda Resnick,琳达·雷斯尼克,Female,,,Food & Beverages,The Wonderful Company,USA-Beverly Hills,2026
lyndal_stephens_greth,Lyndal Stephens Greth,Lyndal Stephens Greth,Female,1975.0,United States,Energy,Endeavor Energy Resources,USA-Midland,2026
lynn_schusterman,Lynn Schusterman,林恩·舒斯特曼,Female,1939.0,United States,Energy,Samson Resources,USA-Tulsa,2026
lynsi_snyder,Lynsi Snyder,Lynsi Snyder,Female,1983.0,United States,Food & Beverages,In-N-Out Burger,USA-Glendora,2026
lynsi_torres,Lynsi Torres,琳西·托雷斯,Female,,United States,Food & Beverages,In N Out Burgers,,2020
lyu_dalong,Lyu Dalong,吕大龙,Male,,China,Semiconductors,Willsemi,China-Shanghai,2022
lyu_hui,Lyu Hui,吕慧,Male,1949.0,Hong Kong,Metals & Mining,Pioneer Metals,China-Hong Kong,2026
lyu_hui_chen_ningning,Lyu Hui & Chen Ningning,,,,,Iron & Steel,Pioneer Metals ,,2018
lyu_jiangming,Lyu Jiangming,吕建明,Male,1965.0,China,Healthcare,Top Choice Medical,China-Hangzhou,2023
lyu_li,Lyu Li,吕莉,Female,1976.0,China,Industrial Products,Anjie Technology,Jiangsu-Suzhou,2021
lyu_peirong,Lyu Peirong,吕培榕,Male,1959.0,China,Investments,Dadi,China-Fujian-Quanzhou,2024
lyu_xiangyang,Lyu Xiangyang,吕向阳,Male,1963.0,China,Investments,Youngy,China-Guangzhou,2026
lyu_xiangyang_zhang_changhong,Lyu Xiangyang & Zhang Changhong,,,,,Investments,Guangzhou Youngy,,2018
lyu_yixiong,Lyu Yixiong,吕义雄,Male,1977.0,China,Consumer Goods,Chicmax,China-Shanghai,2026
lyu_yongxiang,Lyu Yongxiang,吕永祥,Male,1950.0,China,Manufacturing,Yongda,Jilin-Changchun,2020
m_a_alagappan,M A Alagappan,M A Alagappan,Male,,India,Automobile & Auto Components,Tube Investments of India,India-Chennai,2024
m_a_m_arunachalam,M A M Arunachalam,M A M Arunachalam,Male,1967.0,India,Automobile & Auto Components,Tube Investments Of India,India-Chennai,2026
m_satyanarayana_reddy,M Satyanarayana Reddy,萨蒂亚纳拉亚娜·雷迪,Male,,India,Healthcare,MSN Laboratories,India-Hyderabad,2026
ma_bin,Ma Bin,马斌,Male,1970.0,China,Industrial Products,Shemar,China-Shanghai,2026
ma_chengxi,Ma Chengxi,马成喜,Male,1956.0,China,Developer,Modern  ,Tianjin-Tianjin,2021
ma_dongmin,Ma Dongmin,马东敏,Female,1970.0,China,Media & Entertainment,Baidu,China-Beijing,2026
ma_fei,Ma Fei,马飞,Male,1968.0,China,Industrial Products,FRD,China-Shenzhen,2026
ma_guolin,Ma Guolin,马国林,Male,1964.0,China,Chemicals,Satellite Petro Chemical,China-Jiaxing,2022
ma_hong,Ma Hong,马宏,Male,1971.0,China,Semiconductors,Raytron,China-Yantai,2026
ma_hong_huang_xiaoxuan,Ma Hong & Huang Xiaoxuan,,,,,Apparel,Souyute,,2018
ma_huateng,Ma Huateng,马化腾,Male,1971.0,China,Media & Entertainment,Tencent,China-Shenzhen,2026
ma_huizhen,Ma Huizhen,马惠真,Female,,China,Personal Care,Liby,China-Guangzhou,2022
ma_jianrong,Ma Jianrong,马建荣,Male,1965.0,China,Consumer Goods,Shenzhou,China-Ningbo,2026
ma_renhe,Ma Renhe,马仁和,Male,1960.0,China,Apparel & Textile Products,Shenzhou ,China-Ningbo,2022
ma_ruimin,Ma Ruimin,马瑞敏,Male,1965.0,China,Apparel & Accessories,Dazzle,China-Shanghai,2022
ma_weijian,Ma Weijian,马维建,Male,,Taiwan,Financial Services,Yuanta,China-Taipei,2026
ma_xingtian,Ma Xingtian,马兴田,Male,1969.0,China,Healthcare,Kangmei,Guangdong-Jieyang,2021
ma_xiuhui,Ma Xiuhui,马秀慧,Male,1971.0,China,Energy,Opple,China-Shanghai,2026
ma_xiuhui_wang_yaohai,Ma Xiuhui & Wang Yaohai,,,,,Manufacturing,Opple,,2018
ma_yixin,Ma Yixin,马艺芯,Female,1991.0,China,Apparel & Accessories,Dazzle,China-Shanghai,2022
ma_yun,Ma Yun,马云,Male,1964.0,China,Retail,Alibaba,China-Hangzhou,2026
ma_yun_family,Ma Yun family,,Male,1964.0,,IT,Alibaba,,2016
ma_yunsheng,Ma Yunsheng,,,,,Petrochemicals,Chambroad,,2018
ma_yusuff_ali,MA Yusuff Ali,马优素夫·阿里,Male,1955.0,United Arab Emirates,Retail,LuLu,UAE-Abu Dhabi,2026
ma_zhiqing,Ma Zhiqing,马之清,Male,1955.0,China,Chemicals,Qingyuan,Shandong-Zibo,2021
mackenzie_scott,MacKenzie Scott,麦肯齐·斯科特,Female,1971.0,United States,Investments,Amazon,USA-Seattle,2026
madan_mohan_mohanka,Madan Mohan Mohanka,Madan Mohan Mohanka,,,,Industrial Products,Tega Industries,India-Kolkata,2026
maddalena_garavoglia,Maddalena Garavoglia,,,,,Food & Beverages,Gruppo Campari,,2017
madeleine_grogg,Madeleine Grogg,Madeleine Grogg,Female,1944.0,Switzerland,Healthcare,Bachem Holding,Switzerland-Liestal,2026
madeleine_olsson_ericksson,Madeleine Olsson Ericksson,马德琳·奥尔森·埃里克森,Female,,Sweden,Investments,Stena Sphere,Sweden-Gothenburg,2026
madhavkrishna_singhania,Madhavkrishna Singhania,Madhavkrishna Singhania,Male,1988.0,India,Construction & Engineering,JK Cement,India-New Delhi,2026
madhu_kapur,Madhu Kapur,,,,,Financial Services,Yes Bank,,2018
madhukar_parekh,Madhukar Parekh,马德乌卡·帕雷克,Male,,India,Chemicals,Pidilite Industries,India-Mumbai,2026
madhusudan_agarwal,Madhusudan Agarwal,Madhusudan Agarwal,Male,1957.0,India,Food & Beverages,Haldiram Snacks,India-New Delhi,2024
madhusudhan_agarwal,Madhusudhan Agarwal,马杜苏丹·阿加瓦尔,Male,,India,Food & Beverages,Haldiram Snacks,India-New Delhi,2026
magdalena_blocher,Magdalena Blocher,马格达莱娜·布洛赫,Female,1969.0,Switzerland,Chemicals,EMS Chemie,Switzerland-Feldmeilen,2026
maggie_magerko,Maggie Magerko,玛吉·玛格尔科,Female,1965.0,United States,Construction & Engineering,84 Lumber,USA-Belle Vernon,2026
magic_johnson,Magic Johnson,Magic Johnson,Male,1959.0,United States,Financial Services,Equitrust Capital,USA-Los Angeles,2026
maha_vajiralongkorn_phra_vajiraklaochaoyuhua,Maha Vajiralongkorn Phra Vajiraklaochaoyuhua,Maha Vajiralongkorn Phra Vajiraklaochaoyuhua,Male,1953.0,Thailand,Financial Services,Siam Commercial Bank,Thailand-Bangkok,2026
mahabir_prasad_agarwal,Mahabir Prasad Agarwal,Mahabir Prasad Agarwal,,,,Metals & Mining,Shyam Metalics & Energy,India-Kolkata,2026
mahaveer_prasad_taparia,Mahaveer Prasad Taparia,Mahaveer Prasad Taparia,Male,,India,Consumer Goods,Supreme Industries,India,2025
mahdi_al_tajir,Mahdi Al-Tajir,马赫迪·塔吉尔,Male,,United Kingdom,Food & Beverages,Highland Spring,UK-London,2026
mahendra_c_choksi,Mahendra C Choksi,马韩德拉·C·高格斯,Male,1942.0,India,Chemicals,Asian Paints,India-Mumbai,2024
mahendra_chimanlal_choksi,Mahendra Chimanlal Choksi,马亨德拉·奇曼拉尔·乔克西,Male,,India,Chemicals,Asian Paints,India-Mumbai,2026
mahendra_prasad,Mahendra Prasad ,Mahendra Prasad ,Male,1940.0,India,Pharmaceuticals,Aristo Pharmaceuticals,India-New Delhi,2022
mahesh_gupta,Mahesh Gupta,马赫什·古普塔,Male,,India,Consumer Goods,Kent RO Systems,India,2025
mahima_datla,Mahima Datla,Mahima Datla,,,,Healthcare,Biological E,India-Hyderabad,2026
mahmud_kamani,Mahmud Kamani,马哈茂德·卡玛尼,Male,,United Kingdom,E-Commerce,Boohoo Group,UK-Manchester,2022
mai_gang,Mai Gang,麦刚,Male,1973.0,China,Consumer Goods,Pop Mart,China-Beijing,2026
mai_haoran,Mai Haoran,麦浩然,Male,1973.0,China,Consumer Goods,Pop Mart,China-Beijing,2026
maja_hoffman,Maja Hoffman,,,,,Pharmaceuticals,Roche,,2018
maja_hoffmann,Maja Hoffmann,玛雅·霍夫曼,Female,,Switzerland,Healthcare,Roche,Switzerland-Basel,2026
maja_oeri,Maja Oeri,玛雅·奥里,Female,,Switzerland,Healthcare,Roche,Switzerland-Basel,2026
majid_al_futtaim,Majid Al Futtaim,马吉德·弗泰伊姆,Male,,United Arab Emirates,Developer,Majid Al Futtaim,,2021
malav_ashwin_dani,Malav Ashwin Dani,玛拉夫·阿什温·丹尼,Male,,India,Chemicals,Asian Paints,,2019
malcolm_healey,Malcolm Healey,Malcolm Healey,Male,,United Kingdom,Consumer Goods,Wren Kitchens,UK-East Yorkshire,2026
mallika_srinivasan,Mallika Srinivasan,,,,,Automobiles & Auto Components,TAFE,,2018
manas_chiaravanond,Manas Chiaravanond,玛纳斯·基亚拉瓦农,Male,,Thailand,Food & Beverages,CP Group,Thailand-Bangkok,2026
manfred_paulmann,Manfred Paulmann,Manfred Paulmann,Male,1968.0,Chile,Retail,Cencosud,Chile-Santiago,2026
manfredi_lefebvre_d_ovidio,Manfredi Lefebvre d'Ovidio,Manfredi Lefebvre d'Ovidio,Male,1954.0,Monaco,Hospitality,Silversea Cruises,Monaco-Monaco,2026
mangal_prabhat_lodha,Mangal Prabhat Lodha,曼加尔·普拉波哈特·罗哈,Male,,India,Real Estate,Macrotech Developers,India-Mumbai,2026
manju_d_gupta,Manju D Gupta,曼珠·D·古普塔,Female,,India,Healthcare,Lupin,India-Mumbai,2026
mannalal_b_agarwal,Mannalal B Agarwal & family,,,,,Pharmaceuticals,Ajanta Pharma,,2017
mannalal_b_agrawal,Mannalal B Agrawal,Mannalal B Agrawal,Male,1947.0,India,Healthcare,Ajanta Pharma,India-Mumbai,2026
manny_stul,Manny Stul,Manny Stul,Male,1950.0,Australia,Consumer Goods,Moose Toys,Australia-Melbourne,2026
manohar_lal_agarwal,Manohar Lal Agarwal,马诺哈尔·拉尔·阿加瓦尔,Male,,India,Food & Beverages,Haldiram Snacks,India-New Delhi,2026
manoj_bhargava,Manoj Bhargava,,,,,Food & Beverages,5 Hour Energy,,2018
manoj_kumar_upadhyay,Manoj Kumar Upadhyay,Manoj Kumar Upadhyay,Male,1970.0,India,Energy,Acme Solar Holdings,India-Gurugram,2026
manoj_menda,Manoj Menda,曼诺杰·门达,Male,,India,Real Estate,RMZ,,2019
manoj_namburu,Manoj Namburu,Manoj Namburu,Male,1968.0,India,Real Estate,Alliance infrastructure,India-Chennai,2024
manoj_punjabi,Manoj Punjabi,Manoj Punjabi,Male,1972.0,Indonesia,Media & Entertainment,MD Pictures,Indonesia-Jakarta,2026
mansour_bin_zayed_al_nahyan,Mansour bin Zayed Al Nahyan,Mansour bin Zayed Al Nahyan,,1970.0,United Arab Emirates,Media & Entertainment,Media & Entertainment,UAE-Abu Dhabi,2026
manu_chiaravanond,Manu Chiaravanond,马努·奇拉瓦诺德,Male,,Thailand,Food & Beverages,CP Group,,2021
manuel_jove,Manuel Jove,曼纽尔·乔夫,Male,,Spain,Banking,Fadesa Inmobiliaria,,2020
manuel_lao_hernandez,Manuel Lao Hernandez,曼纽尔·劳埃尔南德斯,Male,1944.0,Spain,Media & Entertainment,Cirsa,Spain-Matadepera,2026
manuel_moroun,Manuel Moroun,曼努埃尔·莫鲁恩,Male,,United States,Logistics,Ambassador Bridge,,2020
manuel_urquijo_beltran,Manuel Urquijo Beltrán,曼努埃尔·乌奎乔·贝尔特兰,Male,,Mexico,TMT,Megacable Holdings,,2019
manuel_villar,Manuel Villar,曼努埃尔·比拉尔,Male,1949.0,Philippines,Retail,Golden Bria Holdings,Philippines-Manila,2026
mao_caihong,Mao Caihong,毛彩虹,Female,,China,Energy,Linyang,China-Nantong,2023
mao_geping,Mao Geping,毛戈平,,,,Consumer Goods,Maogeping,China-Hangzhou,2026
mao_guohua,Mao Guohua,毛国华,Male,1973.0,,Household Appliances,Roborock Technology,Beijing-Beijing,2021
mao_lixiang,Mao Lixiang,茅理翔,Male,1941.0,China,Consumer Goods,Fotile,China-Ningbo,2026
mao_wenchao,Mao Wenchao,毛文超,,,,Media & Entertainment,Xiaohongshu,China-Shanghai,2026
mao_zhongwu,Mao Zhongwu,毛中吾,Male,1962.0,China,Industrial Products,Sany,China-Changsha,2026
marc_andreessen,Marc Andreessen,Marc Andreessen,,,,Investments,Andreessen Horowitz,USA-Atherton,2026
marc_benioff,Marc Benioff,马克·贝尼奥夫,Male,1964.0,United States,Software & Services,Salesforce,USA-San Francisco,2026
marc_coucke,Marc Coucke ,,,,,Pharmaceuticals,Omega Pharma,,2018
marc_fielmann,Marc Fielmann,Marc Fielmann,,,,Retail,Fielmann Group AG,Germany-Hamburg,2026
marc_heriard_dubreuil,Marc Hériard Dubreuil,Marc Hériard Dubreuil,Male,1951.0,France,Food & Beverages,Remy Cointreau,France-Paris,2023
marc_krueger,Marc Krueger,Marc Krueger,Male,,Germany,Food & Beverages,Krueger,Germany-Bergisch Gladbach,2026
marc_ladreit_de_lacharriere,Marc Ladreit De Lacharriere,马克·拉德里特·德·拉沙里尔,Male,1940.0,France,Financial Services,Fimalac,France-Paris,2026
marc_lasry,Marc Lasry,马克·拉斯利,Male,,United States,Financial Services,Avenue Capital,USA-New York,2026
marc_lipschultz,Marc Lipschultz,Marc Lipschultz,,,,Financial Services,Blue Owl Capital,USA-New York,2026
marc_lore,Marc Lore,Marc Lore,Male,1971.0,United States,Food & Beverages,Wonder,USA-New York City,2026
marc_rowan,Marc Rowan,马克·罗恩,Male,1962.0,United States,Financial Services,Apollo Global Management,USA-New York,2026
marc_rubiralta,Marc Rubiralta,Marc Rubiralta,Male,1983.0,Spain,Healthcare,Werfen,Spain-Barcelona,2026
marc_samwer,Marc Samwer,Marc Samwer,Male,1971.0,Germany,Investments,Rocket Internet,Germany-Munich,2026
marcel_adams,Marcel Adams,Marcel Adams,Male,1921.0,Canada,Real Estate,Iberville Developments,,2020
marcel_erni,Marcel Erni,马塞尔·厄尼,Male,,Switzerland,Financial Services,Partners Group,Switzerland-Zug,2026
marcel_herrmann_telles,Marcel Herrmann Telles,马塞尔·赫尔曼· 泰列斯,Male,1950.0,Brazil,Investments,3G Capital,Brazil-Sao Paulo,2026
marcelo_claure,Marcelo Claure,Marcelo Claure,Male,,United States,Telecommunications,T-Mobile,USA-Miami Beach,2026
marco_degeorge,Marco DeGeorge,Marco DeGeorge,Male,1973.0,United States,Consumer Goods,Alo Yoga,USA-Los Angeles,2026
marco_dunand,Marco Dunand,,,,,Oil & Gas,Mercuria Energy,,2018
marco_squinzi,Marco Squinzi,Marco Squinzi,Male,1971.0,Italy,Chemicals,Mapei,Italy-Milan,2026
marco_vacchi,Marco Vacchi,马可·瓦奇,Male,,Italy,Industrial Products,IMA Group,Italy-Castenaso,2026
marcos_galperin,Marcos Galperin,马尔科斯·加尔佩林,Male,,Argentina,Retail,MercadoLibre,Argentina-Buenos Aires,2026
marcus_brennecke,Marcus Brennecke,Marcus Brennecke,Male,1962.0,Germany,Financial Services,EQT,Sweden-Stockholm,2026
marek_dospiva,Marek Dospiva,Marek Dospiva,Male,1970.0,Czech Republic,Investments,Penta Investments,Czech Republic-Prague,2026
maren_otto,Maren Otto,Maren Otto,Female,,Germany,Retail,Otto,Germany-Berlin,2026
margaret_baker,Margaret Baker,Margaret Baker,Female,1965.0,United States,Healthcare,Medline,USA-Ketchum,2026
margaret_lien,Margaret Lien,陈文贤,Female,,Singapore,Banking,United Overseas Bank,,2021
margaretta_taylor,Margaretta Taylor,玛格丽塔·泰勒,Female,,United States,Media & Entertainment,Cox Enterprises,USA-New York,2026
margarita_latsis,Margarita Latsis,Margarita Latsis,Female,1961.0,Monaco,Financial Services,EFG International,Monaco-Monaco,2026
margarita_louis_dreyfus,Margarita Louis Dreyfus,玛格丽塔·路易斯·德莱弗斯,Female,1962.0,Switzerland,Trading & Distribution,Louis Dreyfus,Switzerland-Davos,2026
margot_birmingham_perot,Margot Birmingham Perot,Margot Birmingham Perot,Female,1934.0,United States,Software & Services,Perot Systems,USA-Dallas,2026
maria_angela_aguiar_bellizia,Maria Angela Aguiar Bellizia,玛丽亚·安吉拉·阿吉亚尔·贝利齐亚,Female,,Brazil,Banking,Banco Bradesco,,2020
maria_angelicoussis,Maria Angelicoussis,Maria Angelicoussis,Female,1982.0,Greece,Transportation & Logistics,Angelicoussis Group,Greece-Athens,2026
maria_asuncion_aramburuzabala,Maria Asuncion Aramburuzabala,玛丽亚·亚松森·阿兰布拉祖巴拉,Female,1964.0,Mexico,Food & Beverages,Anheuser-Busch InBev,Mexico-Mexico City,2026
maria_cecilia_karlezi_solari,Maria Cecilia Karlezi Solari,玛丽亚·塞西莉亚·卡尔莱齐·索拉里,Female,,Chile,Retail,SACI Falabella,Chile-Santiago,2026
maria_de_lourdes_egydio_villela,Maria De Lourdes Egydio Villela,玛丽亚·德·卢尔德·埃吉迪奥·维拉,Female,,Brazil,Financial Services,Itau Unibanco,Brazil,2025
maria_del_carmen_sundblad_beccar_varela,Maria del Carmen Sundblad Beccar Varela,Maria del Carmen Sundblad Beccar Varela,,,,Energy,Perez Companc,Argentina-Buenos Aires,2026
maria_del_pino_y_calvo_soleto,Maria Del Pino Y Calvo Soleto,玛丽亚·德尔·皮诺·Y·卡尔沃·索特洛,Female,,Spain,Construction & Engineering,Ferrovial,Spain-Madrid,2026
maria_dolores_mantegazza,Maria Dolores Mantegazza,Maria Dolores Mantegazza,Female,1956.0,Switzerland,Media & Entertainment,Group Voyagers,Switzerland-Lugano,2024
maria_elisabeth_schaeffler,Maria Elisabeth Schaeffler,玛丽亚·伊丽莎白·谢弗勒,Female,1941.0,Germany,Automobile & Auto Components,Schaeffler,Germany-Herzogenaurach,2026
maria_fernanda_amorim,Maria Fernanda Amorim,Maria Fernanda Amorim,Female,1935.0,Portugal,Energy,Galp Energia,Portugal-Grijo,2026
maria_franca_fissolo,Maria Franca Fissolo,玛丽亚·弗兰卡·菲索罗,Female,,Monaco,Food & Beverages,Ferrero Rocher,,2019
maria_franca_fissolo_family,Maria Franca Fissolo  Family,,Female,,,Food & Beverages,Ferrero Rocher,,2016
maria_francisca_cortes_solari,Maria Francisca Cortés Solari ,,,,,Retail,SACI Falabella,,2018
maria_helena_moraes_scripilliti,Maria Helena Moraes Scripilliti,Maria Helena Moraes Scripilliti,Male,1931.0,Brazil,Investments,Grupo Votorantim,Brazil-Sao Paulo,2026
maria_theresia_von_finck,Maria Theresia Von Finck,Maria Theresia Von Finck,Female,1975.0,Switzerland,Software & Services,SGS,Switzerland-Baar,2026
marian_ilitch,Marian Ilitch,玛丽安·伊里奇,Male,1933.0,United States,Food & Beverages,Ilitch Holdings,USA-Bingham Farms,2026
mariana_voigt_schwartz_gomes,Mariana Voigt Schwartz Gomes,Mariana Voigt Schwartz Gomes,,,,Industrial Products,WEG,Brazil-Florianópolis,2026
marianna_latsis,Marianna Latsis,Marianna Latsis,Female,1980.0,Greece,Energy,Hellenic Petroleum,Greece-Athens,2026
marianne_dolan_weber,Marianne Dolan Weber,Marianne Dolan Weber,,,,Media & Entertainment,The Madison Square Garden Company,USA-New York,2026
marianne_liebmann,Marianne Liebmann,玛丽安·利伯曼,Female,,United States,Agriculture,Cargill,USA-Minnetonka,2026
marie_besnier_beauvalot,Marie Besnier Beauvalot,玛丽·贝斯尼尔·波瓦洛特,Female,1980.0,France,Food & Beverages,Lactalis,France-Laval,2026
marie_helene_dassault,Marie-Helene Dassault,玛丽·海伦·达索,Female,,France,Aviation,Dassault System,,2020
marie_helene_habert,Marie-Helene Habert,Marie-Helene Habert,Female,1966.0,France,Aerospace & Defence,Dassault Systèmes,France-Paris,2026
marie_jeanne_meyer,Marie-Jeanne Meyer,,,,,Retail,Louis Dreyfus Holdings,,2018
marijke_mars,Marijke Mars,马瑞克·马尔斯,Female,1962.0,United States,Food & Beverages,Mars,USA-The Plains,2026
marilyn_carlson_nelson,Marilyn Carlson Nelson,玛丽莲·卡尔森·纳尔逊,Female,,United States,Hospitality,Carlson,USA-Long Lake,2023
marilyn_simons,Marilyn Simons,Marilyn Simons,,,,Financial Services,Renaissance Technologies,USA-East Setauket,2026
marina_berlusconi,Marina Berlusconi,Marina Berlusconi,Female,1966.0,Italy,Media & Entertainment,MFE-MediaForEurope,Italy-Arcore,2026
marina_budiman,Marina Budiman,Marina Budiman,Male,1962.0,Indonesia,Software & Services,DCI Indonesia,Indonesia-Jakarta,2026
marina_caprotti,Marina Caprotti,Marina Caprotti,Female,,Italy,Retail,Esselunga,Italy-Milan,2024
marina_prada,Marina Prada,Marina Prada,,,,Consumer Goods,Prada,Italy-Milan,2026
mario_araripe,Mario Araripe,Mario Araripe,Male,1954.0,Brazil,Energy,Casa dos Ventos,Brazil-Sao Paulo,2026
mario_gabelli,Mario Gabelli,马里奥·加贝利,Male,,United States,Investments,GAMCO,USA-Greenwich,2026
mario_germano_giuliani,Mario Germano Giuliani,Mario Germano Giuliani,Male,1971.0,Monaco,Healthcare,Royalty Pharma,Monaco-Monaco,2026
mario_moretti_polegato,Mario Moretti Polegato,Mario Moretti Polegato,Male,1953.0,Italy,Consumer Goods,Geox,Italy-Crocetta del Montello,2026
mario_verrocchi,Mario Verrocchi,Mario Verrocchi,,,,Retail,Chemist Warehouse,Australia-Melbourne,2026
marisa_del_vecchio,Marisa del Vecchio,Marisa del Vecchio,Female,,Italy,Consumer Goods,EssilorLuxottica,Italy-Milan,2026
maritsa_lazari,Maritsa Lazari,Maritsa Lazari,,,,Real Estate,Lazari Investments,UK-London,2026
marius_nacht,Marius Nacht,马吕斯·纳赫特,Male,,Israel,Software & Services,Check Point,Israel-Tel Aviv,2026
mark_bamford,Mark Bamford,马克·班福德,Male,,United Kingdom,Industrial Products,JCB,UK-Rochester,2026
mark_coombs,Mark Coombs,马克·库姆斯,Male,,United Kingdom,Financial Services,Ashmore,UK,2025
mark_cuban,Mark Cuban,马克·库班,Male,,United States,Media & Entertainment,Dallas Mavericks,USA-Dallas,2026
mark_davis,Mark Davis,Mark Davis,Male,,United States,Media & Entertainment,Las Vegas Raiders,USA-Henderson,2026
mark_dixon,Mark Dixon,马克·狄克逊,Male,,United Kingdom,Real Estate,IWG,Monaco-Monaco,2026
mark_fenwick,Mark Fenwick,,,,,Retail,Fenwick ,,2018
mark_hancock,Mark Hancock,Mark Hancock,Male,1975.0,United States,Healthcare,PACS Group,USA-Mountain Green,2026
mark_jones,Mark Jones,Mark Jones,,,,Financial Services,Goosehead Insurance,USA-Fort Worth,2026
mark_leonard,Mark Leonard,Mark Leonard,Male,1957.0,Canada,Software & Services,Constellation Software,Canada-Toronto,2026
mark_mateschitz,Mark Mateschitz,Mark Mateschitz,Male,1993.0,Austria,Food & Beverages,Red Bull,Austria-Fuschl am See,2026
mark_meijer,Mark Meijer,Mark Meijer,Male,1957.0,United States,Retail,Meijer Supermarket,USA-Grand Rapids,2026
mark_pincus,Mark Pincus,Mark Pincus,Male,1966.0,United States,Media & Entertainment,Zynga,USA-California City,2026
mark_scheinberg,Mark Scheinberg,马克·申伯格,Male,,United Kingdom,Media & Entertainment,PokerStars,UK-Isle of Man,2026
mark_shoen,Mark Shoen,马克·肖恩,Male,,United States,Transportation & Logistics,Amerco,USA-Phoenix,2026
mark_stevens,Mark Stevens,马克·史蒂文斯,Male,,United States,Financial Services,Sequoia Capital,USA-Steamboat Springs,2026
mark_walter,Mark Walter,马克·沃尔特,Male,,United States,Financial Services,Guggenheim Partners,USA-Chicago,2026
mark_wilf,Mark Wilf,Mark Wilf,Male,1962.0,United States,Media & Entertainment,Minnesota Vikings,USA-Hillside,2026
mark_zuckerberg,Mark Zuckerberg,马克·扎克伯格,Male,1984.0,United States,Media & Entertainment,Meta Platforms,USA-Palo Alto,2026
markus_blocher,Markus Blocher,Markus Blocher,Male,1971.0,Switzerland,Chemicals,Dottikon ES Holding,Switzerland-Wilen bei Wollerau,2026
markus_braun,Markus Braun,马库斯·布劳恩,Male,,Germany,Financial Services,Wirecard,,2020
markus_persson,Markus Persson,马库斯·佩尔森,Male,,Sweden,Media & Entertainment,Minecraft,Sweden-Stockholm,2026
marta_schorling_andreen,Märta Schörling Andreen,Märta Schörling Andreen,,,,Investments,Melker Schorling AB,Sweden-Stockholm,2026
martha_ingram,Martha Ingram,玛莎·英格拉姆,Female,1935.0,United States,Retail,Ingram Industries,USA-Nashville,2026
martha_macmillan,Martha Macmillan,玛莎·麦克米伦,Female,,United States,Agriculture,Cargill,USA-Orono,2026
martin_bouygues,Martin Bouygues,马丁·布伊格,Male,,France,Construction & Engineering,Bouygues,France-Paris,2026
martin_e_franklin,Martin E. Franklin,Martin E. Franklin,,,,Services,APi Group,USA-Miami,2026
martin_ebner,Martin Ebner,Martin Ebner,Male,1946.0,Switzerland,Healthcare,Vifor Pharma,Switzerland-Wilen bei Wollerau,2026
martin_haefner,Martin Haefner,马丁·海夫纳,Male,,Switzerland,Software & Services,CA Technologies,Switzerland-Zurich,2026
martin_j_schroeter,Martin J Schroeter,Martin J Schroeter,Male,1967.0,United States,Software & Services,IBM ,,2021
martin_klenk,Martin Klenk,Martin Klenk,,,,Software & Services,Celonis,Germany-Munich,2026
martin_lorentzon,Martin Lorentzon,马丁·洛伦森,Male,1969.0,Sweden,Media & Entertainment,Spotify,Sweden-Stockholm,2026
martin_michaeli,Martin Michaeli,Martin Michaeli,Male,1937.0,France,Consumer Goods,Mephisto,France-Sarrebourg,2026
martin_moller_nielsen,Martin Moller Nielsen,马丁·莫勒·尼尔森,Male,,United Kingdom,Aerospace & Defence,Nordic Aviation Capital,Switzerland-Lugano,2026
martin_naughton,Martin Naughton,马丁·诺顿,Male,,Ireland,Household Appliances,Glen Dimplex ,Ireland-Maeth,2022
martin_rethmann,Martin Rethmann,马丁·雷特曼,Male,,Germany,Services,Rethmann,Germany-Lünen,2026
martin_selig,Martin Selig,Martin Selig,Male,1937.0,United States,Investments,Martin Selig Real Estate,USA-Seattle,2026
martin_viessmann,Martin Viessmann,马丁·维斯曼,Male,1953.0,Germany,Industrial Products,Viessmann Werke,Germany-Allendorf,2026
martine_clozel,Martine Clozel,Martine Clozel,Male,,Switzerland,Biotechnology,Idorsia,Switzerland-Basel,2022
martine_rothblatt,Martine Rothblatt,Martine Rothblatt,Female,1954.0,United States,Healthcare,United Therapeutics,USA-Satellite Beach,2026
martisa_lazari,Martisa Lazari,玛蒂萨·拉扎里,Female,,United Kingdom,Real Estate,Lazari Investments,UK-London,2024
martua_sitorus,Martua Sitorus,吴笙福,Male,1960.0,Singapore,Food & Beverages,Wilmar International,Singapore-Singapore,2026
marty_martin,Marty Martin,Marty Martin,,,,Construction & Engineering,D.R. Horton,USA-Dallas,2026
mary,Mary,Mary,,,,Consumer Goods,Specsavers,UK-Guernsey,2026
mary_alice_dorrance_malone,Mary Alice Dorrance Malone,玛丽·爱丽丝·多兰斯·马龙,Female,,United States,Food & Beverages,Campbell Soup,USA,2025
mary_alice_malone_jr,Mary Alice Malone Jr.,Mary Alice Malone Jr.,Female,1983.0,United Kingdom,Food & Beverages,Campbell's,UK-London,2026
mary_haughey,Mary Haughey,玛丽·豪伊,Female,,United Kingdom,Healthcare,Norbrook Laboratories,UK-Northern Ireland,2026
mary_jean_irving,Mary Jean Irving,Mary Jean Irving,,,,Paper & Forest Products,J.D. Irving,Canada-Prince Edward Island,2026
mary_perkins,Mary Perkins,玛丽·珀金斯,Female,,United Kingdom,Eye Wear,Specsavers,,2021
mary_vy_ty,Mary Vy Ty,Mary Vy Ty,Female,1942.0,Philippines,Financial Services,GT Capital,Philippines-Manila,2026
masaaki_arai,Masaaki Arai,Masaaki Arai,Male,1965.0,Japan,Real Estate,Open House Co,Japan-Tokyo,2026
masahiro_miki,Masahiro Miki,三木雅弘,Male,1955.0,Japan,Retail,ABC-Mart,Japan-Tokyo,2026
masahiro_noda,Masahiro Noda,Masahiro Noda,Male,1939.0,Japan,Software & Services,OBIC,Japan-Tokyo,2026
masanori_kobayashi,Masanori Kobayashi,小林正则,Male,,Japan,Personal Care,KOSE ,,2021
masateru_uno,Masateru Uno,宇野正晃,Female,,Japan,Retail,Cosmos Pharmaceutical,Japan-Fukuoka,2026
masatoshi_ito,Masatoshi Ito,伊藤正敏,Male,,Japan,Multi-Brand Retail,Seven & I Holdings,Japan-Tokyo,2022
masatoshi_kumagai,Masatoshi Kumagai,Masatoshi Kumagai,Male,1964.0,Japan,Software & Services,GMO Internet,Japan-Tokyo,2024
masayoshi_son,Masayoshi Son,孙正义,Male,1957.0,Japan,Investments,SoftBank,Japan-Tokyo,2026
masayuki_ishihara,Masayuki Ishihara,Masayuki Ishihara,Male,1949.0,Japan,Entertainment,Heiwa,,2020
massimiliana_landini_aleotti,Massimiliana Landini Aleotti,马希米丽亚娜·兰迪尼·阿利欧帝,Female,,Italy,Healthcare,Menarini,Italy-Fiesole,2026
massimiliana_landini_aleotti_family,Massimiliana Landini Aleotti Family,,Female,1944.0,,Pharmaceuticals,Menarini,,2016
massimo_doris,Massimo Doris,Massimo Doris,Male,1967.0,Italy,Financial Services,Banca Mediolanum,Italy-Milan,2026
massimo_moratti,Massimo Moratti,马西莫·莫拉蒂,Male,,Italy,Energy,Saras,Italy-Milan,2026
massimo_moratty,Massimo Moratty,,,,,Oil,Saras,,2017
mat_ishbia,Mat Ishbia,Mat Ishbia,Male,1979.0,United States,Financial Services,UWM,USA-Bloomfield Hills,2026
matei_zaharia,Matei Zaharia,Matei Zaharia,Male,1986.0,United States,Software & Services,Databricks,USA-Berkeley,2026
mathias_boehringer,Mathias Boehringer,Mathias Boehringer,Male,1968.0,Germany,Healthcare,Boehringer Ingelheim,Germany-Ingelheim,2026
mathias_dopfner,Mathias Döpfner,Mathias Döpfner,Male,1963.0,Germany,Media & Entertainment,Axel Springer,Germany-Potsdam,2026
mathias_kamprad,Mathias Kamprad,马蒂亚斯·坎普拉德,Male,,United Kingdom,Real Estate,Ikano,UK-London,2026
mati_staniszewski,Mati Staniszewski,Mati Staniszewski,Male,1994.0,United Kingdom,Artificial Intelligence,Eleven Labs,UK-London,2026
mats_paulsson,Mats Paulsson,马特·鲍尔森,Male,,Sweden,Real Estate,Peab ,Sweden-Bastad,2022
matt_moulding,Matt Moulding,Matt Moulding,Male,1973.0,United Kingdom,E-Commerce,The Hut Group,,2021
matthew_prince,Matthew Prince,Matthew Prince,Male,1974.0,United States,Software & Services,Cloudflare,USA-Minneapolis,2026
matthew_pritzker,Matthew Pritzker,Matthew Pritzker,,,,Investments,Matthew Pritzker Company,USA-Chicago,2026
matthew_roszak,Matthew Roszak,Matthew Roszak,Male,1973.0,United States,Blockchain,Bloq,USA-Chicago,2026
matthias_reimann_andersen,Matthias Reimann Andersen,马蒂亚斯·赖曼·安徒生,Male,,Germany,Investments,JAB Holding,Germany-Munich,2026
matthias_reinhart,Matthias Reinhart,马蒂亚斯·莱因哈特,Male,,Switzerland,Financial Services,VZ Holding,Switzerland-Zurich,2026
maurice_alter,Maurice Alter,莫里斯·艾特,Male,,Australia,Real Estate,Pacific Shopping Centres,Australia-Melbourne,2024
mauricio_rolim_amaro,Maurício Rolim Amaro & Family,,,,,Aviation  ,LATAM,,2018
maurizio_billi,Maurizio Billi,毛里齐奥·比利,Male,,Brazil,Healthcare,Eurofarma,Brazil-Sao Paulo,2026
mavji_patel,Mavji Patel,Mavji Patel,Male,,India,Consumer Goods,Kiran Gems,India-Mumbai,2026
max_levchin,Max Levchin,Max Levchin,Male,1976.0,United States,Financial Services,Affirm,USA-San Francisco,2026
max_lytvyn,Max Lytvyn,Max Lytvyn,Male,1979.0,United States,Software & Services,Grammarly,USA-San Francisco,2026
maxim_nogotkov,Maxim Nogotkov,,,,,Multi Brand Retailing,Svyaznoy Retail,,2018
maxim_shubarev,Maxim Shubarev,Maxim Shubarev,,,,Real Estate,Setl Group,Russia-St. Petersburg,2026
maximilian_rudolph_von_finck,Maximilian Rudolph von Finck,Maximilian Rudolph von Finck,Male,1969.0,Switzerland,Software & Services,SGS,Switzerland-Baar,2026
maximilian_von_baumbach,Maximilian von Baumbach,Maximilian von Baumbach,Male,1998.0,Germany,Healthcare,Boehringer Ingelheim,Germany-Ingelheim,2026
maya_buhler,Maya Bühler,Maya Bühler,Female,1982.0,Switzerland,Industrial Products,Bühler,Switzerland-Uzwil,2026
maya_kleyman_farber,Maya Kleyman Farber,Maya Kleyman Farber,,,,Chemicals,Frutaroma,USA-New York,2026
meg_whitman,Meg Whitman,梅格·惠特曼,Female,1956.0,United States,Retail,eBay,USA-Atherton,2026
megdet_rahimkulov,Megdet Rahimkulov,梅格德·拉希姆库洛夫,Male,1945.0,Russia,Financial Services,OTP Bank,Russia-Moscow,2026
mehmet_ali_aydinlar,Mehmet Ali Aydinlar,Mehmet Ali Aydinlar,Male,1956.0,Turkey,Healthcare,IHH Healthcare,Turkey-Istanbul,2026
mehmet_aydinlar,Mehmet Aydinlar,穆罕默德·艾迪纳拉,Male,1956.0,Turkey,Healthcare,IHH Healthcare,Turkey-Istanbul,2026
mehmet_emin_karamehmet,Mehmet Emin Karamehmet,穆罕默德·埃敏·卡拉梅赫梅特,Male,1944.0,Turkey,Telecommunication,Turkcell,,2019
mehmet_hattat,Mehmet Hattat,Mehmet Hattat,Male,1946.0,Turkey,Industrial Products,Hattat,,2021
mehmet_nazif_gunal,Mehmet Nazif Gunal,穆罕默德·纳粹夫·古纳尔,Male,,Turkey,Construction & Engineering,Mapa Group,Turkey-Istanbul,2026
mehmet_sinan_tara,Mehmet Sinan Tara,Mehmet Sinan Tara,Male,1959.0,Turkey,Construction & Engineering,ENKA,Turkey-Istanbul,2026
mei_dong,Mei Dong,梅冬,Female,1968.0,China,Textiles,Bosideng ,Jiangsu -Suzhou,2020
mei_zhiming,Mei Zhiming,梅志明,Male,1972.0,China,Real Estate,GLP,China-Shanghai,2026
melanie_perkins,Melanie Perkins,Melanie Perkins,Female,,Australia,Software & Services,Canva,Australia-Sydney,2026
melih_abdulhayoglu,Melih Abdulhayoglu,Melih Abdulhayoglu,Male,1969.0,United States,Technology,Comodo,,2020
melinda_french_gates,Melinda French Gates,Melinda French Gates,Female,1964.0,United States,Investments,Investments,USA-Medina,2026
melker_schorling,Melker Schorling,梅克尔·肖林,Male,1947.0,Sweden,Investments,Melker Schorling,Sweden-Stockholm,2024
meng_hai_ti,Meng Hai-Ti,孟海蒂,Female,,,Food & Beverages,Quaker,China-Taipei,2026
meng_liye,Meng Liye,孟丽叶,Female,,China,Energy,Solarspace,China-Xuzhou,2026
meng_qingnan,Meng Qingnan,孟庆南,Male,1958.0,China,Industrial Products,Wuhan Fingu,China-Wuhan,2026
meng_qingshan,Meng Qingshan,孟庆山,Male,1948.0,China,Food & Beverages,Meihua,China-Langfang,2026
merlin_b_swire,Merlin B Swire,Merlin B Swire,Male,1973.0,United Kingdom,Real Estate,Swire Group,UK-London,2026
merlin_swire,Merlin Swire & family,,,,,Logistics,Swire Pacific,,2017
mette_brunsborg,Mette Brunsborg,Mette Brunsborg,Female,1976.0,Denmark,Retail,JYSK,Denmark-Silkeborg,2026
mg_george_muthoot,MG George Muthoot,MG乔治·穆特胡特,Male,,India,NBFC,Muthoot Finance,,2021
mi_bohai,Mi Bohai,秘波海,Male,1979.0,,Pharmaceuticals、 Industrial Products,Zhenghai ,China-Yangtai,2022
mi_chunlei,Mi Chunlei,密春雷,Male,1976.0,China,Investments,Lanhai,China-Shanghai,2022
mi_enhua,Mi Enhua,米恩华,Male,1958.0,China,Real Estate,Hualing,Xinjiang-Urumqi,2025
miao_hangen,Miao Hangen,缪汉根,Male,1965.0,China,Industrial Products,Shenghong Printing & Dyeing,China-Suzhou,2026
miao_shouliang,Miao Shouliang,缪寿良,Male,1955.0,China,Real Estate,Fuyuan,China-Shenzhen,2026
miao_shuangda,Miao Shuangda,缪双大,Male,1951.0,China,Industrial Products,Shuangliang,China-Wuxi,2026
miao_yongjun,Miao Yongjun,苗拥军,Male,1967.0,China,Healthcare,Anto,China-Zhengzhou,2026
michael_andlauer,Michael Andlauer,Michael Andlauer,,,,Healthcare,Andlauer Healthcare Group,Canada-Toronto,2026
michael_arougheti,Michael Arougheti,Michael Arougheti,Male,1972.0,United States,Financial Services,Ares Management,USA-New York,2026
michael_ashcroft,Michael Ashcroft,迈克尔·阿什克罗夫特,Male,,United Kingdom,Investments,Michael Ashcroft Associates,UK-London,2026
michael_ashley,Michael Ashley,迈克尔·阿什利,Male,,United Kingdom,Retail,Frasers,UK-Hertfordshire,2026
michael_bloomberg,Michael Bloomberg,迈克尔·布隆伯格,Male,1942.0,United States,Financial Services,Bloomberg,USA-New York,2026
michael_cagney,Michael Cagney,Michael Cagney,Male,1970.0,United States,Financial Services,Figure technology Solutions,USA-San Francisco,2026
michael_chae,Michael Chae,Michael Chae,Male,1968.0,United States,Financial Services,Blackstone,USA-New York City,2026
michael_dell,Michael Dell,迈克尔·戴尔,Male,1965.0,United States,Consumer Goods,Dell Technologies,USA-Austin,2026
michael_dorrell,Michael Dorrell,Michael Dorrell,Male,1973.0,United States,Financial Services,Stonepeak,USA-New York,2026
michael_federmann,Michael Federmann,迈克尔·费德曼,Male,1943.0,Israel,Software & Services,Elbit Systems,Israel-Tel Aviv,2026
michael_gans,Michael Gans,Michael Gans,,,,Transportation & Logistics,Supreme Group,Switzerland-Baar,2026
michael_gregory,Michael Gregory,迈克尔·格雷戈里,Male,,Hong Kong,"Electric Power, Investments",CLP,Hong Kong-Hong Kong,2019
michael_h_mccain,Michael H McCain,Michael H. McCain,Male,1959.0,Canada,Food & Beverages,Maple Leaf Foods,Canada-Florenceville,2026
michael_hartono,Michael Hartono,黄惠祥,Male,1939.0,Indonesia,Financial Services,Bank Central Asia,Indonesia-Kudus,2026
michael_heine,Michael Heine,Michael Heine,Male,1950.0,Australia,Financial Services,Netwealth Group,Australia-Melbourne,2026
michael_herz,Michael Herz,迈克尔·赫兹,Male,,Germany,Consumer Goods,Maxingvest,Germany-Hamburg,2026
michael_hintze,Michael Hintze,迈克尔·欣策,Male,,United Kingdom,Investments,CQS,UK-London,2026
michael_intrator,Michael Intrator,Michael Intrator,Male,1969.0,United States,Artificial Intelligence,Coreweave,USA-New York City,2026
michael_jordan,Michael Jordan,迈克尔·乔丹,Male,,United States,Media & Entertainment,Charlotte Hornets,USA-Jupiter,2026
michael_kadoorie,Michael Kadoorie,米高·嘉道理,Male,1941.0,Hong Kong,Energy,CLP,China-Hong Kong,2026
michael_kim,Michael Kim,Michael Kim,Male,1964.0,South Korea,Investments,MBK Partners,South Korea-Seoul,2026
michael_klein,Michael Klein,迈克尔·克莱因,Male,,Brazil,Retail,Via Varejo,,2020
michael_krasny,Michael Krasny,迈克尔·克拉斯尼,Male,,United States,Software & Services,CDW,USA-Highland Park,2026
michael_kum,Michael Kum,Michael Kum,,,,Hospitality,M&L Hospitality,Singapore-Singapore,2026
michael_latifi,Michael Latifi,Michael Latifi,,,,Food & Beverages,Sofina Foods,Canada-Toronto,2026
michael_lee_chin,Michael Lee-Chin,Michael Lee-Chin,Male,1951.0,Canada,Financial Services,National Commercial Bank,Canada-Burlington,2026
michael_marian_ilitch,Michael & Marian Ilitch & family,,,,,Food & Beverages,Ilitch,,2017
michael_milken,Michael Milken,迈克尔·米尔肯,Male,1946.0,United States,Financial Services,Drexel Burnham Lambert,USA-Los Angeles,2026
michael_moritz,Michael Moritz,迈克尔·莫里茨,Male,1954.0,United States,Financial Services,Sequoia Capital,USA-San Francisco,2026
michael_novogratz,Michael Novogratz,Michael Novogratz,Male,1965.0,United States,Financial Services,Galaxy Digital,USA-New York,2026
michael_otto,Michael Otto,迈克尔·奥托,Male,1943.0,Germany,Retail,Otto,Germany-Hamburg,2026
michael_otto_family,Michael Otto family,,Male,1944.0,,Multi Brand Retailing,Otto Group,,2016
michael_p_scarpell,Michael P Scarpell,Michael P Scarpell,Male,,United States,Cloud Solutions,Snowflake ,USA-Pleasanton,2022
michael_patterson,Michael Patterson,Michael Patterson,,,,Financial Services,Blackrock,USA-New York,2026
michael_pieper,Michael Pieper,迈克尔·皮珀,Male,,Switzerland,Consumer Goods,Franke Group,Switzerland-Lucerne,2026
michael_platt,Michael Platt,Michael Platt,Male,1969.0,Switzerland,Financial Services,BlueCrest Capital Management,Switzerland-Geneva,2026
michael_polsky,Michael Polsky,Michael Polsky,,,,Energy,Invenergy,USA-Chicago,2026
michael_price,Michael Price,迈克尔·普莱斯,Male,,United States,Investment Management,MFP Asset Management,USA-Far Hills,2022
michael_rainer_schmidt_ruthenbeck,Michael & Rainer Schmidt-Ruthenbeck,,,,,Multi Brand Retailing,Metro,,2018
michael_rees,Michael Rees,Michael Rees,Male,1976.0,United States,Financial Services,Blue Owl Capital,USA-New Canaan,2026
michael_rubin,Michael Rubin,迈克尔·鲁宾,Male,,United States,Retail,Fanatics,USA-Bryn Mawr,2026
michael_s_smith,Michael S Smith,Michael S Smith,,,,Energy,Freeport LNG,USA-Miami Beach,2026
michael_saylor,Michael Saylor,Michael Saylor,Male,1965.0,United States,Financial Services,MicroStrategy,USA-McLean,2026
michael_schmidt_ruthenbeck,Michael Schmidt-Ruthenbeck,迈克尔·施密特·鲁滕贝克,Female,,Germany,Multi Brand Retailing,Metro,,2020
michael_spencer,Michael Spencer,迈克尔·斯宾塞,Male,,United Kingdom,Financial Services,NEX Group,UK-London,2026
michael_steinhardt,Michael Steinhardt,迈克尔·斯坦哈特,Male,,United States,Financial Services,WisdomTree,USA-Mount Kisco,2026
michael_stoschek,Michael Stoschek,迈克尔·斯托舍克,Male,1947.0,Germany,Automobile & Auto Components,Brose Group,Germany-Coburg,2026
michael_teel,Michael Teel,迈克尔·泰尔,Male,,United States,Retail,Raley's,USA-Sacramento,2026
michael_tojner,Michael Tojner,Michael Tojner,Male,1966.0,Austria,Energy,Varta,Austria-Vienna,2026
michael_truell,Michael Truell,Michael Truell,Male,2000.0,United States,Artificial Intelligence,Anysphere,USA-San Francisco,2026
michael_wu,Michael Wu & family,,,,,Banking,Wing Lung Bank,,2017
michael_wu_po_kong,Michael Wu Po-kong,伍步高,Male,,Hong Kong,Financial Services,Wing Lung Bank,China-Hong Kong,2026
michael_wu_wai_kwok,Michael Wu Wai Kwok,伍伟国,Male,1970.0,Hong Kong,Food & Beverages,Maxim's,China-Hong Kong,2026
michael_xie,Michael Xie,谢华,Male,,United States,Software & Services,Fortinet,USA-San Francisco,2026
michael_ying,Michael Ying,,,,,Investments,Esprit,,2017
michael_ying_lee_yuen,Michael Ying Lee-yuen,邢李㷧,Male,1949.0,Hong Kong,Investments,Esprit,China-Hong Kong,2026
michal_solowow,Michal Solowow,米哈尔·索洛沃夫,Male,1962.0,Poland,Chemicals,Synthos,Poland-Kielce,2026
michal_strnad,Michal Strnad,Michal Strnad,Male,1992.0,Czech Republic,Industrial Products,Czechoslovak Group (CSG),Czech Republic-Prague,2026
michel_chalhoub,Michel Chalhoub,Michel Chalhoub,Male,1932.0,Dubai,Multi-Brand Retail,Chalhoub Group,,2021
michel_leclercq,Michel Leclercq,米歇尔·勒克莱克,Male,1939.0,France,Retail,Decathlon,France-Lille,2026
michele_ferrero_family,Michele Ferrero family,,Male,1927.0,,Food & Beverages,Ferrero Rocher,,2015
michele_kang,Michele Kang,Michele Kang,Female,1959.0,United States,Healthcare,Cognosante,USA-Palm Beach,2026
michelle_h_browdy,Michelle H Browdy,Michelle H Browdy,Female,1965.0,United States,Software & Services,IBM ,,2021
michelle_zatlyn,Michelle Zatlyn,Michelle Zatlyn,Female,1980.0,United States,Software & Services,Cloudflare,USA-San Francisco,2026
michiel_le_roux,Michiel Le Roux,Michiel Le Roux,Male,1950.0,South Africa,Financial Services,Capitec Bank,South Africa-Stellenbosch,2026
michio_matsui,Michio Matsui,松井道夫,Male,,,Financial Services,Matsui Securities,Guangdong-Shenzhen,2020
micky_arison,Micky Arison,米奇·阿里森,Male,1949.0,United States,Media & Entertainment,Carnival Cruises,USA-Bal Harbour,2026
micky_jagtiani,Micky Jagtiani,米奇·加提亚尼,Male,1952.0,United Arab Emirates,Consumer Goods,Landmark,UAE-Dubai,2023
miguel_fluxa_rossello,Miguel Fluxa Rossello,米格尔,Male,,Spain,Hospitality,Grupo Iberostar,Spain-Esporles,2026
miguel_krigsner,Miguel Krigsner,米格尔·克里格纳,Male,,Brazil,Consumer Goods,Grupo Boticario,Brazil-Sao Jose Dos Pinhais,2026
miguel_mckelvey,Miguel Mckelvey,米格尔·麦克尔维,Male,,United States,Technology,WeWork,,2019
miguel_tomas_arrufat_pujol,Miguel Tomás Arrufat Pujol,Miguel Tomás Arrufat Pujol,Male,1961.0,Spain,Education & Training,Proeduca,Spain-Madrid,2026
mika_anttonen,Mika Anttonen,Mika Anttonen,Male,1967.0,Finland,Energy,St1 Group,Finland-Helsinki,2026
mikail_gutseriyev,Mikail Gutseriyev,Mikhail Gutseriev,Male,1959.0,Russia,Energy,Russneft,,2020
mike_adenuga,Mike Adenuga,迈克·阿登奴加,Male,1953.0,Nigeria,Telecommunications,Globacom,Nigeria-Lagos,2026
mike_brown,Mike Brown,Mike Brown,Male,1935.0,United States,Media & Entertainment,Cincinnati Bengals,USA-Cincinnati,2026
mike_cannon_brookes,Mike Cannon-Brookes,迈克·坎农·布鲁克斯,Male,,Australia,Software & Services,Atlassian,Australia-Sydney,2026
mike_danson,Mike Danson,Mike Danson,Male,1963.0,United Kingdom,Software & Services,GlobalData,UK-London,2026
mike_repole,Mike Repole,Mike Repole,,,,Investments,Investments,USA-Windermere,2026
mike_sabel,Mike Sabel,Mike Sabel,Male,1966.0,United States,Energy,Venture Global,USA-Washington,2026
mike_speiser,Mike Speiser,Mike Speiser,Male,1970.0,United States,Software & Services,Snowflake,USA-San Francisco,2026
mikhail_balakin,Mikhail Balakin,,,,,Construction,Construction Department 155,,2018
mikhail_fridman,Mikhail Fridman,米哈伊尔·弗里德曼,Male,1964.0,United Kingdom,Energy,Alfa Group,Russia-Moscow,2026
mikhail_gutseriev,Mikhail Gutseriev,,,,,Energy,Oao Russneft,,2018
mikhail_gutseriyev,Mikhail Gutseriyev,米哈伊尔·古捷列夫,Male,1958.0,Russia,Investments,Safmar Group,Russia-Moscow,2026
mikhail_prokhorov,Mikhail Prokhorov,米哈伊尔·普罗霍夫,Male,1965.0,Russia,Investments,Investments,Switzerland-Frauenfeld,2026
mikhail_shelkov,Mikhail Shelkov,Mikhail Shelkov,Male,1969.0,Russia,Metals & Mining,VSMPO-AVISMA,Russia-Moscow,2026
mikheil_lomtadze,Mikheil Lomtadze,Mikheil Lomtadze,Male,1976.0,Kazakhstan,Financial Services,Kaspi Bank,Kazakhstan-Almaty,2026
milane_frantz,Milane Frantz,米兰·弗朗兹,Female,,United States,Energy,Enterprise Products,USA-Houston,2026
mimi_l_haas,Mimi L Haas,咪咪·L·哈斯,Female,,United States,Consumer Goods,Levi Strauss,USA-San Francisco,2026
min_kao,Min Kao,高民环,Male,,United States,Consumer Goods,Garmin,USA-Leawood,2026
min_liang_tan,Min-Liang Tan,陈民亮,Male,1978.0,Singapore,Consumer Goods,Razer,Singapore-Singapore,2026
minoru_otsuka,Minoru Otsuka,大冢敏郎,Male,,Japan,Healthcare,Otsuka,,2021
miodrag_kostic,Miodrag Kostić,,,,,Agriculture,MK Group,,2018
mira_murati,Mira Murati,Mira Murati,Female,1988.0,United States,Artificial Intelligence,Thinking Machines Lab,USA-San Francisco,2026
miriam_adelson,Miriam Adelson,米里亚姆·阿德尔森,Female,1946.0,United States,Hospitality,Las Vegas Sands,USA-Las Vegas,2026
miriam_blocher,Miriam Blocher,米里亚姆·布洛彻,Female,,Switzerland,Chemicals,EMS Chemie,Switzerland-Rheinfelden,2026
mitchell_goldhar,Mitchell Goldhar,米切尔·戈德哈,Male,,Canada,Real Estate,SmartCentres,Canada-North York,2026
mitchell_hashimoto,Mitchell Hashimoto,Mitchell Hashimoto,Male,1990.0,United States,Cloud Solutions,Hashicorp,USA-San Francisco,2022
mitchell_jacobson,Mitchell Jacobson,米切尔·雅各布森,Male,,United States,Industrial Products,MSC Industrial Direct,USA-Locust Valley,2026
mitchell_rales,Mitchell Rales,米切尔·罗尔斯,Male,,United States,Healthcare,Danaher,USA-Potomac,2026
miuccia_prada,Miuccia Prada,缪西娅·普拉达,Female,1949.0,Italy,Consumer Goods,Prada,Italy-Rome,2026
mk_dhanuka,MK Dhanuka,MK·达努卡,Male,,India,Chemicals,Dhanuka Agritech,India,2025
mm_murugappan,MM Murugappan,MM Murugappan,Male,,India,Automobile & Auto Components,Tube Investments of India,India-Chennai,2026
mm_venkatachalam,MM Venkatachalam,MM Venkatachalam,Male,1958.0,India,Automobile & Auto Components,Tube Investments of India,India-Chennai,2026
mo_haotang,Mo Haotang,莫浩棠,Male,1967.0,China,Developer,Sangem,Guangdong-Dongguan,2021
mo_lindi,Mo Lindi,莫林弟,Male,1963.0,China,Industrial Products,Etern,China-Suzhou,2026
mo_lindi_mo_siming,Mo Lindi & Mo Siming,,,,,"Cable, real estate",Yongding ,,2018
mo_siming,Mo Siming,莫思铭,Male,1987.0,China,Industrial Products,Etern,China-Suzhou,2026
mo_tianquan,Mo Tianquan,,,,,Real estate search ,Mo Tianquan,,2018
mochtar_riady,Mochtar Riady,莫克塔尔·里亚迪,Male,1929.0,Indonesia,Investments,Lippo Group,Indonesia-Jakarta,2026
mofatraj_munot,Mofatraj Munot,Mofatraj Munot,Male,1945.0,India,Construction & Engineering,Kalpataru,India-Mumbai,2026
mofatraj_pukhraj_munot,Mofatraj Pukhraj Munot,卡基·霍尔木斯基·加尔达,Male,,India,Developer,Kalpataru,,2021
mohamed_al_fayed,Mohamed Al Fayed,穆罕默德·法耶德,Male,,United Kingdom,Hospitality,Ritz Paris,UK-London,2023
mohamed_alabbar,Mohamed Alabbar,Mohamed Alabbar,Male,1956.0,United Arab Emirates,Food & Beverages,Americana Restaurants International,UAE-Dubai,2026
mohamed_bin_issa_al_jaber,Mohamed Bin Issa Al Jaber,穆罕默德·本·伊萨·贾布尔,Male,,Saudi Arabia,Investments,MBI International,Saudi Arabia-Jeddah,2026
mohamed_mansour,Mohamed Mansour,穆罕默德·曼苏,Male,,Egypt,Retail,Mansour,UK-London,2026
mohammad_abunayyan,Mohammad Abunayyan,Mohammad Abunayyan,Male,1962.0,Saudi Arabia,Energy,ACWA POWER Company,Saudi Arabia-Riyadh,2026
mohammad_al_essa,Mohammad Al Essa,Mohammad Al Essa,Male,1925.0,Saudi Arabia,Financial Services,Riyad Bank,Saudi Arabia-Riyadh,2026
mohammed_abdulaziz_al_rajhi,Mohammed Abdulaziz Al Rajhi ,Abdullah Al Rajhi,Male,1930.0,Saudi Arabia,Banking,Al Rajhi Banking And Investment,,2020
mohammed_al_amoudi,Mohammed Al Amoudi,穆罕默德·阿穆迪,Male,1946.0,Saudi Arabia,Energy,Corral Petroleum Holdings,Saudi Arabia-Jeddah,2026
mohammed_al_barwani,Mohammed Al Barwani,穆罕默德·巴瓦尼,Male,,Oman,Oil,MB Holding,,2019
mohammed_al_issa,Mohammed Al Issa & Family,,,,,Investments,Savola Group,,2018
mohammed_alaouite_vi,Mohammed Alaouite VI,穆罕默德·阿拉维特六世,Male,,Morocco,Financial Services,Al Mada,Morocco-Casablanca,2023
mohammed_bin_rashid_al_maktoum,Mohammed Bin Rashid Al Maktoum,,,,,Investments,Dubai Holdings,,2018
mohammed_bin_saud_al_kabeer,Mohammed Bin Saud Al Kabeer,穆罕默德·本·沙特·卡比尔,Male,,Saudi Arabia,Food & Beverages,Almarai,Saudi Arabia-Riyadh,2026
mohammed_dewji,Mohammed Dewji,Mohammed Dewji,Male,1976.0,Tanzania,Transportation & Logistics,METL,Tanzania-Dar es Salaam,2026
mohammed_ibrahim,Mohammed Ibrahim,穆罕默德·易卜拉欣,Male,,United Kingdom,Telecommunications,Celtel,UK-London,2026
mohammed_serafi,Mohammed Serafi,穆罕默德·塞拉菲,Male,1905.0,Saudi Arabia,Real Estate,Makkah Construction,Saudi Arabia-Makkah,2026
mohannad_al_kharafi,Mohannad Al Kharafi,莫哈纳德·哈拉菲,Male,,Kuwait,Construction & Engineering,Kharafi Group,Kuwait-Kuwait City,2023
mohed_altrad,Mohed Altrad,莫希德·阿特拉德,Male,,France,Construction & Engineering,Groupe Altrad,France-Montpellier,2026
mohsin_and_zuber_issa,Mohsin And Zuber Issa,,,,,Petroleum & Convinience Retail,Euro Garages,,2018
mohsin_issa,Mohsin Issa,莫辛·伊萨,Male,,United Kingdom,Retail,EG Group,UK-Blackburn,2026
monika_schoeller,Monika Schoeller,莫妮卡·肖勒,Female,,Germany,Entertainment,Verlagsgruppe Georg Von Holtzbrinck ,,2020
monique_groenewoud_van_eerd,Monique Groenewoud- van Eerd,Monique Groenewoud- van Eerd,Female,,Netherlands,Retail,Jumbo,Netherlands-Veghel,2023
monique_roosmale_nepveu,Monique Roosmale Nepveu,,,,,Retail,Louis Dreyfus Holdings,,2018
montri_jiaravanont,Montri Jiaravanont,谢大民,Male,,Thailand,Food & Beverages,CP Group,,2020
mori_arkin,Mori Arkin,莫里·阿金,Male,,Israel,Healthcare,Perrigo,Israel-Herzliya Pituach,2026
morris_chang_chung_mou,Morris Chang Chung-Mou,张忠谋,Male,,Taiwan,Semiconductors,TSMC,China-Hsinchu,2026
morris_kahn,Morris Kahn,莫里斯·卡恩,Male,,Israel,Software & Services,Amdocs,Israel-Beit Yanay,2026
morry_fraid,Morry Fraid & Family,,,,,Retail,Spotlight Retail,,2018
morten_hummelmose,Morten Hummelmose,Morten Hummelmose,Male,1970.0,Denmark,Investment Management,EQT,Denmark-Copenhagen,2022
mortimer_zuckerman,Mortimer Zuckerman,莫蒂默·祖克曼,Male,1937.0,United States,Real Estate,BXP,USA-New York,2026
motilal_oswal,Motilal Oswal,Motilal Oswal,Male,1962.0,India,Financial Services,Motilal Oswal Financial Services,India-Mumbai,2026
mp_ramachandran,MP Ramachandran,MP Ramachandran,Male,1946.0,India,Consumer Goods,Jyothy Laboratories,India,2025
mr_jaishankar,MR Jaishankar,MR Jaishankar,Male,1954.0,India,Real Estate,Brigade Enterprises,India-Bengaluru,2026
mrudula_parekh,Mrudula Parekh,Mrudula Parekh,Female,,India,Chemicals,Pidilite Industries,India-Mumbai,2026
mu_rongjun,Mu Rongjun,穆荣均,Male,1980.0,China,Transportation & Logistics,Meituan,China-Beijing,2026
muhammed_aziz_khan,Muhammed Aziz Khan,Muhammed Aziz Khan,,,,Investments,Summit Group,USA,2025
mukand_lal_dua,Mukand Lal Dua,穆坎德拉杜瓦,Male,,India,"Textiles, Apparels & Accessories",Relaxo Footwears,India-New Delhi,2024
mukesh_ambani,Mukesh Ambani,穆克什·安巴尼,Male,1957.0,India,Energy,Reliance Industries,India-Mumbai,2026
mukesh_jagtiani,Mukesh Jagtiani ,Mukesh Jagtiani,Male,1953.0,United Arab Emirates,Multi-Brand Retail,Landmark,,2021
mukesh_r_gupta,Mukesh R Gupta,Mukesh R Gupta,Male,1958.0,India,Trading & Distribution,Lloyds Enterprises,India-Mumbai,2026
muktar_widjaja,Muktar Widjaja,穆克塔·维贾贾,Male,1905.0,Indonesia,Consumer Goods,Sinar Mas,Indonesia-Jakarta,2026
mukund_rungta,Mukund Rungta,穆孔德·伦塔,Male,,India,Metals & Mining,Rungta Mines,India-New Delhi,2026
murali_divi,Murali Divi,穆拉里·蒂威,Male,,India,Healthcare,Divi's Laboratories,India-Hyderabad,2026
murari_lal_dhanuka,Murari Lal Dhanuka,Murari Lal Dhanuka,Male,1942.0,India,Industrial Products,Lal Baba Seamless Tubes,India-Kolkata,2026
murari_lal_lohia,Murari Lal Lohia,Murari Lal Lohia,Male,,India,Industrial Products,Jupiter Wagons,India-Kolkata,2026
murat_ulker,Murat Ulker,穆拉特·乌尔克,Male,1959.0,Turkey,Food & Beverages,Yildiz Holding,Turkey-Istanbul,2026
murat_vargi,Murat Vargi,穆拉特·瓦尔吉,Male,,Turkey,Telecommunications,MV Holding,Turkey-Istanbul,2026
murdaya_poo,Murdaya Poo,Murdaya Poo,Male,1941.0,Indonesia,Real Estate,Central Cipta Murdaya,Indonesia,2025
murlidhar_gyan_chandani,Murlidhar Gyan Chandani,Murlidhar Gyan Chandani,Male,1946.0,India,Consumer Goods,RSPL,India-Kanpur,2026
mustafa_khwaja_hamied,Mustafa Khwaja Hamied,穆斯塔法·夸瓦哈·哈密德,Male,,India,Healthcare,Cipla,India-Mumbai,2026
mustafa_kucuk,Mustafa Kucuk,穆斯塔法·库库克,Male,,Turkey,Retail,LC Waikiki,Turkey-Istanbul,2026
mustafa_latif_topbas,Mustafa Latif Topbas,穆斯塔法·拉蒂夫·托巴斯,Male,,Turkey,Retail,BIM Birlesik Magazalar AS,Turkey-Istanbul,2026
mustafa_rahmi_koc,Mustafa Rahmi Koc,穆斯塔法·拉米·科克,Male,1930.0,Turkey,Energy,Koc,Turkey-Istanbul,2026
mv_subbiah,MV Subbiah,MV Subbiah,Male,1899.0,India,Automobile & Auto Components,Tube Investments of India,India-Chennai,2026
myron_w_wentz,Myron W Wentz,迈伦·温兹,Male,,United States,Retail,USANA Health Sciences,USA-Grand Cayman,2026
n_murray_edwards,N Murray Edwards,N·默里·爱德华兹,Male,1959.0,Canada,Energy,Canadian Natural Resources,Switzerland-Saint Moritz,2026
n_viswerwara_reddy,N Viswerwara Reddy,N Viswerwara Reddy,,,,Industrial Products,Shirdi Sai Electricals,India-Cuddapah,2026
nadhmi_auchi,Nadhmi Auchi,纳德米·奥奇,Male,,United Kingdom,Real Estate,General Mediterranean Holding,UK-London,2026
nadia_thiele,Nadia Thiele,Nadia Thiele,Female,1976.0,Germany,Automobile & Auto Components,Knorr-Bremse,Germany-Munich,2026
nadir_godrej,Nadir Godrej,纳迪尔·戈德里,Male,,India,Industrial Products,Godrej,India-Mumbai,2026
naguib_sawiris,Naguib Sawiris,纳吉布·萨维里斯,Male,1955.0,Egypt,Telecommunications,VEON,Egypt-Cairo,2026
najeeb_al_humaidhi,Najeeb Al-Humaidhi,纳吉布·胡迈迪,Male,1952.0,Kuwait,Automobiles & Components,Aston Martin Lagonda,,2019
najib_mikati,Najib Mikati,纳吉布·米卡蒂,Male,1955.0,Lebanon,Telecommunications,MTN,Lebanon-Beirut,2026
nakul_aggarwal,Nakul Aggarwal,Nakul Aggarwal,Male,1985.0,India,Software & Services,BrowserStack,India-Mumbai,2026
nakul_chiaravanont,Nakul Chiaravanont,纳库尔·奇亚拉瓦农,Male,,Thailand,Food & Beverages,CP Group,Thailand-Bangkok,2026
namit_malhotra,Namit Malhotra,Namit Malhotra,Male,1944.0,India,Media & Entertainment,Prime Focus,India-Mumbai,2026
nan_cunhui,Nan Cunhui,南存辉,Male,1963.0,China,Industrial Products,Chint,China-Wenzhou,2026
nan_van_andel,Nan Van Andel,南·范·安德尔,Female,,United States,Retail,Amway,,2019
nancy_lerner,Nancy Lerner,南希·勒纳,Female,,United States,Financial Services,MBNA,USA-Cleveland,2026
nancy_mills_barnett,Nancy Mills Barnett,Nancy Mills Barnett,Female,1963.0,United States,Healthcare,Medline,USA-Highland Park,2026
nancy_walton_laurie,Nancy Walton Laurie,南希·沃尔顿·劳里,Female,1951.0,United States,Retail,Walmart,USA-Henderson,2026
nandan_nilekani,Nandan Nilekani,南丹·尼勒卡尼,Male,,India,Software & Services,Infosys,India-Bengaluru,2026
nandlal_rungta,Nandlal Rungta,南德拉勒·伦塔,Male,,India,Metals & Mining,Rungta Mines,India-West Singhbhum,2026
naoki_tada,Naoki Tada,多田直树,Male,,Japan,Retail,Sundrug,Japan-Tokyo,2026
naomi_azrieli,Naomi Azrieli,娜奥米·阿兹里利,Male,,Canada,Real Estate,Azrieli Group,Canada-Montreal,2026
narendrakumar_kalyanji_parekh,Narendrakumar Kalyanji Parekh,纳伦德拉·库马尔·卡良吉·帕瑞克,Male,,India,Chemicals,Pidilite Industries,India-Mumbai,2026
naresh_trehan,Naresh Trehan,Naresh Trehan,Male,1946.0,India,Healthcare,Global Health,India-New Delhi,2026
nari_genomal,Nari Genomal,Nari Genomal,Male,1940.0,Cyprus,Apparel & Textile Products,Page Industries,Cyprus-Xylofagou,2022
nassef_sawiris,Nassef Sawiris,纳瑟夫·萨维里斯,Male,1961.0,Egypt,Chemicals,OCI Global,Egypt-Cairo,2026
nasser_khalili,Nasser Khalili,纳赛尔·哈利利,Male,,United Kingdom,Investments,Art Collector,UK-London,2026
natacha_nikolajevic,Natacha Nikolajevic,Natacha Nikolajevic,,,,Aerospace & Defence,Dassault Systèmes,France-Paris,2026
nathalie_bellon_szabo,Nathalie Bellon-Szabo,Nathalie Bellon-Szabo,Female,1964.0,France,Food & Beverages,Sodexo,France,2025
nathan_blecharczyk,Nathan Blecharczyk,内森·布莱查兹克,Male,,United States,Hospitality,Airbnb,USA-San Francisco,2026
nathan_kirsh,Nathan Kirsh,内森·克什,Male,1932.0,United Kingdom,Retail,Jetro Holdings,Swaziland-Ezulwini,2026
nathaniel_charles_jacob_rothschild,Nathaniel Charles Jacob Rothschild,纳撒尼尔·查尔斯·雅各布·罗斯柴尔德,Male,,United Kingdom,Investments,RIT Capital Partners,,2019
naveen_jindal,Naveen Jindal,纳文·金达尔,Male,,India,Metals & Mining,Jindal Steel & Power,India-New Delhi,2026
naveen_tewari,Naveen Tewari ,Naveen Tewari,Male,1977.0,India,Mobile Advertising,InMobi,India-Bengaluru,2022
neal_blue,Neal Blue,Neal Blue,Male,1936.0,United States,Aerospace & Defence,General Atomics,USA-San Diego,2026
neal_patterson,Neal Patterson,,,,,Technology,Cerner,,2017
ned_iv_johnson,Ned IV Johnson,Ned IV Johnson,Male,1964.0,United States,Financial Services,FMR,USA-Boston,2026
neeraj_kochhar,Neeraj Kochhar,Neeraj Kochhar,,,,Industrial Products,Viraj Profiles,India-Mumbai,2026
neerja_sethi,Neerja Sethi,内拉杰·塞提,Male,,United States,Software & Services,Syntel,USA-Fisher Island,2026
neha_narkhede,Neha Narkhede,Neha Narkhede,Female,1984.0,United States,Cloud Solutions,Confluent,USA-Palo Alto,2022
nehal_abhay_vakil,Nehal Abhay Vakil,Nehal Abhay Vakil,Male,1976.0,India,Chemicals,Asian Paints,India-Mumbai,2026
neide_helena_de_moraes,Neide Helena de Moraes,Neide Helena de Moraes,Female,1955.0,Brazil,Investments,Grupo Votorantim,Brazil-Sao Paulo,2026
neil_bluhm,Neil Bluhm,尼尔·布鲁姆,Male,,United States,Financial Services,Walton Street Capital,USA-Chicago,2026
neil_rossy,Neil Rossy,Neil Rossy,Male,1971.0,Canada,Retail,Dollarama,Canada-Quebec,2026
nelson_peltz,Nelson Peltz,尼尔森·佩尔兹,Male,,United States,Investments,Trian Fund Management,USA-Bedford,2026
nerio_alessandri,Nerio Alessandri,Nerio Alessandri,Male,1961.0,Italy,Healthcare,Technogym,Italy-Cesena,2026
nevaldo_rocha,Nevaldo Rocha,内瓦尔多·罗查,Male,,Brazil,Retail,Guararapes Confeccoes ,,2020
nguyen_dang_quang,Nguyen Dang Quang,Nguyen Dang Quang,,,,Food & Beverages,Masan Group,Vietnam-Ho Chi Minh City,2026
nguyen_thi_phuong_thao,Nguyen Thi Phuong Thao,阮晋丰,Female,1970.0,Vietnam,Aerospace & Defence,VietJet,Vietnam-Ho Chi Minh City,2026
ni_xincai,Ni Xincai,倪信才,Male,,China,Chemicals,RongSheng,China-Hangzhou,2022
ni_yalan,Ni Yalan,倪亚兰,Female,,China,Equipments,Lead,China-Wuxi,2022
ni_yinying,Ni Yinying,倪银英,Female,1956.0,China,Industrial Products,Lonking,China-Shanghai,2026
ni_yongpei,Ni Yongpei,倪永培,Male,1952.0,China,Food & Beverages,Yingjia,China-Luan,2026
ni_zhanggen,Ni Zhanggen,倪张根,Male,1975.0,China,Furnishing,Healthcare,Jiangsu-Nantong,2021
ni_zhaoxing,Ni Zhaoxing & Family,,,,,Culture,Zhongrong,,2018
ni_zugen,Ni Zugen,倪祖根,Male,1957.0,China,Consumer Goods,KingClean Electric,China-Suzhou,2026
nicholas_howley,Nicholas Howley,Nicholas Howley,,,,Aerospace & Defence,TransDigm,USA-Key West,2026
nicholas_j_pritzker,Nicholas J Pritzker,尼古拉斯·普利兹克,Male,,United States,Hospitality,Hyatt,USA-Chicago,2026
nicholas_roditi,Nicholas Roditi,Nicholas Roditi,Male,,United Kingdom,Consumer Goods,Ocado,UK-London,2026
nicholas_woodman,Nicholas Woodman,Nicholas Woodman,,,,Consumer Goods,GoPro,USA-Big Sky,2026
nick_caporella,Nick Caporella,尼克·卡波雷拉,Male,,United States,Food & Beverages,National Beverage,USA-Plantation,2026
nick_molnar,Nick Molnar,Nick Molnar,Male,1991.0,Australia,Financial Services,Afterpay,Australia-Melbourne,2026
nicky_oppenheimer,Nicky Oppenheimer,尼基·奥本海默,Male,1945.0,South Africa,Metals & Mining,De Beers,South Africa-Johannesburg,2026
nicola_bulgari,Nicola Bulgari,尼古拉·宝格丽,Male,1941.0,Italy,Consumer Goods,LVMH,Italy-Rome,2026
nicola_leibinger_kammueller,Nicola Leibinger-Kammueller,尼古拉·莱宾格·凯姆勒,Female,,Germany,Industrial Products,Trumpf,Germany-Berlin,2026
nicolas_berggruen,Nicolas Berggruen,尼古拉斯·伯格格鲁恩,Male,,United States,Investments,Berggruen,USA-Beverly Hills,2026
nicolas_d_ieteren,Nicolas D'Ieteren,Nicolas D'Ieteren,Male,1975.0,Switzerland,Automobile & Auto Components,D'Ieteren,Switzerland-Anzere,2026
nicolas_puech,Nicolas Puech,尼古拉斯·普希,Male,1905.0,France,Consumer Goods,Hermes,Switzerland-Martigny,2026
nicoletta_zampillo,Nicoletta Zampillo,Nicoletta Zampillo,Female,1958.0,Italy,Consumer Goods,EssilorLuxottica,Monaco-Monaco,2026
nie_tengyun,Nie Tengyun,聂腾云,Male,1976.0,China,Transportation & Logistics,Yunda,China-Shanghai,2026
nie_tengyun_chen_liying,Nie Tengyun & Chen Liying,,,,,Express delivery,Yunda,,2018
nie_yunchen,Nie Yunchen,聂云宸,Male,1991.0,,Food & Beverages,Heytea,China-Shenzhen,2026
nie_zaijian,Nie Zaijian,聂在建,Male,1951.0,China,Biotechnology,Sanyuan Biotechnology,China-Binzhou,2022
niejuan,Niejuan,聂娟,Female,1979.0,China,Healthcare,Cofoe,China-Changsha,2026
niels_foss,Niels Foss,,,,,TMT,FOSS,,2018
niels_peter_louis_hansen,Niels Peter Louis-Hansen,尼尔斯·彼得·路易斯·汉森,Male,1947.0,Denmark,Healthcare,Coloplast,Denmark-Humlebaek,2026
nigel_austin,Nigel Austin,奈杰尔·奥斯丁,Male,,Australia,Consumer Goods,Cotton On,Australia-Melbourne,2026
nihat_ozdemir,Nihat Özdemir,尼哈特·奥德斯米尔,Male,1950.0,Turkey,Construction & Engineering,Limak,Turkey-Ankara,2026
nikesh_arora,Nikesh Arora,Nikesh Arora,,,,Software & Services,Palo Alto Networks,USA-Santa Clara,2026
nikhil_kamath,Nikhil Kamath,Nikhil Kamath,Male,1987.0,India,Financial Services,Zerodha,India-Bengaluru,2026
nikhil_v_merchant,Nikhil V Merchant,Nikhil V Merchant,Male,1960.0,India,Energy,Swan Energy,India-Mumbai,2026
nikil_viswanathan,Nikil Viswanathan,Nikil Viswanathan,Male,1987.0,United States,Blockchain,Alchemy,USA-California City,2026
nikita_mishin,Nikita Mishin,Nikita Mishin,Male,1972.0,Russia,Investments,Globaltrans,UK-London,2026
niklas_herlin,Niklas Herlin,,,,,Elevators & Escalators production,Kone Corporation,,2017
nikolai_buinov,Nikolai Buinov,Nikolai Buinov,Male,1968.0,Russia,Energy,Irkutsk Oil Company,Russia-Irkutsk,2026
nikolai_maximov,Nikolai Maximov,尼古拉·马克西莫夫,Male,,Russia,Investments,Maxi Group,Jiangsu -Suzhou,2020
nikolai_tsvetkov,Nikolai Tsvetkov,尼古拉·茨维科夫,Male,,Russia,Financial Services,Uralsib,,2020
nikolaus_knauf,Nikolaus Knauf,Nikolaus Knauf,Male,1936.0,Germany,Construction & Engineering,Knauf Gips,Germany-Dortmund,2026
nikolay_fartushnyak,Nikolay Fartushnyak,Nikolay Fartushnyak,,,,Retail,Sportmaster,Switzerland-Solothurn,2026
nikolay_storonsky,Nikolay Storonsky,Nikolay Storonsky,Male,1985.0,United Kingdom,Financial Services,Revolut,UK-London,2026
nilima_motaparti,Nilima Motaparti,尼丽玛·莫塔帕蒂,Female,,India,Pharmaceuticals,Divi's Lab,,2019
nimesh_kampani,Nimesh Kampani,尼美什坎帕尼,Male,,India,Financial Services,JM Financial,India-Mumbai,2026
nimesh_kampania,Nimesh Kampania,,,,,Financial Services,JM Financials,,2018
nimish_hasmukh_chudgar,Nimish Hasmukh Chudgar,尼玛什·哈斯穆克·查德,Male,,India,Healthcare,Intas Pharmaceuticals,India-Ahmedabad,2026
nir_zuk,Nir Zuk,Nir Zuk,,,,Software & Services,Palo Alto Networks,Israel-Tel Aviv,2026
niraj_bajaj,Niraj Bajaj,Niraj Bajaj,Male,,India,Automobile & Auto Components,Bajaj Auto,India-Mumbai,2026
niraj_shah,Niraj Shah,Niraj Shah,Male,1974.0,United States,Retail,Wayfair,USA-Boston,2026
nirajbhai_choksi,Nirajbhai Choksi,Nirajbhai Choksi,,,,Financial Services,NJ India Invest,India,2025
niranjan_hiranandani,Niranjan Hiranandani,尼兰詹·希拉南达尼,Male,,India,Real Estate,Nidar,India-Mumbai,2026
nirav_modi,Nirav Modi,,,,,Jewellery,Firestar Diamonds,,2017
nirmal_bhanwarlal_jain,Nirmal Bhanwarlal Jain,Nirmal Bhanwarlal Jain,Male,1966.0,India,Financial Services,IIFL Finance,India-Mumbai,2026
nirmal_kumar_minda,Nirmal Kumar Minda,尼马尔·库马尔·明达,Male,,India,Automobile & Auto Components,UNO Minda,India-Gurugram,2026
nithin_kamath,Nithin Kamath,尼钦·卡马思,Male,,India,Financial Services,Zerodha,India-Bengaluru,2026
niti_osathanugrah,Niti Osathanugrah,尼迪·奥萨沙努格拉,Male,,Thailand,Food & Beverages,Osotspa,Thailand-Bangkok,2026
niu_teng,Niu Teng,牛腾,Male,1985.0,China,Chemicals,Hixih,China-Jining,2026
niu_yishun,Niu Yishun,牛宜顺,Male,1955.0,China,Chemicals,Hixih,China-Jining,2026
niu_yishun_niu_teng,Niu Yishun & Niu Teng ,,,,,"Tires, conveyor belts, electricity",Hixih ,,2018
noam_gottesman,Noam Gottesman,诺姆·格特斯曼,Male,,United States,Investments,Investments,USA-New York,2026
noaman_razack,Noaman Razack,Noaman Razack,Male,1957.0,India,Real Estate,Prestige Estate Projects,India-Bengaluru,2026
nobutada_saji,Nobutada Saji,Nobutada Saji,Male,1946.0,Japan,Food & Beverages,Suntory Holdings,Japan-Tokyo,2026
nobutada_saji_family,Nobutada Saji family,,Male,1945.0,,Food & Beverages,Suntory Holdings,,2014
nobutoshi_shimamura,Nobutoshi Shimamura,Nobutoshi Shimamura,Male,1926.0,Japan,Retail,Shimamura Co,Japan,2025
noel_naval_tata,Noel Naval Tata,诺埃尔·纳维尔·塔塔,Male,,India,Software & Services,Tata Sons,India-Mumbai,2026
nopadol_chiaravanont,Nopadol Chiaravanont,诺帕多·奇亚拉瓦农,Male,,Thailand,Food & Beverages,CP Group,Thailand-Bangkok,2026
norbert_dentressangle,Norbert Dentressangle,诺伯特·登特雷斯安格,Male,,France,Transportation & Logistics,XPO Logistics,France-Lyon,2026
norma_lerner,Norma Lerner,诺玛·勒纳,Female,,United States,Financial Services,MBNA,USA-Cleveland,2026
norman_asbjornson,Norman Asbjornson,Norman Asbjornson,Male,1935.0,United States,Industrial Products,AAON,USA-Tulsa,2026
norman_braman,Norman Braman,诺曼·布拉曼,Male,,United States,Retail,Keystone,USA-Miami,2026
norman_kronseder,Norman Kronseder,Norman Kronseder,,,,Industrial Products,Krones,Germany-Neutraubling,2026
noubar_b_afeyan,Noubar B. Afeyan,Noubar B. Afeyan,Male,1962.0,United States,Healthcare,Moderna,USA-Cambridge,2026
nr_narayana_murthy,NR Narayana Murthy,娜拉亚娜娜·墨西,Male,,India,Software & Services,Infosys,India-Bengaluru,2026
nuchanart_chiaravanond,Nuchanart Chiaravanond,努查纳特·奇亚拉瓦诺德,Female,,Thailand,Food & Beverages,CP Group,Thailand-Bangkok,2026
nucharee_yoovidhya,Nucharee Yoovidhya,努沙里·尤维迪娅,Male,,Thailand,Food & Beverages,Red Bull,Thailand-Bangkok,2026
nusli_wadia,Nusli Wadia,努斯利·瓦迪亚,Male,1944.0,India,Consumer Goods,Britannia Industries,India-Mumbai,2026
octave_klaba,Octave Klaba,Octave Klaba,Male,1975.0,France,Software & Services,OVH,France-Roubaix,2026
odd_reitan,Odd Reitan,奥德·莱坦,Male,1951.0,Norway,Retail,Reitan Group,Norway-Trondheim,2026
oei_hong_leong,Oei Hong Leong,黄鸿年,Male,,Singapore,Consumer Goods,Sinar Mas,Singapore-Singapore,2026
olav_thon,Olav Thon,,,,,Real Esatate,Olav Thon Gruppen,,2018
oleg_boyko,Oleg Boyko,Oleg Boyko,Male,1965.0,Switzerland,Investments,Finstar Financial,Switzerland-Lipperswil,2026
oleg_deripaska,Oleg Deripaska,奥列格·德里帕斯卡,Male,1968.0,Russia,Metals & Mining,En+ Group,Russia-Moscow,2026
oleg_tinkov,Oleg Tinkov,Oleg Tinkov,Male,1968.0,Russia,Banking,Tinkoff Bank,,2021
olgun_zorlu,Olgun Zorlu,沃尔根·佐鲁,Male,,Turkey,Apparel & Textile Products,Zorlu,Turkey-Istanbul,2022
oliver_samwer,Oliver Samwer,奥利弗·桑维尔,Male,,Germany,Investments,Rocket Internet,Germany-Munich,2026
olivia_holding,Olivia Holding,Olivia Holding,,,,Financial Services,First Citizens Bank,USA-Raleigh,2026
olivier_bernhard,Olivier Bernhard,Olivier Bernhard,Male,1968.0,Switzerland,Apparel & Textile Products,On Holding,Switzerland-Heiden,2022
olivier_bouygues,Olivier Bouygues,奥利维尔·布依格斯,Male,,France,Construction & Engineering,Bouygues,France-Neuilly-sur-Seine,2026
olivier_courtin_clarins,Olivier Courtin-Clarins,Olivier Courtin-Clarins,Male,,France,Consumer Goods,Clarins,France-Paris,2026
olivier_dassault,Olivier Dassault,奥利维尔·达索,Male,1951.0,France,Aerospace,Dassault Systems,,2021
olivier_pelat,Olivier Pelat,Olivier Pelat,Male,1959.0,France,Real Estate,Europequipements,France-Paris,2026
olivier_pomel,Olivier Pomel,Olivier Pomel,Male,1978.0,United States,Software & Services,Datadog,USA-New York,2026
omid_kordestani,Omid Kordestani,奥米德·科斯塔斯塔尼,Male,,United States,Media & Entertainment,Alphabet,USA-San Francisco,2023
ong_beng_seng,Ong Beng Seng,翁本生,Male,1946.0,Singapore,Hospitality,Hotel Properties,Singapore-Singapore,2026
ong_beng_seng_and_christina_ong,Ong Beng Seng And Christina Ong,,,,,Hospitality & Luxury Retail,Hotel Properties,,2018
onkar_kanwar,Onkar Kanwar,恩卡·坎沃,Male,,India,Automobile & Auto Components,Apollo Tyres,India-New Delhi,2026
onsi_sawiris,Onsi Sawiris,昂西·萨维里斯,Male,1929.0,Egypt,Construction,OCI,,2019
oprah_winfrey,Oprah Winfrey,奥普拉·温弗瑞,Female,1946.0,United States,Media & Entertainment,Oprah Winfrey Network,USA-Montecito,2026
or_wai_sheun,Or Wai Sheun,柯为湘,Male,,Hong Kong,Real Estate,Polytec Asset,China-Hong Kong,2026
oran_holtzman,Oran Holtzman,Oran Holtzman,Male,1983.0,United Kingdom,Software & Services,Oddity Tech,UK-London,2026
oren_zeev,Oren Zeev,Oren Zeev,Male,1964.0,United States,Investments,Zeev Ventures,USA-Los Altos,2026
orion_hindawi,Orion Hindawi,奥瑞恩·欣达维,Male,,United States,Software & Services,Tanium,USA-Piedmont,2026
orlando_bravo,Orlando Bravo,Orlando Bravo,Male,1971.0,United States,Financial Services,Thoma Bravo,USA-Miami Beach,2026
othman_benjelloun,Othman Benjelloun,奥斯曼·本杰洛,Male,,Morocco,Financial Services,BMCE Bank,Morocco-Casablanca,2026
otto_boehringer,Otto Boehringer,Otto Boehringer,Male,1930.0,Germany,Healthcare,Boehringer Ingelheim,Germany-Ingelheim,2026
otto_happel,Otto Happel,奥托·哈珀尔,Male,,Switzerland,Industrial Products,GEA,Switzerland-Luzerne,2026
otto_philipp_braun,Otto Philipp Braun,奥托·菲利普·布劳恩,Male,,Germany,Healthcare,B. Braun,Germany-Melsungen,2026
otto_toto_sugiri,Otto Toto Sugiri,Otto Toto Sugiri,Male,1954.0,Indonesia,Software & Services,DCI Indonesia,Indonesia-Jakarta,2026
ou_chunlian,Ou Chunlian,欧春连,Female,1968.0,China,Energy,Aikosolar,China-Shanghai,2026
ou_jinfeng,Ou Jinfeng,欧锦锋,,1978.0,,Retail,Higold,China-Foshan,2026
ou_xueming,Ou Xueming,区学铭,Male,1949.0,China,Developer,Country Garden,China-Foshan,2022
ou_yafei,Ou Yafei,欧亚非,Male,1955.0,China,Investments,Hua Lianxin,Guangdong-Shenzhen,2021
ou_yaping,Ou Yaping,欧亚平,Male,1962.0,Hong Kong,Energy,Sinolink Worldwide,China-Hong Kong,2026
ou_zonghong,Ou Zonghong,欧宗洪,Male,1971.0,China,Developer,Rongxin,China-Shanghai,2022
ou_zonghong_xu_lixiang,Ou Zonghong & Xu Lixiang,,,,,Real Estate,Rongxin ,,2018
ou_zongrong,Ou Zongrong,欧宗荣,Male,1964.0,China,Developer,Zhenro ,Shanghai-Shanghai,2021
ouyang_yongyue,Ouyang Yongyue,欧阳永跃,Male,1966.0,China,Industrial Products,Shangtai Technology,China-Beijing,2026
p_pitchi_reddy,P Pitchi Reddy,P·皮奇·雷迪,Male,,India,Construction & Engineering,Megha Engineering & Infrastructures,India-Hyderabad,2026
p_roy_vagelos,P Roy Vagelos,P Roy Vagelos,Male,1930.0,United States,Healthcare,Regeneron,USA-New York,2026
p_v_krishna_reddy,P V Krishna Reddy,,,,,Construction & Engineering,Megha Engineering & Infrastructures,,2018
pablo_legorreta,Pablo Legorreta,Pablo Legorreta,Male,1964.0,United States,Healthcare,Royalty Pharma,USA-New York,2026
palankoyev_akhmet_magomedovich,Palankoyev Akhmet Magomedovich,Palankoyev Akhmet Magomedovich,Male,1964.0,Russia,Metals & Mining,Polyus Gold,Russia-Moscow,2026
pallonji_mistry,Pallonji Mistry,,,,,Construction & Engineering,Shapoorji Pallonji,,2017
palmer_luckey,Palmer Luckey,Palmer Luckey,Male,1992.0,United States,Aerospace & Defence,Anduril Industries,USA-California City,2026
pamela_mars_wright,Pamela Mars-Wright,帕梅拉·玛斯·赖特,Female,,United States,Food & Beverages,Mars,USA-The Plains,2026
pan_dong,Pan Dong,潘东,Female,1965.0,China,Consumer Goods,Blue Moon,China-Guangzhou,2026
pan_gang,Pan Gang,潘刚,Male,1970.0,China,Food & Beverages,Yili,China-Hohhot,2026
pan_hejia,Pan Hejia,潘禾佳,Female,1963.0,China,Automobile & Auto Components,Bethel,China-Wuhu,2026
pan_jianqing,Pan Jianqing,潘建清,Male,1963.0,China,Industrial Products,TDG,China-Jiaxing,2023
pan_junling,Pan Junling,潘俊玲,Female,,China,Logistics,Great River Smarter Logistics,China-Dongguan,2022
pan_laican,Pan Laican,潘来灿,Male,,China,Food & Beverages,Foshan Haitian Flavoring and Food,China-Foshan,2026
pan_longquan,Pan Longquan,潘龙泉,Male,1963.0,,Industrial Products,Chervon,China-Nanjing,2023
pan_shiyi,Pan Shiyi,潘石屹,Male,1963.0,New York,Investments,SOHO China,USA-New York,2026
pan_shiyi_zhang_xin,Pan Shiyi & Zhang Xin ,,,,,Real Estate,SOHO,,2018
pan_sutong,Pan Sutong,潘苏通,Male,1963.0,Hong Kong,Developer,Goldin,Hong Kong-Hong Kong,2021
pan_weiming,Pan Weiming,潘伟明,Male,1964.0,China,Real Estate,Fusheng ,Fujian-Fuzhou,2019
pan_xiebao,Pan Xiebao,潘协保,,1952.0,,Industrial Products,Pamica,China-Xianning,2026
pan_xueping,Pan Xueping,潘雪平,Male,1964.0,China,Manufacturing,Jinsheng,,2020
pan_yao,Pan Yao,潘瑶,,,,Consumer Goods,Arashi Vision,China-Shenzhen,2026
pan_zhengmin,Pan Zhengmin,潘政民,Male,1967.0,China,Industrial Products,AAC Acoustic Technologies,China-Shenzhen,2026
pan_zhengmin_wu_chunyuan,Pan Zhengmin & Wu Chunyuan,,,,,Audio technology,AAC Acoustic Technologies,,2018
pang_kang,Pang Kang,庞康,Male,1956.0,China,Food & Beverages,Foshan Haitian Flavoring and Food,China-Foshan,2026
pankaj_munjal,Pankaj Munjal,潘卡蒙贾尔,Male,,India,Automobile & Auto Components,Hero Cycles,India-New Delhi,2026
pankaj_patel,Pankaj Patel,潘卡·帕特尔,Male,,India,Healthcare,Zydus Lifesciences,India-Ahmedabad,2026
pansy_ho,Pansy Ho ,,,,,Gaming,"Shun Tak , MGM China",,2017
pansy_ho_chiu_king,Pansy Ho Chiu-king,何超琼,Female,,Hong Kong,Hospitality,"Shun Tak, MGM China",China-Hong Kong,2026
pantaleo_dell_orco,Pantaleo Dell'Orco,Pantaleo Dell'Orco,Male,1952.0,Italy,Consumer Goods,Armani Group,Italy-Milan,2026
pantas_sutardja,Pantas Sutardja,Pantas Sutardja,Male,1962.0,United States,Semiconductors,Credo,USA-Saratoga,2026
pao_pui_yung,Pao Pui Yung,包陪容,Female,,,Estate Holding,Wheelock,Hong Kong-Hong Kong,2021
paola_barilla,Paola Barilla,保拉·巴里拉,Male,,Italy,Food & Beverages,Barilla Group,Italy-Parma,2026
paola_cuneo_queirolo,Paola Cuneo Queirolo ,,,,,Retail,SACI Falabella,,2018
paola_del_vecchio,Paola del Vecchio,Paola del Vecchio,Female,,Italy,Consumer Goods,EssilorLuxottica,Luxembourg-Luxembourg,2026
paolo,Paolo,保罗,,,,Energy,Techint,Argentina-Buenos Aires,2026
paolo_ardoino,Paolo Ardoino,Paolo Ardoino,,,,Financial Services,Tether,El Salvador-San Salvador,2026
paolo_bulgari,Paolo Bulgari,保罗·宝格丽,Male,1937.0,Italy,Consumer Goods,LVMH,Italy-Rome,2026
paolo_chiesi,Paolo Chiesi,Paolo Chiesi,Male,1941.0,Italy,Healthcare,Chiesi Farmaceutici,Italy-Parma,2024
paolo_mario_rocca,Paolo Mario Rocca,,,,,Manufacturing,Techint ,,2018
paolo_rocca,Paolo Rocca,保罗·罗卡,Male,,Argentina,Construction & Engineering,Techint,Argentina-Buenos Aires,2024
parakramsinh_ghanshyamsinh_jadeja,Parakramsinh Ghanshyamsinh Jadeja,Parakramsinh Ghanshyamsinh Jadeja,,,,Industrial Products,Jyoti CNC Automation,India-Rajkot,2026
paritosh_kumar,Paritosh Kumar,Paritosh Kumar,Male,1955.0,India,Industrial Products,Happy Forgings,India-Ludhiana,2026
park_hyeon_joo,Park Hyeon Joo,朴炫柱,Male,,South Korea,Financial Services,Mirae Asset,South Korea-Seoul,2026
park_soon_jae,Park Soon-jae,Park Soon-jae,,,,Healthcare,Alteogen,South Korea-Daejeon,2026
parker_conrad,Parker Conrad,Parker Conrad,Male,,United States,Software & Services,Rippling,USA-San Francisco,2026
parul_gangwal,Parul Gangwal,帕鲁尔·冈瓦尔,Female,,United States,Aviation,Interglobe Aviation,,2020
pat_stryker,Pat Stryker,帕特·史崔克,Female,,United States,Healthcare,Stryker,USA-Fort Collins,2026
patokh_chodiev,Patokh Chodiev,帕托克·乔迪耶夫,Male,1953.0,Kazakhstan,Metals & Mining,Eurasian Resources (ERG),Kazakhstan-Almaty,2026
patrice_motsepe,Patrice Motsepe,帕特里斯·莫塞佩,Male,1962.0,South Africa,Metals & Mining,African Rainbow Minerals,South Africa-Johannesburg,2026
patrice_pichet,Patrice Pichet,Patrice Pichet,Male,1960.0,France,Real Estate,Groupe Pichet,France-Bordeaux,2026
patricia_angelini_rossi,Patricia Angelini Rossi,帕特里夏·安吉丽尼·罗西,Female,,Chile,Investments,AntarChile,Chile-Santiago,2026
patricia_matte,Patricia Matte,帕特里夏·马特,Male,,Chile,Forestry,Empresas,,2021
patrick_collison,Patrick Collison,帕特里克·科里森,Male,1988.0,United States,Financial Services,Stripe,USA-San Francisco,2026
patrick_dolan,Patrick Dolan,Patrick Dolan,,,,Media & Entertainment,The Madison Square Garden Company,USA-New York,2026
patrick_drahi,Patrick Drahi,帕特里克·德拉希,Male,1963.0,Switzerland,Telecommunications,Altice,Switzerland-Zermatt,2026
patrick_hanrahan,Patrick Hanrahan,Patrick Hanrahan,Male,1955.0,United States,Software & Services,Tableau Software,USA-Portola Valley,2026
patrick_lee,Patrick Lee,李运强,Male,,Hong Kong,Paper,Lee & Man,Hong Kong-Hong Kong,2019
patrick_ryan,Patrick Ryan,帕特里克·瑞安,Male,1937.0,United States,Financial Services,Ryan Specialty Group,USA-Winnetka,2026
patrick_soon_shiong,Patrick Soon-Shiong,陈颂雄,Male,1962.0,United States,Healthcare,NantWorks,USA-Los Angeles,2026
patrick_zalupski,Patrick Zalupski,Patrick Zalupski,Male,1980.0,United States,Real Estate,Dream Finders Homes,USA-Jacksonville,2026
patrik_tkac,Patrik Tkac,Patrik Tkac,Male,1974.0,Slovakia,Energy,EPH,Slovakia-Bratislava,2026
patrizio_bertelli,Patrizio Bertelli,帕特里齐奥·贝尔泰利,Male,1946.0,Italy,Consumer Goods,Prada,Italy-Milan,2026
patrizio_vinciarelli,Patrizio Vinciarelli,Patrizio Vinciarelli,Male,1946.0,United States,Consumer Goods,Vicor Corp,USA-Boston,2026
paul_allen,Paul Allen,,,,,Investments,Vulcan,,2018
paul_coulson,Paul Coulson,保罗·库尔森,Male,,United Kingdom,Containers & Packaging,Ardagh Group,Luxembourg,2025
paul_demarais,Paul Demarais & family ,,,,,Conglomerate ,Power Corp. of Canada,,2017
paul_demarais_jr,Paul Demarais Jr,保罗·德马赖斯,Male,1954.0,Canada,Conglomerate ,Power Corp. of Canada,,2019
paul_fireman,Paul Fireman,保罗·费尔曼,Male,,United States,Financial Services,Fireman Capital Partners,USA-Brookline,2026
paul_foster,Paul Foster,Paul Foster,Male,1960.0,United States,Energy,Western Refining,USA-El Paso,2026
paul_gauselmann,Paul Gauselmann,保罗·高塞尔曼,Male,1934.0,Germany,Media & Entertainment,Gauselmann,Germany-Espelkamp,2026
paul_georges_despature,Paul Georges Despature,Paul Georges Despature,Male,1946.0,France,Consumer Goods,Somfy,France-Roubaix,2026
paul_heinz_wesjohann,Paul-Heinz Wesjohann,Paul-Heinz Wesjohann,Male,1944.0,Germany,Food & Beverages,PHW Group,Germany-Rechterfeld,2026
paul_jr_desmarais,Paul Jr. Desmarais,Paul Jr. Desmarais,Male,1954.0,Canada,Energy,Power Corporation of Canada,Canada-Quebec,2026
paul_marshall,Paul Marshall,Paul Marshall,Male,1959.0,United Kingdom,Investment Management,Marshall Wace,UK-London,2022
paul_mccartney,Paul McCartney,Paul McCartney,Male,1943.0,United Kingdom,Media & Entertainment,Music,UK-London,2026
paul_salteri,Paul Salteri,保罗·萨尔特里,Male,,Australia,Construction,Tenix,,2019
paul_saville,Paul Saville,Paul Saville,Male,1956.0,United States,Real Estate,NVR,USA-Palm Beach,2026
paul_sciarra,Paul Sciarra,Paul Sciarra,Male,1981.0,United States,Media & Entertainment,Pinterest,USA-California City,2026
paul_singer,Paul Singer,保罗·辛格,Male,1944.0,United States,Financial Services,Elliott Investment Management,USA-New York,2026
paul_sykes,Paul Sykes,Paul Sykes,Male,1944.0,United Kingdom,Real Estate,Meadowhall,UK-Jersey,2026
paul_tudor_jones_ii,Paul Tudor Jones II,保罗·都铎·琼斯二世,Male,1954.0,United States,Financial Services,Tudor Investment,USA-Palm Beach,2026
paul_van_zuydam,Paul van Zuydam,Paul van Zuydam,Male,1938.0,South Africa,Consumer Goods,Le Creuset,South Africa-Johannesburg,2026
pauline_macmillan_keinath,Pauline Macmillan Keinath,宝琳·麦克米兰·基纳斯,Female,1934.0,United States,Agriculture,Cargill,USA-Minnetonka,2026
paulo_chiesi,Paulo Chiesi,保罗·基西,Male,,Italy,Pharmaceuticals,Chiesi Farmaceutici,,2020
paulo_setubal_neto,Paulo Setubal Neto,Paulo Setubal Neto,Male,1950.0,Brazil,Financial Services,Itau Unibanco,Brazil-Sao Paulo,2026
pavan_kumar_jain,Pavan Kumar Jain,Pavan Kumar Jain,Male,1951.0,India,Industrial Products,Inox Air Products,India-Mumbai,2026
pavana_langthara_yoovidhya,Pavana Langthara Yoovidhya,巴瓦纳·兰塔拉·约维迪亚,Male,,Thailand,Food & Beverages,Red Bull,Thailand-Bangkok,2026
pavel_baudis,Pavel Baudis,Pavel Baudis,Male,1961.0,Czech Republic,Software & Services,Gen Digital,Czech Republic-Prague,2026
pavel_demidov,Pavel Demidov,Pavel Demidov,Male,1968.0,Russia,Agriculture,Dominant Group,Russia-Moscow,2026
pavel_durov,Pavel Durov,Pavel Durov,Male,1985.0,Dubai,Software & Services,Telegram,UAE-Dubai,2026
pavel_golubkov,Pavel Golubkov,Pavel Golubkov,Male,1976.0,Russia,Real Estate,Samolet Group,Russia-Moscow,2024
pavel_tykac,Pavel Tykac,Pavel Tykac,Male,1965.0,Czech Republic,Energy,Sev.en Energy Group,Czech Republic-Prague,2026
pawan_kant_munjal,Pawan Kant Munjal,帕万·坎特·蒙加尔,Male,,India,Automobile & Auto Components,Hero Motocorp,India-New Delhi,2026
pawel_marchewka,Pawel Marchewka,Pawel Marchewka,,,,Software & Services,Techland,Poland-Warsaw,2026
pearse_lyons,Pearse Lyons,,,,,Pharmaceuticals,Alltech,,2018
pedro_brescia_moreyra,Pedro Brescia Moreyra ,,,,,Metals & Mining,Grupo Brescia,,2018
pedro_de_godoy_bueno,Pedro de Godoy Bueno,Pedro de Godoy Bueno,Male,1990.0,Brazil,Financial Services,UnitedHealth,Brazil-Sao Paulo,2023
pedro_grendene_bartelle,Pedro Grendene Bartelle,Pedro Grendene Bartelle,Male,1949.0,Brazil,Consumer Goods,Grendene,Brazil-Sao Paulo,2026
pedro_moreira_salles,Pedro Moreira Salles,佩德罗·莫雷拉·萨尔斯,Male,,Brazil,Financial Services,Itau Unibanco,Brazil-Sao Paulo,2026
pedro_queiroz_pereira,Pedro Queiroz Pereira & Family,,,,,Conglomerate,Semapa,,2018
peggy_cherng,Peggy Cherng,蒋佩琪,Female,,,Food & Beverages,Panda Express,USA-Henderson,2026
peggy_cherng_2,Peggy Cherng,蒋佩琪,Female,,,Food & Beverages,Panda Express,USA-Henderson,2026
pei_zhenhua,Pei Zhenhua,裴振华,Male,,China,Industrial Products,Canmax,China-Suzhou,2026
peng_guoyuan,Peng Guoyuan,彭国远,Male,1986.0,China,Education & Training,NWY,China-Shenzhen,2026
peng_hao,Peng Hao,彭浩,Male,1967.0,China,Telecommunications,Sunway Communication,China-Shenzhen,2026
peng_hui,Peng Hui,彭惠,Female,1968.0,China,Industrial Products,Broad-Ocean Motor,China-Zhongshan,2026
peng_jianhu,Peng Jianhu,彭建虎,Male,1957.0,China,Investments,New Century Cruise,China-Chongqing,2022
peng_jianhu_peng_junheng,Peng Jianhu & Peng Junheng,,,,,Tourism ,New Century Cruise,,2018
peng_jianhua,Peng Jianhua,彭建华,Male,1951.0,China,Education,AKD International,China-Beijing,2022
peng_jun,Peng Jun,彭军,Male,,,Artificial Intelligence,Pony.ai,China-Guangzhou,2026
peng_junheng,Peng Junheng,彭俊珩,Male,1982.0,China,Investments,New Century Cruise,China-Chongqing,2022
peng_lei,Peng Lei,彭蕾,Male,1971.0,Singapore,Retail,Alibaba,Singapore-Singapore,2026
peng_qian,Peng Qian,彭骞,Male,1974.0,China,Industrial Products,Jingce,China-Wuhan,2026
peng_tielan,Peng Tielan,彭铁缆,Male,,China,Trading & Distribution,Bosen,China-Changsha,2026
peng_xin,Peng Xin,彭心,Female,1988.0,China,Food & Beverages,Nayuki,China-Shenzhen,2022
peng_xing,Peng Xing,,,,,Textiles,Fapai ,,2017
peng_yijie,Peng Yijie,彭翼捷,Male,1979.0,,E-Commerce,Alibaba,China-Hangzhou,2022
peng_yongdong,Peng Yongdong,彭永东,Male,1979.0,China,Real Estate,KE,China-Beijing,2026
peng_yonghe,Peng Yonghe,彭永鹤,Male,1969.0,China,Healthcare,Ruipeng Pet,China-Shenzhen,2026
penny_pritzker,Penny Pritzker,潘妮·普利兹克,Female,1959.0,United States,Hospitality,Hyatt,USA-Chicago,2026
per,Per,Per,,,,Consumer Goods,Pandora,Denmark-Glostrup,2026
per_enevoldsen,Per Enevoldsen,佩尔·恩沃沃尔森,Male,,Denmark,Retail,Pandora,Denmark-Glostrup,2024
per_franzen,Per Franzén,Per Franzén,Male,1976.0,Sweden,Financial Services,EQT,Sweden-Stockholm,2026
per_sandberg,Per Sandberg,Per Sandberg,Male,1962.0,Sweden,Healthcare,Camurus,Sweden-Bjärred,2026
per_winnie_enevoldsen,Per & Winnie Enevoldsen,,,,,Jewllery,Pandora,,2018
peter_alexander_wacker,Peter Alexander Wacker,彼得·亚历山大·瓦克,Male,,Germany,Chemicals,Wacker Chemie,Germany-Munich,2026
peter_alfond,Peter Alfond,,,,,Conglomerate,Berkshire Hathaway,,2017
peter_beck,Peter Beck,Peter Beck,Male,1976.0,New Zealand,Aerospace & Defence,Rocket Labs,New Zealand-South Island,2026
peter_buck,Peter Buck,彼得·巴克,Male,,United States,Food & Beverages,Subway,,2021
peter_cancro,Peter Cancro,Peter Cancro,Male,1957.0,United States,Food & Beverages,Jersey Mikes,USA-Miami,2026
peter_coates,Peter Coates,彼得·科茨,Female,1938.0,United Kingdom,Media & Entertainment,Bet365,UK-Stoke-on-Trent,2026
peter_czernin,Peter Czernin,Peter Czernin,,,,Real Estate,Howard De Walden Estate,UK-London,2026
peter_done,Peter Done,彼得·多恩,Male,,,Entertainment,BetFred,,2019
peter_e_haas_jr,Peter E Haas Jr,彼得·E·哈斯,Male,,United States,Consumer Goods,Levi Strauss,USA-San Francisco,2026
peter_foss,Peter Foss,彼得·福斯,Male,,Denmark,Equipments,Foss,,2021
peter_gilgan,Peter Gilgan,彼得·吉尔根,Male,,Canada,Real Estate,Mattamy Homes,Canada-Toronto,2026
peter_grogg,Peter Grogg,Peter Grogg,Male,1942.0,Switzerland,Healthcare,Bachem Holding,Switzerland,2025
peter_guber,Peter Guber,Peter Guber,Male,1942.0,United States,Media & Entertainment,Golden State Warriors,USA-Los Angeles,2026
peter_h_coors,Peter H Coors,彼得·H·库尔斯,Male,,United States,Food & Beverages,Molson Coors Beverage,USA-Golden,2026
peter_hargreaves,Peter Hargreaves,彼得·哈格里夫斯,Male,1946.0,United Kingdom,Financial Services,Hargreaves Lansdown,UK-Bristol,2026
peter_harris,Peter Harris,彼得·哈里斯,Male,,United Kingdom,Leisure,Bourne Leisure,,2020
peter_jackson,Peter Jackson,Peter Jackson,Male,1962.0,New Zealand,Media & Entertainment,Weta FX,New Zealand-Wellington,2026
peter_johan_mads_clauson,Peter Johan Mads Clauson,彼得·约翰·马兹·克劳斯顿,Male,,Denmark,Industrial Products,Danfoss,Denmark-Nordborg,2026
peter_kamprad,Peter Kamprad,彼得·坎普拉德,Male,,Belgium,Real Estate,Ikano,Belgium-Tervuren,2026
peter_kellogg,Peter Kellogg,彼得·凯洛格,Male,1942.0,United States,Financial Services,Goldman Sachs,USA-Short Hills,2026
peter_kelly,Peter Kelly,Peter Kelly,Male,1958.0,United Kingdom,Software & Services,Softcat,UK-Bristol,2026
peter_leibinger,Peter Leibinger,彼得·雷宾格,Male,,Germany,Industrial Products,Trumpf,Germany-Schwieberdingen,2026
peter_lim,Peter Lim,林荣福,Male,1953.0,Singapore,Healthcare,Thomson Medical Group,Singapore-Singapore,2026
peter_lo,Peter Lo,罗崑泉,,,,Healthcare,Johnson Health,China-Taichung,2026
peter_nygard,Peter Nygard,,,,,Textiles、 Apparels & Accessories,Nygard International,,2017
peter_p_gassner,Peter P Gassner,Peter P Gassner,Male,1966.0,United States,Software & Services,Veeva Systems,USA-Pleasanton,2026
peter_paulmann,Peter Paulmann,Peter Paulmann,Male,1968.0,Chile,Retail,Cencosud,Chile-Santiago,2026
peter_peterson,Peter Peterson,,,,,Investments,Blackstone ,,2018
peter_preben_wilhelmsen,Peter Preben Wilhelmsen,Peter Preben Wilhelmsen,Male,,Norway,Hospitality,Royal Carribean Cruises,UK-London,2026
peter_shu,Peter Shu,束崇万,Male,1954.0,Taiwan,Semiconductors,Transcend,China-Taipei,2026
peter_smaller,Peter Smaller,Peter Smaller,Male,1946.0,Australia,Metals & Mining,Southern Steel,Australia-Sydney,2026
peter_sondakh,Peter Sondakh,Peter Sondakh,Male,1952.0,Indonesia,Transportation & Logistics,PT Express Transindo Utama,Indonesia-Surabaya,2026
peter_sperling,Peter Sperling,Peter Sperling,Male,1960.0,United States,Education & Training,Apollo Education Group,USA-Phoenix,2026
peter_spuhler,Peter Spuhler,彼得·斯普勒,Male,,Switzerland,Industrial Products,Stadler Rail,Switzerland-Weiningen,2026
peter_szulczewski,Peter Szulczewski,Peter Szulczewski,Male,1981.0,United States,E-Commerce,Wish ,,2021
peter_thiel,Peter Thiel,彼得·泰尔,Male,1967.0,United States,Investments,Founders Fund,USA-Los Angeles,2026
peter_thomson,Peter Thomson,Peter Thomson,Male,,Canada,Media & Entertainment,Thomson Reuters,Canada-Toronto,2026
peter_unger,Peter Unger,彼得·昂格,Male,,Germany,Automobile & Auto Components,Auto-Teile-Unger,Germany-Neustadt an der Waldnaab,2026
peter_woo_kwong_ching,Peter Woo Kwong-ching,吴光正,Male,,Hong Kong,Real Estate,Wheelock,China-Hong Kong,2026
peter_woo_kwong_ching_pao_pui_yung,Peter Woo Kwong-Ching & Pao Pui Yung,,,,,Real Estate,Wheelock,,2018
peter_woo_pao_pui_yung,Peter Woo & Pao Pui Yung,,,,,Real Estate,Wheelock,,2017
peter_wood,Peter Wood,Peter Wood,Male,1946.0,United Kingdom,Investments,Investments,UK-London,2026
petr_kellner,Petr Kellner,皮特·凯尔纳,Male,1964.0,Czech Republic,Banking,PPF,,2021
petra_goldschmeding,Petra Goldschmeding,Petra Goldschmeding,,,,Services,Randstad,Netherlands-Amsterdam,2026
petra_schadeberg_hermann,Petra Schadeberg-Hermann,Petra Schadeberg-Hermann,Female,1968.0,Germany,Alcoholic Beverages,Krombacher Brauerei,,2021
petro_porshenko,Petro Porshenko,Petro Porshenko,Male,1965.0,Ukraine,Food & Beverages,Roshen,Ukraine-Kiev,2026
petter_stordalen,Petter Stordalen,皮特·斯托达林,Male,1962.0,Norway,Hospitality,Strawberry,Norway-Oslo,2026
pham_nhat_vuong,Pham Nhat Vuong,潘日旺,Male,1968.0,Vietnam,Real Estate,Vingroup,Vietnam-Hanoi,2026
phatanee_leksrisompong,Phatanee Leksrisompong,帕塔妮·莱克瑞桑庞,Female,,Thailand,Food & Beverages,CP Group,,2020
phil_knight,Phil Knight,菲尔·奈特,Male,1938.0,United States,Consumer Goods,Nike,USA-Hillsborough,2026
phil_ruffin,Phil Ruffin,菲尔·鲁芬,Male,1935.0,United States,Hospitality,Treasure Island,USA-Las Vegas,2026
phil_shawe,Phil Shawe,Phil Shawe,Male,1969.0,United States,Services,TransPerfect,USA-San Juan,2026
philip,Philip,Philip,,,,Consumer Goods,Arcadia,UK-London,2026
philip_anschutz,Philip Anschutz,菲利普·安舒茨,Male,1939.0,United States,Media & Entertainment,Anschutz Entertainment,USA-Denver,2026
philip_day,Philip Day,菲利普·戴,Male,1965.0,United Arab Emirates,Retail,Edinburgh Woollen Mills,UAE-Dubai,2023
philip_fayer,Philip Fayer,Philip Fayer,Male,1979.0,Canada,Financial Services,Nuvei,Canada-Quebec,2026
philip_green,Philip Green,菲利普·格林,Male,1952.0,Monaco,Consumer Goods,Arcadia,UK-London,2024
philip_ng,Philip Ng,黄志达,Male,,Singapore,Real Estate,Far East,Singapore-Singapore,2026
philip_niarchos,Philip Niarchos,菲利普·尼阿尔科斯,Male,,France,Investments,Art Collector,France-Paris,2026
philip_tina_green,Philip & Tina Green,,,,,Single Brand Retailing,Arcadia,,2018
philipp_boehringer,Philipp Boehringer,Philipp Boehringer,Male,1978.0,Germany,Healthcare,Boehringer Ingelheim,Germany-Ingelheim,2026
philippe_foriel_destezet,Philippe Foriel-Destezet,菲利普·佛瑞尔·德塞泽,Male,1935.0,United Kingdom,Human Resource Management,Adecco ,UK-London,2022
philippe_ginestet,Philippe Ginestet,Philippe Ginestet,Male,1954.0,France,Retail,GiFi,France-Pujols,2026
philippe_houze,Philippe Houzé,Philippe Houzé,,,,Retail,Carrefour,France-Paris,2026
philippe_journo,Philippe Journo,Philippe Journo,Male,1962.0,France,Real Estate,Compagnie de Phalsbourg,France-Paris,2022
philippe_laffont,Philippe Laffont,Philippe Laffont,Male,,United States,Investments,Coatue,USA-Locust Valley,2026
philippe_stern,Philippe Stern,菲利普·斯特恩,Male,,Switzerland,Consumer Goods,Patek Philippe,Switzerland-Geneva,2026
phillip_frost,Phillip Frost,菲利普·弗罗斯特,Male,,United States,Healthcare,Ivax,USA-Miami,2026
phillip_ragon,Phillip Ragon,菲利普·拉贡,Male,,United States,Software & Services,InterSystems,USA-Boston,2026
phongthep_chiaravanont,Phongthep Chiaravanont,旁泰普·奇拉瓦诺特,Male,,Thailand,Food & Beverages,CP Group,Thailand-Bangkok,2026
phorntep_phornprapha,Phorntep Phornprapha,,,,,Automobiles & Auto Components,SIAM Motors,,2018
phornthep_phornprapha,Phornthep Phornprapha,蓬塞普·蓬普拉巴,Male,,Thailand,Automobile,Siam Motors,,2021
pia_singh,Pia Singh,Pia Singh,Female,1970.0,India,Real Estate,DLF,India-New Delhi,2026
pier_luigi_piana,Pier Luigi Piana,皮尔·路易吉·皮亚纳,Male,,Italy,Consumer Goods,Loro Piana,Italy-Milan,2026
pier_silvio_berlusconi,Pier Silvio Berlusconi,Pier Silvio Berlusconi,Male,1969.0,Italy,Media & Entertainment,MFE-MediaForEurope,Italy-Arcore,2026
piero_ferrari,Piero Ferrari,皮耶罗·法拉利,Male,,Italy,Automobile & Auto Components,Ferrari,Italy-Modena,2026
piero_solari_donaggio,Piero Solari Donaggio,Piero Solari Donaggio,Male,1899.0,Chile,Retail,SACI Falabella,Chile-Santiago,2026
piero_solari_donajjio,Piero Solari Donajjio,皮耶罗·索拉里·多纳吉奥,Male,,Chile,Retail,SACI Falabella,Chile-Santiago,2022
pierre_bellon,Pierre Bellon,皮埃尔·贝隆,Male,1930.0,France,Food Services,Sodexo,,2021
pierre_castel,Pierre Castel,皮埃尔·卡斯特,Male,,Switzerland,Food & Beverages,Castel Freres,Switzerland-Geneva,2026
pierre_chen_tai_ming,Pierre Chen Tai-Ming,陈泰铭,Male,,Taiwan,Industrial Products,Yageo,China-New Taipei,2026
pierre_karl_peladeau,Pierre Karl Péladeau,皮埃尔·卡尔·佩拉多,Male,1961.0,Canada,Media & Entertainment,Quebecor,Canada-Montreal,2026
pierre_omidyar,Pierre Omidyar,皮埃尔·奥米迪亚,Male,1967.0,United States,Financial Services,PayPal,USA-Honolulu,2026
pierre_papillaud,Pierre Papillaud,,,,,Food Processing,Alma group,,2017
pierre_pasquier,Pierre Pasquier & family,,,,,Information technology,Sopra Steria,,2018
pierre_van_der_mersch,Pierre van der Mersch,Pierre van der Mersch,Male,1934.0,Belgium,Financial Services,Brederode SA,Belgium-Braine L'Alleud,2026
pieter_van_der_does,Pieter van der Does,Pieter van der Does,Male,1970.0,Netherlands,Financial Services,Adyen,Netherlands-Amsterdam,2026
pieter_van_der_leegte,Pieter van der Leegte,Pieter van der Leegte,Male,1958.0,Netherlands,Automobile & Auto Components,VDL Groep,Netherlands,2025
piotr_dabkowski,Piotr Dabkowski,Piotr Dabkowski,Male,1994.0,Poland,Artificial Intelligence,Eleven Labs,Poland-Warsaw,2026
pj_hyett,PJ Hyett,PJ Hyett,Male,1983.0,United States,Software & Services,GitHub,USA-San Francisco,2026
pnc_menon,PNC Menon,PNC·梅侬,Male,1948.0,India,Real Estate,PNC Investments,UAE-Dubai,2026
poju_zabludowicz,Poju Zabludowicz,Poju Zabludowicz,Male,1954.0,Finland,Real Estate,Tamares Group,UK-London,2026
pollyanna_chu,Pollyanna Chu,,,,,Investments,Kingston Financial ,,2017
pollyanna_chu_yuet_wah,Pollyanna Chu Yuet Wah,朱李月华,Female,,Hong Kong,Investments,Kingston Financial ,Hong Kong-Hong Kong,2021
polys_haji_ioannou,Polys Haji-Ioannou,波利斯·哈吉·伊奥诺,Male,,Monaco,Transportation & Logistics,easyJet,Monaco-Monaco,2026
pongsak_viddayakorn,Pongsak Viddayakorn,Pongsak Viddayakorn,Male,1935.0,Thailand,Healthcare,Bangkok Dusit Medical Services,Thailand-Bangkok,2026
pony_ma,Pony Ma,,,,,IT,Tencent,,2017
pony_ma_huateng,Pony Ma Huateng,,,,,IT,Tencent,,2018
poonam_juneja,Poonam Juneja,普南·朱内亚,Female,,India,Pharmaceuticals,Mankind Pharma,,2019
prachak_tangkaravakoon,Prachak Tangkaravakoon,Prachak Tangkaravakoon,Male,1945.0,Thailand,Chemicals,TOA Paint,Thailand-Bangkok,2024
pradeep_aggarwal,Pradeep Aggarwal,Pradeep Aggarwal,,,,Real Estate,Signatureglobal,India-New Delhi,2026
pradeep_garg,Pradeep Garg,Pradeep Garg,Male,1899.0,India,Metals & Mining,Kundan Refinery,India-New Delhi,2026
pradeep_rathod,Pradeep Rathod,Pradeep Rathod,Male,,India,Retail,Cello World,India,2025
pradip_burman,Pradip Burman,普拉迪普·伯曼,Male,,India,Consumer Goods,Dabur India,India-New Delhi,2026
praful_pannalal_ranavat,Praful Pannalal Ranavat,Praful Pannalal Ranavat,Male,1973.0,India,Consumer Goods,Swarn Shilp Chains & Jewellers,India-Mumbai,2026
prafullika_shailesh_choksi,Prafullika Shailesh Choksi,普拉夫利卡·沙伊莱什·乔克斯,Male,,India,Chemicals,Asian Paints,India-Mumbai,2026
prajogo_pangestu,Prajogo Pangestu,彭云鹏,Male,1944.0,Indonesia,Chemicals,Barito Pacific Group,Indonesia-Jakarta,2026
prakash_chauhan,Prakash Chauhan,Prakash Chauhan,Male,1946.0,India,Food & Beverages,Parle Agro,India-Mumbai,2026
prakash_lohia,Prakash Lohia,普拉卡什·洛希亚,Male,1952.0,United Kingdom,Chemicals,Indorama Ventures,UK-London,2026
prakash_m_sanghvi,Prakash M Sanghvi,普拉卡什·M·桑格维,Male,,India,Industrial Products,Ratnamani Metals & Tubes,India-Ahmedabad,2026
prakash_parmanand_hinduja,Prakash Parmanand Hinduja,,,,,Conglomerate,Hinduja Group,,2018
prannada_yoovidhya,Prannada Yoovidhya,潘纳达·约维迪亚,Male,,Thailand,Food & Beverages,Red Bull,Thailand-Bangkok,2026
prasert_prasarttong_osoth,Prasert Prasarttong-Osoth,普拉瑟特·普拉萨通·奥索斯,Male,1933.0,Thailand,Healthcare,Bangkok Dusit Medical Services,Thailand-Bangkok,2026
pratap_reddy,Pratap Reddy,普拉塔普·雷迪,Male,,India,Healthcare,Apollo Hospitals Enterprise,India-Chennai,2026
prateek_maheshwari,Prateek Maheshwari,Prateek Maheshwari,Male,1988.0,India,Education & Training,Physics Wallah,India-Ajmer,2026
prateek_suri,Prateek Suri,Prateek Suri,Male,1988.0,Nigeria,Consumer Goods,Maser Group,Nigeria-Lagos,2026
prathap_reddy,Prathap Reddy,Prathap Reddy,Male,1933.0,India,Healthcare,Apollo Hospitals Enterprise,India-Chennai,2026
prathip_chiravanond,Prathip Chiravanond,普拉提普·奇拉瓦诺德,Male,,Thailand,Food & Beverages,Charoen Pokphand Foods,Thailand-Bangkok,2026
prayasvin_b_patel,Prayasvin B Patel,Prayasvin B Patel,Male,,India,Industrial Products,Elecon Engineering,India-Anand,2024
prayudh_mahagitsiri,Prayudh Mahagitsiri,Prayudh Mahagitsiri,Male,1946.0,Thailand,Food & Beverages,Quality Coffee Products,Thailand-Bangkok,2026
prem_kumar_arora,Prem Kumar Arora,Prem Kumar Arora,Male,1939.0,India,Healthcare,Mankind Pharma,India-New Delhi,2026
prem_watsa,Prem Watsa,普雷姆·沃特萨,Male,1950.0,Canada,Financial Services,Fairfax Financial Holdings,Canada-Toronto,2026
premchand_godha,Premchand Godha,普雷姆昌德·戈达,Male,,India,Healthcare,IPCA Laboratories,India-Mumbai,2026
prithviraj_kothari,Prithviraj Kothari,,,,,Jewellery,RSBL,,2018
pritviraj_jindal,Pritviraj Jindal,Pritviraj Jindal,Male,,United Arab Emirates,Metals & Mining,JSW Steel,UAE-Dubai,2026
prudence_murdoch,Prudence Murdoch,Prudence Murdoch,,1958.0,Australia,Investments,Investments,Australia-Adelaide,2026
pu_shulin,Pu Shulin,蒲树林,Male,1956.0,,Entertainment,Cathay Media & Education,Beijing-Beijing,2021
pu_zhongjie,Pu Zhongjie,蒲忠杰,Male,1963.0,China,Healthcare,Lepu,China-Beijing,2026
pu_zhongjie_zhang_yue_e,Pu Zhongjie & Zhang Yue'E,,,,,Health care,Lepu ,,2018
puan_sri_siew_yong_gnanalingam,Puan sri siew yong gnanalingam,Puan sri siew yong gnanalingam,,,,Transportation & Logistics,Westports Holdings,Malaysia-kuala lumpur,2026
purnendu_chatterjee,Purnendu Chatterjee,普嫩杜·查特吉,Male,,United States,Investments,The Chatterjee Group,,2019
putera_sampoerna,Putera Sampoerna,林天喜,Male,1947.0,Indonesia,Agriculture,Sampoerna,Indonesia-Jakarta,2026
pv_krishna_reddy,PV Krishna Reddy,PV·克里希纳·雷迪,Male,,India,Construction & Engineering,Megha Engineering & Infrastructures,India-Hyderabad,2026
pv_ramaprasad_reddy,PV Ramaprasad Reddy,帕夫·兰普拉萨德·雷迪,Male,,India,Pharmaceuticals,Aurobindo Pharma,,2020
pv_ramprasad_reddy,PV Ramprasad Reddy,帕夫·兰普拉萨德·雷迪,Male,,United States,Healthcare,Aurobindo Pharma,India-Hyderabad,2026
pvn_raju,PVN Raju,PVN Raju,Male,1933.0,India,Pharmaceuticals,Gland Pharma,India-Hyderabad,2022
pyotr_aven,Pyotr Aven,彼得·阿文,Male,1955.0,Russia,Energy,Alfa Group,Latvia-Klaugi,2026
pyotr_kondrashev,Pyotr Kondrashev,Pyotr Kondrashev,Male,1949.0,Austria,Investments,Investments,Austria-Vienna,2026
qi_jianhong,Qi Jianhong,綦建虹,Male,,China,Automobiles & Auto Components,Sparkle Roll ,Beijing-Beijing,2019
qi_jiaqi,Qi Jiaqi,戚加奇,Male,1988.0,China,Real Estate,Binjiang,China-Hangzhou,2026
qi_jinxing,Qi Jinxing,戚金兴,Male,1962.0,China,Real Estate,Binjiang,China-Hangzhou,2026
qi_jinxing_qi_jiaqi,Qi Jinxing & Qi Jiaqi,,,,,Real estate,Binjiang ,,2018
qi_ju,Qi Ju,祁菊,Female,1952.0,China,Healthcare,Allist,China-Shanghai,2026
qi_shi,Qi Shi,其实,Male,1970.0,China,Financial Services,Eastmoney,China-Shanghai,2026
qi_xiangdong,Qi Xiangdong,齐向东,Male,1965.0,China,Software & Services,Qi An Xin,China-Beijing,2026
qi_yan,Qi Yan,齐燕,,1973.0,China,Consumer Goods,Kayou,China-Shanghai,2026
qi_yong,Qi Yong,祁永,Male,1964.0,China,Industrial Products,Envicool,China-Shenzhen,2026
qi_zhenbo,Qi Zhenbo,戚振波,Male,,China,Retail,Meione,China-Shanghai,2026
qian_dongqi,Qian Dongqi,钱东奇,Male,1958.0,China,Consumer Goods,Ecovacs,China-Suzhou,2026
qian_jinghong,Qian Jinghong,钱静红,Male,1973.0,,Automobile & Auto Components,Yadea,China-Shanghai,2026
qian_jundong,Qian Jundong,钱俊冬,Male,1980.0,,Enterprise Software,Three’s,Shaanxi-Xian,2021
qian_penghe,Qian Penghe,钱鹏鹤,Male,1972.0,China,Electrical equipment,Quectel,China-Shanghai,2022
qian_xiaojun,Qian Xiaojun,钱晓钧,Male,1975.0,China,Retail,United IT,China-Beijing,2023
qian_ying,Qian Ying,钱瑛,Female,1966.0,China,Agriculture,Muyuan,China-Nanyang,2026
qian_zhiya,Qian Zhiya,钱治亚,Male,1977.0,China,Food & Beverages,Luckin,Fujian-Xiamen,2020
qiao_luyu,Qiao Luyu,乔鲁予,Male,1955.0,China,Packaging,Jinja,China-Shenzhen,2022
qiao_zhiyong,Qiao Zhiyong,乔志涌,Male,1964.0,China,Chemicals,Qiaoyuan Gas,China-Chengdu,2026
qin_hua,Qin Hua,秦华,Male,1968.0,China,Retail,Gambol,China-Liaocheng,2026
qin_jiusan,Qin Jiusan,覃九三,Male,1967.0,,Chemicals,Capchem,China-Shenzhen,2026
qin_long,Qin Long,秦龙,Male,1965.0,China,Chemicals,Sentury,China-Qingdao,2026
qin_qingping,Qin Qingping,秦庆平,Male,1963.0,China,Chemicals,Jinneng,China-Dezhou,2022
qin_ronghua,Qin Ronghua,秦荣华,Male,1958.0,China,Automobile & Auto Components,Minth,China-Ningbo,2026
qin_yinglin,Qin Yinglin,秦英林,Male,1965.0,China,Agriculture,Muyuan,China-Nanyang,2026
qin_yinglin_qian_ying,Qin Yinglin & Qian Ying,,,,,Husbandry,Muyuan,,2018
qiu_bojun,Qiu Bojun,求伯君,Male,1964.0,,Gaming,Kingsoft,Beijing-Beijing,2021
qiu_dongxu,Qiu Dongxu,邱东旭,Male,1960.0,,Biotechnology,CanSino Biologics,Tianjin-Tianjin,2021
qiu_guanghe,Qiu Guanghe,邱光和,Male,1951.0,China,Consumer Goods,Semir,China-Wenzhou,2026
qiu_guogen,Qiu Guogen,裘国根,Male,1969.0,China,Investments,Chongyang,China-Shanghai,2026
qiu_guogen_luo_yi,Qiu Guogen & Luo Yi,,,,,Investments,Chongyang ,,2018
qiu_jianlin,Qiu Jianlin,邱建林,Male,1963.0,China,Chemicals,Hengyi,China-Hangzhou,2026
qiu_jianping,Qiu Jianping,仇建平,Male,1962.0,China,Industrial Products,GreatStar Industrial,China-Hangzhou,2026
qiu_jianping_wang_lingling,Qiu Jianping & Wang Lingling,,,,,Tools,GreatStar Industrial,,2018
qiu_lingyun,Qiu Lingyun,邱凌云,Male,1976.0,,Consumer Electronics,Smoore,Guangdong-Shenzhen,2021
qiu_minxiu,Qiu Minxiu,邱敏秀,Male,1945.0,China,Industrial Products,Jingsheng Mechanical & Electrical Co,China-Shaoxing,2026
qiu_wensheng,Qiu Wensheng,邱文生,Male,,,Consumer Goods,Huaqin,China-Shanghai,2026
qiu_xiangjuan,Qiu Xiangjuan,邱祥娟,Male,,China,Chemicals,Hengyi,China-Hangzhou,2026
qiu_yibo,Qiu Yibo,邱奕博,Male,1987.0,China,Chemicals,Hengyi,China-Hangzhou,2026
qu_fang,Qu Fang,瞿芳,,,,Media & Entertainment,Xiaohongshu,China-Shanghai,2026
qu_lei,Qu Lei,瞿磊,Male,1964.0,,Cloud Solutions,Maxvision,Guangdong-Shenzhen,2021
qu_xiaohua,Qu Xiaohua,瞿晓铧,Male,1964.0,,Energy,Csi,China-Suzhou,2026
qu_xueming,Qu Xueming,,,,,Real estate,Country Garden,,2018
que_wenbin,Que Wenbin,,,,,"Biopharmaceuticals, mining ",Hengkang Medical,,2018
quek_leng_chan,Quek Leng Chan,郭令灿,Male,1943.0,Malaysia,Financial Services,Hong Leong,Malaysia-Kuala Lumpur,2026
r_budi_hartono,R Budi Hartono,黄惠忠,Male,,Indonesia,Financial Services,Bank Central Asia,Indonesia-Kudus,2026
r_randall_rollins,R Randall Rollins,兰德尔·罗林斯,Male,1931.0,United States,Pest Control,Rollins,,2021
raamdeo_ramgopal_agrawal,Raamdeo Ramgopal Agrawal,Raamdeo Ramgopal Agrawal,Male,1957.0,India,Financial Services,Motilal Oswal Financial Services,India-Mumbai,2026
radha_vembu,Radha Vembu,拉得哈·温卜,Male,,India,Software & Services,Zoho,India-Chennai,2026
radhakishan_damani,Radhakishan Damani,拉达吉申·达马尼,Male,,India,Retail,Avenue Supermarts,India-Mumbai,2026
radhe_shyam_agarwal,Radhe Shyam Agarwal,拉达·希亚姆·阿加瓦尔,Male,,India,Consumer Goods,Emami,India-Kolkata,2026
radhe_shyam_goenka,Radhe Shyam Goenka,拉达·希亚姆·戈恩卡,Male,,India,Consumer Goods,Emami,India-Kolkata,2026
radik_shaimiev,Radik Shaimiev,Radik Shaimiev,Male,1965.0,Russia,Chemicals,TAIF Group,Russia-Kazan,2026
radovan_vitek,Radovan Vitek,拉多万·维特克,Male,1971.0,Czech Republic,Real Estate,CPI Property,Switzerland-Crans-Montana,2026
rafael_del_pino_calvo_sotelo,Rafael Del Pino Calvo-Sotelo,拉斐尔·德尔皮诺·卡尔沃·索特洛,Male,1958.0,Spain,Construction & Engineering,Ferrovial,Spain-Madrid,2026
rafal_brzoska,Rafal Brzoska,Rafal Brzoska,Male,1978.0,Poland,Transportation & Logistics,InPost,Poland-Warsaw,2026
rafique_abdul_malik,Rafique Abdul Malik,Rafique Abdul Malik,Male,1951.0,India,Consumer Goods,Metro Brands,India-Mumbai,2026
raghavpat_singhania,Raghavpat Singhania,Raghavpat Singhania,Male,1984.0,India,Construction & Engineering,JK Cement,India-New Delhi,2026
raghuvinder_kataria,Raghuvinder Kataria,拉古维德尔·卡塔里亚,Male,,United Arab Emirates,Investments,Kataria,UAE-Dubai,2026
rahel_blocher,Rahel Blocher,拉希尔·布洛赫,Female,1976.0,Switzerland,Chemicals,EMS Chemie,Switzerland-Wilen bei Wollerau,2026
rahul_bajaj,Rahul Bajaj,拉胡尔·巴贾杰,Male,1938.0,India,Automobile & Auto Components,Bajaj Auto,India-Mumbai,2024
rahul_bhatia,Rahul Bhatia,Rahul Bhatia,,,,Aerospace & Defence,Interglobe Aviation,India-New Delhi,2026
rahul_gautam,Rahul Gautam,拉胡尔·高塔姆,Male,,India,Consumer Goods,Sheela Foam,India-New Delhi,2024
rahul_radhavallabh_dhoot,Rahul Radhavallabh Dhoot,Rahul Radhavallabh Dhoot,Male,1973.0,India,Automobile & Auto Components,Dhoot Transmission,India-Aurangabad,2026
rainer_bickle,Rainer Bickle,雷纳·比克尔,Male,,Germany,Machinery,SEW EURODRIVE,Germany-Bruchsal,2022
rainer_schmidt_ruthenbeck,Rainer Schmidt-Ruthenbeck,雷纳·施密特·鲁滕贝克,Female,,,Multi Brand Retailing,Metro,,2020
raj_kumar,Raj Kumar,拉吉·库马尔,Male,,Singapore,Real Estate,RB Capital,Singapore-Singapore,2026
raj_kumar_hiranandani,Raj Kumar Hiranandani,拉吉·库马尔·平南达尼,Male,,Singapore,Real Estate,Royal Holdings,,2020
raj_kumar_kishin_rk,Raj Kumar & Kishin Rk,,,,,Real Estate,RB Capital,,2018
raj_menda,Raj Menda,拉吉·门达,Male,,India,Real Estate,RMZ,,2019
raj_sardana,Raj Sardana,Raj Sardana,Male,1960.0,United States,Software & Services,Innova Solutions,USA-Atlanta,2026
raja_bagmane,Raja Bagmane,Raja Bagmane,Male,1961.0,India,Real Estate,Bagmane Developers,India-Bengaluru,2026
rajan_bharti_mittal,Rajan Bharti Mittal,拉詹·巴特·米塔尔,Male,,India,Telecommunications,Bharti Airtel,India-New Delhi,2026
rajan_raheja,Rajan Raheja,拉詹·拉赫贾,Male,,India,Automobile & Auto Components,Exide Industries,India-Mumbai,2026
rajat_agrawal,Rajat Agrawal,Rajat Agrawal,,,,Metals & Mining,Gravita India,India-Jaipur,2026
rajeev_juneja,Rajeev Juneja,拉杰夫·朱尼娅,Male,,India,Healthcare,Mankind Pharma,India-New Delhi,2026
rajendra_agarwal,Rajendra Agarwal,桑尼·乔治·韦尔盖塞,Male,,India,Healthcare,Macleods Pharmaceuticals,India,2025
rajendrakumar_shivkisan_agrawal,Rajendrakumar Shivkisan Agrawal,Rajendrakumar Shivkisan Agrawal,Male,,India,Food & Beverages,Haldiram Foods International,India-Nagpur,2026
rajesh_mehta,Rajesh Mehta,拉杰什·梅塔,Male,,India,Jewellery,Rajesh Exports,India-Bengaluru,2022
rajesh_r_gupta,Rajesh R Gupta,Rajesh R Gupta,Male,1964.0,India,Trading & Distribution,Lloyds Enterprises,India-Mumbai,2026
rajesh_sharma,Rajesh Sharma,Rajesh Sharma,Male,1970.0,India,Financial Services,Capri Global Capital,India-Mumbai,2026
rajinder_gupta,Rajinder Gupta,Rajinder Gupta,Male,1959.0,India,Consumer Goods,Trident,India-Ludhiana,2026
rajiv_jain,Rajiv Jain,Rajiv Jain,Male,1968.0,United States,Financial Services,GQG Partners,USA-Fort Lauderdale,2026
rajiv_modi,Rajiv Modi,Rajiv Modi,Male,1960.0,India,Healthcare,Cadila Pharmaceuticals,India-Ahmedabad,2026
rajiv_poddar,Rajiv Poddar,,,,,Automobiles & Auto Components,Balkrishna Industries,,2018
rajiv_rattan,Rajiv Rattan,Rajiv Rattan,Male,1973.0,India,Automobile & Auto Components,Rattanindia Enterprises,India,2025
rajiv_singh,Rajiv Singh,拉吉夫·辛格,Male,,India,Real Estate,DLF,India-New Delhi,2026
rajju_shroff,Rajju Shroff,拉于·什罗夫,Male,,India,Chemicals,UPL,India-Mumbai,2026
rakesh_bharti_mittal,Rakesh Bharti Mittal,拉凯什·巴特·米塔尔,Male,,India,Telecommunications,Bharti Airtel,India-New Delhi,2026
rakesh_gangwal,Rakesh Gangwal,拉克什·冈沃尔,Male,,United States,Aerospace & Defence,Interglobe Aviation,USA-Miami,2026
rakesh_jhunjhunwala,Rakesh Jhunjhunwala,拉克什·金君瓦拉,Male,,India,Investments,Rare Enterprises,India-Mumbai,2024
rakesh_karsanbhai_patel,Rakesh Karsanbhai Patel,拉坦·金达尔,Male,,India,FMCG,Nirma,,2020
ralph_dommermuth,Ralph Dommermuth,拉尔夫·多默默斯,Male,1963.0,Germany,Telecommunications,United Internet,Germany-Montabaur,2026
ralph_lauren,Ralph Lauren,拉尔夫·劳伦,Male,1939.0,United States,Consumer Goods,Ralph Lauren,USA-New York,2026
ralph_sonnenberg,Ralph Sonnenberg,拉尔夫·索南伯格,Male,,Switzerland,Consumer Goods,Hunter Douglas,Switzerland-Meggen,2026
ramesh_genomal,Ramesh Genomal,Ramesh Genomal,Male,1950.0,India,Consumer Goods,Page Industries,India,2025
ramesh_jaisinghani,Ramesh Jaisinghani,Ramesh Jaisinghani,Male,1956.0,India,Industrial Products,Polycab India,India-Mumbai,2026
ramesh_juneja,Ramesh Juneja,Ramesh Juneja,Male,1956.0,India,Healthcare,Mankind Pharma,India-New Delhi,2026
ramesh_kumar_dua,Ramesh Kumar Dua,拉梅什·库马尔·杜阿,Male,,India,"Textiles, Apparels & Accessories",Relaxo Footwears,India-New Delhi,2024
ramesh_kunhikannan,Ramesh Kunhikannan,Ramesh Kunhikannan,Male,1964.0,India,Industrial Products,Kaynes Technology India,India-Mandya,2026
ramesh_pothy,Ramesh Pothy,Ramesh Pothy,,,,Consumer Goods,Pothys,India-Chennai,2026
rameshchandra_jain,Rameshchandra Jain,Rameshchandra Jain,Male,1948.0,India,Chemicals,Bhilosa Industries,India-Mumbai,2024
rameshchandra_t_jain,Rameshchandra T Jain,拉梅尚德拉·贾恩,Male,,India,Apparel & Accessories,Bhilosa Industries,India-Mumbai,2022
rameshwarlal_kabra,Rameshwarlal Kabra,Rameshwarlal Kabra,Male,,India,Industrial Products,RR Kabel,India-Mumbai,2026
rameswar_rao_jupally,Rameswar Rao Jupally,拉梅斯沃·饶·朱帕利,Male,,India,Construction & Engineering,My Home Industries,India-Hyderabad,2026
ramon_s_ang,Ramon S. Ang,雷蒙·S·昂,Male,1954.0,Philippines,Food & Beverages,San Miguel,Philippines-Manila,2026
ramzi_musallam,Ramzi Musallam,Ramzi Musallam,Male,1963.0,Norway,Financial Services,Veritas Capital,USA-New York,2026
rana_kapoor,Rana Kapoor,,,,,Financial Services,Yes Bank,,2018
randa_williams,Randa Williams,兰达·威廉姆斯,Female,1962.0,United States,Energy,Enterprise Products,USA-Houston,2026
randal_kirk,Randal Kirk,Randal Kirk,Male,1954.0,United States,Healthcare,Precigen,USA-Manalapan,2026
randal_nardone,Randal Nardone,Randal Nardone,Male,1955.0,United States,Energy,Fortress Group,USA-New York,2026
randolph_lerner,Randolph Lerner,伦道夫·勒纳,Male,,United States,Financial Services,MBNA,USA-Cleveland,2026
ranjan_pai,Ranjan Pai,兰詹·派,Male,,India,Education & Training,Manipal Education & Medical,India-Bengaluru,2026
ranjit,Ranjit,Ranjit,,,,Food & Beverages,2 Sisters Food,UK-Birmingham,2026
ranjith_beljinder_boparan,Ranjith & Beljinder Boparan,,,,,Food & Beverages,2 Sisters Food Group,,2018
ranjith_boparan,Ranjith Boparan,兰吉特·博帕兰,Male,,United Kingdom,Food & Beverages,2 Sisters Food,UK-Birmingham,2024
rao_wei,Rao Wei,饶微,Male,1964.0,,Healthcare,New Industries,China-Shenzhen,2026
rashesh_chandrakant_shah,Rashesh Chandrakant Shah ,,,,,Financial Services,Edelweiss Financial Services,,2018
ratan_jindal,Ratan Jindal,Ratan Jindal,Male,1961.0,United Arab Emirates,Metals & Mining,JSW Steel,UAE-Dubai,2026
ravi_agarwal,Ravi Agarwal,Ravi Agarwal,Male,1971.0,India,Trading & Distribution,Lloyds Enterprises,India-Mumbai,2026
ravi_jaipuria,Ravi Jaipuria,拉维·贾普里亚,Male,,India,Food & Beverages,RJ Corp,India-New Delhi,2026
ravi_modi,Ravi Modi,Ravi Modi,Male,1977.0,India,Consumer Goods,Vedant Fashions,India-Kolkata,2026
ravi_pillai,Ravi Pillai,拉维·皮莱,Male,1950.0,United Arab Emirates,Real Estate,RP Group,UAE-Dubai,2024
ravi_ruia,Ravi Ruia,拉维·鲁亚,Male,,India_ bombay,Energy,Essar Oil UK,India-Mumbai,2026
rawya_mansour,Rawya Mansour,罗维亚·曼苏尔,Female,,Egypt,Retail,Mansour Group,Egypt-Cairo,2026
ray_dalio,Ray Dalio,雷伊·达里奥,Male,1949.0,United States,Financial Services,Bridgewater Associates,USA-Greenwich,2026
ray_davis,Ray Davis,雷·戴维斯,Male,,United States,Energy,Energy Transfer Partners,USA-Dallas,2026
ray_lee_hunt,Ray Lee Hunt,雷伊·李·亨特,Male,1943.0,United States,Energy,Hunt Oil Company,USA-Dallas,2026
raymond_kwok,Raymond Kwok,郭炳联,Male,,Hong Kong,Real Estate,Sun Hung Kai,China-Hong Kong,2026
raymond_zage,Raymond Zage,Raymond Zage,Male,1969.0,Singapore,Investments,Tiga Investments,Singapore-Singapore,2026
real_plourde,Réal Plourde,Réal Plourde,Male,1954.0,Canada,Retail,Alimentation Couche-Tard,Canada-Westmount,2026
red_mccombs,Red Mccombs,瑞德·麦克库姆斯,Male,,United States,Retail,Red McCombs Automotive,USA-San Antonio,2023
reed_hastings,Reed Hastings,里德·黑斯廷斯,Male,1960.0,United States,Media & Entertainment,Netflix,USA-Santa Cruz,2026
regina_de_camargo_pires_oliveira_dias,Regina De Camargo Pires Oliveira Dias,里贾纳·德·卡马戈·皮雷斯·奥利维拉·迪亚斯,Female,,Brazil,Construction & Engineering,Camargo Corrêa ,,2020
regine_leibinger,Regine Leibinger,雷吉娜·雷宾格,Female,,Germany,Industrial Products,Trumpf,Germany-Berlin,2026
reid_hoffman,Reid Hoffman,里德·霍夫曼,Male,1967.0,United States,Media & Entertainment,Linkedin,USA-Palo Alto,2026
reinfried_pohl_jr,Reinfried Pohl Jr,Reinfried Pohl Jr,Male,1960.0,Germany,Financial Services,DVAG,Germany-Marburg,2026
reinhold_schmieding,Reinhold Schmieding,Reinhold Schmieding,,,,Healthcare,Arthrex,USA-Naples,2026
reinhold_wurth,Reinhold Wurth,雷诺德·福士,Male,1935.0,Germany,Automobile & Auto Components,Wurth,Germany-Kuenzelsau,2026
reinold_geiger,Reinold Geiger,雷诺德·盖格,Male,,Switzerland,Consumer Goods,L'Occitane,Switzerland-Geneva,2026
rekha_rakesh_jhunjhunwala,Rekha Rakesh Jhunjhunwala,雷卡·拉凯什·朱朱瓦拉,Male,,India,Investments,Rare Enterprises,India-Mumbai,2026
remi_dassault,Remi Dassault,Remi Dassault,,,,Aerospace & Defence,Dassault Systèmes,France-Paris,2026
remo_ruffini,Remo Ruffini,雷莫·鲁菲尼,Male,,Italy,Consumer Goods,Moncler,Italy-Como,2026
remo_stoffel,Remo Stoffel,Remo Stoffel,Male,1977.0,Switzerland,Healthcare,Vifor Pharma,Switzerland-Glattbrugg,2026
remon_vos,Remon Vos,Remon Vos,,,,Real Estate,CTP,Czech Republic-Ceský Sternberk,2026
ren_daode,Ren Daode,任道德,Male,1960.0,China,Financial Services,Taikang,China-Beijing,2026
ren_jianhua,Ren Jianhua,任建华,Male,1957.0,China,Consumer Goods,Robam,China-Hangzhou,2026
ren_jinsheng,Ren Jinsheng,任晋生,Male,1962.0,China,Healthcare,Simcere,China-Nanjing,2026
ren_letian,Ren Letian,任乐天,Male,,China,Industrial Products,Yangzijiang Shipbuilding,China-Wuxi,2026
ren_luozhong,Ren Luozhong,,,,,Home appliances,Robam,,2018
ren_yuanlin,Ren Yuanlin,任元林,Male,1953.0,China,Industrial Products,Yangzijiang Shipbuilding,China-Wuxi,2026
ren_zhengfei,Ren Zhengfei,任正非,Male,1944.0,China,Telecommunications,Huawei,China-Shenzhen,2026
renata_de_camargo_nascimento,Renata De Camargo Nascimento,勒娜特·德卡马戈·纳西门托,Female,,Brazil,Construction & Engineering,Camargo Corrêa ,,2020
renata_kellnerova,Renata Kellnerova,Renata Kellnerova,Female,1967.0,Czech Republic,Financial Services,PPF,Czech Republic-Prague,2026
renate_reimann_haas,Renate Reimann Haas,雷纳特·赖曼·哈斯,Male,,Germany,Investments,JAB Holding,Austria-Vienna,2026
rene_benko,Rene Benko,Rene Benko,Male,1978.0,Austria,Retail,Signa Holding,Austria-Innsbruck,2023
renu_munjal,Renu Munjal,拉吉夫·波达尔,Male,,India,Automobile & Auto Components,Hero Motocorp,India-New Delhi,2026
renuka_jagtiani,Renuka Jagtiani,Renuka Jagtiani,Male,,United Arab Emirates,Consumer Goods,Landmark,UAE-Dubai,2026
renuka_talwar,Renuka Talwar,Renuka Talwar,Female,1956.0,India,Real Estate,DLF,India-New Delhi,2026
renzo_rosso,Renzo Rosso,伦佐·罗索,Male,1955.0,Italy,Consumer Goods,OTB,Italy-Bassano del Grappa,2026
reshma_shetty,Reshma Shetty,Reshma Shetty,Female,,United States,Biotechnology,Ginkgo Bioworks Holdings ,USA-Boston,2022
rezwan_razack,Rezwan Razack,Rezwan Razack,Male,1955.0,India,Real Estate,Prestige Estate Projects,India-Bengaluru,2026
rg_chandramogan,RG Chandramogan,RG钱德拉莫根,Male,,India,Consumer Goods,Hatsun Agro Products,India-Chennai,2026
riaz_valani,Riaz Valani,Riaz Valani,Male,,United States,Financial Services,Global Asset Capital,USA-California City,2026
ric_elias,Ric Elias,Ric Elias,,,,Media & Entertainment,Red Ventures,USA-Charlotte,2026
ricardo_faria,Ricardo Faria,Ricardo Faria,Male,1975.0,Brazil,Food & Beverages,Granja Faria,Brazil-Lauro Müller,2026
ricardo_martin_bringas,Ricardo Martin Bringas,里卡多·马丁·布林加斯,Male,,Mexico,Retail,Soriana,Mexico-Monterrey,2026
ricardo_po_sr,Ricardo Po Sr,Ricardo Po Sr,Male,1931.0,Philippines,Food & Beverages,Century Pacific,Philippines-Manila,2023
ricardo_salinas_pliego,Ricardo Salinas Pliego,里卡多·萨利纳斯·普利戈,Male,,Mexico,Healthcare,Grupo Elektra,Mexico-Mexico City,2026
ricardo_salinas_pliego_family,Ricardo Salinas Pliego family,,Male,1956.0,,Multi Brand Retailing,Grupo Elektra,,2013
ricardo_villela_marino,Ricardo Villela Marino,Ricardo Villela Marino,Male,1974.0,Brazil,Financial Services,Itau Unibanco,Brazil-Sao Paulo,2026
richard_b_cohen,Richard B Cohen,理查德·科恩,Male,1952.0,United States,Retail,C&S Wholesale Grocers,USA-Keene,2026
richard_branson,Richard Branson,理查德·布兰森,Male,1950.0,United Kingdom,Aerospace & Defence,Virgin,UK-Necker Island,2026
richard_chandler,Richard Chandler,理查德·钱德勒,Male,,Singapore,Investments,Clermont Group,Singapore-Singapore,2026
richard_desmond,Richard Desmond,理查德·戴斯蒙德,Male,,United Kingdom,Media & Entertainment,Northern & Shell,UK-London,2026
richard_devos,Richard Devos,,,,,Single Brand Retailing,Amway,,2018
richard_fairbank,Richard Fairbank,Richard Fairbank,Male,1950.0,United States,Financial Services,Capital One,USA-McLean,2026
richard_fortin,Richard Fortin,理查德·福汀,Male,,Canada,Retail,Alimentation Couche Tard,Canada-Quebec,2026
richard_h_p_chang,Richard H. P. Chang,张洪本,Male,1946.0,Taiwan,Industrial Products,ASE,China-Taipei,2026
richard_hayne,Richard Hayne,理查德·海恩,Male,,United States,Consumer Goods,Urban Outfitters,USA-Philadelphia,2026
richard_kayne,Richard Kayne,Richard Kayne,Male,1946.0,United States,Financial Services,Kayne Anderson Capital Advisors,USA-Santa Monica,2026
richard_kinder,Richard Kinder,理查德·金德,Male,1944.0,United States,Energy,Kinder Morgan,USA-Houston,2026
richard_kurtz,Richard Kurtz,Richard Kurtz,,,,Financial Services,Kamson,USA-Palm Beach,2026
richard_lefrak,Richard Lefrak,理查德·勒弗拉克,Male,,United States,Real Estate,The LeFrak Organization,USA-New York,2026
richard_li_tzar_kai,Richard Li Tzar Kai,李泽楷,Male,,Hong Kong,Telecommunications,PCCW,China-Hong Kong,2026
richard_livingstone,Richard Livingstone,理查德·利文斯通,Male,,United Kingdom,Real Estate,London & Regional Properties,UK-London,2026
richard_marriot,Richard Marriot,理查德·马里奥特,Male,,United States,Hospitality,Host Hotels & Resorts,USA-Potomac,2026
richard_n_barton,Richard N Barton,Richard N Barton,Male,1968.0,United States,Software & Services,Zillow,USA-Seattle,2026
richard_oetker,Richard Oetker,理查德·奥特克,Male,,Germany,Food & Beverages,Dr. Oetker,Germany-Bielefeld,2026
richard_peery,Richard Peery,理查德·佩里,Male,,United States,Investments,Investments,USA-Palo Alto,2026
richard_saghian,Richard Saghian,Richard Saghian,Male,1982.0,United States,Retail,Fashion Nova,USA-Los Angeles,2026
richard_sands,Richard Sands,Richard Sands,Male,1951.0,United States,Food & Beverages,Constellation Brands,USA-Delray Beach,2026
richard_schulze,Richard Schulze,理查德·舒尔茨,Male,,United States,Retail,Best Buy,USA-Bonita Springs,2026
richard_tsai_ming_hsing,Richard Tsai Ming-Hsing,蔡明兴,Male,,Taiwan,Financial Services,Fubon,China-Taipei,2026
richard_uihlein,Richard Uihlein,Richard Uihlein,,,,Containers & Packaging,Uline,USA-Lake Forest,2026
richard_warke,Richard Warke,Richard Warke,Male,1959.0,Canada,Metals & Mining,Arizona Mining,Canada-Vancouver,2026
richard_white,Richard White,Richard White,Male,1956.0,Australia,Software & Services,WiseTech Global,Australia-Sydney,2026
richard_yuengling_jr,Richard Yuengling Jr,小理查德·英格灵,Male,,United States,Food & Beverages,Yuengling,USA-Pottsville,2024
rick_caruso,Rick Caruso,Rick Caruso,Male,1959.0,United States,Real Estate,Caruso,USA-Los Angeles,2026
rick_smith,Rick Smith,Rick Smith,Male,1970.0,United States,Aerospace & Defence,Axon Enterprise,USA-Flagstaff,2026
rihanna,Rihanna,蕾哈娜,Female,1988.0,United States,Media & Entertainment,Music,USA-Los Angeles,2026
riju_ravindran,Riju Ravindran,里尤·拉文德兰,Male,,India,Education & Training,Think & Learn,India-Bengaluru,2023
riley_bechtel,Riley Bechtel,莱利·贝克特,Male,1952.0,United States,Construction & Engineering,Bechtel,USA-San Francisco,2026
rinat_akhmetov,Rinat Akhmetov,里纳特·阿赫梅托夫,Male,1966.0,Ukraine,Metals & Mining,Metinvest,Ukraine-Donetsk,2026
rishad_naoroji,Rishad Naoroji,里沙德·诺罗吉,Male,,India,Industrial Products,Godrej,India-Mumbai,2026
rishi_shah,Rishi Shah,里希·沙,Male,,United States,Healthcare,Outcome Health,,2019
rit_thirakomen,Rit Thirakomen,里特·泰拉科门,Male,,Thailand,Food & Beverages,MK Restaurant,Thailand-Bangkok,2024
rita_tong_liu,Rita Tong Liu,廖汤慧霭,Female,1948.0,Hong Kong,Real Estate,Gale Well Group,China-Hong Kong,2026
ritesh_agarwal,Ritesh Agarwal,里特什·阿加瓦尔,Male,,India,Hospitality,Prism (OYO),India-New Delhi,2026
ritesh_arora,Ritesh Arora,Ritesh Arora,Male,1984.0,India,Software & Services,BrowserStack,India-Mumbai,2026
robert_bass,Robert Bass,罗伯特·巴斯,Male,,United States,Financial Services,Oak Hill Capital,USA-Fort Worth,2026
robert_chamberlain,Robert Chamberlain,Robert Chamberlain,Male,1984.0,Australia,Hospitality,Huno Group,Australia-Sydney,2026
robert_citrone,Robert Citrone,,,,,Hedge Funds,Discovery Capital Management,,2018
robert_clark,Robert Clark,Robert Clark,Male,,United States,Real Estate,Clayco,USA-St. Louis,2026
robert_coyiuto_jr,Robert Coyiuto Jr,Robert Coyiuto Jr,Male,1953.0,Philippines,Energy,National Grid Corp,Philippines-Manila,2023
robert_coyuito_jr,Robert Coyuito Jr,,,,,Energy,Coyuito Group,,2018
robert_defares,Robert Defares,罗伯特·迪法斯,Male,,Netherlands,Investments,IMC,Netherlands-Amsterdam,2026
robert_duggan,Robert Duggan,罗伯特·达根,Male,,United States,Healthcare,Summit Therapeutics,USA-Miami,2026
robert_edmiston,Robert Edmiston,Robert Edmiston,Male,1946.0,United Kingdom,Real Estate,IM Properties,UK-Solihull,2023
robert_faith,Robert Faith,Robert Faith,Male,1964.0,United States,Real Estate,Greystar,USA-Charleston,2026
robert_fayaz_mouwad,Robert Fayaz Mouwad,罗伯特·法亚兹·穆瓦德,Male,,Switzerland,Retail,Mouawad,Switzerland-Geneva,2023
robert_fisher,Robert Fisher,罗伯特·费舍尔,Male,,United States,Consumer Goods,Gap,USA-San Francisco,2026
robert_friedland,Robert Friedland,Robert Friedland,Male,1951.0,Singapore,Metals & Mining,Ivanhoe Mines,Singapore-Singapore,2026
robert_greenberg,Robert Greenberg,Robert Greenberg,,,,Consumer Goods,Skechers,USA-Manhattan Beach,2026
robert_hale,Robert Hale,Robert Hale,Male,1966.0,United States,Telecommunications,Granite Telecommunications,USA-Quincy,2026
robert_irving,Robert Irving,Robert Irving,,,,Paper & Forest Products,J.D. Irving,Canada-Moncton,2026
robert_j_scaringe,Robert J. Scaringe,Robert J. Scaringe,,,,Automobile & Auto Components,Rivian Automotive,USA-Irvine,2026
robert_kraft,Robert Kraft,罗伯特·卡夫,Male,1941.0,United States,Media & Entertainment,The Kraft Group,USA-Brookline,2026
robert_kuok,Robert Kuok,郭鹤年,Male,,Hong Kong,Food & Beverages,Kuok Brothers,China-Hong Kong,2026
robert_langer,Robert Langer,Robert Langer,Male,1949.0,United States,Healthcare,Moderna,USA-Boston,2024
robert_mcnair,Robert Mcnair,,,,,Sports,Houston Texans,,2018
robert_miller,Robert Miller,Robert Miller,Male,1934.0,Hong Kong,Retail,Future Electronics,Canada-Montreal,2026
robert_miller_2,Robert Miller,,,,,Retail,DFS Group,,2018
robert_miller_3,Robert Miller,,,,,Computer & Electronics Retail,Future Electronics,,2018
robert_miller_4,Robert Miller,,,,,Computer & Electronics Retail,Future Electronics,,2017
robert_miller_5,Robert Miller,罗伯特·米勒,Male,,Canada,Retail,Future Electronics,Canada-Montreal,2024
robert_muglia,Robert Muglia,Robert Muglia,Male,1960.0,United States,Software & Services,Snowflake,USA-Pleasanton,2026
robert_ng,Robert Ng,黄志祥,Male,,Singapore,Real Estate,Far East,Singapore-Singapore,2026
robert_p_stiller,Robert P Stiller,罗伯特·斯蒂勒,Male,,United States,Food & Beverages,Keurig Dr Pepper,USA-Palm Beach,2026
robert_pera,Robert Pera,罗伯特·佩拉,Male,1978.0,United States,Software & Services,Ubiquiti,USA-San Jose,2026
robert_rich_jr,Robert Rich Jr,小罗伯特·里奇,Male,1941.0,United States,Food & Beverages,Rich Products,USA-Islamorada,2026
robert_richard_lucas,Robert Richard Lucas,Robert Richard Lucas,,,,Investments,CVC Capital Partners,Luxembourg,2025
robert_rowling,Robert Rowling,罗伯特·罗琳,Male,,United States,Hospitality,TRT,USA-Dallas,2026
robert_sands,Robert Sands,Robert Sands,Male,1959.0,United States,Food & Beverages,Constellation Brands,USA-New York,2026
robert_smith,Robert Smith,罗伯特·史密斯,Male,1962.0,United States,Financial Services,Vista Equity Partners,USA-Austin,2026
robert_toennies,Robert Toennies,罗伯特·托恩尼斯,Male,,Germany,Food & Beverages,Toennies Lebensmittel,Germany-Rheda-Wiedenbrück,2026
robert_toll,Robert Toll,Robert Toll,Male,1941.0,United States,Real Estate,Toll Brothers,USA-Miami,2022
robert_tsao_hsing_cheng,Robert Tsao Hsing-Cheng,曹兴诚,Male,,Singapore,Art,United Microelectronics ,,2019
robert_wood_johnson_iv,Robert Wood Johnson Iv,罗伯特·伍德·约翰逊四世,Male,1947.0,United States,Media & Entertainment,New York Jets,USA-New York,2026
robert_ziff,Robert Ziff,罗伯特·齐夫,Male,,United States,Investments,Investments,USA-New York,2026
roberta_armani,Roberta Armani,Roberta Armani,Female,1969.0,Italy,Consumer Goods,Armani Group,Italy-Milan,2026
roberto_angelini_rossi,Roberto Angelini Rossi,罗伯托·安吉丽尼·罗西,Male,,Chile,Investments,AntarChile,Chile-Santiago,2026
roberto_bonatti,Roberto Bonatti,,,,,Construction,Techint,,2018
roberto_hernandez_ramirez,Roberto Hernandez Ramirez,罗伯托·赫尔南德斯·拉米雷斯,Male,,Mexico,Financial Services,Banamex,Mexico-Mexico City,2026
roberto_irineu_marinho,Roberto Irineu Marinho,罗伯托·伊里纽马林尼奥,Male,,Brazil,Media & Entertainment,Grupo Globo,Brazil-Rio de Janeiro,2026
roberto_ongpin,Roberto Ongpin,Roberto Ongpin,Male,1937.0,Philippines,Real Estate,Alphaland,Philippines-Manila,2022
robson_walton,Robson Walton,罗伯森·沃尔顿,Male,1944.0,United States,Retail,Walmart,USA-Bentonville,2026
robyn_denholm,Robyn Denholm,Robyn Denholm,Female,1963.0,Australia,E-Cars,Tesla,Australia-Sydney,2022
robyn_jones,Robyn Jones,Robyn Jones,,,,Financial Services,Goosehead Insurance,USA-Fort Worth,2026
rocco_basilico,Rocco Basilico,Rocco Basilico,,,,Consumer Goods,EssilorLuxottica,USA-Los Angeles,2026
rocco_comisso,Rocco Comisso,Rocco Comisso,Male,1950.0,United States,Telecommunications,Mediacom,USA,2025
rodger_riney,Rodger Riney,Rodger Riney,Male,1945.0,United States,Financial Services,TD Ameritrade,USA-St. Louis,2026
rodney_sacks,Rodney Sacks,罗德尼·萨克斯,Male,,United States,Food & Beverages,Monster Beverage,USA-Laguna Beach,2026
rodolfo_villela_marino,Rodolfo Villela Marino,Rodolfo Villela Marino,Male,1976.0,Brazil,Financial Services,Itau Unibanco,Brazil-Sao Paulo,2026
rodolphe_marchais,Rodolphe Marchais,,,,,Aviation,TAT Group,,2017
rodolphe_saade,Rodolphe Saadé,罗道夫·萨德,Male,1971.0,France,Transportation & Logistics,CMA CGM,France-Marseille,2026
roger_de_haan,Roger De Haan,罗杰德哈恩,Male,,United Kingdom,Financial Services,Saga,UK-Folkestone,2026
roger_federer,Roger Federer,罗杰·费德勒,Male,1982.0,Switzerland,Media & Entertainment,Tennis,Switzerland-Zurich,2026
roger_penske,Roger Penske,罗杰·彭斯克,Male,,United States,Retail,Penske Automotive,USA-Bloomfield Hills,2026
roger_samuelsson,Roger Samuelsson,Roger Samuelsson,,,,Healthcare,SHL Medical,Switzerland-Oberägeri,2026
roger_wang_hung,Roger Wang Hung,王恒,Male,,United States,Real Estate,Golden Eagle,USA-Los Angeles,2026
rohiqa_cyrus_mistry,Rohiqa Cyrus Mistry,Rohiqa Cyrus Mistry,Male,,India,Investments,Sterling Investments,India-Mumbai,2026
rolf_gerling,Rolf Gerling,罗尔夫·格林,Male,,Switzerland,Financial Services,Rolf Gerling,Switzerland-Zurich,2026
rolly_van_rappard,Rolly van Rappard,Rolly van Rappard,,,,Investments,CVC Capital Partners,UK-London,2026
roma_sarin,Roma Sarin,Roma Sarin,,,,Real Estate,Anant Raj,India-New Delhi,2026
roman_abramovich,Roman Abramovich,罗曼·阿布拉莫维奇,Male,1966.0,United Kingdom,Investments,Investments,Russia-Moscow,2026
roman_avdeev,Roman Avdeev,罗曼·阿夫迪耶夫,Male,1967.0,Russia,Financial Services,Credit Bank Of Moscow,Russia-Moscow,2026
roman_sokolov,Roman Sokolov,Roman Sokolov,,,,Telecommunications,Eoptolink,China-Chengdu,2026
roman_trotsenko,Roman Trotsenko,Roman Trotsenko,Male,1971.0,Russia,Services,Aeon Corporation,Russia-Moscow,2026
romano_minozzi,Romano Minozzi,Romano Minozzi,,,,Energy,Snam,Italy-Spilamberto,2026
romesh_t_wadhwani,Romesh T Wadhwani,罗密什·T·瓦德哈尼,Male,,United States,Investments,Symphony Technology,USA-Palo Alto,2026
ron_baron,Ron Baron,罗恩·巴伦,Male,,United States,Financial Services,Baron Capital,USA-New York,2026
ron_burkle,Ron Burkle,罗恩·伯克尔,Male,,United Kingdom,Financial Services,Yucaipa Companies,USA-Los Angeles,2026
ron_corio,Ron Corio,Ron Corio,Male,1963.0,United States,Energy,Array Technologies,USA-Albuquerque,2026
ron_sim,Ron Sim,Ron Sim,,,,Consumer Goods,OSIM International,Singapore-Singapore,2026
ronald_clarke,Ronald Clarke,Ronald Clarke,Male,1955.0,United States,Financial Services,Corpay,USA-Chicago,2026
ronald_joyce,Ronald Joyce,罗纳德·乔伊斯,Male,1930.0,Canada,Food & Beverages,Tim Horton Donut ,,2019
ronald_lauder,Ronald Lauder,罗纳德·劳德,Male,1944.0,United States,Consumer Goods,Estée Lauder,USA-New York,2026
ronald_perelman,Ronald Perelman,罗纳德·佩雷尔曼,Male,1943.0,United States,Media & Entertainment,Light & Wonder,USA-New York,2026
ronald_shaich,Ronald Shaich,Ronald Shaich,Male,1953.0,United States,Hospitality,Cava,USA-Miami,2026
ronald_slabke,Ronald Slabke,Ronald Slabke,Male,1974.0,Germany,Insurance,Hypoport,Germany-Berlin,2022
ronald_wanek,Ronald Wanek,罗纳德·瓦内克,Male,,United States,Retail,Ashley Furniture,USA-St. Petersburg,2026
ronda_stryker,Ronda Stryker,朗达·斯特瑞克,Female,,United States,Healthcare,Stryker,USA-Portage,2026
rong_jianfen,Rong Jianfen,容建芬,Female,,China,Industrial Products,Canmax,China-Suzhou,2026
rong_zhijian,Rong Zhijian,荣智健,Male,1942.0,Hong Kong,Investments,CITIC,China-Hong Kong,2026
ronnen_harary,Ronnen Harary,罗宁·哈拉里,Male,,Canada,Entertainment,Spin Master,,2019
ronnie_screwvala,Ronnie Screwvala,Ronnie Screwvala,Male,1956.0,India,Investments,Unilazer Ventures,India-Mumbai,2026
rosa_brescia_cafferata,Rosa Brescia Cafferata,罗素·布雷西亚·卡费拉塔,Female,,Peru,Banking,Grupo Breca,Peru-Lima,2022
rosana_camargo_de_arruda_botelho,Rosana Camargo De Arruda Botelho,罗莎娜·卡马戈·德阿鲁达·博特略,Female,,Brazil,Construction & Engineering,Camargo Corrêa ,,2020
rosanna_armani,Rosanna Armani,Rosanna Armani,Female,1939.0,Italy,Consumer Goods,Armani Group,Italy-Milan,2026
rosely_schweizer,Rosely Schweizer,罗斯利·施韦泽,Female,,Germany,Food & Beverages,Dr. Oetker,Germany-Bielefeld,2026
roshni_nadar,Roshni Nadar,罗什尼·纳达尔,Female,,India,Software & Services,HCL Technologies,India-New Delhi,2026
rostam_azizi,Rostam Azizi,罗斯塔姆·阿齐齐,Male,,Tanzania,Investments,Cavalry Holdings,,2019
roy_carroll_ii,Roy Carroll II,Roy Carroll II,Male,,United States,Real Estate,The Carroll Companies,USA-Greensboro,2026
roy_chi_ping_chung,Roy Chi Ping Chung,钟志平,Male,1953.0,Hong Kong,Consumer Goods,TTI,China-Hong Kong,2022
roy_mann,Roy Mann,Roy Mann,Male,,Israel,Software & Services,Monday.com,Israel,2025
roy_reznik,Roy Reznik,Roy Reznik,,,,Software & Services,Wiz,Israel-Tel Aviv,2026
ru_boxing,Ru Boxing,茹伯兴,Male,1947.0,China,Industrial Products,Jiangnan Baixin,Jiangsu-Changzhou,2025
ru_boxing_ru_zhengwei,Ru Boxing & Ru Zhengwei,,,,,"Industrial manufacturing, real estate",Baixin ,,2018
ru_jiyong,Ru Jiyong & family,,,,,Manufacturing,Der International Home Furnishing,,2017
ru_zhengwei,Ru Zhengwei,茹正伟,Male,,China,Industrial Products,Jiangnan Baixin,China-Changzhou,2026
ruan_hongliang,Ruan Hongliang,阮洪良,Male,1961.0,China,Industrial Products,Flat Glass,China-Jiaxing,2026
ruan_hongxian,Ruan Hongxian,阮鸿献,Male,1966.0,China,Pharmaceuticals,Yixintang Pharmaceutical,China-Kunming,2022
ruan_hongxian_liu_qiong,Ruan Hongxian & Liu Qiong,,,,,Medicine ,Hongxiang Yixintang Pharmaceutical ,,2018
ruan_jixiang,Ruan Jixiang,阮积祥,Male,1969.0,China,Industrial Products,Jack Technology,China-Taizhou,2026
ruan_liping,Ruan Liping,阮立平,Male,1964.0,China,Consumer Goods,Gong Niu Group,China-Ningbo,2026
ruan_shuilong,Ruan Shuilong,阮水龙,Male,1935.0,China,Chemicals,Lonsen,China-Shaoxing,2026
ruan_wenjuan,Ruan Wenjuan,阮文娟,Female,,China,Real Estate,Glory,Beijing-Beijing,2019
ruan_xueping,Ruan Xueping,阮学平,Male,1972.0,China,Consumer Goods,Gong Niu Group,China-Ningbo,2026
ruan_yibao,Ruan Yibao,阮宜宝,Female,1972.0,China,Construction Materials,Keshun Waterproof Technologies,China-Foshan,2022
ruben_coppel_luken,Rubén Coppel Luken,Rubén Coppel Luken,,,,Retail,Grupo Coppel,Mexico-Culiacan,2026
ruben_feffer,Ruben Feffer,鲁本·费弗,Male,,Brazil,Paper & Forest Products,Suzano,Brazil-Sao Paulo,2026
ruben_vardanyan,Ruben Vardanyan,Ruben Vardanyan,Male,1969.0,Armenia,Investments,Investments,Armenia-Yerevan,2026
rubens_menin_teixeira_de_souza,Rubens Menin Teixeira de Souza,Rubens Menin Teixeira de Souza,Male,1957.0,Brazil,Financial Services,Banco Inter,Brazil-Belo Horizonte,2026
rubens_ometto,Rubens Ometto,鲁本斯·奥梅托,Male,,Brazil,Energy,Cosan,Brazil-Sao Paulo,2026
ruchi_kalra,Ruchi Kalra,Ruchi Kalra,Male,,India,Financial Services,Ofbusiness,India-New Delhi,2026
rudiger_stihl,Rudiger Stihl,Rudiger Stihl,Male,1899.0,Germany,Industrial Products,Stihl family fortune,Germany-Waiblingen,2026
rudolf_maag,Rudolf Maag,鲁道夫·马格,Male,,Switzerland,Healthcare,Straumann Holdings,Switzerland-Binningen,2026
rudy_ma,Rudy Ma,马志玲,Male,,Taiwan,Financial Services,Yuanta,China-Taipei,2023
rufino_vigil_gonzalez,Rufino Vigil Gonzalez,鲁菲诺·维吉尔·冈萨雷斯,Male,,Mexico,Metals & Mining,Industrias CH,Mexico-Tlalnepantla,2026
rupen_ashwin_choksi,Rupen Ashwin Choksi,Rupen Ashwin Choksi,Male,1976.0,India,Chemicals,Asian Paints,India-Mumbai,2022
rupert_johnson_jr,Rupert Johnson Jr,小鲁珀特·约翰逊,Male,,United States,Financial Services,Franklin Resources,USA-Burlingame,2026
rupert_murdoch,Rupert Murdoch,鲁伯特·默多克,Male,1931.0,United States,Media & Entertainment,News Corporation,USA-New York,2026
rupert_murdoch_family,Rupert Murdoch family,,Male,1936.0,,Media,Cencosud,,2014
russ_withers,Russ Withers,,,,,Food & Beverage,7-Eleven,,2018
russell_arunkumar_mehta,Russell Arunkumar Mehta,Russell Arunkumar Mehta,,,,Consumer Goods,Rosy Blue India,India,2025
russell_weiner,Russell Weiner,拉塞尔·韦纳,Male,,United States,Food & Beverages,Rockstar,USA-Delray Beach,2026
rustem_sulteev,Rustem Sulteev,Rustem Sulteev,Male,1954.0,Russia,Chemicals,TAIF Group,Russia-Kazan,2026
rutger_arnhult,Rutger Arnhult,Rutger Arnhult,Male,1967.0,Sweden,Real Estate,Corem Property Group,Sweden-Stockholm,2026
ryan_breslow,Ryan Breslow,Ryan Breslow,Male,1994.0,United States,Financial Services,Bolt,USA-Miami,2024
ryan_cohen,Ryan Cohen,Ryan Cohen,Male,1997.0,Canada,Retail,GameStop,Canada-Bal Harbour,2026
ryan_graves,Ryan Graves,瑞安·格雷夫斯,Male,,United States,Transportation & Logistics,Uber,USA-San Francisco,2026
ryan_israel,Ryan Israel,Ryan Israel,Male,1985.0,United States,Financial Services,Peshing Square Capital Management,USA-New York,2026
ryan_smith,Ryan Smith,Ryan Smith,Male,1978.0,United States,Software & Services,Qualtrics,USA-Provo,2026
ryoichi_jinnai,Ryoichi Jinnai,,,,,Financial Services,Promise Consumer Lender,,2017
ryuji_arai,Ryuji Arai,Ryuji Arai,Male,1947.0,Japan,Retail,Bic Camera,Japan-Tokyo,2026
s_curtin_johnson,S Curtin Johnson,科廷·约翰逊,Male,,United States,Consumer Goods,S.C. Johnson,USA-Racine,2026
s_daniel_abraham,S Daniel Abraham,丹尼尔·亚伯拉罕,Male,,United States,Food & Beverages,Slim Fast,USA,2025
s_gopalakrishnan,S Gopalakrishnan,戈帕拉克里希南,Male,,India,Software & Services,Infosys,India-Bengaluru,2026
s_p_hinduja_family,S P Hinduja family,,Male,1935.0,,Manufacturing,Hinduja Group,,2016
s_subramanyam_reddy,S Subramanyam Reddy,S Subramanyam Reddy,Male,1961.0,India,Real Estate,Aparna Constructions & Estates,India-Hyderabad,2026
saad_hariri,Saad Hariri,萨德·哈里里,Male,1970.0,Lebanon,Construction,Turk Telecom,,2020
saban_cemil_kazanci,Saban Cemil Kazanci,Saban Cemil Kazanci,Male,1961.0,Turkey,Energy,Kazancı Holding,Turkey-Istanbul,2026
sabine_duschmale_oeri,Sabine Duschmale Oeri,萨宾·杜施马尔·奥里,Female,,Switzerland,Healthcare,Roche,Switzerland-Basel,2026
sabrina_benetton,Sabrina Benetton,Sabrina Benetton,Female,1974.0,Italy,Consumer Goods,Benetton,Italy-Treviso,2026
sachin_agarwal,Sachin Agarwal,Sachin Agarwal,,,,Industrial Products,PTC Industries,India-Lucknow,2026
sachin_bansal,Sachin Bansal,萨钦·班萨,Male,,India,Investments,Flipkart,India-Bengaluru,2026
sadayandi_moopanar,Sadayandi Moopanar,阿杰·辛格,Male,,India,Consumer Goods,Pothys,India-Chennai,2023
sadri_fegaier,Sadri Fegaier,Sadri Fegaier,Male,1980.0,France,Financial Services,SFAM,France-Romans-sur-Isère,2026
safra_catz,Safra Catz,Safra Catz,Female,1962.0,United States,Software & Services,Oracle,USA-Redwood City,2026
said_gutseriev,Said Gutseriev,Said Gutseriev,,,,Investments,Safmar Group,Russia-Moscow,2026
saif_al_ghurair,Saif Al Ghurair,赛义夫·古莱尔,Male,,United Arab Emirates,Banking,Mashreq Bank,,2019
saipin_phaholyothin_yoovidhya,Saipin Phaholyothin Yoovidhya,萨平·法霍利辛·约维迪亚,Male,,Thailand,Food & Beverages,Red Bull,Thailand-Bangkok,2026
sajjan_jindal,Sajjan Jindal,萨贾恩·金达尔,Male,1959.0,India,Metals & Mining,JSW Steel,India-Mumbai,2026
sajjan_kumar_patwari,Sajjan Kumar Patwari,Sajjan Kumar Patwari,Male,,India,Metals & Mining,Rashmi Metaliks,India-Jhargram,2026
sakchai_yoovidhya,Sakchai Yoovidhya,萨克猜·约维迪亚,Male,,Thailand,Food & Beverages,Red Bull,Thailand-Bangkok,2026
saket_burman,Saket Burman,萨克特·布尔曼,Male,1977.0,United Arab Emirates,Consumer Goods,Dabur,UAE-Dubai,2026
saleh_kamel,Saleh Kamel,萨利赫·卡梅尔,Male,,Saudi Arabia,Healthcare,Dallah Healthcare,,2020
salil_singhal,Salil Singhal,萨利尔·辛加尔,Male,,India,Chemicals,PI Industries,India-New Delhi,2026
salman_ahmed_rahman,Salman & Ahmed Rahman,,,,,Pharmaceutical,Beximco ,,2017
salman_al_hokair,Salman  Al-Hokair,Salman  Al-Hokair,Male,1967.0,Saudi Arabia,Multi-Brand Retail,Fawaz Abdulaziz AlHokair,,2021
salman_bin_abdulaziz_al_saud,Salman bin Abdulaziz Al Saud ,,Male,,,Oil & Gas,/,,2016
sam_altman,Sam Altman,Sam Altman,,,,Artificial Intelligence,Open AI,USA-San Francisco,2026
sam_bankman_fried,Sam Bankman-Fried,Sam Bankman-Fried,Male,1993.0,Hong Kong,Crypto Exchange,FTX,Bahamas-Nassau,2022
sam_buckeridge,Sam Buckeridge,,,,,Construction,Buckeridge Group,,2017
sam_chong,Sam Chong,Sam Chong,,,,Metals & Mining,Jellinbah Group,Australia-Brisbane,2026
sam_gance,Sam Gance,Sam Gance,Male,1949.0,Australia,Retail,Chemist Warehouse,Australia-Melbourne,2026
sam_goi,Sam Goi,魏成辉,Male,,Singapore,Food & Beverages,Tee Yih Jia,Singapore-Singapore,2026
sam_hupert,Sam Hupert,Sam Hupert,Male,,Australia,Healthcare,Pro Medicus,Australia-Melbourne,2026
sam_mccandlish,Sam McCandlish,Sam McCandlish,Male,1990.0,United States,Artificial Intelligence,Anthropic,USA-San Francisco,2026
sam_pollock,Sam Pollock,Sam Pollock,Male,1966.0,Canada,Financial Services,Brookfield Corporation,Canada-Toronto,2026
sam_tarascio,Sam Tarascio,Sam Tarascio,Male,1945.0,Australia,Real Estate,Salta Properties,Australia-Melbourne,2026
sam_zell,Sam Zell,山姆·泽尔,Male,1941.0,United States,Investments,Equity Group Investments,USA-Chicago,2023
sameer_gehlaut,Sameer Gehlaut,萨默尔·格劳特,Male,1974.0,India,Banking,Indiabulls Financial Services,India-Mumbai,2022
sami_mnaymneh,Sami Mnaymneh,Sami Mnaymneh,Male,1961.0,United States,Financial Services,H.I.G. Capital,USA-Miami Beach,2026
samih_sawiris,Samih Sawiris,萨米·萨维里斯,Male,,Egypt,Tourism,FTI,,2020
samir_jain,Samir Jain,萨米尔·贾恩,Male,,India,Media & Entertainment,Bennett Coleman,India-New Delhi,2024
samir_kalyanji_patel,Samir Kalyanji Patel,Samir Kalyanji Patel,,,,Healthcare,Farmson Pharmaceutical,India,2025
samir_mane,Samir Mane,Samir Mane,Male,1967.0,Albania,Real Estate,Balfin Group,Albania-Tirana,2026
samir_mehta,Samir Mehta,Samir Mehta,,,,Healthcare,Torrent Pharmaceuticals,India-Ahmedabad,2026
samprada_singh,Samprada Singh,桑普拉达·辛格,Male,,India,Pharmaceuticals,Alkem Laboratories,,2019
samuel_alter,Samuel Alter,Samuel Alter,,,,Real Estate,Pacific Shopping Centres,Australia-Melbourne,2026
samuel_barata,Samuel Barata,Samuel Barata,Male,1938.0,Brazil,Pharmaceuticals,Drogarias DPSP,,2020
samuel_c_swire,Samuel C Swire,Samuel C Swire,Male,1980.0,United Kingdom,Real Estate,Swire Group,UK-London,2026
samuel_newhouse_jr,Samuel Newhouse Jr,,,,,Media,Discovery Communication,,2017
samuel_yin_yan_liang,Samuel Yin Yan-Liang,尹衍梁,Male,,Taiwan,Real Estate,Ruentex,China-Taipei,2026
samvel_karapetyan,Samvel Karapetyan,萨姆维尔·卡拉佩蒂扬,Male,1965.0,Russia,Construction & Engineering,Tashir Group,Russia-Moscow,2026
samwer,Samwer Brothers,,,,,E-commerce Venture capital ,Rocket Internet,,2017
sandeep_pravinbhai_engineer,Sandeep Pravinbhai Engineer,桑迪普·普拉文白,Male,,India,Construction & Engineering,Astral,India-Ahmedabad,2026
sandor_csanyi,Sandor Csanyi,Sandor Csanyi,Male,1954.0,Hungary,Financial Services,OTP Bank,Hungary-Budapest,2026
sandra_irving,Sandra Irving,Sandra Irving,,,,Energy,Irving Oil,Canada-New Brunswick,2026
sandra_ortega_mera,Sandra Ortega Mera,桑德拉·奥尔特加·梅拉,Female,1968.0,Spain,Consumer Goods,Inditex,Spain-La Coruna,2026
sandro_solari_donaggio,Sandro Solari Donaggio ,,,,,Retail,SACI Falabella,,2018
sandro_veronesi,Sandro Veronesi,桑德罗·韦罗内西,Male,1959.0,Italy,Consumer Goods,Calzedonia,Italy-Milan,2026
sanford_diller,Sanford Diller,,,,,Real Estate,Prometheus Real Estate Group,,2018
sanford_weill,Sanford Weill,桑福德·威尔,Male,,United States,Financial Services,Citi,USA-Sonoma,2023
sangita_jindal,Sangita Jindal,桑吉塔·金达尔,Female,,,Metals & Mining,JSW Steel,,2020
sanjay_agarwal,Sanjay Agarwal,桑杰·阿加瓦尔,Male,,India,Financial Services,AU Small Finance Bank,India-Jaipur,2026
sanjay_dangi,Sanjay Dangi,Sanjay Dangi,Male,,India,Financial Services,Authum Investment & Infrastructure,India-Mumbai,2026
sanjay_gajendra,Sanjay Gajendra,Sanjay Gajendra,Male,1974.0,United States,Semiconductors,Astera Labs,USA-Santa Clara,2026
sanjay_gupta,Sanjay Gupta,Sanjay Gupta,Male,,India,Metals & Mining,APL Apollo Tubes,India-New Delhi,2026
sanjay_nayar,Sanjay Nayar,Sanjay Nayar,Female,,India,Retail,Nykaa,India-Mumbai,2023
sanjay_s_lalbhai,Sanjay S Lalbhai,Sanjay S Lalbhai,Male,1953.0,India,Consumer Goods,Arvind,India-Ahmedabad,2026
sanjeev_and_arani_soosaipillai,Sanjeev and Arani Soosaipillai,Sanjeev and Arani Soosaipillai,Male,,United Kingdom,Energy,Prax Group,UK,2025
sanjeev_bikhchandani,Sanjeev Bikhchandani,桑杰夫·比奇汉达尼,Male,,India,Investments,Info Edge India,India-New Delhi,2026
sanjeev_gupta,Sanjeev Gupta,Sanjeev Gupta,Male,1971.0,United Kingdom,Metals & Mining,Liberty House,UK-London,2022
sanjit_biswas,Sanjit Biswas,Sanjit Biswas,Male,1982.0,United States,Software & Services,Samsara,USA-San Francisco,2026
sanjiv_goenka,Sanjiv Goenka,桑吉夫·冈卡,Male,,India,Services,CESC,India-Kolkata,2026
santi_bhirombhakdi,Santi Bhirombhakdi,昌农·必罗巴迪,Male,,Thailand,Alcoholic Beverages,Boon Rawd Brewery,,2021
sara_blakely,Sara Blakely,莎拉·布莱克利,Female,,United States,Retail,Spanx,USA-Atlanta,2026
sara_george,Sara George,Sara George,Female,1949.0,India,Financial Services,Muthoot Finance,India-New Delhi,2026
sara_mota_de_larrea,Sara Mota De Larrea,萨拉·莫塔·德·拉雷亚,Female,,Mexico,Metals & Mining,Grupo Mexico,Mexico-Mexico City,2024
sarah_a_bany,Sarah A Bany,Sarah A. Bany,Female,,United States,Consumer Goods,Columbia Sportswear,USA-Portland,2026
sarah_humphreys_atkins,Sarah Humphreys Atkins,Sarah Humphreys Atkins,Female,1958.0,United States,Construction & Engineering,Tamko,USA-Arlington,2026
sarah_irving,Sarah Irving,Sarah Irving,,,,Energy,Irving Oil,Canada-New Brunswick,2026
sarah_macmillan,Sarah MacMillan,莎拉·麦克米兰,Female,,United States,Agriculture,Cargill,USA-Los Angeles,2026
sarandhar_singh,Sarandhar Singh,Sarandhar Singh,,,,Healthcare,Alkem Laboratories,India-Mumbai,2026
sarath_ratanavadi,Sarath Ratanavadi,Sarath Ratanavadi,Male,1966.0,Thailand,Energy,Gulf Energy Development,Thailand-Bangkok,2026
saravoot_yoovidhya,Saravoot Yoovidhya,萨拉沃特·约维迪亚,Male,,Thailand,Food & Beverages,Red Bull,Thailand-Bangkok,2026
sarik_tara,Sarik Tara,,,,,Construction,Enka,,2018
sasson_dayan,Sasson Dayan,Sasson Dayan,Male,1940.0,Brazil,Financial Services,Daycoval Bank,Brazil-Sao Paulo,2026
sathien_sathientham,Sathien Sathientham,Sathien Sathientham,Male,1954.0,Thailand,Food & Beverages,Carabao Group,Thailand,2025
sathien_setthasit,Sathien Setthasit,Sathien Setthasit,Male,1955.0,Thailand,Food & Beverages,Carabao Group,Thailand-Bangkok,2024
satish_kumar_gupta,Satish Kumar Gupta,萨蒂什·库玛·古普塔,Male,,India,Industrial Products,Jakson,India-New Delhi,2026
satish_ramanlal_mehta,Satish Ramanlal Mehta,萨蒂什·拉曼拉尔·梅塔,Male,,India,Healthcare,Emcure Pharmaceuticals,India-Pune,2026
satoshi_suzuki,Satoshi Suzuki,铃木乡史,Male,,Japan,Personal Care,Pola Orbis,Japan-Tokyo,2022
satya_nadella,Satya Nadella,Satya Nadella,,,,Software & Services,Microsoft,USA-Bellevue,2026
satyanarayan_nuwal,Satyanarayan Nuwal,Satyanarayan Nuwal,Male,1952.0,India,Chemicals,Solar Industries India,India-Nagpur,2026
savitri_jindal,Savitri Jindal & Family,,,,,Metals & Mining,JSW Steel,,2018
savitri_jindal_family,Savitri Jindal family,,Female,1950.0,,Steel,Jindal Steel & Power,,2012
schutz_udo,Schutz Udo,Schutz Udo,Male,1936.0,Germany,Containers & Packaging,Schütz-Werke,Germany-Selters,2026
scot_french,Scot French,Scot French,,,,Financial Services,Blackrock,USA-New York,2026
scott_cook,Scott Cook,斯科特·库克,Male,,United States,Software & Services,Intuit,USA-Woodside,2026
scott_crabill,Scott Crabill,Scott Crabill,Male,,United States,Financial Services,Thoma Bravo,USA-San Francisco,2026
scott_duncan,Scott Duncan,斯科特·邓肯,Male,,United States,Energy,Enterprise Products,USA-Houston,2026
scott_farquhar,Scott Farquhar,斯科特·法夸尔,Male,,Australia,Software & Services,Atlassian,Australia-Sydney,2026
scott_kapnick,Scott Kapnick,Scott Kapnick,Male,1960.0,United States,Financial Services,Blackrock,USA-Naples,2026
scott_lin_yao_ying,Scott Lin Yao-Ying,林耀英,Male,,Taiwan,Industrial Products,Largan,China-Taichung,2026
scott_nuttall,Scott Nuttall,Scott Nuttall,Male,1973.0,United States,Financial Services,KKR,USA-New York,2026
scott_shleifer,Scott Shleifer,Scott Shleifer,Male,1977.0,United States,Investments,Tiger Global,USA-New York,2026
scott_simplot,Scott Simplot,斯科特·辛普洛特,Male,,United States,Food Processing,JR Simplot,,2021
scott_smith,Scott Smith,Scott Smith,Male,1950.0,United States,Software & Services,Qualtrics,USA-Provo,2026
sd_shibulal,SD Shibulal,西波拉尔,Male,,India,Software & Services,Infosys,India-Bengaluru,2026
sean_parker,Sean Parker,肖恩·帕克,Male,1948.0,United States,Media & Entertainment,Meta Platforms,USA-New York,2026
sebastian_glaser,Sebastian Glaser,Sebastian Glaser,Male,1978.0,Germany,Industrial Products,Sick AG,Germany-Munich,2026
sebastian_kulczyk,Sebastian Kulczyk,塞巴斯蒂安·库尔奇克,Male,1980.0,Poland,Food & Beverages,SABMiller,Poland-Poznan,2026
sebastian_pinera,Sebastian Pinera,塞巴斯蒂安·皮涅拉,Male,,Chile,Aerospace & Defence,LATAM,Chile-Santiago,2023
sebastian_siemiatkowski,Sebastian Siemiatkowski,Sebastian Siemiatkowski,Male,1981.0,Sweden,Financial Services,Klarna,Sweden-Stockholm,2026
sefik_yilmaz_dizdar,Sefik Yilmaz Dizdar,塞菲克·耶尔马兹·迪兹达尔,Male,,Turkey,Retail,LC Waikiki,Turkey-Istanbul,2026
segolene_gallienne,Segolene Gallienne,Segolene Gallienne,,,,Investments,Groupe Bruxelles Lambert,Belgium-Brussels,2026
sehat_sutardja,Sehat Sutardja,Sehat Sutardja,Male,,United States,Semiconductors,Marvell Technology,USA-Las Vegas,2024
seifeddin_rustamov,Seifeddin Rustamov,Seifeddin Rustamov,Male,1962.0,United States,Energy,Metafrax Group,USA-Virginia,2024
sekar_vembu,Sekar Vembu,塞卡·温卜,Male,,India,Software & Services,Zoho,India-Chennai,2024
selcuk_bayraktar,Selcuk Bayraktar,Selcuk Bayraktar,,,,Aerospace & Defence,Baykar,Turkey-Istanbul,2026
semahat_arsel,Semahat Arsel,塞马哈特·阿塞尔,Female,,Turkey,Energy,Koc,Turkey-Istanbul,2026
seo_jung_jin,Seo Jung Jin,徐廷珍,Male,1957.0,South Korea,Healthcare,Celltrion,South Korea-Seoul,2026
serena_simmons,Serena Simmons,,,,,Chemicals & Petrochemicals,Valhi ,,2018
serena_simmons_2,Serena Simmons,塞雷娜·西蒙斯,Female,,United States,Chemicals,Valhi ,USA-Dallas,2022
serge_dassault,Serge Dassault & Family,,,,,Aviation,Dassault System,,2018
serge_dassault_family,Serge Dassault family,,Male,1926.0,,Aviation Technology,Dassault System,,2016
serge_godin,Serge Godin,谢尔盖·戈丁,Male,,Canada,Software & Services,CGI,Canada-Westmount,2026
serge_varsano,Serge Varsano,Serge Varsano,Male,1956.0,France,Trading & Distribution,Sucden,France-Paris,2026
sergei_galitsky,Sergei Galitsky,Sergei Galitsky,Male,1968.0,Russia,Retail,Magnit,,2020
sergei_katsiev,Sergei Katsiev,Sergei Katsiev,Male,1958.0,Russia,Logistics,Megapolis,,2020
sergei_kislov,Sergei Kislov ,,,,,Food & Beverages,Yug Rusi,,2018
sergei_kolesnikov,Sergei Kolesnikov,Sergei Kolesnikov,Male,1973.0,Russia,Construction & Engineering,Technonicol,Russia-Moscow,2026
sergei_popov,Sergei Popov,Sergei Popov,Male,1972.0,Russia,Financial Services,MDM Industrial Group,Russia-Moscow,2026
sergei_studennikov,Sergei Studennikov,Sergei Studennikov,Male,,Russia,Real Estate,Mercury Retail,Russia-Moscow,2026
sergey_brin,Sergey Brin,谢尔盖·布林,Male,1973.0,United States,Media & Entertainment,Alphabet,USA-Los Altos Hills,2026
sergey_dmitriev,Sergey Dmitriev,Sergey Dmitriev,Male,1966.0,Cyprus,Software & Services,JetBrains,Cyprus-Paralimni,2026
sergey_katsiev,Sergey Katsiev,谢尔盖·卡西耶夫,Male,,Russia,Retail,Megapolis,Russia-Moscow,2026
sergey_lomakin,Sergey Lomakin,Sergey Lomakin,Male,1975.0,Russia,Retail,Fix Price,Cyprus-Paphos,2026
sergey_nikolaevich_galitskiy,Sergey Nikolaevich Galitskiy,谢尔盖·尼古拉耶维奇·加利斯基,Male,1967.0,Russia,Retail,Magnit,Russia-Krasnodar,2026
sergey_shnayder,Sergey Shnayder,Sergey Shnayder,,,,Retail,Svetofor Group,Russia-Moscow,2026
sergey_studennikov,Sergey Studennikov,Sergey Studennikov,Male,1967.0,Russia,Multi-Brand Retail,DKBR Mega Retail Group,,2021
sergie_gordeev,Sergie Gordeev,塞尔吉·戈尔捷夫,Male,1972.0,Russia,Real Estate,PIK Group,Russia-Moscow,2026
sergio_fogel,Sergio Fogel,Sergio Fogel,Male,1963.0,Uruguay,Financial Services,dLocal,Uruguay-Montevideo,2024
sergio_jesus_mazon_rubio,Sergio Jesús Mazón Rubio,塞尔吉奥·杰西·马松·卢比奥,Male,,Mexico,TMT,Megacable Holdings,,2019
sergio_lins_andrade,Sergio Lins Andrade & Family,,,,,Construction,Andrade Gutierrez,,2018
sergio_mantegazza,Sergio Mantegazza,塞尔吉奥·曼特加扎,Male,,Switzerland,Media & Entertainment,Group Voyagers,Switzerland-Lugano,2023
sergio_stevanato,Sergio Stevanato,Sergio Stevanato,Male,1944.0,Italy,Containers & Packaging,Stevanato Group,Italy-Venice,2026
seth_boro,Seth Boro,Seth Boro,Male,,United States,Financial Services,Thoma Bravo,USA-San Francisco,2026
seth_klarman,Seth Klarman,塞思·克拉曼,Male,,United States,Financial Services,Baupost,USA-Boston,2026
sevket_sabanci,Sevket Sabanci,,,,,Financial Services,Sabanci,,2018
sha_xiaolan,Sha Xiaolan,沙晓岚,Male,1962.0,,Media & Entertainment,FengShangShiJi,China-Beijing,2022
shah_karim_al_hussaini,Shah Karim Al Hussaini,,,,,Construction,Aga Khan Development Network,,2018
shah_rukh_khan,Shah Rukh Khan,Shah Rukh Khan,Male,1965.0,India,Media & Entertainment,Red Chillies Entertainment,India-Mumbai,2026
shahid_bilakhia,Shahid Bilakhia,Shahid Bilakhia,Male,1899.0,India,Healthcare,Meril Life Science,India-Vapi,2026
shahid_khan,Shahid Khan,沙希德·克汉,Male,1950.0,United States,Automobile & Auto Components,Flex-N-Gate,USA-Naples,2026
shailesh_c_choksi,Shailesh C Choksi,沙雷思·C·高格斯,Male,1946.0,India,Chemicals,Asian Paints,India-Mumbai,2024
shailesh_chimanlal_choksi,Shailesh Chimanlal Choksi,沙伊莱什·奇曼拉尔·乔克斯,Male,,India,Chemicals,Asian Paints,India,2025
shalom_meckenzie,Shalom Meckenzie,Shalom Meckenzie,Male,1977.0,Israel,Media & Entertainment,DraftKings,Israel-Bat-Yam,2026
shamsheer_vayalil,Shamsheer Vayalil,沙姆舍尔·瓦亚利,Male,1977.0,United Arab Emirates,Healthcare,Burjeel Holdings,UAE-Abu Dhabi,2026
shan_jianming,Shan Jianming,单建明,Male,1960.0,China,Chemicals,Mizuda,China-Huzhou,2022
shan_yigang,Shan Yigang,单一刚,Male,1973.0,,Online Marketplace,KE,Beijing-Beijing,2021
shane_smith,Shane Smith,,,,,Digital Media,Vice Media,,2018
shang_jiyong,Shang Jiyong,尚吉永,Male,1968.0,China,Chemicals,China Wanda Group,China-Dongying,2026
shang_xiaobo,Shang Xiaobo,商晓波,Male,1974.0,China,Construction & Engineering,Honglu Steel Structure,China-Hefei,2026
shao_danwei,Shao Danwei,邵丹薇,Female,1982.0,China,Energy,Wanbang,China-Changzhou,2026
shao_genhuo,Shao Genhuo,邵根伙,Male,1965.0,China,Agriculture,Dabeinong,China-Beijing,2026
shao_heng,Shao Heng,邵恒,Male,1985.0,China,Automobile,Century Huatong Automotive Part,,2020
shao_jianxiong,Shao Jianxiong,邵建雄,Male,1964.0,China,Industrial Products,Hoymiles,China-Zhejiang-Hangzhou,2024
shao_qinxiang,Shao Qinxiang,邵钦祥,Male,1954.0,China,Industrial Products,Garden,China-Jinhua,2026
shao_xiaofeng,Shao Xiaofeng,邵晓峰,Male,1965.0,China,Retail,Alibaba,China-Hangzhou,2026
shao_xiaomei,Shao Xiaomei,邵晓梅,Female,,China,Energy,Putailai,China-Shanghai,2026
shao_zengming,Shao Zengming,邵增明,Male,1981.0,China,Industrial Products,Liliang,China-Shangqiu,2023
shao_zhongyi,Shao Zhongyi,,,,,"Petrochemical, grain",Chenxi ,,2018
shapoor_pallonji_mistry,Shapoor Pallonji Mistry,沙普尔·帕隆吉·米斯特里,Male,,Monaco,Investments,Sterling Investments,Monaco-Monte Carlo,2026
sharad_p_chauhan,Sharad P Chauhan ,Sharad P Chauhan ,Male,1945.0,India,FMCG,Parle Products,,2020
shari_arison,Shari Arison,莎莉·阿里森,Female,1957.0,Israel,Transportation & Logistics,Carnival Corporation,Israel-Tel Aviv,2026
sharon_azrieli,Sharon Azrieli,Sharon Azrieli,Female,1960.0,Canada,Real Estate,Azrieli Group,Canada-Montreal,2026
sharron_hunt,Sharron Hunt,Sharron Hunt,,,,Media & Entertainment,Kansas City Chiefs,USA-Dallas,2026
shashank_kumar,Shashank Kumar,Shashank Kumar,Male,1990.0,India,Financial Services,Razorpay,India-Bengaluru,2026
shashi_ravi_ruia,Shashi、Ravi Ruia ,,Male、Male,,,Energy,Essar Energy,,2012
shashi_ruia,Shashi Ruia,沙希·瑞亚,Male,,India,Oil & Gas,Essar Oil UK,India-Mumbai,2024
shashishekhar_balkrishna_pandit,Shashishekhar Balkrishna Pandit,Shashishekhar Balkrishna Pandit,Male,1950.0,India,Software & Services,KPIT Technologies,India-Pune,2026
shaul_shani,Shaul Shani,肖尔·沙尼,Male,,Israel,Telecommunications,ECI Telecom,Italy-Milan,2026
shay_bannon,Shay Bannon,Shay Bannon,Male,1979.0,United States,Software & Services,Elastic,USA-San Francisco,2024
shay_banon,Shay Banon,Shay Banon,,,,Software & Services,Elastic,USA,2025
shayne_coplan,Shayne Coplan,Shayne Coplan,Male,1998.0,United States,Financial Services,PolyMarket,USA-New York,2026
she_shengyang,She Shengyang,折生阳,Male,1955.0,China,Industrial Products,Bright Laser Technologies,China-Xi'an,2026
she_yingjie,She Yingjie,佘英杰,Male,1957.0,,Industrial Products,Olympic Circuit,China-Hong Kong,2026
sheldon_adelson,Sheldon Adelson,谢尔登·阿德尔森,Male,1933.0,United States,Casinos,Las Vegas Sands ,,2020
sheldon_solow,Sheldon Solow,谢尔顿·索洛,Male,1969.0,United States,Real Estate,Solow Projects,,2020
shen_bin,Shen Bin,沈彬,,,,Metals & Mining,Sha Steel,China-Suzhou,2026
shen_bo,Shen Bo,沈波,Male,1963.0,China,Investments,Fenbushi,China-Shanghai,2026
shen_dongri,Shen Dongri,申东日,Male,1972.0,China,Retail,Lancy,China-Beijing,2026
shen_fenghua,Shen Fenghua,沈锋华,,1986.0,China,Industrial Products,Tianmai,China-Suzhou,2026
shen_guojun,Shen Guojun,沈国军,Male,1962.0,China,Transportation & Logistics,Yintai,China-Beijing,2026
shen_hanbiao,Shen Hanbiao,沈汉标,Male,1972.0,China,Consumer Goods,Hotata,China-Guangzhou,2026
shen_hanbiao_wang_miaoyu,Shen Hanbiao & Wang Miaoyu,,,,,Manufacturing,Holike,,2018
shen_hua,Shen Hua,沈华,Male,1963.0,,Semiconductors,StarPower Semiconductor,China-Jiaxing,2026
shen_huayuan,Shen Huayuan,,,,,TMT,China Club,,2017
shen_hui,Shen Hui,沈晖,Male,,China,E-Cars,Weltmeister,China-Shanghai,2022
shen_jinchu,Shen Jinchu,沈晋初,Male,1973.0,China,Logistics,ESR,China-Shanghai,2022
shen_jing,Shen Jing,沈静,Female,1967.0,China,Agriculture,Lihua,China-Changzhou,2026
shen_jingshan,Shen Jingshan,沈敬山,Male,1961.0,China,Healthcare,Vigonvita,China-Suzhou,2026
shen_jinhua,Shen Jinhua,沈锦华,Male,1967.0,China,Retail,Focus,China-Nanjing,2026
shen_nanpeng,Shen Nanpeng,沈南鹏,Male,1967.0,Hong Kong,Investments,Sequoia,China-Hong Kong,2026
shen_ping,Shen Ping,申萍,Female,1971.0,Singapore,Healthcare,Haisco Pharmaceutical,China-Shannan,2026
shen_tianqing,Shen Tianqing,沈天晴,Male,1959.0,China,Real Estate,Jiayuan,China-Jiaxing,2022
shen_wei,Shen Wei,沈炜,Male,,China,Consumer Goods,VIVO,China-Dongguan,2026
shen_wenrong,Shen Wenrong,沈文荣,Male,1946.0,China,Metals & Mining,Sha Steel,China-Jiangsu-Suzhou,2024
shen_xiaoping,Shen Xiaoping,沈小平,Male,1963.0,China,TMT,Tongding ,Jiangsu -Suzhou,2019
shen_xichang,Shen Xichang,沈锡强,Male,1948.0,China,Chemicals,Yoke Technology,China-Wuxi,2026
shen_xiqiang,Shen Xiqiang & Family,,,,,Chemical materials,Yoke Technology,,2018
shen_ya,Shen Ya,沈亚,Male,1971.0,China,Retail,Vipshop,China-Guangzhou,2026
shen_zhenfang,Shen Zhenfang,沈振芳,Male,1972.0,,Healthcare,Zhende,China-Shaoxing,2026
sheng_baijiao,Sheng Baijiao,盛百椒,Male,1952.0,China,Consumer Goods,Belle,China-Shenzhen,2026
sherry_brydson,Sherry Brydson,Sherry Brydson,Female,,Canada,Media & Entertainment,Thomson Reuters,Canada-Toronto,2026
sheryl_sandberg,Sheryl Sandberg,雪莉·桑德伯格,Female,,United States,Media & Entertainment,Meta Platforms,USA-Menlo Park,2026
shi_danhong,Shi Danhong,施丹红,Female,,Hong Kong,Industrial Products,Xinyi Glass,China-Hong Kong,2026
shi_guilu,Shi Guilu,史贵禄,Male,1965.0,China,Real Estate,Rongmin,China-Xi'an,2023
shi_guiqing,Shi Guiqing,时桂清,Female,1967.0,China,Telecommunications,Tongyu,China-Zhongshan,2026
shi_huiyong,Shi Huiyong,施慧勇,Male,1966.0,China,Healthcare,Gongdong Medical Technology,China-Taizhou,2023
shi_jiazhang,Shi Jiazhang,许家彰,Male,,Taiwan,Chemicals,Chi Mei,China-Tainan,2026
shi_jing,Shi Jing,史静,Female,,China,Media & Entertainment,Giant,China-Shanghai,2026
shi_junfeng,Shi Junfeng,石俊峰,Male,1965.0,,Chemicals,Lopal,China-Nanjing,2023
shi_kerong,Shi Kerong,石克荣,Male,1957.0,China,Food & Beverages,Sanhe Hopefull,China-Hebei-Langfang,2024
shi_qingdao,Shi Qingdao,施清岛,Male,1965.0,China,Chemicals,Taihua New Material Co,China-Jiaxing,2022
shi_tianyou,Shi Tianyou,施天佑,Male,1970.0,China,Textiles,Billion Industrial,Fujian-Quanzhou,2019
shi_wenbo,Shi Wenbo,施文博,Male,1950.0,China,Consumer Goods,HengAn,China-Quanzhou,2026
shi_xiaobo,Shi Xiaobo,施小波,Male,1978.0,China,Electrical equipment,Suwen Electric,China-Changzhou,2022
shi_xu,Shi Xu,Shi Xu,Male,1966.0,Singapore,Chemicals,Nanofilm Technologies International ,,2021
shi_yibei,Shi Yibei,施依贝,Female,,China,Healthcare,Gongdong Medical Technology,China-Taizhou,2023
shi_yifeng,Shi Yifeng,石毅峰,Male,1974.0,China,Healthcare,Imeik,Beijing-Beijing,2025
shi_yingwen,Shi Yingwen,史英文,Male,1965.0,China,Real Estate,Ronghe,China-Nanning,2026
shi_yonghong,Shi Yonghong,施永宏,Male,1970.0,China,Food & Beverages,Haidilao,Singapore-Singapore,2026
shi_yonglei,Shi Yonglei&family,,,,,Food & Beverages,Laiyifen,,2017
shi_yufeng,Shi Yufeng,是玉丰,,1976.0,China,Industrial Products,Paike,China-Wuxi,2026
shi_yuzhu,Shi Yuzhu,史玉柱,Male,1962.0,China,Media & Entertainment,Giant,China-Shanghai,2026
shi_zhangqin,Shi Zhangqin,石章琴,,1984.0,China,Industrial Products,Hongrida,China-Suzhou,2026
shi_zhengfu,Shi Zhengfu,史正富,Male,1954.0,China,Investments,Tonghua ,Shanghai-Shanghai,2020
shi_zhengfu_zhai_li,Shi Zhengfu & Zhai Li,,,,,Investments,Tonghua ,,2018
shigefumi_wada,Shigefumi Wada,Shigefumi Wada,Male,1953.0,Japan,Software & Services,OBIC Business Consultants,Japan-Tokyo,2026
shigenobu_nagamori,Shigenobu Nagamori,永守重信,Male,1944.0,Japan,Industrial Products,Nidec,Japan-Kyoto,2026
shigeyoshi_kinoshita,Shigeyoshi Kinoshita,木下重义,Male,,Japan,Banking,Acom,,2021
shin_chang_jae,Shin Chang Jae,申昌宰,Male,1953.0,South Korea,Financial Services,Kyobo Life Insurance,South Korea-Seoul,2026
shin_dong_bin,Shin Dong Bin,申东彬,Male,,South Korea,Conglomerate,Lotte Corp,,2019
shintaro_yamada,Shintaro Yamada,Shintaro Yamada,Male,1978.0,Japan,E-Commerce,Mercari,Japan-Tokyo,2022
shirley_kao,Shirley Kao,高秀玲,Female,,Taiwan,Food & Beverages,Uni-President,China-Tainan,2026
shiv_nadar,Shiv Nadar,希夫·纳达尔,Male,1945.0,India,Software & Services,HCL,India-New Delhi,2024
shiv_ratan_agarwal,Shiv Ratan Agarwal,Shiv Ratan Agarwal,Male,,India,Food & Beverages,Bikaji Foods International,India-Bikaner,2026
shivratan_taparia,Shivratan Taparia,Shivratan Taparia,Male,,India,Consumer Goods,Supreme Industries,India,2025
shlomo_eliahu,Shlomo Eliahu,Shlomo Eliahu,Male,1936.0,Israel,Financial Services,Migdal,Israel-Tel Aviv,2026
shlomo_kramer,Shlomo Kramer,Shlomo Kramer,Male,1966.0,Israel,Software & Services,Cato Networks,Israel-Tel Aviv,2026
shmuel_harlap,Shmuel Harlap,什米尔·哈拉普,Male,,Israel,Artificial Intelligence,Mobileye,Israel-Tel Aviv,2026
shoji_uehara,Shoji Uehara,上原昭二,Male,1927.0,Japan,Pharmaceuticals,Taisho Pharmacuetical,,2020
shou_bonian,Shou Bonian,寿柏年,Male,1962.0,China,Real Estate,Greentown,China-Hangzhou,2023
shraddha_agarwal,Shraddha Agarwal,,,,,Healthcare,Outcome Health,,2018
shrikant_shankar_badve,Shrikant Shankar Badve,Shrikant Shankar Badve,Male,1966.0,India,Automobile & Auto Components,Badve Engineering,India-Pune,2026
shu_ping,Shu Ping,舒萍,Female,1970.0,Singapore,Food & Beverages,Haidilao,Singapore-Singapore,2026
shu_pujuan,Shu Pujuan,舒蒲娟,Female,1965.0,China,"Real Estate, electric power, infrastructure",Shengrun ,Beijing-Beijing,2020
shu_xiaolong,Shu Xiaolong,束小龙,Male,1988.0,China,Restaurants,Laoxiangji,China-Hefei,2022
shuai_fangwen_cao_zaiyun,Shuai Fangwen & Cao Zaiyun,,,,,Pharmaceuticals,Er-Kang Pharmaceutical,,2018
shunsaku_sagami,Shunsaku Sagami,Shunsaku Sagami,Male,,Japan,Financial Services,M&A Research Institute,Japan-Tokyo,2024
shyam_bhartia,Shyam Bhartia,什亚姆·巴蒂亚,Male,1952.0,Singapore,Food & Beverages,Jubilant FoodWorks,Singapore-Singapore,2026
shyam_sankar,Shyam Sankar,Shyam Sankar,Male,1982.0,United States,Software & Services,Palantir Technologies,USA-Palo Alto,2026
shyam_sundar_choudhary,Shyam Sundar Choudhary,Shyam Sundar Choudhary,Male,,India,Chemicals,Himadri Speciality Chemical,India-Kolkata,2026
si_hyuk_bang,Si-Hyuk Bang,Si-Hyuk Bang,Male,1973.0,South Korea,Media & Entertainment,HYBE,South Korea-Seoul,2026
sid_bass,Sid Bass,西德·巴斯,Male,1942.0,United States,Investments,Investments,USA-Fort Worth,2026
sidney_kimmel,Sidney Kimmel,西德尼·金梅尔,Male,,United States,Consumer Goods,Jones,USA-New York,2026
sidney_taurel,Sidney Taurel,Sidney Taurel,Male,1950.0,United States,Software & Services,IBM ,,2021
siegfried_meister,Siegfried Meister,,,,,Electronics,Rational,,2017
siew_khim_ng,Siew Khim Ng,Siew Khim Ng,Male,,Indonesia,Retail,Indoritel,Indonesia-Jakarta,2026
silas_chou,Silas Chou,,,,,Multi Brand Retailing,Novel Enterprises,,2017
silas_kf_chou,Silas KF Chou,曹其峰,Male,,Hong Kong,Retail,Novel Enterprises,China-Hong Kong,2026
silvana_armani,Silvana Armani,Silvana Armani,Female,1955.0,Italy,Consumer Goods,Armani Group,Italy-Milan,2026
silvio_berlusconi,Silvio Berlusconi,西尔维奥·贝卢斯科尼,Male,1936.0,Italy,Media & Entertainment,MFE-MediaForEurope,Italy-Milan,2023
silvio_santos,Silvio Santos,,,,,Media,Grupo Silvio Santos,,2018
simon_arora,Simon Arora,Simon Arora,Male,1970.0,United Kingdom,Retail,B&M,UK-Manchester,2026
simon_camilleri,Simon Camilleri,Simon Camilleri,Male,1960.0,Australia,Food & Beverages,Baiada Poultry,Australia-Sydney,2026
simon_nixon,Simon Nixon,西蒙·尼克松,Male,,United Kingdom,Services,MoneySuperMarket,UK-St. Brelade,2026
simon_reuben,Simon Reuben,西蒙·鲁宾,Male,,United Kingdom,Services,Global Switch,Monaco-Monaco,2026
simona_giorgetta,Simona Giorgetta,Simona Giorgetta,Female,1977.0,Italy,Chemicals,Mapei,Italy-Milan,2026
simone_maag_de_moura_cunha,Simone Maag de Moura Cunha,Simone Maag de Moura Cunha,,,,Healthcare,Straumann Group,Switzerland,2025
sit_kwong_lam,Sit Kwong Lam,,,,,Oil & Gas,Brightoil Petroleum,,2018
sita_venkataramani,Sita Venkataramani,Sita Venkataramani,Female,,India,Automobile & Auto Components,Amalgamations,India-Chennai,2026
siva_arul_durai,Siva Arul Durai,Siva Arul Durai,,,,Consumer Goods,Saravana Stores Thanga Nagai Maligai,India,2025
sjamsul_nursalim,Sjamsul Nursalim,Sjamsul Nursalim,Male,1941.0,Singapore,Retail,Mitra Adiperkasa,Singapore-Singapore,2024
slavica_ecclestone,Slavica Ecclestone,,,,,Entertainment,Formula One,,2018
sm_ashraful_alam,SM Ashraful Alam ,SM Ashraful Alam,Male,1966.0,Bangladesh,Household Appliances,Walton Hi-Tech Industries,Bangladesh-Gazipur,2022
sm_nurul_alam_rezvi,SM Nurul Alam Rezvi,SM Nurul Alam Rezvi,Male,1959.0,Bangladesh,Consumer Electronics,Walton Hi-Tech Industries,,2021
sm_shamsul_alam,SM Shamsul Alam,SM Shamsul Alam,Male,1964.0,Bangladesh,Consumer Electronics,Walton Hi-Tech Industries,,2021
smita_v_crishna,Smita V Crishna,斯米塔·克里什纳,Female,,India,Industrial Products,Godrej,India-Mumbai,2026
smitha_v_crishna,Smitha V Crishna,,,,,Consumer Durables,Godrej,,2018
soegiarto_adikoesoemo,Soegiarto Adikoesoemo,索加托·阿迪科索默,Male,,Indonesia,Chemicals,AKR Corporindo,Indonesia-Surabaya,2026
sofia_hogberg_schorling,Sofia Högberg Schörling,Sofia Högberg Schörling,,,,Investments,Melker Schorling AB,Sweden-Stockholm,2026
sofie_kirk_kiaer_kristiansen,Sofie Kirk Kiaer Kristiansen,索菲·柯克·基亚·克里斯蒂安森,Female,1976.0,Denmark,Consumer Goods,Lego,Denmark-Billund,2026
soichiro_fukutake,Soichiro Fukutake,Soichiro Fukutake,Male,1946.0,New Zealand,Education,Benesse Holdings,,2020
sol_daurella,Sol Daurella,索尔·杜雷拉,Female,,Spain,Food & Beverages,Coca-Cola European Partners,Spain-Madrid,2026
sol_eddie_zakay,Sol & Eddie Zakay,,,,,Real Estate,Topland ,,2018
sol_zakay,Sol Zakay,索尔·扎卡伊,Male,,United Kingdom,Real Estate,Topland,UK-London,2026
solomon_lew,Solomon Lew,Solomon Lew,Male,1946.0,Australia,Retail,Premier Investments,Australia-Melbourne,2026
somphote_ahunai,Somphote Ahunai,Somphote Ahunai,Male,1968.0,Thailand,Energy,Energy Absolute,Thailand-Bangkok,2024
somporn_juangroongruangkit,Somporn Juangroongruangkit,索姆波恩·让古恩广基特,Female,,Thailand,Auto Components,Thai Summit,,2021
somsri_lamsam,Somsri Lamsam,Somsri Lamsam,,,,Food & Beverages,CP Group,Thailand-Bangkok,2026
somsri_lumsam,Somsri Lumsam ,索姆斯里·卢姆萨姆,Female,,Thailand,Food & Beverages,CP Group,Thailand-Bangkok,2024
somurai_jaruphnit,Somurai Jaruphnit,萨穆莱·贾鲁普尼特,Female,,Thailand,Food & Beverages,CP Group,Thailand-Bangkok,2026
song_fei,Song Fei,宋飞,Male,1966.0,China,Industrial Products,Eddie Precision Machinery,China-Yantai,2026
song_guangdong,Song Guangdong,宋广东,Male,1963.0,China,Automobile & Auto Components,Chaojie,China-Shanghai,2026
song_guihua,Song Guihua,宋桂花,Female,1959.0,China,Industrial Products,Jingjin,China-Dezhou,2023
song_jianbo,Song Jianbo,宋建波,Male,1970.0,China,Metals & Mining,Nanshan,China-Yantai,2026
song_lihua,Song Lihua,宋礼华,Male,1957.0,China,Biotechnology,Anke Biotechnology,China-Hefei,2022
song_rui,Song Rui,宋睿,Male,1975.0,China,Chemicals,Wintrue Holding,China-Chengdu,2023
song_tao,Song Tao,宋涛,Male,1976.0,China,Media & Entertainment,Mihoyo,China-Shanghai,2026
song_wei,Song Wei,宋薇,Female,1968.0,China,Professional Services,Pony Testing,China-Beijing,2022
song_weiping,Song Weiping,宋卫平,Male,1958.0,China,Real Estate,Greentown,China-Hangzhou,2026
song_weiping_xia_yibo,Song Weiping & Xia Yibo,,,,,Real estate,Greentown,,2018
song_wenguang,Song Wenguang,宋文广,Male,1959.0,China,Tires ,Xingyuan ,Zhejiang-Hangzhou,2020
song_xiangqian,Song Xiangqian,宋向前,,,,Investments,Harvest Capital,China-Hong Kong,2026
song_ying,Song Ying,宋英,Female,1968.0,China,Metals & Mining,China Kings Resources Group,China-Hangzhou,2026
song_zuowen,Song Zuowen,宋作文,Male,1947.0,China,Non-ferrous metals processing,Nanshan ,China-Yantai,2022
sophie_bellon,Sophie Bellon,Sophie Bellon,Female,1961.0,France,Food & Beverages,Sodexo,France,2025
sophie_knapp,Sophie Knapp,Sophie Knapp,,,,Retail,New Yorker,Germany-Idar-Oberstein,2026
sophie_luise_fielmann,Sophie Luise Fielmann,Sophie Luise Fielmann,,,,Retail,Fielmann Group AG,Germany-Hamburg,2026
soren_westermann,Soren Westermann,索伦·韦斯特曼,Female,,,Medical Equipment,Widex,,2020
sp_hinduja,SP Hinduja,斯瑞钱德·帕玛兰德·欣杜贾,Male,1935.0,United Kingdom,Automobile & Auto Components,Hinduja,UK-London,2023
spiro_latsis,Spiro Latsis,斯皮罗·拉特西斯,Male,1946.0,Switzerland,Energy,Hellenic Petroleum,Switzerland-Geneva,2026
srichand_parmanand_hinduja,Srichand Parmanand Hinduja,,,,,Conglomerate,Hinduja Group,,2018
srinivas_bommidala,Srinivas Bommidala,斯里尼瓦斯·博米达拉,Male,,India,Construction & Engineering,GMR,India-Bengaluru,2026
srinivasan_ravi,Srinivasan Ravi,Srinivasan Ravi,Male,1963.0,India,Industrial Products,Craftsman Automation,India-Coimbatore,2026
staffan_salen,Staffan Salen,Staffan Salen,Male,1967.0,Sweden,Real Estate,Sagax,Sweden-Stockholm,2026
stanley_druckenmiller,Stanley Druckenmiller,斯坦利·德鲁肯米勒,Male,1953.0,United States,Financial Services,Duquesne Capital Management,USA-New York,2026
stanley_hubbard,Stanley Hubbard,斯坦利·哈伯德,Male,,United States,Media & Entertainment,Hubbard Broadcasting,USA-St. Paul,2026
stanley_kroenke,Stanley Kroenke,斯坦利·克伦克,Male,1947.0,United States,Media & Entertainment,Kroenke Sports & Entertainment,USA-Columbia,2026
stanley_motta,Stanley Motta,Stanley Motta,Male,1945.0,Panama,Transportation & Logistics,Copa Holdings,Panama-Panama City,2026
stanley_perron,Stanley Perron,,,,,Real Estate,Perron Group,,2018
stanley_tang,Stanley Tang,Stanley Tang,Male,1993.0,United States,Transportation & Logistics,DoorDash,USA-Palo Alto,2026
stef_wertheimer,Stef Wertheimer,斯蒂夫·沃特海默,Male,1926.0,Israel,Industrial Products,Iscar,Israel,2025
stefan_gleven,Stefan Glevén,Stefan Glevén,Male,,Sweden,Investment Management,EQT,Sweden-Stockholm,2022
stefan_olsson,Stefan Olsson,斯蒂芬·奥尔森,Male,,Sweden,Investments,Stena Sphere,UK-London,2026
stefan_persson,Stefan Persson,斯蒂芬·佩尔森,Male,1947.0,Sweden,Consumer Goods,H&M,Sweden-Stockholm,2026
stefan_pierer,Stefan Pierer,Stefan Pierer,Male,1957.0,Austria,Automobile & Auto Components,Pierer Mobility,Austria-Wels,2024
stefan_quandt,Stefan Quandt,斯特凡·科万特,Male,1966.0,Germany,Automobile & Auto Components,BMW,Germany-Frankfurt,2026
stefan_reimann_andersen,Stefan Reimann Andersen,斯蒂芬·赖曼·安徒生,Male,,Germany,Investments,JAB Holding,Austria-Vienna,2026
stefan_soloviev,Stefan Soloviev,Stefan Soloviev,,,,Real Estate,Soloviev Group,USA-Delray Beach,2026
stefan_von_holtzbrinck,Stefan Von Holtzbrinck,斯蒂芬·冯·霍尔茨布林克,Male,,Germany,Media & Entertainment,Verlagsgruppe Georg Von Holtzbrinck,Germany-Stuttgart,2026
stefan_wirtgen,Stefan Wirtgen,Stefan Wirtgen,Male,1970.0,Germany,Industrial Products,Wirtgen Group,Germany-Neustadt,2026
stefanie_westphal_thompson,Stefanie Westphal Thompson,Stefanie Westphal Thompson,Female,1963.0,United States,Software & Services,Vertex,USA-Media,2026
stefano_gabbana,Stefano Gabbana,斯特凡诺·加巴纳,Male,,Italy,Consumer Goods,Dolce & Gabbana,Italy-Milan,2026
stefano_pessina,Stefano Pessina,斯特凡诺·佩斯纳,Male,1941.0,Monaco,Retail,Walgreens,Monaco-Monte Carlo,2026
stein_erik_hagen,Stein Erik Hagen,斯坦·埃里克·哈根,Male,1956.0,Norway,Consumer Goods,Orkla,Norway-Oslo,2026
stelios_haji_ioannou,Stelios Haji-Ioannou,斯塔利奥斯·哈吉·依安努,Male,,Monaco,Transportation & Logistics,easyJet,Monaco-Monte Carlo,2026
stephan_schmidheiny,Stephan Schmidheiny,斯蒂芬·史密斯,Male,1947.0,Switzerland,Construction & Engineering,Swiss Eternit Group,Switzerland-Zurich,2026
stephan_schnabel,Stephan Schnabel,Stephan Schnabel,Male,,Germany,Chemicals,Helm,Germany-Hamburg,2026
stephane_bancel,Stéphane Bancel,Stéphane Bancel,Male,1973.0,United States,Healthcare,Moderna,USA-Cambridge,2026
stephane_bonvin,Stéphane Bonvin,Stéphane Bonvin,Male,1968.0,Switzerland,Real Estate,Investis Holding,Switzerland-Lens,2026
stephane_courbit,Stephane Courbit,Stephane Courbit,Male,1965.0,France,Media & Entertainment,BANIJAY GROUP N.V.,France-Paris,2026
stephen_bechtel_jr,Stephen Bechtel Jr,小史蒂芬·贝克特,Male,1925.0,United States,Construction,Bechtel ,,2021
stephen_butt,Stephen Butt,Stephen Butt,Male,1955.0,United States,Retail,H-E-B Store,USA-Dallas,2026
stephen_deckoff,Stephen Deckoff,Stephen Deckoff,,,,Investments,Black Diamond Capital Management,USA-St. John,2026
stephen_feinberg,Stephen Feinberg,斯蒂芬·芬伯格,Male,,United States,Financial Services,Cerberus,USA-New York,2026
stephen_fitzpatrick,Stephen Fitzpatrick,Stephen Fitzpatrick,Male,1977.0,United Kingdom,Utilities,OVO Energy,UK-London,2022
stephen_hilbert,Stephen Hilbert,,,,,Home Improvement,Menards,,2017
stephen_hoge,Stephen Hoge,Stephen Hoge,Male,1975.0,United States,Healthcare,Moderna,USA-Brookline,2023
stephen_jarislowsky,Stephen Jarislowsky,斯蒂芬·贾里斯洛夫斯基,Male,1925.0,Canada,Financial Services,Jarislowsky Fraser,Canada-Montreal,2026
stephen_lansdown,Stephen Lansdown,斯蒂芬·兰斯当,Male,,United Kingdom,Financial Services,Hargreaves Lansdown,Guernsey-Saint Peter Port,2026
stephen_m_bennett,Stephen M. Bennett,Stephen M. Bennett,Male,1954.0,United States,Financial Management,Intuit,USA-Tempe,2022
stephen_mandel_jr,Stephen Mandel Jr,小斯蒂芬·曼德尔,Male,1956.0,United States,Financial Services,Lone Pine Capital,USA-Greenwich,2026
stephen_orenstein,Stephen Orenstein,Stephen Orenstein,,,,Transportation & Logistics,Supreme Group,Germany-Frankfurt,2026
stephen_ross,Stephen Ross,斯蒂芬·罗斯,Male,1940.0,United States,Real Estate,Related Companies,USA-New York,2026
stephen_rubin,Stephen Rubin,斯蒂芬·鲁宾,Male,,United Kingdom,Consumer Goods,Pentland Group,UK-London,2026
stephen_saad,Stephen Saad,,,,,Pharmaceuticals,Aspen,,2018
stephen_schwarzman,Stephen Schwarzman,史蒂夫·施瓦茨曼,Male,1947.0,United States,Financial Services,Blackstone Group,USA-New York,2026
stephen_smith,Stephen Smith,Stephen Smith,Male,1952.0,Canada,Financial Services,First National Financial,Canada-Toronto,2026
stephen_winn,Stephen Winn,Stephen Winn,Male,1946.0,United States,Real Estate,RealPage,USA-Dallas,2026
steve_ballmer,Steve Ballmer,史蒂夫·鲍尔默,Male,1956.0,United States,Software & Services,Microsoft,USA-Hunts Point,2026
steve_bisciotti,Steve Bisciotti,史蒂夫·比西奥蒂,Male,1960.0,United States,Media & Entertainment,Baltimore Ravens,USA-Millersville,2026
steve_case,Steve Case,史蒂夫·凯斯,Male,,United States,Media & Entertainment,AOL,USA-McLean,2026
steve_cohen,Steve Cohen,史蒂夫·科恩,Male,1956.0,United States,Financial Services,Point72 Asset Management,USA-Greenwich,2026
steve_fredette,Steve Fredette,Steve Fredette,Male,1983.0,United States,Financial Services,Toast,USA-Boston,2026
steve_koltes,Steve Koltes,Steve Koltes,,,,Investments,CVC Capital Partners,Luxembourg,2025
steve_lavin,Steve Lavin,Steve Lavin,,,,Food & Beverages,OSI Group,USA-Chicago,2026
steve_morgan,Steve Morgan,史蒂夫·摩根,Male,,United Kingdom,Construction & Engineering,Redrow,UK-Liverpool,2026
steve_van_andel,Steve Van Andel,史蒂夫·范·安德尔,Male,,United States,Retail ,Amway,,2019
steve_wynn,Steve Wynn,史蒂夫·维恩,Male,1942.0,United States,Hospitality,Wynn Resort,USA-Las Vegas,2026
steven_conine,Steven Conine,Steven Conine,Male,1973.0,United States,Retail,Wayfair,USA-Boston,2026
steven_klinsky,Steven Klinsky,Steven Klinsky,Male,1957.0,United States,Financial Services,New Mountain Capital,USA-New York,2026
steven_rales,Steven Rales,史蒂文·罗尔斯,Male,,United States,Healthcare,Danaher,USA-Santa Barbara,2026
steven_roth,Steven Roth,Steven Roth,Male,1942.0,United States,Real Estate,Vornado Realty Trust,,2020
steven_sarowitz,Steven Sarowitz,Steven Sarowitz,Male,1966.0,United States,Software & Services,Paylocity,USA-Highland Park,2026
steven_schuurman,Steven Schuurman,Steven Schuurman,Male,1976.0,Netherlands,Software & Services,Elastic,Netherlands-Amsterdam,2026
steven_spielberg,Steven Spielberg,史蒂芬·斯皮尔伯格,Male,1946.0,United States,Media & Entertainment,Dreamworks Animation,USA-Pacific Palisades,2026
steven_tisch,Steven Tisch,Steven Tisch,Male,1949.0,United States,Media & Entertainment,New York Giants,USA-Beverly Hills,2026
steven_udvar,Steven Udvar,史蒂文·乌德瓦尔,Male,,United States,Aerospace & Defence,Air Lease,USA-Beverly Hills,2026
stewart,Stewart,Stewart,,,,Food & Beverages,The Wonderful Company,USA-Beverly Hills,2026
stewart_butterfield,Stewart Butterfield,Stewart Butterfield,Male,1973.0,United States,Software & Services,Slack,USA-Aspen,2026
stewart_horejsi,Stewart Horejsi,斯图尔特·霍雷西,Male,,United States,Investments,Berkshire Hathaway,USA-Phoenix,2026
stewart_lynda_resnick,Stewart & Lynda Resnick,,,,,Food & Beverages,Roll International,,2018
stewart_rahr,Stewart Rahr,斯图尔特·拉尔,Male,,United States,Healthcare,Kinray,USA-New York,2026
stewart_resnick,Stewart Resnick,斯图尔特·雷斯尼克,Male,,United States,Food & Beverages,Roll International,USA-Beverly Hills,2024
strive_masiyiwa,Strive Masiyiwa,Strive Masiyiwa,Male,1961.0,United Kingdom,Telecommunications,Liquid Telecom,UK,2025
stuart_hoegner,Stuart Hoegner,Stuart Hoegner,,,,Financial Services,Tether,Canada-Toronto,2026
su_chun_sing,Su Chun-Sing,苏纯兴,Male,,Taiwan,Retail,Hotai Motor,China-Taipei,2026
su_da,Su Da,苏达,Male,1982.0,China,Industrial Products,Leili Motor,China-Changzhou,2026
su_hua,Su Hua,宿华,Male,1982.0,China,Media & Entertainment,Kuaishou Technology,China-Beijing,2026
su_jianguo,Su Jianguo,苏建国,Male,1955.0,China,Industrial Products,Leili Motor,China-Changzhou,2026
su_jiaohua,Su Jiaohua,苏娇华,Male,,,Real Estate,Realord,China-Hong Kong,2026
su_lei,Su Lei,苏蕾,Female,,China,Energy,Sungrow Power Supply,China-Hefei,2026
su_meng,Su Meng,苏萌,Male,,China,Estate Holding,Gold Tak Land,China-Guangzhou,2022
su_qingcan,Su Qingcan,苏庆灿,Male,1969.0,China,Healthcare,Huaxia Eye Hospital,China-Xiamen,2026
su_rubo,Su Rubo,苏汝波,Male,1955.0,China,Developer,Country Garden,China-Foshan,2022
su_ruchun,Su Ruchun,苏如春,Male,1968.0,China,Real Estate,Huabang,China-Guangzhou,2023
su_suyu,Su Suyu,苏素玉,Male,1948.0,China,Real Estate,Lianmei,China-Shantou,2026
su_weizhong,Su Weizhong,,,,,Energy,Chinahr,,2018
su_yen_hui,Su Yen-Hui & family ,,,,,Manufacturing ,Hotai Motor ,,2017
su_zengfu,Su Zengfu,苏增福,Male,1940.0,China,Household Appliances,Supor,China-Hangzhou,2022
su_zhigang,Su Zhigang,苏志刚,Male,1958.0,China,Hospitality,Chime Long,China-Guangzhou,2026
sualeh_asif,Sualeh Asif,Sualeh Asif,Male,1999.0,United States,Artificial Intelligence,Anysphere,USA-San Francisco,2026
suat_gunsel,Suat Gunsel,苏亚特·甘赛尔,Male,,Cyprus,Education,Near East University,,2021
subae_mohammad_ibrahim_mohammad_ai,Subae Mohammad Ibrahim Mohammad Ai,Subae Mohammad Ibrahim Mohammad Ai,Male,,Saudi Arabia,Financial Services,Bank Albilad,Saudi Arabia-Riyadh,2024
subhash_chandra,Subhash Chandra,苏巴·钱德拉,Male,1950.0,India,Media,Zee,,2019
subhash_runwal,Subhash Runwal,Subhash Runwal,Male,1944.0,India,Real Estate,Runwal Developers,India-Mumbai,2026
sudha_gopalakrishnan,Sudha Gopalakrishnan,苏达·戈帕拉克里希南,Female,,India,Software & Services,Infosys,,2019
sudhir_mehta,Sudhir Mehta,苏迪尔·梅塔,Male,,India,Healthcare,Torrent Pharmaceuticals,India-Ahmedabad,2026
sudhir_ruparelia,Sudhir Ruparelia,,,,,Banking,Ruparelia,,2017
sudhir_seth,Sudhir Seth,Sudhir Seth,,,,Industrial Products,Sudhir Power,India-New Delhi,2026
sudhir_vaid,Sudhir Vaid,Sudhir Vaid,,,,Healthcare,Concord Biotech,India,2025
sue_ann_hamm,Sue Ann Hamm,苏·安·哈姆,Female,,United States,Investments,Investments,USA-Lexington,2026
sue_gross,Sue Gross,Sue Gross,Female,1949.0,United States,Investments,Investments,USA-Laguna Beach,2026
sue_walker,Sue Walker,Sue Walker,Female,,Australia,Real Estate,Walter Corp,Australia-Sydney,2026
suh_kyung_bae,Suh Kyung-Bae,徐庆培,Male,,South Korea,Consumer Goods,AmorePacific,South Korea-Seoul,2026
suhail_bahwan,Suhail Bahwan,Suhail Bahwan,Male,1939.0,Oman,Retail,Suhail Bahwan Group,Oman,2025
suhon_lin,Suhon LIn ,,,,,Plastic industry,Chang Chun,,2017
sukanto_tanoto,Sukanto Tanoto,陈江和,Male,,Singapore,Paper & Forest Products,Royal Golden Eagle,Singapore-Singapore,2026
sukmawati_widjaja,Sukmawati Widjaja,苏卡玛哇蒂·维扎雅,Female,,Indonesia,Consumer Goods,Sinar Mas,Indonesia-Jakarta,2026
sulaiman_al_habib,Sulaiman Al Habib,Sulaiman Al Habib,,,,Healthcare,Dr. Sulaiman Abudlaziz Al Habib Medical Services Group Company,Saudi Arabia-Riyadh,2026
sulaiman_al_muhaidib,Sulaiman Al Muhaidib,Sulaiman Al Muhaidib,Male,1955.0,Saudi Arabia,Construction & Engineering,Al Muhaidib Group,Saudi Arabia-Dammam,2026
sulaiman_al_rajhi,Sulaiman Al Rajhi,苏莱曼·拉吉,Male,,Saudi Arabia,Banking,Al Rajhi Banking And Investment,,2019
suleiman_kerimov,Suleiman Kerimov,苏莱曼·克里莫夫,Male,1966.0,Russia,Investments,Investments,Russia-Moscow,2026
suman_kant_munjal,Suman Kant Munjal,乔伊·阿鲁卡,Male,,India,Automobile & Auto Components,Hero Motocorp,India-New Delhi,2026
sumet_jiaravanon,Sumet Jiaravanon,谢中民,Male,1934.0,Thailand,Food & Beverages,CP Group,Thailand-Bangkok,2026
sumiko_nagamori,Sumiko Nagamori ,,,,,Electronics,Nidec,,2017
summerfield_johnston_jr,Summerfield Johnston Jr,Summerfield Johnston Jr,Male,1933.0,United States,Food & Beverages,Coca-Cola Enterprises,,2020
sumner_redstone,Sumner Redstone,萨姆纳·雷石东,Male,1923.0,United States,Telecommunication,CBS,,2020
sun_chengsi,Sun Chengsi,孙成思,Male,1988.0,China,Semiconductors,Biwin Storage,China-Shenzhen,2026
sun_chunli,Sun Chunli,孙春莉,Female,,China,Metals & Mining,Sinogiant,China-Beijing,2026
sun_guangxin,Sun Guangxin,孙广信,Male,1962.0,China,Retail,Guanghui,China-Urumqi,2026
sun_heng,Sun Heng,孙恒,Male,1988.0,China,Energy,HengYuan,China-Yulin,2022
sun_hengchao,Sun Hengchao,,,,,"Petrochemicals, education ",Bao Ta Petrochemical ,,2018
sun_hongbin,Sun Hongbin,孙宏斌,Male,1963.0,China,Real Estate,Sunac,China-Tianjin,2026
sun_hongbing,Sun Hongbing,,,,,Real Estate,Sunac ,,2018
sun_hongjun,Sun Hongjun,孙洪军,Male,1973.0,China,Semiconductors,Awinic,China-Shanghai,2026
sun_huaiqing,Sun Huaiqing,孙怀庆,Male,1969.0,China,Consumer Goods,Marubi,China-Guangzhou,2026
sun_huigang,Sun Huigang,孙惠刚,Male,,China,Investments,Wanhua,China-Yantai,2026
sun_jimu,Sun Jimu,孙纪木,Male,1956.0,China,Metals & Mining,Sinogiant,China-Beijing,2026
sun_jimu_sun_xiang,Sun Jimu & Sun Xiang,,,,,Iron & Steel,Sinogiant ,,2018
sun_junliang,Sun Junliang,孙俊良,Male,1963.0,China,Energy,HengYuan,China-Yulin,2022
sun_mengquan,Sun Mengquan,孙孟全,Male,1950.0,China,Food & Beverages,Luhua,China-Yantai,2026
sun_piaoyang,Sun Piaoyang,孙飘扬,Male,1958.0,China,Healthcare,"Hengrui, Hansoh",China-Lianyungang,2026
sun_piaoyang_zhong_huijuan,Sun Piaoyang & Zhong Huijuan,,,,,Pharmaceuticals,"Hengrui Medicine, Haosen Medicine",,2018
sun_qinghuan,Sun Qinghuan,孙清焕,Male,1973.0,China,Consumer Goods,MLS,China-Zhongshan,2026
sun_renjing,Sun Renjing,孙任靖,Male,1964.0,,Chemicals,Sunfar Silicon,China-Tangshan,2023
sun_shangchuan_liu_wei,Sun Shangchuan & Liu Wei,,,,,Communications equipment,Tatfook,,2018
sun_shoukuan,Sun Shoukuan,孙寿宽,Male,1949.0,China,Industrial Products,Jiacheng,China-Liaoning-Yingkou,2024
sun_weijie,Sun Weijie,孙伟杰,Male,1963.0,China,Industrial Products,Jereh Oilfield,China-Yantai,2026
sun_xiangbang,Sun Xiangbang,孙项邦,Male,2002.0,China,Consumer Goods,MLS,China-Zhongshan,2026
sun_xishuang,Sun Xishuang,孙喜双,Male,1953.0,China,Real Estate,Yifang,China-Liaoning-Dalian,2024
sun_yanjun,Sun Yanjun,孙雁军,,,,Services,Feinan Resource,China-Foshan,2026
sun_yi,Sun Yi,孙毅,Male,1967.0,China,Industrial Products,Zhefu Holding,China-Hangzhou,2026
sun_yonggen,Sun Yonggen,孙永根,Male,1971.0,China,Chemicals,Tiansheng ,China-Shaoxing,2022
sun_yonghui,Sun Yonghui,孙永辉,Male,1971.0,China,Consumer Electronics,CVTE,Guangdong-Guangzhou,2021
sun_yongjian,Sun Yongjian,孙勇坚,Male,1966.0,China,Real Estate,Bm Holding,Shanghai-Shanghai,2025
sun_yuan,Sun Yuan,孙远,Female,1987.0,China,Healthcare,Hansoh,China-Lianyungang,2026
sun_zhihua,Sun Zhihua,孙志华,Male,1956.0,China,Industrial Products,Changsheng Sliding Bearings,China-Jiaxing,2026
sun_zhongbin,Sun Zhongbin,孙仲斌,Male,,China,Retail,Suntek,China-Guangdong-Shenzhen,2024
sun_zhongwei,Sun Zhongwei,孙中伟,Male,1978.0,China,Energy,Hello Tech,China-Shenzhen,2026
suna_kirac,Suna Kirac,苏娜·基拉克,Female,1941.0,Turkey,Energy,Koc,,2020
sundar_pichai,Sundar Pichai,Sundar Pichai,Male,1973.0,United States,Media & Entertainment,Alphabet,USA-Los Altos Hills,2026
sunder_genomal,Sunder Genomal,Sunder Genomal,Male,,India,Apparel & Textile Products,Page Industries,India-Bengaluru,2022
sunil_kant_munjal,Sunil Kant Munjal,,,,,Automobiles & Auto Components,Hero Motocorp,,2018
sunil_mittal,Sunil Mittal,苏尼尔·米塔尔,Male,,India,Telecommunications,Bharti Airtel,India-New Delhi,2026
sunil_vachani,Sunil Vachani,苏尼尔没来,Male,,India,Industrial Products,Dixon Technologies,India-New Delhi,2026
sunil_vaswani,Sunil Vaswani,苏尼尔·瓦斯瓦尼,Male,,United Arab Emirates,Retail,Stallion,UAE-Dubai,2023
sunjay_kapur,Sunjay Kapur,Sunjay Kapur,Male,1951.0,India,Automobile & Auto Components,Sona BLW Precision Forgings,India,2025
sunny_varkey,Sunny Varkey,桑尼·瓦基,Male,1957.0,United Arab Emirates,Education & Training,Gems Education,UAE-Dubai,2026
supreeya_yoovidhya,Supreeya Yoovidhya,苏皮尔亚·约维迪亚,Male,,Thailand,Food & Beverages,Red Bull,Thailand-Bangkok,2026
surender_pal_singh_saluja,Surender Pal Singh Saluja,Surender Pal Singh Saluja,Male,1946.0,India,Energy,Premier Energies,India-Hyderabad,2026
surendra_hiranandani,Surendra Hiranandani,苏伦德拉·希拉南达尼,Male,,India,Developer,Hiranandani Group,,2021
surendra_kumar_arya,Surendra Kumar Arya,Surendra Kumar Arya,Male,,India,Automobile & Auto Components,JBM Auto,India-New Delhi,2026
suresh_h_vazirani,Suresh H Vazirani,Suresh H Vazirani,Male,1949.0,India,Healthcare,Transasia Bio-Medicals,India,2025
suresh_krishna,Suresh Krishna,Suresh Krishna,Male,1936.0,India,Automobile & Auto Components,Sundaram Fastners,India-Chennai,2026
surin_upatkoon,Surin Upatkoon,苏林·莱塔特,Male,,Malaysia,Telecommunications,InTouch,Malaysia-Kuala Lumpur,2026
surinder_arora,Surinder Arora,Surinder Arora,Male,1959.0,United Kingdom,Hospitality,Arora Holdings,,2021
surjit_kumar_gupta,Surjit Kumar Gupta,苏吉特·库马尔·古普塔,Male,,India,Industrial Products,Havells India,India-New Delhi,2026
surya_midha,Surya Midha,Surya Midha,Male,2003.0,United States,Artificial Intelligence,Mercor,USA-San Francisco,2026
susan_alfond,Susan Alfond,苏珊·阿尔方德,Female,,United States,Investments,Berkshire Hathaway,USA-Scarborough,2026
susan_carol_holland,Susan Carol Holland,苏珊·卡罗尔·霍兰德,Female,1956.0,Italy,Healthcare,Amplifon,Italy-Milan,2026
susan_co,Susan Co,Susan Co,,,,Retail,Cosco Capital,Philippines-Manila,2026
susan_ocampo,Susan Ocampo,Susan Ocampo,Female,1959.0,United States,Semiconductors,Macom Technology,USA-Los Altos,2026
susan_slavik_williams,Susan Slavik Williams,Susan Slavik Williams,Female,,United States,Industrial Products,W.W. Grainger,USA-St. Louis,2026
susanne_klatten,Susanne Klatten,苏珊娜·克拉腾,Female,1962.0,Germany,Automobile & Auto Components,BMW,Germany-Bad Homburg,2026
susanne_zimmermann_von_siefart,Susanne Zimmermann Von Siefart,苏珊娜·齐默曼·冯·西法特,Male,,Germany,Consumer Goods,Alfred Kaercher,Germany-Aschau,2026
susanto_suwarto,Susanto Suwarto,Susanto Suwarto,Male,1956.0,Indonesia,Media,Emtek,Indonesia-Jakarta,2022
sushil_shah,Sushil Shah,Sushil Shah,Male,1946.0,India,Medical Diagnostics,Metropolis Healthcare,India-Mumbai,2022
sushilkumar_kalyanji_parekh,Sushilkumar Kalyanji Parekh,苏什库马尔·卡良吉·帕雷克,Male,,India,Chemicals,Pidilite Industries,India-Mumbai,2023
susilo_wonowidjojo,Susilo Wonowidjojo,蔡道平,Male,,Indonesia,Consumer Goods,Gudang Garam,Indonesia-Surabaya,2026
susumu_fujita,Susumu Fujita,Susumu Fujita,Male,1975.0,Japan,Advertising,CyberAgent,Japan-Tokyo,2022
suthirat_yoovidhya,Suthirat Yoovidhya,许馨雄,Male,,Thailand,Food & Beverages,Red Bull,Thailand-Bangkok,2026
suzan_sabanci_dincer,Suzan Sabanci Dincer,,,,,Banking,Sabanci,,2018
svein_stole,Svein Stole,Svein Stole,Male,1964.0,Norway,Investments,Pareto Group,Guangdong-Foshan,2020
sven_hagstromer,Sven Hagströmer,Sven Hagströmer,Male,1944.0,Sweden,Investments,Creades,Sweden-Stockholm,2026
svetlana_demidov,Svetlana Demidov,Svetlana Demidov,Female,1899.0,Russia,Agriculture,Dominant Group,Russia-Moscow,2026
sybill_storz,Sybill Storz,西比尔·斯托兹,Female,,Germany,Healthcare,Storz,Germany,2025
syed_mokhtar_albukhary,Syed Mokhtar Albukhary,赛义德·莫赫塔尔·阿尔布哈里,Male,1951.0,Malaysia,Metals & Mining,MMC,Malaysia-Kuala Lumpur,2026
sylvan_adams,Sylvan Adams,Sylvan Adams,Male,1958.0,Israel,Real Estate,Iberville Developments,Israel-Tel Aviv,2026
sylvia_stroher,Sylvia Stroher,西尔维亚·斯特罗,Female,,Germany,Consumer Goods,Wella,Germany-Darmstadt,2026
sytse_sijbrandij,Sytse Sijbrandij,Sytse Sijbrandij,Male,1978.0,United States,Software & Services,Gitlab,USA-San Francisco,2026
t_denny_sanford,T Denny Sanford,丹尼·桑福德,Male,,United States,Financial Services,First Premier Bank,USA-Sioux Falls,2026
taavet_hinrikus,Taavet Hinrikus,Taavet Hinrikus,Male,1981.0,United Kingdom,Financial Services,Wise,UK-London,2026
tadako_nakatani,Tadako Nakatani,Tadako Nakatani,Female,,Japan,Healthcare,Sysmex,Japan-Kobe,2024
tadashi_yanai,Tadashi Yanai,柳井正,Male,1949.0,Japan,Retail,Fast Retailing,Japan-Tokyo,2026
tadashi_yanai_family,Tadashi Yanai family,,Male,1950.0,,Multi Brand Retailing,Fast Retailing,,2016
taha_mikati,Taha Mikati,塔哈·米卡提,Male,1944.0,Lebanon,Telecommunications,MTN,Lebanon-Beirut,2026
tahir,Tahir,翁俊民,Male,1952.0,Indonesia,Financial Services,Bank Mayapada,Indonesia-Jakarta,2026
takahisa_takahara,Takahisa Takahara,高原孝久,Male,1961.0,Japan,Consumer Goods,Unicharm,Japan-Tokyo,2026
takanori_nakamura,Takanori Nakamura,Takanori Nakamura,Male,1974.0,Japan,Software & Services,Rakus,Japan-Tokyo,2024
takao_kobayashi,Takao Kobayashi,小林高雄,Male,,Japan,Personal Care,KOSE ,,2021
takao_yasuda,Takao Yasuda,Takao Yasuda,Male,1950.0,Singapore,Retail,Pan Pacific International,Singapore-Singapore,2026
takashi_tada,Takashi Tada,,,,,Drug Store,Sundrug,,2018
takaya_awata,Takaya Awata,Takaya Awata,Male,1961.0,Japan,Food & Beverages,Toridoll Holdings,Japan-Tokyo,2026
takemitsu_takizaki,Takemitsu Takizaki,滝崎武光,Male,1945.0,Japan,Industrial Products,Keyence,Japan-Osaka,2026
tamara_gustavson,Tamara Gustavson,塔玛拉·古斯塔夫森,Female,,United States,Real Estate,Public Storage,USA-Malibu,2026
tan_bingzhao,Tan Bingzhao,谭炳照,Male,1964.0,China,Real Estate,Nimble,China-Guangzhou,2026
tan_eng_kee,Tan Eng Kee,Tan Eng Kee,Male,1971.0,Malaysia,Industrial Products,Greatech Technology,Malaysia-Penang,2024
tan_lili,Tan Lili,谭莉莉,Male,,China,Agriculture,Haid,China-Guangzhou,2026
tan_ruiqing,Tan Ruiqing,谭瑞清,Male,1966.0,China,Chemicals,Lb Group,China-Zhengzhou,2026
tan_yu_wei,Tan Yu Wei,Tan Yu Wei,Male,1973.0,Malaysia,Retail,Mr. D.I.Y,Malaysia,2025
tan_yu_yeh,Tan Yu Yeh,Tan Yu Yeh,Male,1971.0,Malaysia,Retail,Mr. D.I.Y,Malaysia-Selangor,2026
tang_aoqi,Tang Aoqi,唐敖齐,Male,1945.0,,Automobile & Auto Components,Xinquan,Jiangsu-Changzhou,2025
tang_binsen,Tang Binsen,唐彬森,Male,1982.0,China,Food & Beverages,Genki Forest,China-Beijing,2026
tang_jian_liu_cuiying,Tang Jian & Liu Cuiying,,,,,Technology development of smart card and computer software,Jieshun Science and Technology,,2018
tang_jianfang,Tang Jianfang,唐建芳,Female,,China,Food,Zhou Heiya,China-Wuhan,2022
tang_jinkui,Tang Jinkui,唐金奎,Male,1955.0,China,Industrial Products,Shenghong,China-Suzhou,2026
tang_kai,Tang Kai,唐凯,Female,1970.0,China,Forestry,Orient Landscape,Beijing-Beijing,2019
tang_lixin,Tang Lixin,唐立新,Male,1963.0,China,Electronics,Shinesun,China-Chengdu,2022
tang_lu,Tang Lu,唐璐,Female,1970.0,China,Food & Beverages,Teway Food,China-Chengdu,2026
tang_ning,Tang Ning,唐宁,Male,1973.0,China,Financial Services,Credit Ease,Beijing-Beijing,2019
tang_wee_kit,Tang Wee Kit,董伟喆,Male,,Singapore,Retail,CK Tang,Singapore-Singapore,2026
tang_xiaodong,Tang Xiaodong,汤晓冬,Female,1975.0,China,Semiconductor,Bestechnic,Shanghai-Shanghai,2021
tang_xiaoou,Tang Xiaoou,汤晓鸥,Male,1969.0,Hong Kong,Software & Services,SenseTime,China-Hong Kong,2023
tang_xiuguo,Tang Xiuguo,唐修国,Male,1963.0,China,Industrial Products,Sany,China-Changsha,2026
tang_yan,Tang Yan,唐岩,Male,1979.0,China,Social Software ,MOMO,,2020
tang_yan_zhang_sichuan,Tang Yan & Zhang Sichuan,,,,,Social software ,Tang Yan & Zhang Sichuan,,2018
tang_ye,Tang Ye,唐晔,Male,1981.0,China,Software & Services,Friendess,China-Shanghai,2026
tang_yiu,Tang Yiu,邓耀,Male,,Hong Kong,Consumer Goods,Belle,China-Hong Kong,2026
tang_yongqun,Tang Yongqun,唐咏群,Male,1975.0,China,Healthcare,King-friend,China-Nanjing,2023
tang_zhengqing,Tang Zhengqing,唐正青,Female,1972.0,China,Food & Beverages,Jiahe Foods,China-Suzhou,2022
tang_zhihua,Tang Zhihua,唐志华,Male,1970.0,China,Automobile & Auto Components,Xinquan,China-Changzhou,2026
tang_zhuang,Tang Zhuang,唐壮,Male,1973.0,China,Semiconductors,Guide Electrics,China-Wuxi,2022
tang_zhuxue,Tang Zhuxue,唐柱学,Male,1975.0,,Industrial Products,Inovance Technology,China-Shenzhen,2026
tannetta_fentener_van_vlissingen,Tannetta Fentener Van Vlissingen,坦内塔·芬特纳·范·弗利辛,Female,,Netherlands,Energy,SHV Holdings,,2020
tanya_saade_zeenny,Tanya Saadé Zeenny,Tanya Saadé Zeenny,Female,1960.0,France,Transportation & Logistics,CMA CGM,France-Marseille,2026
tao_cheng,Tao Cheng,陶诚,Male,1975.0,China,Industrial Products,Minglida Precision,China-Shenzhen,2023
tao_chunfeng,Tao Chunfeng,陶春风,Male,1967.0,,Chemicals,Changhong Polymer Scientific & Technical,China-Ningbo,2022
tao_hongxia,Tao Hongxia,陶虹遐,Female,1973.0,China,Real Estate,Jinke ,Sichuan-Suining,2019
tao_meiying,Tao Meiying,陶美萦,Female,,China,Financial Services,Funde,China-Shenzhen,2026
tao_ye,Tao Ye,陶冶,Male,1981.0,China,Industrial Products,Bambu,China-Shenzhen,2026
tao_yi,Tao Yi,陶意,Male,,China,Media & Entertainment,Boke,China-Shanghai,2024
tao_yuequn,Tao Yuequn,陶悦群,Male,1960.0,China,Healthcare,Autek,China-Hefei,2026
tarang_jain,Tarang Jain,塔朗·简,Male,,India,Automobiles & Components,Varroc Engineering,,2020
tarek_mansour,Tarek Mansour,Tarek Mansour,Male,1996.0,United States,Financial Services,Kalshi,USA-New York City,2026
tatiana_casiraghi,Tatiana Casiraghi,塔蒂安娜·卡西拉吉,Female,1983.0,Monaco,Food & Beverages,SABMiller,Monaco-Monte Carlo,2026
tatiana_volodina,Tatiana Volodina,Tatiana Volodina,Female,1969.0,Russia,Consumer Goods,Alkor,Russia-Moscow,2026
tatyana_bakalchuk,Tatyana Bakalchuk,塔蒂亚娜·巴卡丘克,Female,1975.0,Russia,Retail,Wildberries,Russia-Moscow,2026
taylor_swift,Taylor Swift,Taylor Swift,Female,1989.0,United States,Media & Entertainment,Music,USA-Nashville,2026
taylor_thomson,Taylor Thomson,Taylor Thomson,Male,,Canada,Media & Entertainment,Thomson Reuters,Canada-Toronto,2026
ted_alfond,Ted Alfond,泰德·阿尔方德,Male,,United States,Investments,Berkshire Hathaway,USA-Weston,2026
ted_lerner,Ted Lerner,泰德·勒纳,Male,1925.0,United States,Real Estate,Lerner Enterprises,USA-Chevy Chase,2023
ted_turner,Ted Turner,特德·特纳,Male,1938.0,United States,Investments,Investments,USA-Atlanta,2026
teddy_sagi,Teddy Sagi,泰迪·萨吉,Male,,Israel,Real Estate,labtech London,Israel-Tel Aviv,2026
tedy_djuhar,Tedy Djuhar,林宏修,Male,1951.0,China,Real Estate,RongQiao,China-Fuzhou,2023
teh_hong_piow,Teh Hong Piow,郑鸿标,Male,1930.0,Malaysia,Banking,Public Bank ,Malaysia-Kuala Lumpur,2022
tehu_ganda_widjaja,Tehu Ganda Widjaja,特胡·甘达·维贾,Male,1944.0,Indonesia,Consumer Goods,Sinar Mas,Indonesia-Jakarta,2026
templeton_richard,Templeton Richard,Templeton Richard,Male,1958.0,United States,Semiconductors,Texas Instruments,USA-Dallas,2022
tench_coxe,Tench Coxe,Tench Coxe,Male,1957.0,United States,Semiconductors,Nvidia,USA-Palo Alto,2026
teo_swee_ann,Teo Swee Ann,张瑞安,Male,1975.0,China,Semiconductors,Espressif Systems,China-Shanghai,2026
teresa_adams,Teresa Adams,Teresa Adams,,,,Industrial Products,Renishaw,UK-Wotton-under-Edge,2026
teresa_matilde_solari_falabella,Teresa Matilde Solari Falabella,Teresa Matilde Solari Falabella,Male,,Chile,Retail,SACI Falabella,Chile-Santiago,2026
teresa_solari_falabella,Teresa Solari Falabella,特蕾莎·索拉里·法拉贝拉,Female,,Chile,Retail,SACI Falabella,Chile-Santiago,2022
teresita_t_sy_coson,Teresita T. Sy-Coson,施蒂丝,Female,,Philippines,Retail,SM Investments,Philippines-Manila,2026
terrence_pegula,Terrence Pegula,特伦斯·佩古拉,Male,1951.0,United States,Media & Entertainment,Buffalo Sabres,USA-Boca Raton,2026
terry_guo_tai_ming,Terry Guo Tai-Ming,郭台铭,Male,,Taiwan,Industrial Products,Hon Hai,China-Taipei,2026
terry_leprino,Terry Leprino,Terry Leprino,Male,1960.0,United States,Food & Beverages,Leprino Foods,USA-Denver,2026
terry_mathews,Terry Mathews,特里·马修斯,Male,1943.0,Canada,Telecommunications,Mitel Networks,Canada-Kanata,2026
terry_snow,Terry Snow,Terry Snow,Male,1944.0,Australia,Aerospace & Defence,Capital Airport Group,Australia-Canberra,2024
terry_taylor,Terry Taylor,Terry Taylor,,,,Services,Automotive Management Services,USA-Palm Beach,2026
teruyo_yanai,Teruyo Yanai,柳井太郎,Female,,Japan,Retail,Fast Retailing,Japan-Yamaguchi,2023
thai_lee,Thai Lee,李·泰,Female,,United States,Software & Services,SHI,USA-Austin,2026
thaksin_shinawatra,Thaksin Shinawatra,他信·西那瓦,Male,1949.0,United Arab Emirates,Real Estate,SC Asset,UAE-Dubai,2026
thavis_pengsa,Thavis Pengsa,塔维斯·彭萨,Male,,Thailand,Food & Beverages,Red Bull,Thailand-Bangkok,2026
theo_jr_albrecht,Theo Jr Albrecht,西奥·阿尔布雷希特,Male,,Germany,Retail,Aldi Nord,Germany-Mulheim an der Ruhr,2026
theo_jr_albrecht_brothers,Theo Jr Albrecht brothers,,Male,,,Multi Brand Retailing,Aldi Nord,,2014
theo_jr_albrecht_family,Theo Jr Albrecht Family,,Male,,,Multi Brand Retailing,Aldi Nord,,2015
theo_mueller,Theo Mueller,西奥·穆勒,Male,1940.0,Germany,Food & Beverages,Theo Muller Group,Switzerland-Zurich,2026
theo_roussis,Theo Roussis,Theo Roussis,,,,Chemicals,Ravago,Belgium-Arendonk,2026
theodore_leonsis,Theodore Leonsis,Theodore Leonsis,Male,1957.0,United States,Media & Entertainment,Monumental Sports & Entertainment,USA-Bethesda,2026
theodore_permadi_rachmat,Theodore Permadi Rachmat,西奥多·佩尔马迪·拉赫马特,Male,,Indonesia,Agriculture,Triputra Group,Indonesia-Jakarta,2026
theodore_schneider,Théodore Schneider,Théodore Schneider,Male,,Switzerland,Consumer Goods,Breitling,Switzerland-Grenchen,2026
thierry_cruanes,Thierry Cruanes,Thierry Cruanes,Male,1967.0,United States,Software & Services,Snowflake,USA-San Mateo,2026
thierry_dassault,Thierry Dassault,蒂埃里·达索,Male,1957.0,France,Aerospace & Defence,Dassault Systèmes,France-Paris,2026
thierry_gillier,Thierry Gillier,Thierry Gillier,Male,1960.0,France,Luxury Goods,Zadig & Voltaire,France-Paris,2022
thomas_b_hagen,Thomas B. Hagen,托马斯·B·哈根,Male,,United States,Financial Services,Erie Indemnity,USA-Erie,2026
thomas_bailey,Thomas Bailey,托马斯·贝利,Male,,United States,Investments,Investments,USA-Aspen,2026
thomas_bruch,Thomas Bruch,托马斯·布鲁赫,Male,,Germany,Retail,Globus Retail,Germany-St. Wendel,2026
thomas_dolan,Thomas Dolan,Thomas Dolan,,,,Media & Entertainment,The Madison Square Garden Company,USA-New York,2026
thomas_duff,Thomas Duff,Thomas Duff,Male,1956.0,United States,Investments,Duff Capital,USA-Hattiesburg,2026
thomas_frist_jr,Thomas Frist Jr,小托马斯·弗里斯特,Male,1938.0,United States,Healthcare,HCA Healthcare,USA-Nashville,2026
thomas_james,Thomas James,托马斯·詹姆斯,Male,,United States,Financial Services,Raymond James Financial,USA-St. Petersburg,2026
thomas_kaeser,Thomas Kaeser,Thomas Kaeser,Male,1953.0,Germany,Industrial Products,Kaeser Compressors,Germany-Coburg,2026
thomas_kaplan,Thomas Kaplan,,,,,Investments,Nova Gold Resources,,2017
thomas_kirk_kiaer_kristiansen,Thomas Kirk Kiaer Kristiansen,托马斯·柯克·基亚·克里斯蒂安森,Male,,Denmark,Consumer Goods,Lego,Denmark-Billund,2026
thomas_kurian,Thomas Kurian,Thomas Kurian,Male,1961.0,United States,Software & Services,Oracle,USA-Atherton,2026
thomas_lau,Thomas Lau,,,,,Real Estate,Lifestyle,,2017
thomas_lau_luen_hung,Thomas Lau Luen-hung,刘銮鸿,Male,,Hong Kong,Real Estate,Lifestyle,China-Hong Kong,2026
thomas_lee,Thomas Lee,汤姆斯·李,Male,1944.0,United States,E-Commerce,Party City,USA-New York,2022
thomas_meyer,Thomas Meyer,Thomas Meyer,,,,Consumer Goods,Desigual,Spain-Barcelona,2026
thomas_peterffy,Thomas Peterffy,托马斯·彼得菲,Male,,United States,Financial Services,Interactive Brokers,USA-Greenwich,2026
thomas_prinzhorn,Thomas Prinzhorn,托马斯普林肖恩,Male,,Austria,Containers & Packaging,Prinzhorn,Austria-Vienna,2026
thomas_pritzker,Thomas Pritzker,托马斯·普利兹克,Male,1950.0,United States,Hospitality,Hyatt,USA-Chicago,2026
thomas_raymond_kwok_family,Thomas、Raymond Kwok family,,Male、Male,,,Real Estate,Sun Hung Kai Properties,,2013
thomas_rutledge,Thomas Rutledge,Thomas Rutledge,Male,1954.0,United States,Telecommunications,Charter Communications,USA,2025
thomas_schmidheiny,Thomas Schmidheiny,托马斯·史密德海尼,Male,,Switzerland,Construction & Engineering,Holcim,Switzerland-Jona,2026
thomas_secunda,Thomas Secunda,托马斯·塞康达,Male,,United States,Financial Services,Bloomberg,USA-New York,2026
thomas_siebel,Thomas Siebel,托马斯·希贝,Male,,United States,Software & Services,Siebel Systems,USA-Woodside,2026
thomas_steyer,Thomas Steyer,托马斯·斯泰尔,Male,,United States,Financial Services,Farallon Capital Management,USA-San Francisco,2026
thomas_straumann,Thomas Straumann,托马斯·斯特劳曼,Male,,Switzerland,Healthcare,Straumann Holding,Switzerland-Basel,2026
thomas_struengmann,Thomas Struengmann,Thomas Strungmann,,,,Healthcare,BioNTech,Germany-Tegernsee,2026
thomas_strungmann,Thomas Strungmann,托马斯·斯特龙曼,Male,,Germany,Healthcare,BioNTech,Germany-Tegernsee,2024
thomas_tull,Thomas Tull,托马斯·图尔,Male,,United States,Media & Entertainment,Legendary Entertainment,USA-Westlake Village,2026
thomas_von_koch,Thomas Von Koch,Thomas Von Koch,Male,,Sweden,Financial Services,EQT,Sweden-Stockholm,2026
thomas_wu,Thomas Wu,吴东亮,Male,1950.0,Taiwan,Financial Services,Shin Kong,China-Taiwan-Taipei,2024
thomas_wu_dong_liang,Thomas Wu Dong-Liang,吴东亮,Male,,Taiwan,Financial Services,Shin Kong,China-Taipei,2026
thongma_vijitpongpun,Thongma Vijitpongpun,汤格玛·维吉波旁,Male,,Thailand,Real Estate,Pruksa Real Estate,Thailand-Bangkok,2022
thor_bjorgolfsson,Thor Bjorgolfsson,Thor Bjorgolfsson,Male,1968.0,United Kingdom,Telecommunications,Play,UK-London,2026
thumbay_moideen,Thumbay Moideen,桑巴伊·莫迪恩,Male,,United Arab Emirates,Healthcare,Thumbay,,2019
tian_hua,Tian Hua,田华,,1979.0,China,Semiconductors,Techwinsemi,China-Shenzhen,2026
tian_ming,Tian Ming,,,,,"Electronic device, optoelectronic",Meiya Optoelectronic,,2018
tian_ming_2,Tian Ming,田明,Male,1953.0,China,Industrial Products,Meyer,China-Hefei,2026
tian_ming_3,Tian Ming,,,,,Electronic device、 optoelectronic,Meiya Optoelectronic,,2017
tian_xiaohong,Tian Xiaohong,田晓宏,,1962.0,,Chemicals,Cac,China-Shanghai,2026
tibor_veres,Tibor Veres,Tibor Veres,Male,1961.0,Hungary,Automobile & Auto Components,Wallis Group,Hungary-Budapest,2026
tiger_woods,Tiger Woods,泰格 伍兹,Male,1976.0,United States,Media & Entertainment,Golf,USA-Jupiter Island,2026
tilman_fertitta,Tilman Fertitta,蒂尔曼·费蒂塔,Male,1957.0,United States,Media & Entertainment,Landry's,USA-Houston,2026
tim_cook,Tim Cook,Tim Cook,Male,1961.0,United States,Consumer Goods,Apple,USA-Cupertino,2026
tim_draper,Tim Draper,Tim Draper,Male,1959.0,United States,Investments,Draper Fisher Jurvetson,USA-Atherton,2026
tim_steiner,Tim Steiner,Tim Steiner,Male,1970.0,United Kingdom,E-Commerce,Ocado,,2021
tim_sweeney,Tim Sweeney,蒂姆·斯威尼,Male,1970.0,United States,Media & Entertainment,Epic Games,USA-Cary,2026
timothy_boyle,Timothy Boyle,蒂莫西·博伊尔,Male,,United States,Consumer Goods,Columbia Sportswear,USA-Portland,2026
timothy_dunn,Timothy Dunn,Timothy Dunn,Male,,United States,Energy,Crownquest,USA-Midland,2026
timothy_headington,Timothy Headington,蒂莫西·黑丁顿,Male,,United States,Energy,Headington Energy,USA-Dallas,2026
timothy_springer,Timothy Springer,Timothy Springer,Male,1948.0,United States,Healthcare,Moderna,USA-Chestnut Hill,2026
timur_kulibayev,Timur Kulibayev,蒂穆尔·库利巴耶夫,Male,1966.0,Kazakhstan,Financial Services,Halyk Bank,Kazakhstan-Almaty,2026
timur_turlov,Timur Turlov,Timur Turlov,Male,1987.0,Kazakhstan,Financial Services,Freedom Holding,Kazakhstan-Almaty,2026
tina_green,Tina Green,蒂娜·格林,Female,,,Consumer Goods,Arcadia,UK-London,2026
tiong_hiew_king,Tiong Hiew King,张晓卿,Male,,Malaysia,Forestry,Oregon Group,,2019
tobias_lutke,Tobias Lutke,托拜厄斯·卢克,Male,1980.0,Canada,Software & Services,Shopify,Canada-Ottawa,2026
todd_boehly,Todd Boehly,Todd Boehly,Male,1974.0,United States,Investments,Eldridge Industries,USA-Darien,2026
todd_christopher,Todd Christopher,托德·克里斯托弗,Male,,United States,Consumer Goods,Vogue International,USA-Clearwater,2026
todd_graves,Todd Graves,Todd Graves,Male,1972.0,United States,Food & Beverages,Raising Cane's,USA-Baton Rouge,2026
todd_mckinnon,Todd McKinnon,Todd McKinnon,Male,1972.0,United States,Software & Services,Okta,USA-San Francisco,2026
todd_wagner,Todd Wagner,托德·瓦格纳,Male,,United States,Media & Entertainment,Broadcast.Com,USA-Dallas,2026
tom_benson,Tom Benson,,,,,Sports,New Orleans,,2018
tom_brown,Tom Brown,Tom Brown,Male,1987.0,United States,Artificial Intelligence,Anthropic,USA-San Francisco,2026
tom_ford,Tom Ford,Tom Ford,Male,1961.0,United States,Consumer Goods,Estée Lauder,USA-Los Angeles,2026
tom_golisano,Tom Golisano,汤姆·戈利萨诺,Male,1941.0,United States,Software & Services,Paychex,USA-Naples,2026
tom_gores,Tom Gores,汤姆·戈尔斯,Male,1964.0,United States,Financial Services,Platinum Equity,USA-Beverly Hills,2026
tom_judy_love,Tom & Judy Love,,,,,Multi Brand Retailing,Love's Travel Stops & Country Stores,,2018
tom_love,Tom Love,汤姆·洛夫,Male,,United States,Retail,Love's Travel Stops & Country Stores,USA-Oklahoma City,2024
tom_morris,Tom Morris,汤姆·莫里斯,Male,,United Kingdom,Retail,Home Bargains,UK-Merseyside,2026
tom_persson,Tom Persson ,Tom Persson ,Male,1985.0,Sweden,Apparel & Accessories,H&M,,2021
tom_preston_werner,Tom Preston-Werner,Tom Preston-Werner,Male,1979.0,United States,Software & Services,GitHub,USA-San Francisco,2026
tom_werner,Tom Werner,Tom Werner,Male,1950.0,United States,Investments,Investments,USA-Los Angeles,2026
tomas_olivo_lopez,Tomas Olivo Lopez,Tomas Olivo Lopez,Male,1974.0,Spain,Real Estate,General de Galerías Comerciales,Spain-Marbella,2026
tomasz_biernacki,Tomasz Biernacki,托马斯·比尔纳茨,Male,,Poland,Retail,Dino Polska,Poland-Krotoszyn,2026
tong_jinquan,Tong Jinquan,童锦泉,Male,1955.0,China,Real Estate,Changfeng,China-Shanghai,2026
tong_wenhong,Tong Wenhong,童文红,Male,1970.0,China,Retail,Alibaba,China-Hangzhou,2026
tong_yongsheng,Tong Yongsheng,童永胜,Male,1964.0,China,Industrial Products,Megmeet,China-Shenzhen,2026
tony_chen_shih_ching,Tony Chen Shih-Ching,陈世卿,Male,,Taiwan,Industrial Products,Largan,China-Taichung,2026
tony_chen_shih_ching_chiang_tsui_ying,Tony Chen Shih-Ching & Chiang Tsui-Ying  ,,,,,Manufacturing ,Largan ,,2018
tony_jashanmal,Tony Jashanmal,托尼·贾尚玛尔,Male,1947.0,United Arab Emirates,Multi Brand Retailing,Jashanmal ,,2019
tony_tamer,Tony Tamer,Tony Tamer,Male,1957.0,United States,Financial Services,H.I.G. Capital,USA-New York,2026
tony_tan_caktiong,Tony Tan Caktiong,陈觉中,Male,1953.0,Philippines,Food & Beverages,Jollibee Foods,Philippines-Manila,2026
tony_townley,Tony Townley,Tony Townley,Male,1962.0,United States,Food & Beverages,Zaxby,USA-Bogart,2026
tony_xu,Tony Xu,Tony Xu,Male,1986.0,United States,Transportation & Logistics,DoorDash,USA-Palo Alto,2026
tope_awotona,Tope Awotona,Tope Awotona,Male,,United States,Software & Services,Calendly,USA-Atlanta,2026
tor_peterson,Tor Peterson,Tor Peterson,Male,1965.0,Switzerland,Metals & Mining,Glencore,Switzerland-Zug,2026
torbjorn_tornquist,Torbjorn Tornquist,托比约恩·奎奎斯特,Male,,Switzerland,Trading & Distribution,Gunvor,Switzerland-Geneva,2026
torstein_hagen,Torstein Hagen,托斯坦·哈根,Male,,Switzerland,Hospitality,Viking Cruises,Switzerland-Lucerne,2026
torsten_toeller,Torsten Toeller,托斯滕·托勒,Male,,Germany,Retail,Fressnapf,Germany-Krefeld,2026
tory_burch,Tory Burch,托里·伯奇,Female,,United States,Retail,Tory Burch,USA-New York,2026
tos_chirathivat,Tos Chirathivat,郑昌,Male,,Thailand,Real Estate,Central,,2019
toshio_motoya,Toshio Motoya,Toshio Motoya,Male,1944.0,Japan,Hospitality,APA Group,Japan-Tokyo,2026
toto_wolff,Toto Wolff,Toto Wolff,,,,Automobile & Auto Components,Mercedes-AMG Petronas,Monaco-Monaco,2026
trae_stephens,Trae Stephens,Trae Stephens,Male,1983.0,United States,Aerospace & Defence,Anduril,USA-San Francisco,2026
tran_ba_duong,Tran Ba Duong,Tran Ba Duong,Male,1961.0,Vietnam,Automobile & Auto Components,Truong Hai Auto,Vietnam-Ho Chi Minh City,2026
tran_dinh_long,Tran Dinh Long,Tran Dinh Long,Male,1961.0,Vietnam,Metals & Mining,Hoa Phat Group,Vietnam-Hanoi,2026
traudl_engelhorn,Traudl Engelhorn,特劳德·恩格尔霍恩,Female,,Switzerland,Healthcare,Boehringer Mannheim,Switzerland-Lucerne,2023
travis_boersma,Travis Boersma,Travis Boersma,Male,,United States,Food & Beverages,Dutch Bros,USA-Grants Pass,2026
travis_kalanick,Travis Kalanick,特拉维斯·卡兰尼克,Male,1976.0,United States,Transportation & Logistics,Uber,USA-San Francisco,2026
trevor_burgess,Trevor Burgess,Trevor Burgess,Male,1972.0,United States,Financial Services,Neptune Insurance Holdings,USA-St. Petersburg,2026
trevor_r_milton,Trevor R Milton,Trevor R Milton,Male,1983.0,United States,E-Cars,Nikola,USA-Phoenix,2022
trevor_rees_jones,Trevor Rees-Jones,特雷弗·里斯·琼斯,Male,,United States,Real Estate,Marcellus Shale,USA-Dallas,2026
trond_mohn,Trond Mohn,特隆·莫恩,Male,,Norway,Industrial Products,Frank Mohn,Norway-Bergen,2026
trudy_cathy,Trudy Cathy,Trudy Cathy,Female,1955.0,United States,Food & Beverages,Chick-fil-A,USA-Hampton,2026
ts_kalyanaraman,TS Kalyanaraman,加里亚纳拉曼,Male,,India,Consumer Goods,Kalyan Jewellers India,India-Thrissur,2026
tsai_chen_yu,Tsai Chen-Yu,蔡镇宇,Male,,Taiwan,Financial Services,Homax Equity,China-Taipei,2026
tsai_cheng_chiu,Tsai Cheng-Chiu & Family ,,,,,Financial Services ,Lin Yuan ,,2018
tsai_cheng_da,Tsai Cheng-Da,蔡政达,Male,,Taiwan,Financial Services,Lin Yuan,China-Taiwan-Taipei,2024
tsai_cheng_ta,Tsai Cheng-Ta,蔡政达,Male,,Taiwan,Financial Services,Lin Yuan,China-Taipei,2026
tsai_chi_jui,Tsai Chi-Jui,蔡其瑞,Male,,Taiwan,Consumer Goods,Pou Chen,China-Taichung,2026
tsai_eng_meng,Tsai Eng-Meng,蔡衍明,Male,,Taiwan,Food & Beverages,Want Want,China-Taipei,2026
tsai_hong_tu,Tsai Hong-Tu,蔡宏图,Male,,Taiwan,Financial Services,Lin Yuan,China-Taipei,2026
tsai_hong_tu_brothers,Tsai Hong-Tu Brothers & family ,,,,,Financial Services ,Lin Yuan ,,2017
tsai_ming_kai,Tsai Ming-Kai,蔡明介,Male,1950.0,Taiwan,Semiconductors,Media Tek,China-Hsinchu,2026
tsao_te_feng,Tsao Te-Feng,曹德风,Male,,Taiwan,Food & Beverages,Quaker,China-Taipei,2026
tsao_te_feng_meng_hai_ti,Tsao Te-Feng & Meng Hai-Ti ,,,,,Food & Beverages,Quaker ,,2018
tseng_shin_yi,Tseng Shin- Yi,,,,,Oil & Gas,Chang Chun,,2017
tsoi_hoi_shan,Tsoi Hoi Shan,蔡海山,Male,1978.0,Hong Kong,Healthcare,United Laboratories,China-Hong Kong,2026
tu_guoshen,Tu Guoshen,,,,,Investments ,Zhongheng Huizhi Investment,,2017
tu_huilong,Tu Huilong,涂辉龙,Male,1959.0,China,Real Estate,Haiya,China-Shenzhen,2026
tu_jianhua,Tu Jianhua,,,,,"Motorcycles, Real estate",Longcin ,,2018
tu_jianhua_2,Tu Jianhua,,,,,Motorcycles、 Real estate,Longcin ,,2017
tu_jianhua_3,Tu Jianhua,涂建华,Male,1963.0,China,Productivity software,Glodon,China-Beijing,2022
tu_jianhua_4,Tu Jianhua,涂建华,Male,1969.0,China,Software & Services,Glodon,China-Beijing,2023
tu_yongjun,Tu Yongjun,屠永军,Male,1963.0,China,Pharmaceuticals,Tianyu Pharmaceutical,China-Taizhou,2022
tuncay_ozilhan,Tuncay Ozilhan,通凯·厄齐尔汗,Male,1947.0,Turkey,Food & Beverages,Anadolu ,,2019
tung_chee_chen,Tung Chee Chen,董建成,Male,,Hong Kong,Transportation & Logistics,OOCL,China-Hong Kong,2026
turgay_ciner,Turgay Ciner,图尔加伊·辛内,Male,,Turkey,Chemicals,Ciner,Turkey-Istanbul,2026
ty_warner,Ty Warner,泰伊·华纳,Male,1935.0,United States,Hospitality,Ty Warner Hotels & Resorts,USA-Oak Brook,2026
tyler_perry,Tyler Perry,Tyler Perry,Male,1970.0,United States,Media & Entertainment,Movies,USA-Atlanta,2026
tyler_winklevoss,Tyler Winklevoss,Tyler Winklevoss,Male,1982.0,United States,Blockchain,Gemini Space Station,USA-Los Angeles,2026
uday_kotak,Uday Kotak,乌代·科塔克,Male,1959.0,India,Financial Services,Kotak Mahindra Bank,India-Mumbai,2026
udo_mueller,Udo Mueller,Udo Mueller,Male,1963.0,Germany,Advertising,Stroeer ,Germany-Cologne,2022
udo_tschira,Udo Tschira,乌多·茨奇拉,Male,,Germany,Software & Services,SAP,Germany-Wiesloch,2026
ugo_gussalli_beretta,Ugo Gussalli Beretta,Ugo Gussalli Beretta,,,,Aerospace & Defence,Beretta Holding,Italy-Brescia,2026
ugur_sahin,Ugur Sahin,Ugur Sahin,Male,1966.0,Germany,Healthcare,BioNTech,Germany-Mainz,2026
ulrich_mommert,Ulrich Mommert,Ulrich Mommert,Male,1941.0,Austria,Automobile & Auto Components,ZKW,Germany-Berlin,2026
ulrike_baro,Ulrike Baro,Ulrike Baro,Female,,Germany,Healthcare,Sartorius,Germany-Munich,2026
ulrike_meister,Ulrike Meister,Ulrike Meister,Female,,Germany,Industrial Products,Rational,Germany-Landsberg am Lech,2026
ulrike_von_baumbach,Ulrike von Baumbach,Ulrike von Baumbach,Female,1941.0,Germany,Healthcare,Boehringer Ingelheim,Germany-Ingelheim,2026
uma_devi_prasad,Uma Devi Prasad,Uma Devi Prasad,,,,Healthcare,Aristo Pharmaceuticals,India-Hyderabad,2026
urmish_hasmukh_chudgar,Urmish Hasmukh Chudgar,Urmish Hasmukh Chudgar,Male,1960.0,India,Healthcare,Intas Pharmaceuticals,India-Ahmedabad,2026
urs_wietlisbach,Urs Wietlisbach,乌尔斯·维特利斯巴赫,Male,,Switzerland,Financial Services,Partners Group,Switzerland-Zug,2026
ursula_engelhorn,Ursula Engelhorn ,,,,,Pharmaceuticals,Boehringer Mannheim,,2017
ursula_hutter_schleicher,Ursula Hutter-Schleicher,Ursula Hutter-Schleicher,Male,1957.0,Germany,Construction & Engineering,Schwenk cement,Germany-Ulm,2026
v_c_burman,V C Burman,,,,,FMCG,Dabur,,2018
vadim_moshkovich,Vadim Moshkovich,瓦迪姆·莫斯科维奇,Male,,Russia,Agriculture,Rusagro,Russia-Moscow,2026
vadim_novinsky,Vadim Novinsky,Vadim Novinsky,Male,1964.0,Ukraine,Metals & Mining,Metinvest,Ukraine-Kiev,2026
vadim_yakunin,Vadim Yakunin,Vadim Yakunin,Male,1963.0,Russia,Healthcare,Protek,Russia-Moscow,2026
vagit_alekperov,Vagit Alekperov ,,Male,1950.0,,Energy,Lukoil,,2014
vagit_alekperov_2,Vagit Alekperov,,,,,Energy,Lukoil,,2018
vagit_alekperov_3,Vagit Alekperov,,,,,Energy,Lukoil,,2017
vagit_alekperov_4,Vagit Alekperov,瓦吉特·阿列克佩罗夫,Male,1950.0,Russia,Energy,Lukoil,Russia-Moscow,2026
vajarachai_chiaravanond,Vajarachai Chiaravanond,瓦贾拉猜·奇拉瓦诺德,Male,,Thailand,Food & Beverages,CP Group,,2021
valentin_gapontsev,Valentin Gapontsev,瓦伦丁·加庞塞夫,Male,,United States,Medical Devices,IPG Photonics,,2021
valentin_kipyatkov,Valentin Kipyatkov,Valentin Kipyatkov,Male,1976.0,Cyprus,Software & Services,JetBrains,Cyprus-Peyia,2026
valerie,Valerie & family,,,,,Food & Beverages,Rosemount Estate,,2017
valerie_mars,Valerie Mars,瓦莱丽·马尔斯,Female,,United States,Food & Beverages,Mars,USA-New York,2026
vanich_chaiyawan,Vanich Chaiyawan,侯业顺,Male,,Thailand,Financial Services,Thai Life,Thailand,2025
vardis_vardinoyannis,Vardis Vardinoyannis,Vardis Vardinoyannis,Male,1933.0,Greece,Trading,Motor Oil Hellas,Greece-Athens,2024
vasily_anisimov,Vasily Anisimov,瓦西里·阿尼西莫夫,Male,,Russia,Real Estate,Coalco,Switzerland-Zurich,2026
vasily_shikin,Vasily Shikin,Vasily Shikin,Male,1985.0,United States,Artificial Intelligence,Applovin,USA-San Francisco,2026
vasudeo_goenka,Vasudeo Goenka,Vasudeo Goenka,Male,1940.0,India,Specialty Chemicals,Laxmi Organic Industries,India-Mumbai,2022
vc_burman,VC Burman,VC ·布曼,Male,,India,Consumer Goods,Dabur India,India-New Delhi,2026
vc_nannapaneni,VC Nannapaneni,尼美什坎帕尼,Male,,India,Healthcare,Natco Pharma,India,2025
veit_wagner,Veit Wagner,Veit Wagner,Male,,Switzerland,Chemicals,Rehau,Switzerland-Bern,2026
vembu_sekar,Vembu Sekar,Vembu Sekar,,,,Software & Services,Zoho,India-Chennai,2026
venkateswarlu_jasti,Venkateswarlu Jasti,Venkateswarlu Jasti,Male,1949.0,India,Healthcare,Suven Pharmaceuticals,India-Hyderabad,2026
venu_srinivasan,Venu Srinivasan,Venu Srinivasan,Male,1952.0,India,Automobile & Auto Components,TVS Motors,India-Chennai,2026
vera_guerin,Vera Guerin,薇拉·格林,Female,,United States,Real Estate,Shapell Industries,USA-Beverly Hills,2026
vera_michalski_hoffman,Vera Michalski Hoffman,,,,,Pharmaceuticals,Roche,,2018
vera_michalski_hoffmann,Vera Michalski Hoffmann,维拉·米查尔斯基·霍夫曼,Female,1954.0,Switzerland,Healthcare,Roche,Switzerland-Basel,2026
vera_rechulski_santo_domingo,Vera Rechulski Santo Domingo,Vera Rechulski Santo Domingo,Female,1948.0,Brazil,Investments,Investments,Brazil-Sao Paulo,2026
veronica_squinzi,Veronica Squinzi,Veronica Squinzi,Female,1971.0,Italy,Chemicals,Mapei,Italy-Milan,2026
viatcheslav_kantor,Viatcheslav Kantor,维亚切斯拉夫·康托,Male,1953.0,Switzerland,Chemicals,Acron,Switzerland-Geneva,2026
vicente_boluda_fos,Vicente Boluda Fos,Vicente Boluda Fos,,,,Transportation & Logistics,Boluda Corporacion Maritima,Spain-Madrid,2026
vichai_srivaddhanaprabha,Vichai Srivaddhanaprabha,,,,,Entertainment,King Power Duty Free,,2018
vicky_safra,Vicky Safra,Vicky Safra,Female,1953.0,Brazil,Financial Services,Safra,Switzerland-Crans-Montana,2026
vicky_teoh,Vicky Teoh,维琪·泰欧,Female,,,Telecommunications,TPG Telecom,Australia-Sydney,2026
victor_fung,Victor Fung & Family,,,,,Trading,Li & Fung,,2018
victor_gradin,Victor Gradin,维克多·格拉丁,Male,,Brazil,Energy,Odebrecht,,2019
victor_jacobsson,Victor Jacobsson,Victor Jacobsson,Male,1981.0,Sweden,Financial Services,Klarna,Sweden-Stockholm,2026
victor_li_tzar_kuoi,Victor Li Tzar Kuoi,李泽钜,Male,1964.0,Hong Kong,Investments,Cheung Kong,China-Hong Kong,2026
victor_linnik,Victor Linnik,Victor Linnik,Male,1967.0,Russia,Food & Beverages,Miratorg,Russia-Moscow,2026
victor_pinchuk,Victor Pinchuk,维克多·平丘克,Male,,Ukraine,Industrial Products,Interpipe,Ukraine-Kiev,2026
victoria_goh,Victoria Goh,Victoria Goh,Female,1995.0,Singapore,Construction & Engineering,Nippon Paints,Singapore-Singapore,2026
victoria_mars,Victoria Mars,维多利亚·马尔斯,Female,,United States,Food & Beverages,Mars,USA-Philadelphia,2026
vidya_chhabria,Vidya Chhabria & family,,,,,Multi Brand Retailing,Jumbo ,,2017
vijay_agarwal,Vijay Agarwal,Vijay Agarwal,Male,,India,Industrial Products,Action Construction Equipment,India,2025
vijay_chauhan,Vijay Chauhan,维杰·乔汉,Male,,India,Consumer Goods,Parle Products,India-Mumbai,2026
vijay_shekhar_sharma,Vijay Shekhar Sharma,维杰·谢哈尔·夏尔马,Male,,India,Financial Services,Paytm,India-New Delhi,2026
vikas_oberoi,Vikas Oberoi,维卡斯·欧贝罗伊,Male,,India,Real Estate,Oberoi Realty,India-Mumbai,2026
vikas_rambal,Vikas Rambal,Vikas Rambal,Male,1968.0,Australia,Chemicals,Perdaman,Australia-Perth,2026
vikram_lal,Vikram Lal,维克拉姆·拉尔,Male,,India,Automobile & Auto Components,Eicher Motors,India-New Delhi,2026
vikram_punia,Vikram Punia,Vikram Punia,Male,1973.0,Russia,Healthcare,Pharmasyntez,Russia-Moscow,2026
vikramjit_singh_oberoi,Vikramjit Singh Oberoi,Vikramjit Singh Oberoi,,,,Real Estate,EIH,India,2025
viktor_kharitonin,Viktor Kharitonin,Viktor Kharitonin,Male,1972.0,Russia,Healthcare,Pharmstandard,Russia-Moscow,2026
viktor_rashnikov,Viktor Rashnikov,维克多·拉什尼科夫,Male,1948.0,Russia,Metals & Mining,MMK,Russia-Magnitogorsk,2026
viktor_vekselberg,Viktor Vekselberg,维克多·维克塞尔伯格,Male,1957.0,Russia,Metals & Mining,Renova,Russia-Moscow,2026
vildan_gulcelik,Vildan Gülcelik,维尔丹·古利克,Female,,Turkey,Construction & Engineering,ENKA,Turkey-Istanbul,2026
vilia_sulistyo,Vilia Sulistyo,Vilia Sulistyo,Female,1972.0,Indonesia,Agriculture,Fajar Surya Wisesa,Indonesia-Jakarta,2026
vince_mcmahon,Vince McMahon,Vince McMahon,Male,1946.0,United States,Media & Entertainment,TKO,USA-Greenwich,2026
vincent_bollore,Vincent Bollore,文森特·波洛,Male,1952.0,France,Investments,Financiere De L'odet,France-Paris,2026
vincent_lo,Vincent Lo,,,,,Real Estate,Shui On,,2017
vincent_lo_hong_shui,Vincent Lo Hong-shui,罗康瑞,Male,1948.0,Hong Kong,Real Estate,Shui On,China-Hong Kong,2026
vincent_viola,Vincent Viola,文森特·维奥拉,Male,1956.0,United States,Financial Services,Virtu Financial,USA-New York,2026
vineet_jain,Vineet Jain,维妮特·詹,Male,,India,Media & Entertainment,Bennett Coleman,India-New Delhi,2024
vinod_gupta,Vinod Gupta,维诺德·古普塔,Female,,India,Consumer Durables,Havells India,,2019
vinod_khosla,Vinod Khosla,维诺德·科斯拉,Male,,United States,Investments,Khosla Ventures,USA-Portola Valley,2026
vinod_kumar_agarwal,Vinod Kumar Agarwal,Vinod Kumar Agarwal,Male,,Indore,Transportation & Logistics,Agarwal Coal,India-Indore,2026
vinod_saraf,Vinod Saraf,维诺德·萨拉夫,Male,,India,Chemicals,Vinati Organics,India-Mumbai,2026
vinod_shantilal_adani,Vinod Shantilal Adani,阿达尼·维诺德巴伊·尚蒂拉尔,Male,,United Arab Emirates,Energy,Adani Enterprises,UAE-Dubai,2024
virendra_mhaiskar,Virendra Mhaiskar,Virendra Mhaiskar,Male,1971.0,India,Construction & Engineering,IRB Infrastructure Developers,India-Mumbai,2026
virginia_m_rometty,Virginia M Rometty,Virginia M Rometty,Female,1958.0,United States,Software & Services,IBM ,,2021
vishad_mafatlal,Vishad Mafatlal,Vishad Mafatlal,Male,1974.0,India,Chemicals,Navin Fluorine International,India-Mumbai,2026
vitaly_orlov,Vitaly Orlov,Vitaly Orlov,Male,1965.0,Russia,Food & Beverages,Norebo Holding,Russia-Murmansk,2026
vito_rodriguez_rodriguez,Vito Rodriguez Rodriguez,维托·罗德里格斯,Male,,Peru,Dairy Products,Gloria,Peru-Lima,2022
vivek_abhay_vakil,Vivek Abhay Vakil,Vivek Abhay Vakil,Male,1989.0,India,Chemicals,Asian Paints,India-Mumbai,2024
vivek_chaand_sehgal,Vivek Chaand Sehgal,维维克·尚德·塞加尔,Male,,Melbourne,Automobile & Auto Components,Motherson Sumi Systems,India-Delhi,2026
vivek_kumar_jain,Vivek Kumar Jain,Vivek Kumar Jain,Male,1955.0,India,Industrial Products,Gujarat Fluorochemicals,India-New Delhi,2026
vivek_ramaswamy,Vivek Ramaswamy,Vivek Ramaswamy,Male,1985.0,United States,Healthcare,Roivant Sciences,USA-Columbus,2026
vivian_que_azcona,Vivian Que Azcona & family,,,,,Retail (Drug Store),Mercury Drug,,2017
vivien_chen,Vivien Chen,陈慧慧,Female,1959.0,Hong Kong,Real Estate,Nan Fung Group,China-Hong Kong,2026
vk_mathews,VK Mathews,VK Mathews,,,,Software & Services,IBS Software,UAE-Dubai,2026
vlad_tenev,Vlad Tenev,Vlad Tenev,,,,Financial Services,Robinhood,USA-San Francisco,2026
vlad_yatsenko,Vlad Yatsenko,Vlad Yatsenko,Male,1983.0,United Kingdom,Financial Services,Revolut,UK-London,2026
vladimir_bogdanov,Vladimir Bogdanov,Vladimir Bogdanov,Male,1952.0,Russia,Energy,Surgutneftegas,Russia-Surgut,2026
vladimir_evtushenkov,Vladimir Evtushenkov,Vladimir Yevtushenkov,Male,1949.0,Russia,Investments,AFK Sistema,Russia-Moscow,2024
vladimir_fartushnyak,Vladimir Fartushnyak,Vladimir Fartushnyak,,,,Retail,Sportmaster,Switzerland-Solothurn,2026
vladimir_gruzdev,Vladimir Gruzdev,弗拉基米尔·格鲁兹杰夫,Male,1967.0,Russia,Investments,Sedmoi Kontinent,,2019
vladimir_iorich,Vladimir Iorich,弗拉基米尔·奥里奇,Male,,Switzerland,Investments,Pala Investments,Switzerland-Zug,2026
vladimir_kim,Vladimir Kim,弗拉基米尔·金,Male,1960.0,Kazakhstan,Metals & Mining,Kazakhmys,Kazakhstan-Almaty,2026
vladimir_leschikov,Vladimir Leschikov,Vladimir Leschikov,Male,1957.0,Russia,Real Estate,Investor,,2020
vladimir_lisin,Vladimir Lisin,弗拉基米尔·利辛,Male,1956.0,Russia,Metals & Mining,Novolipetsk Steel,Russia-Moscow,2026
vladimir_litvinenko,Vladimir Litvinenko,弗拉基米尔·利特维年科,Male,1955.0,Russia,Chemicals,Phosagro,Russia-St. Petersburg,2026
vladimir_melnikov,Vladimir Melnikov,Vladimir Melnikov,,,,Retail,Gloria Jeans,Russia-Moscow,2026
vladimir_potanin,Vladimir Potanin,弗拉基米尔·波塔宁,Male,1961.0,Russia,Metals & Mining,Norilsk Nickel,Russia-Moscow,2026
vladimir_scherbakov,Vladimir Scherbakov,弗拉基米尔·舍尔巴科夫,Male,,Russia,Automobile,Avtotor Holding,,2021
vladimir_shmunis,Vladimir Shmunis,Vladimir Shmunis,Male,1961.0,United States,Cloud Solutions,RingCentral,USA-San Francisco,2022
vladimir_tenev,Vladimir Tenev,Vladimir Tenev,Male,1987.0,United States,Stock broking,Robinhood Markets,USA-Palo Alto,2022
vladimir_yevtushenkov,Vladimir Yevtushenkov,弗拉基米尔·叶夫图申科夫,Male,1948.0,Russia,Investments,AFK Sistema,Russia-Moscow,2026
vladislav_filev,Vladislav Filev,Vladislav Filev,,,,Transportation & Logistics,S7 (Sibir) Airlines,Russia-Moscow,2026
vladislav_sviblov,Vladislav Sviblov,Vladislav Sviblov,,,,Metals & Mining,Bering Metals,Russia-Moscow,2026
volker_kronseder,Volker Kronseder,Volker Kronseder,Male,1953.0,Germany,Industrial Products,Krones,Germany-Neutraubling,2026
voramas_srivaddhanaprabha,Voramas Srivaddhanaprabha,沃拉马·斯里瓦德哈纳普拉巴,Female,,Thailand,Retail,King Power,Thailand-Bangkok,2026
vp_nandakumar,VP Nandakumar,vp南达库玛,Male,,India,Financial Services,Manappuram Finance,India-Thrissur,2026
vyacheslav_kantor,Vyacheslav Kantor,,,,,Chemicals & Petrochemicals,Acron,,2017
w_herbert_hunt,W. Herbert Hunt,赫伯特·亨特,Male,,United States,Energy,Petro Hunt,USA-Dallas,2024
waleed_bin_ibrahim_al_ibrahim,Waleed bin Ibrahim Al Ibrahim,Waleed bin Ibrahim Al Ibrahim,Male,1960.0,Saudi Arabia,Media & Entertainment,MBC Group,Saudi Arabia-Riyadh,2026
walter_droege,Walter Droege,沃尔特·德罗格,Male,,Germany,Investments,Droege International,Germany-Dusseldorf,2026
walter_faria,Walter Faria,沃尔特·法里亚,Male,,Brazil,Food & Beverages,Petropolis,Brazil-Rio de Janeiro,2026
walter_frey,Walter Frey,沃尔特·弗雷,Male,,Switzerland,Retail,Emil Frey Group,Switzerland-Küsnacht,2026
walter_kwok,Walter Kwok & family,,,,,Real Estate,Sun Hung Kai,,2017
walter_kwok_ping_sheung,Walter Kwok Ping-Sheung & Family,,,,,Real Estate,Sun Hung Kai,,2018
walter_scott_jr,Walter Scott Jr,小沃尔特·斯科特,Male,1931.0,United States,Energy,MidAmerican Energy,,2021
walter_wang,Walter Wang,Walter Wang,Male,,United States,Industrial Products,JM Eagle,USA-Los Angeles,2026
walther_moreira_salles,Walther Moreira Salles,沃尔特·莫雷拉·萨尔斯,Male,,Brazil,Financial Services,Itau Unibanco,Brazil-Rio de Janeiro,2026
wan_feng,Wan Feng,万峰,Male,1943.0,China,Healthcare,CTI,China-Shenzhen,2023
wan_lianbu,Wan Lianbu & Family,,,,,Fertilizer ,Kingenta Ecological Engineering,,2018
wan_long,Wan Long,万隆,Male,1940.0,China,Food & Beverages,Shuanghui,China-Luohe,2026
wang_aiguo,Wang Aiguo,王爱国,Male,1969.0,China,Industrial Products,Gon Technology,China-Qingdao,2026
wang_baoqing,Wang Baoqing,王保庆,Male,1957.0,China,Industrial Products,Neway,China-Suzhou,2026
wang_bin,Wang Bin,王斌,Male,1986.0,China,Food & Beverages,Shuyi,China-Sichuan-Chengdu,2024
wang_bing,Wang Bing,王兵,Male,1982.0,China,Food & Beverages,Shiyue Daotian,China-Beijing,2024
wang_bufeng,Wang Bufeng,王步峰,Male,,China,"Coal, new energy",Real Force ,Shandong-Jining,2019
wang_changtian,Wang Changtian,王长田,Male,1965.0,China,Media & Entertainment,Enlight Media,China-Beijing,2026
wang_changtian_du_yinglian,Wang Changtian & Du Yinglian,,,,,Entertainment,Enlight Media,,2018
wang_chaoyong,Wang Chaoyong & Family,,,,,Investments,China Equity ,,2018
wang_chaoyong_li_yifei,Wang Chaoyong & Li Yifei,,,,,Investments,China Equity ,,2017
wang_chenghai,Wang Chenghai,王成海,Male,1970.0,China,Industrial Products,Dingtong,China-Dongguan,2026
wang_chou_hsiong,Wang Chou-Hsiong ,王秋雄,Male,,Taiwan,Consumer Goods,Feng Tay,China-Douliu,2026
wang_chuan,Wang Chuan,王川,Male,1970.0,China,Consumer Goods,Xiaomi,China-Beijing,2026
wang_chuanfu,Wang Chuanfu,王传福,Male,1966.0,China,Automobile & Auto Components,BYD,China-Shenzhen,2026
wang_chunchan,Wang Chunchan,王春婵,Female,1975.0,China,Healthcare,Dashenlin,China-Guangdong-Guangzhou,2024
wang_chunsheng,Wang Chunsheng,王春生,Male,1975.0,China,Industrial Products,Anjie Technology,Jiangsu-Suzhou,2021
wang_chunsheng_lyu_li,Wang Chunsheng & Lyu Li,,,,,Manufacturing,Anjie Technology,,2018
wang_degen,Wang Degen,王德根,Male,1971.0,China,Agriculture,Dekon,China-Chengdu,2026
wang_di,Wang Di,王棣,Male,1983.0,China,Food Processing,Xiwang Sugar,Shandong-Bingzhou,2021
wang_donghai,Wang Donghai,王东海,Male,1964.0,China,"Gas, energy ",Bestsun Energy,Hebei-Langfang,2019
wang_donghai_wang_yaqian,Wang Donghai & Wang Yaqian,,,,,"Gas, energy ",Bestsun Energy,,2018
wang_fangyun,Wang Fangyun,王芳韵,Male,1965.0,,Media & Entertainment,FengShangShiJi,China-Beijing,2022
wang_fuji,Wang Fuji,王富济,Male,,China,Healthcare,Pientzehuang Pharmaceutical,China-Zhangzhou,2023
wang_fuxiang,Wang Fuxiang,王福祥,Male,1956.0,,Chemicals,Sinyang,China-Shanghai,2026
wang_gang,Wang Gang,王刚,Male,1976.0,China,Transportation & Logistics,Full Truck Alliance,China-Beijing,2023
wang_guangxi_guo_tianshu,Wang Guangxi & Guo Tianshu,,,,,Energy,Wintime,,2018
wang_guanran,Wang Guanran,王冠然,,2000.0,,Investments,Jits,China-Shenzhen,2026
wang_guili,Wang Guili,王桂丽,Male,1960.0,,Medical Devices,Contec Medical,Hebei-Qinhuangdao,2021
wang_haijun,Wang Haijun,王海军,Male,,China,Hospitality,Atour,China-Shanghai,2026
wang_haipeng,Wang Haipeng,,,,,Packaging products ,MYS,,2018
wang_han,Wang Han,王瀚,Male,1987.0,China,Investments,JuneYao,China-Shanghai,2026
wang_hao,Wang Hao,汪浩,Male,,China,Investments,Five Star Appliance,China-Nanjing,2026
wang_heqiu,Wang Heqiu,王合球,Male,1964.0,,Industrial Products,Honor,China-Shenzhen,2026
wang_hui,Wang Hui,王晖,Male,1961.0,China,Semiconductors,ACM,China-Shanghai,2026
wang_huiwen,Wang Huiwen,王慧文,Male,1978.0,China,Transportation & Logistics,Meituan,Beijing-Beijing,2025
wang_ji,Wang Ji,王佶,Male,1971.0,China,Gaming,Century Huatong Automotive Part,China-Shaoxing,2022
wang_jia,Wang Jia,王佳,Male,1969.0,China,Software & Services,Venustech,China-Beijing,2024
wang_jia_yan_li,Wang Jia & Yan Li,,,,,TMT,Venustech,,2018
wang_jian,Wang Jian,,,,,Genetic testing,BGI,,2018
wang_jian_2,Wang Jian,,,,,Investments,HNA,,2018
wang_jian_3,Wang Jian,汪建,Male,1954.0,China,Healthcare,Bgi Genomics,China-Shenzhen,2026
wang_jianchen,Wang Jianchen,王建辰,Male,1988.0,China,Healthcare,Edge,China-Shenzhen,2026
wang_jiandong,Wang Jiandong,王建东,Male,1972.0,,Metals & Mining,CSCEC Rongdong,China-Hebei-Handan,2024
wang_jianfeng,Wang Jianfeng,王剑峰,Male,1970.0,China,Automobile & Auto Components,Joyson,China-Ningbo,2026
wang_jianguo,Wang Jianguo,汪建国,Male,1960.0,China,Investments,Five Star Appliance,China-Nanjing,2026
wang_jianliang,Wang Jianliang,汪建良,Male,1976.0,,Consumer Electronics,Smoore,Guangdong-Shenzhen,2021
wang_jianlin,Wang Jianlin,王健林,Male,1954.0,China,Real Estate,Dalian Wanda Group,China-Beijing,2026
wang_jianyi,Wang Jianyi,王建沂,Male,1963.0,China,Industrial Products,Futong,China-Zhejiang-Hangzhou,2024
wang_jihua,Wang Jihua,王继华,Female,1962.0,China,Healthcare,Wondfo Biotech,China-Guangzhou,2023
wang_jilei,Wang Jilei,王吉雷,Male,1965.0,China,Transportation & Logistics,ZTO,China-Shanghai,2026
wang_jin,Wang Jin,王进,Male,1972.0,China,Software & Services,Hithink RoyalFlush,China-Hangzhou,2026
wang_jing,Wang Jing,王靖,Male,,China,Telecom,Xinwei,Beijing-Beijing,2019
wang_jinhua,Wang Jinhua,王锦华,Male,1963.0,China,Metals & Mining,China Kings Resources Group,China-Hangzhou,2026
wang_jinsong,Wang Jinsong,王劲松,Female,,China,Healthcare,Neptunus,China-Shenzhen,2026
wang_jinyu,Wang Jinyu,王金玉,Female,1974.0,China,Biotechnology,Bioeasy,China-Shenzhen,2022
wang_jun,Wang Jun,,,,,Genetic testing,BGI,,2018
wang_jun_2,Wang Jun,王俊,Male,1976.0,China,Medical Devices,iCarbonX、 Bgi Genomics,China-Shenzhen,2022
wang_jun_3,Wang Jun,王军,Male,1965.0,China,Petrochemicals,Wantong,Shandong-Dongying,2021
wang_junhao,Wang Junhao,王均豪,Male,1972.0,China,Investments,JuneYao,China-Shanghai,2026
wang_junhua,Wang Junhua,王华君,Male,1970.0,China,Containers & Packaging,Yuto Packaging,China-Shenzhen,2026
wang_junhua_wu_lanlan,Wang Junhua & Wu Lanlan,,,,,Packaging,Yuto Packaging Technology,,2018
wang_junjin,Wang Junjin,王均金,Male,1968.0,China,Investments,JuneYao,China-Shanghai,2026
wang_junlin,Wang Junlin,汪俊林,Male,1962.0,China,Food & Beverages,Langjiu,China-Chengdu,2026
wang_junmin,Wang Junmin,王俊民,Male,1968.0,Singapore,Healthcare,Haisco Pharmaceutical,China-Shannan,2026
wang_koo_yik_chun,Wang Koo Yik-Chun & Family,,,,,Electric Motor Manufacture,Johnson Electric ,,2018
wang_kunxiao,Wang Kunxiao,王坤晓,Male,1969.0,China,Industrial Products,Jereh Oilfield,China-Yantai,2026
wang_laichun,Wang Laichun,王来春,Female,1967.0,China,Industrial Products,Luxshare Precision,China-Shenzhen,2026
wang_laijiao,Wang Laijiao,王来娇,Female,1968.0,China,Investments,Luxshare investment,China-Shenzhen,2026
wang_laisheng,Wang Laisheng,王来胜,Male,1964.0,China,Industrial Products,Luxshare Precision,China-Shenzhen,2026
wang_laixi,Wang Laixi,王来喜,Male,1970.0,China,Investments,Luxshare investment,China-Shenzhen,2026
wang_licheng,Wang Licheng,汪力成,Male,1960.0,China,Healthcare,Holley,China-Hangzhou,2026
wang_lingling,Wang Lingling,王玲玲,Female,1961.0,China,Industrial Products,GreatStar Industrial,China-Hangzhou,2026
wang_linpeng,Wang Linpeng,汪林朋,Male,1969.0,China,Retail,Easyhome,Beijing-Beijing,2025
wang_linxiang,Wang Linxiang,王林祥,Male,1951.0,China,Consumer Goods,Erdos,China-Ordos,2026
wang_liping,Wang Liping,汪立平,Male,1966.0,China,Industrial Products,Hengli Hydraulic,China-Changzhou,2026
wang_liqiun,Wang Liqiun,汪立群,,,,Consumer Goods,Maogeping,China-Hangzhou,2026
wang_lizhan,Wang Lizhan,王力展,Male,,China,Food & Beverages,Haitian,China-Foshan,2023
wang_meixiang,Wang Meixiang,王梅香,Female,,China,Food & Beverages,Shuanghui,China-Luohe,2026
wang_miaotong,Wang Miaotong,王苗通,Male,1957.0,China,Media & Entertainment,Century Huatong,China-Shaoxing,2023
wang_miaotong_wang_yifeng,Wang Miaotong & Wang Yifeng,,,,,Automobile parts,Century Huatong Automotive Part,,2018
wang_miaoyu,Wang Miaoyu,王妙玉,Female,1976.0,China,Consumer Goods,Hotata,China-Guangzhou,2026
wang_mingliu,Wang Mingliu,王明鎏,Male,1983.0,China,Financial Services,Tomorrow,China-Sichuan-Chengdu,2024
wang_mingwang,Wang Mingwang,王明旺,Male,1967.0,China,Energy,Sunwoda,China-Shenzhen,2026
wang_mingxiang,Wang Mingxiang,王铭祥,Male,1978.0,China,Chemicals,Oriental Energy,Jiangsu-Nanjing,2025
wang_mingxiang_zhou_yifeng,Wang Mingxiang & Zhou Yifeng,,,,,Energy,Oriental Energy ,,2018
wang_minwen,Wang Minwen,王敏文,Male,1963.0,China,Semiconductors,Lion Microelectronics,China-Hangzhou,2026
wang_muqing,Wang Muqing,,,,,Car sales ,Zhengtong  Auto,,2018
wang_ning,Wang Ning,王宁,Male,1987.0,China,Consumer Goods,Pop Mart,China-Beijing,2026
wang_ping,Wang Ping,王萍,Male,1969.0,China,Industrial Products,Megmeet,China-Shenzhen,2026
wang_qiangxiang,Wang Qiangxiang,王强翔,Male,1971.0,China,Construction & Engineering,Cocreation Grass,China-Huaian,2026
wang_qicheng,Wang Qicheng,王麒诚,Male,1980.0,China,Financial Services,Hakim,China-Shanghai,2026
wang_qicheng_wu_yan,Wang Qicheng & Wu Yan,,,,,"IT, media, real estate, investment",Hakim,,2018
wang_qinghua,Wang Qinghua,王清华,Male,1965.0,,Green Energy,Bafang,China-Suzhou,2022
wang_qingtao,Wang Qingtao,王清涛,Male,1962.0,China,Coal ,Zhongrong Xinda Group,Shandong-Qingdao,2019
wang_qiuyang,Wang Qiuyang,王秋扬,Female,1967.0,China,"Real Estate, Modern Art ",Jindian ,Beijing-Beijing,2020
wang_qunbin,Wang Qunbin,汪群斌,Male,1969.0,China,Investments,Fosun,China-Shanghai,2023
wang_rong,Wang Rong,王蓉,Female,,China,Industrial Products,Evoc,China-Shenzhen,2026
wang_shih_chung,Wang Shih-Chung,王世忠,Male,,Taiwan,Industrial Products,AirTAC,China-Taipei,2026
wang_shirui,Wang Shirui,王仕锐,Male,1987.0,China,Healthcare,Medlinker,China-Chengdu,2026
wang_shuai,Wang Shuai,王帅,Male,1975.0,,E-Commerce,Alibaba,China-Hangzhou,2022
wang_shugao,Wang Shugao,汪书高,,,,Food & Beverages,Xiaocaiyuan,Anhui-Tongling,2025
wang_shuhua,Wang Shuhua,王树华,Male,,China,Metals & Mining,Yuhua Steel,China-Handan,2026
wang_shuifu,Wang Shuifu,王水福,Male,1955.0,China,Industrial Products,Xizi,China-Hangzhou,2026
wang_shumin,Wang Shumin,王淑敏,Male,1957.0,,Industrial Products,Beimogaoke,China-Beijing,2022
wang_shuo,Wang Shuo,王硕,Male,1990.0,United States,Software & Services,Deel,USA-Seattle,2026
wang_shusheng,Wang Shusheng,王树生,Male,1954.0,China,"Logistics, Airline",DTW Logistics,Beijing-Beijing,2020
wang_suqin,Wang Suqin,王素勤,Female,1965.0,China,Energy,Weiming Environment Protection,China-Wenzhou,2026
wang_tao,Wang Tao,汪滔,Male,1980.0,China,Consumer Goods,DJI,China-Shenzhen,2026
wang_wei,Wang Wei,王维,Male,1981.0,China,Software & Services,Xingyun,China-Shenzhen,2026
wang_wei_2,Wang Wei,王卫,Male,1970.0,Hong Kong,Transportation & Logistics,SF,China-Hong Kong,2026
wang_wei_3,Wang Wei,王炜,,1964.0,,Services,Emperor of Cleaning,China-Shanghai,2026
wang_wei_4,Wang Wei,,,,,Express delivery,SF Express,,2018
wang_wei_5,Wang Wei,,,,,Express delivery,SF Express,,2017
wang_weidong,Wang Weidong,王维东,Male,1977.0,China,Industrial Products,Yinghe Technology,China-Shenzhen,2026
wang_weixiu,Wang Weixiu,王伟修,Male,1950.0,China,Telecommunications,Zhongji Innolight,China-Yantai,2026
wang_wenbiao,Wang Wenbiao,王文彪,Male,1959.0,China,Energy,Elion,China-Beijing,2023
wang_wenbin,Wang Wenbin,王文斌,,1968.0,,Metals & Mining,Sirui,China-Xi'an,2026
wang_wenbo,Wang Wenbo,王文博,,1970.0,Heilongjiang,Automobile & Auto Components,Tianyouwei,China-Harbin,2026
wang_wencheng,Wang Wencheng,王文城,Male,,China,Real Estate,Dazhong,China-Dongguan,2023
wang_wenjian,Wang Wenjian,王文鉴,Male,1948.0,,Consumer Electronics,Sunny Optical Technology,China-Ningbo,2022
wang_wenjing,Wang Wenjing,王文京,Male,1964.0,China,Software & Services,Yonyou,China-Beijing,2026
wang_wenjun,Wang Wenjun,王文君,Female,1967.0,China,Healthcare,Ping An Health and technology ,Shanghai-Shanghai,2021
wang_wenliang,Wang Wenliang,,,,,"Logistics, construction ",China Rilin,,2018
wang_wenmo,Wang Wenmo,王文默,Male,1956.0,China,Consumer Goods,Anta,China-Xiamen,2026
wang_wenxue,Wang Wenxue,王文学,Male,1967.0,China,Developer,Fortune Land Development,Beijing-Beijing,2021
wang_wenyin,Wang Wenyin,王文银,Male,1968.0,China,Metals & Mining,Amer,China-Shenzhen,2023
wang_wenyin_liu_jiehong,Wang Wenyin & Liu Jiehong,,,,,Cable and copper products,Amer,,2018
wang_xi,Wang Xi,王曦,Female,1968.0,China,Industrial Products,KTC,China-Shenzhen,2026
wang_xiancheng,Wang Xiancheng,王先成,Male,1958.0,China,Metals & Mining,Jchx,China-Beijing,2026
wang_xiaodong,Wang Xiaodong,王晓东,Male,1976.0,China,Telecommunications,Zhongji Innolight,China-Yantai,2026
wang_xiaokun,Wang Xiaokun,王霄锟,Male,,China,Food & Beverages,ChaPanda,China-Chengdu,2026
wang_xiaoli,Wang Xiaoli,王小丽,Female,,China,Metals & Mining,Dingsheng New Material,China-Hangzhou,2023
wang_xiaopu,Wang Xiaopu,王晓蒲,Female,1968.0,China,Consumer Goods,Marubi,China-Guangzhou,2026
wang_xiaoshen,Wang Xiaoshen,王晓申,Male,1968.0,China,Metals & Mining,Ganfeng Lithium,China-Xinyu,2026
wang_xiaosong,Wang Xiaosong,王晓松,Male,1987.0,China,Real Estate,Xincheng,China-Shanghai,2023
wang_xicheng,Wang Xicheng,王希成,Male,1948.0,China,Chemicals,Linglong,China-Yantai,2026
wang_xin,Wang Xin,林侠,Male,1972.0,China,Industrial Products,Dtech,China-Dongguan,2026
wang_xin_2,Wang Xin,王新,Male,,China,Industrial Products,Dtech,China-Dongguan,2026
wang_xing,Wang Xing,王兴,Male,1979.0,China,Transportation & Logistics,Meituan,China-Beijing,2026
wang_xinwen,Wang Xinwen,王信文,Male,1987.0,China,Media & Entertainment,Lilith,China-Shanghai,2026
wang_xuechao,Wang Xuechao,王学超,Male,,China,Investments,Jihe,Zhejiang-Hangzhou,2021
wang_xuexin,Wang Xuexin,,,,,Heavy Industry,THM,,2018
wang_xuning,Wang Xuning,王旭宁,Male,1969.0,China,Consumer Goods,JS Global Lifestyle,China-Shanghai,2026
wang_yanqing,Wang Yanqing,王燕清,Male,1966.0,China,Industrial Products,Lead,China-Wuxi,2026
wang_yanqing_2,Wang Yanqing,王言卿,Male,1946.0,China,Chemicals,Guangwei Composites,Shandong-Weihai,2021
wang_yanqing_chen_liang,Wang Yanqing & Chen Liang,,,,,Composites,Guangwei,,2018
wang_yanqing_ni_yalan,Wang Yanqing & Ni Yalan,,,,,TMT,Lead,,2018
wang_yaqian,Wang Yaqian,王雅倩,Female,,China,"Gas, energy ",Bestsun Energy,Hebei-Langfang,2019
wang_yayuan,Wang Yayuan,王雅媛,Female,1992.0,China,Industrial Products,Luxshare Precision,China-Shenzhen,2026
wang_ye,Wang Ye,王野,Male,1980.0,,E-Bikes,Ninebot,China-Beijing,2022
wang_yi,Wang Yi,王毅,Male,1960.0,China,Semiconductors,Yangjie Technology,China-Yangzhou,2026
wang_yifeng,Wang Yifeng,王一峰,Male,1984.0,China,Media & Entertainment,Century Huatong,China-Shaoxing,2023
wang_yihui,Wang Yihui,王忆会,Male,,China,Investments,Jiahua Dongfang,China-Beijing,2024
wang_yiming,Wang Yiming,王一鸣,Male,1981.0,,Industrial Products,Ginlong Technologies,China-Ningbo,2026
wang_ying,Wang Ying,汪莹,Male,,China,Consumer Goods,Relx Tech,China-Beijing,2022
wang_yingmei,Wang Yingmei,王莺妹,Female,1965.0,China,Chemicals,Yongtai Technology,China-Taizhou,2023
wang_yiping,Wang Yiping,王义平,Male,1961.0,China,Automobile & Auto Components,Jifeng,China-Ningbo,2026
wang_yiran,Wang Yiran,王毅然,Male,1980.0,China,Consumer Electronics,CVTE,Guangdong-Guangzhou,2021
wang_yong,Wang Yong,王勇,Male,1950.0,China,Food Processing,Xiwang Sugar,Shandong-Bingzhou,2021
wang_yong_wang_di,Wang Yong  & Wang Di,,,,,"Food, steel",Xiwang Sugar,,2018
wang_yonghong,Wang Yonghong,,,,,Real Estate,ZhongHong ,,2018
wang_yu,Wang Yu,王煜,Male,1970.0,China,Aerospace & Defence,Spring Airlines,China-Shanghai,2023
wang_yue,Wang Yue,,,,,Game,Kingnet,,2018
wang_yuedan,Wang Yuedan,王跃旦,Male,1953.0,China,Consumer Goods,Furja,China-Ningbo,2026
wang_yun_an,Wang Yun‘an,王云安,,,,Food & Beverages,Goodme,China-Hangzhou,2026
wang_yusuo,Wang Yusuo,王玉锁,Male,1964.0,China,Energy,ENN,China-Langfang,2026
wang_yusuo_zhao_baoju,Wang Yusuo & Zhao Baoju,,,,,"Gas, energy ",ENN,,2018
wang_yutian,Wang Yutian,王玉田,,1979.0,China,Industrial Products,Hongrida,China-Suzhou,2026
wang_zelong,Wang Zelong,王泽龙,Male,,China,Chemicals,Tinergy,China-Foshan,2026
wang_zening,Wang Zening,王泽宁,,1993.0,,Retail,Wanchen Biotechnology,China-Zhangzhou,2026
wang_zhendong,Wang Zhendong,王振东,Male,1976.0,China,Education,Offcn,China-Beijing,2022
wang_zhenggen,Wang Zhenggen,王正根,Male,1972.0,,Industrial Products,Maxwell,China-Suzhou,2026
wang_zhenghua,Wang Zhenghua,王正华,Male,1944.0,China,Aerospace & Defence,Spring Airlines,China-Shanghai,2026
wang_zhenghua_wang_yu,Wang Zhenghua & Wang Yu,,,,,Aviation,Spring Airlines,,2018
wang_zhengrong,Wang Zhengrong,王荣正,Male,1962.0,China,Industrial Products,Xihua,China-Wuxi,2026
wang_zhenhua,Wang Zhenhua,王振华,Male,1962.0,China,Real Estate,Xincheng,China-Shanghai,2026
wang_zhenhua_wang_xiaosong,Wang Zhenhua & Wang Xiaosong,,,,,Real Estate,Xincheng ,,2018
wang_zhentao,Wang Zhentao,王振滔,Male,1965.0,China,Consumer Goods,Aokang,China-Wenzhou,2023
wang_zhentao_wang_chen,Wang Zhentao & Wang Chen,,,,,Textiles,Aokang ,,2017
wang_zhongjun,Wang Zhongjun ,,,,,Entertainment,Huayi Bros,,2018
wang_zihua,Wang Zihua,王子华,Male,,China,"Steel trade, Property, investment ",Jingaogang ,Beijing-Beijing,2019
wang_zuan,Wang Zuan,王钻,,1988.0,China,Transportation & Logistics,Zong Teng,China-Shenzhen,2026
warren_buffett,Warren Buffett,沃伦·巴菲特,Male,1930.0,United States,Investments,Berkshire Hathaway,USA-Omaha,2026
warren_buffett_brothers,Warren Buffett brothers,,Male,1931.0,,Investments,Berkshire Hathaway,,2016
warren_kanders,Warren Kanders,Warren Kanders,Male,1957.0,United States,Industrial Products,Cadre Holdings,USA-New York,2026
warren_stephens,Warren Stephens,沃伦·斯蒂芬斯,Male,1957.0,United States,Financial Services,Stephens,USA-Little Rock,2026
wayne_rothbaum,Wayne Rothbaum,Wayne Rothbaum,Male,,United States,Financial Services,Quogue Capital,USA-New York,2026
wayne_weaver,Wayne Weaver,Wayne Weaver,Male,1933.0,United States,Retail,Shoe Carnival,USA-Jacksonville,2026
wee_cho_yaw,Wee Cho Yaw,黄祖耀,Male,1929.0,Singapore,Financial Services,United Overseas Bank,Singapore-Singapore,2023
wee_ee_chao,Wee Ee Chao,Wee Ee Chao,Male,1955.0,Singapore,Financial Services,UOB Group,Singapore-Singapore,2026
wee_ee_cheong,Wee Ee Cheong,Wee Ee Cheong,Male,1952.0,Singapore,Financial Services,UOB Group,Singapore-Singapore,2026
wee_ee_lim,Wee Ee Lim,Wee Ee Lim,,,,Real Estate,UOL Group,Singapore-Singapore,2026
wei_ing_chou,Wei Ing-Chou,魏应州,Male,,Taiwan,Food & Beverages,Ting Hsin,China-Taipei,2026
wei_jianjun,Wei Jianjun,魏建军,Male,1964.0,China,Automobile & Auto Components,Great Wall Motor,China-Baoding,2026
wei_jianjun_hang_xuejuan,Wei Jianjun & Hang Xuejuan,,,,,Car manufacturing,Great Wall Motor,,2018
wei_jinkun,Wei Jinkun,韦锦坤,Male,1953.0,China,Software & Services,E-cology,China-Shanghai,2026
wei_jisheng,Wei Jisheng,魏吉胜,Male,1962.0,China,Energy,Senton Energy,China-Yantai,2026
wei_lidong,Wei Lidong,韦利东,Male,1976.0,China,Software & Services,E-cology,China-Shanghai,2026
wei_qi,Wei Qi,魏奇,Male,,China,Manufacturing,Tianhe Chemicals,Liaoning-Jinzhou,2019
wei_qi_wei_xiao,Wei Qi & Wei Xiao,,,,,Chemicals,Tianhe Chemicals,,2018
wei_shaojun,Wei Shaojun,魏少军,Male,1963.0,China,Developer,Longi Tech,China-Baoding,2022
wei_xiao,Wei Xiao,魏潇,Female,,,Manufacturing,Tianhe Chemicals,Liaoning-Jinzhou,2019
wei_xuefeng,Wei Xuefeng,尉雪凤,Female,,China,Energy,Jinjiang,China-Hangzhou,2023
wei_xuezhuan,Wei Xuezhuan,魏学专,Male,1953.0,China,Chemicals,Wonfull,Shandong-Zibo,2025
wei_yin_chun,Wei Yin-Chun,魏应充,Male,,Taiwan,Food & Beverages,Ting Hsin,China-Taipei,2026
wei_yin_heng,Wei Yin-Heng,魏应行,Male,,Taiwan,Food & Beverages,Ting Hsin,China-Taipei,2026
wei_ying_chiao,Wei Ying-Chiao,魏应交,Male,,Taiwan,Food & Beverages,Ting Hsin,China-Taipei,2026
weit_pot,Weit Pot,威特·波特,Male,,Netherlands,Financial Services,IMC,Shanghai-Shanghai,2020
wen_jianping,Wen Jianping,文剑平,Male,1962.0,China,Green Energy,Origin Water,China-Beijing,2022
wen_kaifu,Wen Kaifu,,,,,Touch screen manufacturing,Holitech,,2018
wen_meichan,Wen Meichan,温美婵,Female,1984.0,China,Energy,Hello Tech,China-Shenzhen,2026
wen_pengcheng,Wen Pengcheng,温鹏程,Male,1962.0,China,Agriculture,Wens Foodstuff,China-Yunfu,2026
wen_yibo,Wen Yibo,文一波,Male,1965.0,China,Environmental Protection,Sound Environment,Beijing-Beijing,2020
wen_yibo_zhang_huiming,Wen Yibo & Zhang Huiming,,,,,Waste Treatment,Sound Environment,,2018
wen_yilong,Wen Yilong,闻一龙,Male,1989.0,China,Consumer Goods,RELX,Guangdong-Shenzhen,2021
wen_zehong,Wen Zehong,,,,,Cable ,Morn Electric,,2018
wendy_lee,Wendy Lee,李天颖,Female,,Hong Kong,Real Estate,Sun Hung Kai,China-Hong Kong,2026
wendy_mills,Wendy Mills,Wendy Mills,Female,1964.0,United States,Healthcare,Medline,USA-Libertyville,2026
weng_huilan,Weng Huilan,翁晖岚,,,,Services,Emperor of Cleaning,China-Shanghai,2026
weng_limin,Weng Limin,翁丽敏,Female,1967.0,China,Telecommunications,Hytera,China-Shenzhen,2026
weng_xianding,Weng Xianding,翁先定,Male,1961.0,,Healthcare,New Industries,China-Shenzhen,2026
werner_o_weber,Werner O. Weber,Werner O. Weber,Male,1938.0,Switzerland,Industrial Products,LEM Holding,Switzerland,2025
wesley_edens,Wesley Edens,Wesley Edens,Male,1961.0,United States,Investments,New Fortress Energy,USA-New York,2026
wesley_mendonca_batista,Wesley Mendonça Batista,韦斯利·门多萨·巴蒂斯塔,Male,1972.0,Brazil,Food & Beverages,JBS,Brazil-Goias,2026
wessels,Wessels Family,,,,,Construction,Volker Wessels,,2018
whitney_macmillan,Whitney Macmillan,惠特尼·麦克米兰,Male,1929.0,United States,Trading,Cargill ,,2020
whitney_wolfe_herd,Whitney Wolfe Herd,Whitney Wolfe Herd,Female,1990.0,United States,Dating App,Bumble,USA-Austin,2022
wichai_thongtang,Wichai Thongtang,威猜·桑坦,Male,,Thailand,Healthcare,Bangkok Dusit Medical Services,Thailand,2025
wiet_pot,Wiet Pot,Wiet Pot,Male,,Netherlands,Investments,IMC,Netherlands-Amsterdam,2026
wijono_tanoko,Wijono Tanoko,Wijono Tanoko,Male,1953.0,Indonesia,Chemicals,Avia Avian,Indonesia-Surabaya,2022
wilbur_ross_jr,Wilbur Ross Jr,,,,,Investments,WL Ross & Co,,2017
wilfred_wang,Wilfred Wang,王文潮,Male,1951.0,Taiwan,Chemicals,Formosa Plastics,China-Kaohsiung,2026
wilhelm_beier,Wilhelm Beier ,Wilhelm Beier,Male,1957.0,Germany,Healthcare,Dermapharm Holding,Germany-Munich,2026
willem_van_der_leegte,Willem van der Leegte,Willem van der Leegte,Male,1982.0,Netherlands,Automobile & Auto Components,VDL Groep,Netherlands,2025
willi_liebherr,Willi Liebherr,威利·利勃海尔,Male,,Switzerland,Industrial Products,Liebherr,Switzerland-Nussbaumen,2026
william_ackman,William Ackman,,,,,Investments,Pershing Square Capital Management,,2017
william_boyd,William Boyd,William Boyd,Male,,United States,Media & Entertainment,Boyd Gaming,USA-Las Vegas,2026
william_conway_jr,William Conway Jr,小威廉·康威,Male,1949.0,United States,Financial Services,Carlyle,USA-McLean,2026
william_f_austin,William F Austin,威廉·奥斯丁,Male,,United States,Healthcare,Starkey Hearing Technologies,USA-Eden Prairie,2026
william_fisher,William Fisher,威廉·费舍尔,Male,,United States,Consumer Goods,GAP,USA-San Francisco,2026
william_foley,William Foley,威廉·弗利,Male,1944.0,United States,Financial Services,Vegas Golden Knights,USA-Las Vegas,2026
william_franke,William Franke,William Franke,,,,Aerospace & Defence,Frontier Group,USA-Houston,2026
william_fung,William Fung,,,,,Logistics,Li & Fung,,2017
william_fung_kwok_lun,William Fung Kwok-lun,冯国纶,Male,,Hong Kong,Transportation & Logistics,Li & Fung,China-Hong Kong,2026
william_goldring,William Goldring,William Goldring,Male,1943.0,United States,Food & Beverages,Sazerac,USA-New Orleans,2026
william_heinecke,William Heinecke,威廉·海尼克,Male,,Thailand,Hospitality,Minor International,Thailand-Bangkok,2026
william_koch,William Koch,威廉·科赫,Male,,United States,Energy,Oxbow Carbon,USA-Palm Beach,2026
william_lynch,William Lynch ,William Lynch,Male,1971.0,United States,Consumer Durables,Peleton,,2021
william_macaulay,William Macaulay,,,,,Energy,First Reserve,,2018
william_macmillan,William Macmillan,威廉·麦克米兰,Male,,United States,Agriculture,Cargill,USA-Englewood,2026
william_p_lauder,William P Lauder,威廉·劳德,Male,,United States,Consumer Goods,Estée Lauder,USA-New York,2026
william_r_berkley,William R Berkley,William R Berkley,,,,Financial Services,W.R. Berkley,USA-Greenwich,2026
william_r_berkley_jr,William R Berkley Jr,William R Berkley Jr,Male,1978.0,United States,Financial Services,WR Berkley,USA-Coconut Grove,2024
william_stone,William Stone,威廉·斯通,Male,,United States,Software & Services,SS&C Technologies,USA-East Lyme,2026
william_teh_lee_pang,William Teh Lee Pang,William Teh Lee Pang,Male,,Malaysia,Financial Services,Public Bank,Malaysia-Kuala Lumpur,2026
william_wang,William Wang,王文渊,Male,1947.0,Taiwan,Chemicals,Formosa Plastics,China-Kaohsiung,2026
william_wrigley_jr,William Wrigley Jr,"William Wrigley, Jr",Male,1964.0,United States,Food & Beverages,Wrigley Management,USA-Palm Beach,2026
william_young,William Young,威廉·杨,Male,,United States,Containers & Packaging,Plastipak,USA-Detroit,2026
willibert_krueger,Willibert Krueger,威利伯特·克鲁格,Male,,Germany,Food & Beverages,Krueger ,Zhejiang-Hangzhou,2020
willis_j_johnson,Willis J Johnson,威利斯·约翰逊,Male,,United States,Retail,Copart,USA-Franklin,2024
willis_j_johnson_2,Willis J Johnson,Willis J Johnson,Male,1970.0,United States,Retail,Copart,USA-Franklin,2026
willy_micheal,Willy Micheal,威利·米歇尔,Male,,Switzerland,Pharmaceuticals,Ypsomed,,2020
willy_michel,Willy Michel,Willy Michel,Male,1948.0,Switzerland,Healthcare,Ypsomed Holding,Switzerland-Burgdorf,2026
wilma_tisch,Wilma Tisch,,,,,Energy,Loews ,,2018
wim_van_der_leegte,Wim Van Der Leegte,威姆·范德·里格特,Male,,Netherlands,Automobile & Auto Components,VDL Groep,Netherlands-Eindhoven,2023
winarko_sulistyo,Winarko Sulistyo,Winarko Sulistyo,Male,1947.0,Indonesia,Paper & Forest Products,Fajar Surya Wisesa,Indonesia-Jakarta,2023
winnie_enevoldsen,Winnie Enevoldsen,温妮·恩沃森,Female,,,Consumer Goods,Pandora,Denmark-Glostrup,2026
winnie_johnson_marquart,Winnie Johnson-Marquart,温妮·约翰逊·马夸特,Female,,United States,Consumer Goods,S.C. Johnson,USA-Virginia Beach,2026
winston_weinberg,Winston Weinberg,Winston Weinberg,Male,1899.0,United States,Software & Services,Harvey,USA-San Francisco,2026
winston_wong,Winston Wong,王文洋,Male,1951.0,Taiwan,Construction & Engineering,Grace THW Group,China-Taipei,2026
wirastuty_fangiono,Wirastuty Fangiono,Wirastuty Fangiono,,,,Agriculture,FAP Agri,Indonesia-Pekanbaru,2026
wolfgang_egger,Wolfgang Egger,Wolfgang Egger,Male,1966.0,Germany,Investments,Patrizia,Germany-Augsberg,2022
wolfgang_herz,Wolfgang Herz,沃尔夫冈·赫兹,Male,,Germany,Consumer Goods,Maxingvest,Germany-Hamburg,2026
wolfgang_leitner,Wolfgang Leitner,莱特纳·沃尔夫冈,Male,,Austria,Construction & Engineering,Andritz,Austria-Graz,2026
wolfgang_marguerre,Wolfgang Marguerre,沃尔夫冈·马奎尔,Male,,Germany,Healthcare,Octapharma,Germany-Heidelberg,2026
wolfgang_porsche_family,Wolfgang Porsche family,,Male,1943.0,,Automobile,BMW,,2013
wolfgang_reimann,Wolfgang Reimann,沃尔夫冈·赖曼,Male,,Germany,Investments,JAB Holding,Germany-Munich,2026
won_woo_kim,Won-Woo Kim,Won-Woo Kim,Male,,South Korea,Software & Services,National Information & Credit Evaluation,South Korea-Seoul,2023
wong_wai_sheung,Wong Wai Sheung,黄伟常,Male,1951.0,Hong Kong,Retail,Luk Fook,China-Hong Kong,2026
wu_afeng,Wu Afeng,伍阿凤,Female,1969.0,China,Automobile & Auto Components,Bojun,China-Suzhou,2026
wu_bo,Wu Bo,吴波,Male,1954.0,China,Industrial Products,Estun,China-Nanjing,2026
wu_chaoqun,Wu Chaoqun,伍超群,Male,1969.0,China,Food & Beverages,Qianhe,China-Sichuan-Meishan,2024
wu_cheng,Wu Cheng,吴城,Male,,,Metals & Mining,Guocheng,China-Beijing,2026
wu_chengping,Wu Chengping,吴承萍,Female,,China,Developer,Sinic,Shanghai-Shanghai,2021
wu_chung_yi,Wu Chung-Yi,吴崇仪,Male,,Taiwan,Automobile & Auto Components,Fine Blanking,China-Changhua,2026
wu_chunyuan,Wu Chunyuan,吴春媛,Female,,China,Consumer Goods,AAC Acoustic Technologies,China-Shenzhen,2023
wu_daohong,Wu Daohong,,,,,Environmental Protection,Shenwu,,2018
wu_di,Wu Di,吴迪,Male,1982.0,China,Containers & Packaging,Shuangxin Color,China-Suqian,2023
wu_fubao,Wu Fubao,吴富宝,Male,1963.0,,Consumer Goods,Leading Optics,China-Xiamen,2026
wu_gang,Wu Gang,,,,,Investments,JD Capital,,2018
wu_guangming,Wu Guangming,吴光明,Male,1962.0,China,Healthcare,Yuwell,China-Zhenjiang,2026
wu_guangming_wu_qun,Wu Guangming & Wu Qun,,,,,Health care,Jiangsu Yuyue Medical Equipment ,,2018
wu_guanjiang,Wu Guanjiang,吴冠江,Male,1968.0,China,Healthcare,Zhifei,China-Chongqing,2026
wu_hongyue,Wu Hongyue,吴泓越,Male,1992.0,,Consumer Goods,Leading Optics,China-Xiamen,2026
wu_jianbin,Wu Jianbin,邬建斌,Male,1980.0,China,Automobile & Auto Components,Shuanglin,China-Ningbo,2026
wu_jianshu,Wu Jianshu,邬建树,Male,1964.0,China,Automobile & Auto Components,Tuopu,China-Ningbo,2026
wu_jie,Wu Jie,吴洁,Male,1968.0,China,Real Estate,Yangguangcheng ,Fujian-Fuzhou,2020
wu_jihan,Wu Jihan,吴忌寒,Male,1986.0,China,Blockchain,Bitdeer,Singapore-Singapore,2026
wu_jingzi,Wu Jingzi,吴劲梓,Male,1962.0,China,Healthcare,Ascletis,China-Hangzhou,2026
wu_junbao,Wu Junbao,吴俊保,Male,1966.0,China,Education & Training,China East Education,China-Hefei,2026
wu_kai,Wu Kai,吴凯,Male,1968.0,China,Energy,CATL,China-Ningde,2026
wu_kaiting,Wu Kaiting,吴凯庭,Male,1969.0,China,Consumer Goods,Malata,China-Zhangzhou,2026
wu_lanlan,Wu Lanlan,吴兰兰,Female,1974.0,China,Containers & Packaging,Yuto Packaging,China-Shenzhen,2026
wu_li_gann,Wu Li-gann,吴礼淦,Male,1941.0,Hong Kong,Industrial Products,WUS Printed Circuit,China-Suzhou,2026
wu_liangding,Wu Liangding,吴良定,Female,1946.0,China,Automobile & Auto Components,Zhongbao,China-Shaoxing,2026
wu_meirong,Wu Meirong,吴美蓉,Male,1960.0,China,Energy,Meike,China-Shanghai,2026
wu_meirong_2,Wu Meirong,吴美容,Female,1972.0,China,Healthcare,Yipinhong,China-Guangzhou,2026
wu_min,Wu Min,吴敏,Female,1967.0,China,Artificial Intelligence,Fourth Paradigm,China-Beijing,2026
wu_ming,Wu Ming,吴茗,Female,,China,Software & Services,Fourth Paradigm,China-Beijing,2024
wu_minggen,Wu Minggen,吴明根,,1963.0,,Industrial Products,Topsun,China-Jinhua,2026
wu_pao_tien,Wu Pao-Tien,吴宝田,Male,,Taiwan,Real Estate,Li Pao,China-Taipei,2026
wu_peifu,Wu Peifu,吴培服,Male,1961.0,China,Containers & Packaging,Shuangxin Color,China-Suqian,2023
wu_qiang,Wu Qiang,,,,,Investments,JD Capital,,2018
wu_qun,Wu Qun,吴群,Male,1988.0,China,Healthcare,Yuwell,China-Zhenjiang,2026
wu_shangzhi,Wu Shangzhi,吴尚志,Male,1950.0,China,Investments,CDH,China-Beijing,2026
wu_shaoxun,Wu Shaoxun,吴少勋,Male,1956.0,China,Food & Beverages,Jingjiu,China-Huangshi,2026
wu_sin_yang,Wu Sin-Yang,吴昕阳,Male,,Taiwan,Real Estate,SKM,China-Taipei,2023
wu_wei,Wu Wei,吴伟,Male,1968.0,China,Education,China East education,Anhui-Hefei,2021
wu_wenli,Wu Wenli,吴文利,Male,1968.0,,Industrial Products,Solex,China-Xiamen,2026
wu_xiangdong,Wu Xiangdong,吴向东,Male,1970.0,China,Retail,Huaze,China-Beijing,2026
wu_xiaoge,Wu Xiaoge,吴小歌,Female,1972.0,China,Industrial Products,Cngr,China-Changsha,2026
wu_xu,Wu Xu,吴旭,Male,1963.0,China,Estate Holding,Sincere ,Chongqing-Chongqing,2021
wu_xubo,Wu Xubo,吴旭波,Male,1985.0,China,Media & Entertainment,Zx,China-Guangdong-Guangzhou,2024
wu_xushun,Wu Xushun,吴绪顺,Male,1948.0,China,Media & Entertainment,37 Interactive Entertainment,China-Wuhu,2026
wu_yajun,Wu Yajun,吴亚军,Female,1964.0,China,Real Estate,Longfor,China-Beijing,2026
wu_yalin,Wu Yalin,伍亚林,Male,1967.0,China,Automobile & Auto Components,Bojun,China-Suzhou,2026
wu_yan,Wu Yan,吴艳,Female,1981.0,China,Financial Services,Hakim,China-Shanghai,2026
wu_yi_gui,Wu Yi-Gui,吴亦圭,Male,1952.0,Taiwan,Chemicals,USI,China-Taipei,2022
wu_yiling,Wu Yiling,吴以岭,Male,1949.0,China,Healthcare,Yiling Pharmaceutical,China-Shijiazhuang,2026
wu_ying,Wu Ying,吴英,Male,1964.0,,Industrial Products,Metron,China-Beijing,2024
wu_yingming,Wu Yingming,吴映明,Male,1967.0,China,Energy,CATL,China-Ningde,2026
wu_yonghua,Wu Yonghua,吴永华,Male,1970.0,China,Consumer Goods,Anta,China-Xiamen,2023
wu_yongming,Wu Yongming,吴泳铭,Male,1975.0,,Retail,Alibaba,China-Hangzhou,2026
wu_yongqian,Wu Yongqian,吴永谦,,1963.0,,Healthcare,Transthera,China-Nanjing,2026
wu_yuhua,Wu Yuhua,吴玉花,,,,Industrial Products,Jinlongyu,China-Shenzhen,2026
wu_yulan,Wu Yulan,吴羽岚,Female,,China,Pharmaceuticals,Dayuan ,Jiangsu -Lianyungang,2020
wu_yuming,Wu Yuming,吴玉铭,Male,,,Food Processing,Haitian,Guangdong-Foshan,2021
wu_zhenxing,Wu Zhenxing,吴振兴,Male,1969.0,,Food & Beverages,Haitian,China-Foshan,2023
wu_zhigang,Wu Zhigang,吴志刚,Male,1935.0,China,Food & Beverages,Toly Bread,China-Shenyang,2026
wu_zhonglin,Wu Zhonglin,吴中林,Male,1967.0,China,Telecommunications,Tongyu,China-Zhongshan,2026
wu_zhongyi,Wu Zhongyi,吴仲毅,Male,1973.0,China,Software & Services,Yealink,China-Xiamen,2026
wu_zuyu,Wu Zuyu,吴祖钰,,1986.0,,Energy,Hthium,China-Xiamen,2026
xavier_niel,Xavier Niel,泽维尔·尼尔,Male,1967.0,France,Telecommunications,Iliad,France-Paris,2026
xavier_rubiralta,Xavier Rubiralta,Xavier Rubiralta,Male,1979.0,Spain,Healthcare,Werfen,Spain-Barcelona,2026
xi_chao,Xi Chao,席超,Male,1958.0,China,Industrial Products,Neway,China-Suzhou,2026
xia_chongyao,Xia Chongyao,夏崇耀,Male,1959.0,,Industrial Products,Orient Wires & Cables,China-Ningbo,2026
xia_dinghu,Xia Dinghu,夏鼎湖,Male,1944.0,China,Automobile & Auto Components,Zhongding,China-Ningguo,2026
xia_feng,Xia Feng,夏风,Male,,China,Semiconductors,Galaxycore、 Bright Power,China-Shanghai,2022
xia_heng,Xia Heng,夏珩,Male,1983.0,China,E-Cars,Xpeng Motors,China-Guangzhou,2022
xia_shudong,Xia Shudong,夏曙东,Male,1972.0,China,Transportation & Logistics,TransInfo,China-Beijing,2026
xia_xinde,Xia Xinde,夏信德,Male,1964.0,,Energy,Great Power Energy,China-Shenzhen,2026
xia_yibo,Xia Yibo,夏一波,Female,,China,Real Estate,Greentown,China-Hangzhou,2026
xia_yingsong,Xia Yingsong,夏迎松,Male,1977.0,China,Automobile & Auto Components,Zhongding,China-Ningguo,2026
xia_zhisheng,Xia Zhisheng,夏志生,Male,1941.0,China,Machinery,Meida,Zhejiang-Jiaxing,2021
xia_zuoquan,Xia Zuoquan,夏佐全,Male,1963.0,China,Automobile & Auto Components,BYD,China-Shenzhen,2026
xiang_guangda,Xiang Guangda,项光达,Male,1958.0,China,Industrial Products,Tsingshan,China-Wenzhou,2026
xiang_guangming,Xiang Guangming,项光明,Male,1963.0,China,Energy,Weiming Environment Protection,China-Wenzhou,2026
xiang_guangtong,Xiang Guangtong,项光通,Male,,China,Industrial Products,Tsingshan,China-Wenzhou,2026
xiang_ping,Xiang Ping,向平,Male,1971.0,,Semiconductors,Goke,China-Changsha,2026
xiang_wenbo,Xiang Wenbo,向文波,Male,1962.0,China,Industrial Products,Sany,China-Changsha,2026
xiao_anjiang,Xiao Anjiang,肖安江,Male,1963.0,China,Chemicals,Wujiang,China-Changsha,2026
xiao_chunhong,Xiao Chunhong,,,,,Real Estate,Honglicheng,,2018
xiao_fen,Xiao Fen,,,,,Audio technology,Fenda,,2018
xiao_guoqing,Xiao Guoqing,肖国庆,Male,1968.0,China,Education,China East education,Anhui-Hefei,2021
xiao_hongxing,Xiao Hongxing,肖红星,,,,Industrial Products,Delton Technology,China-Guangzhou,2026
xiao_jianhua,Xiao Jianhua,肖建华,Male,1971.0,China,Investments,Tomorrow Holdings,China-Hong Kong,2022
xiao_jianhua_zhou_hongwen,Xiao Jianhua & Zhou Hongwen,,,,,Investments,Tomorrow,,2018
xiao_keng,Xiao Keng & family,,,,,Audio technology,Fenda,,2017
xiao_riming,Xiao Riming,肖日明,Male,1936.0,China,Industrial Products,Huaming,China-Shanghai,2026
xiao_wen_ge,Xiao Wen'Ge,,,,,Entertainment,DMG,,2018
xiao_wenhui,Xiao Wenhui,肖文慧,Female,1957.0,China,"Mining, Real Estate, Investments",Macrolink ,Beijing-Beijing,2020
xiao_yongming,Xiao Yongming,肖永明,Male,1964.0,China,Metals & Mining,Zangge Mining,China-Geermu,2026
xiao_zijiang,Xiao Zijiang,肖自江,Male,1950.0,China,Chemicals,Wujiang,China-Changsha,2026
xie_bing,Xie Bing,谢炳,Male,1952.0,Hong Kong,Healthcare,Sino Biopharmaceutical,China-Hong Kong,2026
xie_bing_zheng_xiangling,Xie Bing & Zheng Xiangling,,,,,Pharmaceuticals,Sino Biopharmaceutial ,,2018
xie_bingkun,Xie Bingkun,谢秉昆,Male,1966.0,China,Chemicals,Kuncai,China-Fuzhou,2026
xie_bingzheng,Xie Bingzheng,谢秉政,Male,1969.0,China,Consumer Goods,Biemlf,China-Guangdong-Guangzhou,2024
xie_chengrun,Xie Chengrun,谢承润,,1995.0,Hong Kong,Healthcare,Sino Biopharmaceutical,China-Hong Kong,2026
xie_jia,Xie Jia,谢嘉,Male,1983.0,China,Consumer Goods,DJI,China-Shenzhen,2026
xie_juhua,Xie Juhua,谢菊华,Male,1951.0,China,Healthcare,King-friend,China-Nanjing,2026
xie_ketao,Xie Ketao,谢可滔,Male,1964.0,Hong Kong,Education & Training,China Education,China-Hong Kong,2023
xie_liangzhi,Xie Liangzhi,谢良志,Male,1966.0,,Healthcare,Sinocelltech,China-Beijing,2026
xie_s,Xie's,解氏,Male,1961.0,China,Investments,Zhongzhi,China-Beijing,2023
xie_shicai,Xie Shicai,谢识才,Male,1961.0,China,Industrial Products,Boway Alloy Material,China-Ningbo,2026
xie_shihuang,Xie Shihuang,,,,,TMT,"Alibaba, Ant Financial",,2017
xie_weitong,Xie Weitong,谢伟通,Male,1957.0,China,Metals & Mining,Huayou Cobalt,China-Jiaxing,2026
xie_yanling,Xie Yanling,谢燕玲,Female,1975.0,China,Industrial Products,Zhaowei Machinery & Electronic,China-Shenzhen,2026
xie_yi,Xie Yi,谢毅,,1984.0,China,Industrial Products,Tianmai,China-Suzhou,2026
xie_yuerong,Xie Yuerong,谢岳荣,Male,1964.0,China,Consumer Goods,Arrow Home,China-Guangdong-Foshan,2024
xie_zhikun,Xie Zhikun,解直锟,Male,1961.0,China,Investments,Zhongzhi ,Beijing-Beijing,2021
xie_zilong,Xie Zilong,谢子龙,Male,1966.0,China,Retail,Laobaixing,China-Changsha,2023
xin_haoying,Xin Haoying,辛浩鹰,Female,,China,Professional Services,Fengyuzhu,China-Shanghai,2022
xing_lili,Xing Lili,邢丽莉,Female,,China,Pharmaceuticals,3SBio,Liaoning-Shenyang,2020
xiong_fengxiang,Xiong Fengxiang,熊凤祥,Male,1947.0,,Healthcare,Jushi Biosciences,China-Shanghai,2023
xiong_haitao,Xiong Haitao,熊海涛,Female,1964.0,China,Chemicals,Kingfa,China-Guangzhou,2026
xiong_shaoming,Xiong Shaoming,熊少明,Male,1971.0,,Consumer Electronics,Smoore,China-Shenzhen,2022
xiong_wu,Xiong Wu,熊武,Male,1976.0,China,Software & Services,Sangfor,China-Shenzhen,2026
xiong_xianzhong,Xiong Xianzhong,,,,,"Retail, real estate",Hongkelong ,,2018
xiong_xiaochuan,Xiong Xiaochuan,熊小川,Male,1966.0,China,Healthcare,Mehow Innovative,China-Shenzhen,2026
xiong_xiaoge,Xiong Xiaoge,熊晓鸽,Male,1955.0,China,Investments,IDG,China-Beijing,2022
xiong_xuqiang,Xiong Xuqiang,熊续强,Male,,China,Real Estate,Yinyi ,Zhejiang-Ningbo,2019
xiu_laigui,Xiu Laigui,修涞贵,Male,1955.0,Jilin,Healthcare,Xiuzheng,China-Changchun,2026
xiu_laigui_li_yanhua,Xiu Laigui & Li Yanhua,,,,,Pharmaceuticals,Xiuzheng ,,2018
xu_bing,Xu Bing,徐兵,Male,1965.0,,Financial Services,Compass,China-Guangzhou,2026
xu_bingzhong,Xu Bingzhong,徐炳忠,Male,1974.0,China,Food & Beverages,Helens,China-Shenzhen,2023
xu_bo,Xu Bo,徐博,Male,1988.0,China,Industrial Products,Gon Technology,China-Qingdao,2026
xu_bo_2,Xu Bo,徐波,Female,1981.0,China,Media & Entertainment,Duoyi,China-Guangzhou,2026
xu_bo_3,Xu Bo,徐波,Male,1977.0,,Media & Entertainment,Duoyi,China-Guangdong-Guangzhou,2024
xu_changjun,Xu Changjun,徐长军,Male,1964.0,,Business Process Services,Longshine,China-Wuxi,2022
xu_cheng,Xu Cheng,徐乘,Male,1952.0,China,Food & Beverages,Hsu Fu Chi,China-Dongguan,2026
xu_chengchen,Xu Chengchen,许成辰,Male,1988.0,China,Energy,Haili,China-Nantong,2026
xu_chenye,Xu Chenye,许晨晔,Male,1971.0,China,Media & Entertainment,Tencent,China-Shenzhen,2026
xu_dongbo,Xu Dongbo,徐东波,,,,Consumer Goods,Laopu Gold,China-Beijing,2026
xu_duo,Xu Duo,许多,Male,1981.0,China,Industrial Products,Farsoon,China-Changsha,2026
xu_gang,Xu Gang,许刚,Male,1963.0,China,Chemicals,Longmang beililian,China-Henan-Jiaozuo,2024
xu_gaoming,Xu Gaoming,徐高明,,,,Consumer Goods,Laopu Gold,China-Beijing,2026
xu_guanbao,Xu Guanbao,徐观宝,Male,1957.0,China,Chemicals,Chuanhua,China-Hangzhou,2026
xu_guangfu,Xu Guangfu,徐广福,Male,,China,Energy,Daquan,China-Zhenjiang,2026
xu_guanju,Xu Guanju,徐冠巨,Male,1961.0,China,Chemicals,Chuanhua,China-Hangzhou,2026
xu_guifen,Xu Guifen,徐桂芬,Male,1950.0,China,Meat Products,Huangshanghuang,Jiangxi-Nanchang,2021
xu_guozhong,Xu Guozhong,徐国忠,Male,1963.0,China,Industrial Products,Guomao,China-Changzhou,2026
xu_hang,Xu Hang,徐航,Male,1962.0,China,Healthcare,"Mindray, Parkland",China-Shenzhen,2026
xu_haoyu,Xu Haoyu,徐浩宇,Male,1972.0,China,Healthcare,Yangtze River Pharmacy,China-Taizhou,2026
xu_huiqing,Xu Huiqing,许慧卿,Female,1964.0,Hong Kong,Consumer Goods,Manwah,China-Hong Kong,2026
xu_jiangang_xu_feijun,Xu Jiangang & Xu Feijun,,,,,Real Estate,Gangtai,,2018
xu_jiangnan,Xu Jiangnan,许江南,Male,1962.0,Jiangxi,Healthcare,Tianxin Pharmaceutical,China-Jingdezhen,2026
xu_jiankang,Xu Jiankang,许健康,Male,1952.0,China,Developer,Powerlong,China-Shanghai,2022
xu_jiayin,Xu Jiayin,许家印,Male,1958.0,China,Investments,Evergrande,China-Guangzhou,2026
xu_jin,Xu Jin,徐进,Male,1965.0,China,Food & Beverages,Kouzi Distillery,China-Huaibei,2023
xu_jinfu,Xu Jinfu,徐金富,Male,1964.0,China,Chemicals,Tinci Materials,China-Guangzhou,2026
xu_jing,Xu Jing,许晶,Female,1987.0,Jiangxi,Healthcare,Tianxin Pharmaceutical,China-Jingdezhen,2026
xu_jingnan,Xu Jingnan,许景南,Male,1955.0,China,Consumer Goods,Peak,China-Quanzhou,2026
xu_jingren,Xu Jingren,徐镜人,Male,1944.0,China,Pharmaceuticals,Yangtze River Pharmacy ,Jiangsu -Taizhou,2021
xu_lianjie,Xu Lianjie,许连捷,Male,1953.0,China,Consumer Goods,HengAn,Fujian-Quanzhou,2025
xu_maodong,Xu Maodong,,,,,IT,Xu Maodong,,2018
xu_meier,Xu Meier,徐美儿,Female,,,Manufacturing,Tech-New Group,Zhejiang-Jinhua,2019
xu_meijun,Xu Meijun,徐梅钧,Female,1983.0,China,Consumer Goods,Motomotion,China-Changzhou,2026
xu_mingxing,Xu Mingxing,徐明星,Male,1985.0,China,Crypto Exchange,OKG Technology,China-Beijing,2022
xu_ningning,Xu Ningning,许宁宁,Male,1960.0,China,Automobile & Auto Components,Hengshuai,China-Ningbo,2026
xu_pengming,Xu Pengming,,,,,Chemicals,JinmaoTextile Chemicals,,2018
xu_qiming,Xu Qiming ,,,,,"Sea food, real estate, art collection",China Xulong ,,2018
xu_qingkui,Xu Qingkui,许庆奎,Male,,China,Metals & Mining,JiuYang,Shandong-Laiwu,2025
xu_qingkui_xu_yingqiang,Xu Qingkui & Xu Yingqiang,,,,,"Steel, smelt, machinery",JiuYang,,2018
xu_ran,Xu Ran,许冉,,,,Chemicals,Lb Group,China-Jiaozuo,2026
xu_rongmao,Xu Rongmao,许荣茂,Male,1950.0,Hong Kong,Investments,Shimao,China-Hong Kong,2026
xu_ruotong,Xu Ruotong,徐若桐,Female,1997.0,China,Automobile & Auto Components,XuSheng Auto Technology,China-Ningbo,2026
xu_shaochun,Xu Shaochun,徐少春,Male,1963.0,China,Software & Services,Kingdee,China-Shenzhen,2026
xu_shihui,Xu Shihui,许世辉,Male,1957.0,China,Food & Beverages,Dali Foods,China-Quanzhou,2026
xu_shijun,Xu Shijun,许世俊,Male,1963.0,China,Energy,Haili,China-Nantong,2026
xu_shilong,Xu Shilong,徐士龙,Male,1958.0,China,Construction & Engineering,Geoharbour,China-Shanghai,2026
xu_shugen,Xu Shugen,许树根,Male,1965.0,China,Industrial Products,Zhejiangdingli,China-Huzhou,2026
xu_shuguang,Xu Shuguang,徐曙光,Male,1964.0,China,Hospitality,GreenTree Hospitality,Shanghai-Shanghai,2021
xu_su,Xu Su,徐素,Female,1960.0,China,Electrical Equipments,Ocean's King,China-Shenzhen,2022
xu_wangang,Xu Wangang,徐万刚,Male,1966.0,,Online Marketplace,KE,Beijing-Beijing,2021
xu_wanmao,Xu Wanmao,徐万茂,Male,1945.0,China,Consumer Goods,Huamao,China-Ningbo,2026
xu_weiming,Xu Weiming,许伟明,Male,1964.0,China,Retail,Fragrance Group,Singapore-Singapore,2024
xu_xiang,Xu Xiang,徐翔,Male,,China,Energy,Daquan,China-Zhenjiang,2026
xu_xiaoju,Xu Xiaoju,许小菊,Female,1980.0,China,Industrial Products,Yinghe Technology,China-Shenzhen,2026
xu_xiaoping,Xu Xiaoping,徐小平,Male,1956.0,China,Investments,Zhenge,China-Beijing,2022
xu_xiaoqun,Xu Xiaoqun,徐晓群,Female,,China,Developer,Zhongliang,China-Shanghai,2022
xu_xiaoshu,Xu Xiaoshu,许小曙,Male,1954.0,China,Industrial Products,Farsoon,China-Changsha,2026
xu_xin,Xu Xin,,,,,Investments,Capitaltoday,,2018
xu_xin_2,Xu Xin,徐昕,Female,,China,Semiconductors,Changchuan Technology Co,China-Hangzhou,2026
xu_xin_3,Xu Xin,徐新,Male,1966.0,China,Investments,Capitaltoday,China-Shanghai,2026
xu_xin_4,Xu Xin,,,,,Investments,Capitaltoday,,2017
xu_xiong,Xu Xiong,,,,,Education,Eastern Pioneer,,2018
xu_xudong,Xu Xudong,徐旭东,Male,1970.0,China,Financial Services,Far Eastern,Chinese Taipei-New Taipei,2021
xu_xudong_2,Xu Xudong,徐旭东,Male,1970.0,China,Financial Services ,Far Eastern ,ChineseTaipei-New Taipei,2019
xu_xudong_3,Xu Xudong,徐旭东,Male,1970.0,China,Automobile & Auto Components,XuSheng Auto Technology,China-Ningbo,2026
xu_xudong_xu_ruotong,Xu Xudong & Xu Ruotong,,,,,Automobile parts,XuSheng Auto Technology,,2018
xu_yangtian,Xu Yangtian,许仰天,Male,1984.0,China,Retail,Shein,China-Guangzhou,2026
xu_yanming,Xu Yanming,徐延铭,Male,1966.0,China,Batteries,Cosmx,China-Zhuhai,2022
xu_yi,Xu Yi,徐逸,Male,1989.0,China,Entertainment,Bilibili,China-Shanghai,2022
xu_yingqiang,Xu Yingqiang,许英强,Male,,China,Metals & Mining,JiuYang,China-Laiwu,2026
xu_yingzhuo,Xu Yingzhuo,许英灼,Male,1965.0,China,Agriculture,Haid,China-Guangzhou,2026
xu_yong,Xu Yong,徐勇,Male,1964.0,China,Media & Entertainment,Baidu,China-Beijing,2023
xu_yu,Xu Yu,徐宇,Male,1972.0,China,Retail,Trendy International,China-Guangzhou,2026
xu_yu_li_shanhu,Xu Yu & Li Shanhu,,,,,Apparel,Trendy,,2018
xu_yuejuan,Xu Yuejuan,许月娟,Male,,China,Chemicals,RongSheng,China-Hangzhou,2026
xu_yuqing,Xu Yuqing,徐郁清,Female,1949.0,China,Financial Services,Cybernaut,China-Hangzhou,2026
xu_zhenhua,Xu Zhenhua,徐振华,Male,1979.0,China,Media & Entertainment,Moonton,China-Shanghai,2026
xu_zhihan,Xu Zhihan,许志翰,Male,1972.0,China,Semiconductors,Maxscend,China-Wuxi,2026
xu_ziquan_kang_ning,Xu Ziquan & Kang Ning,,,,,TMT,Jetsen,,2018
xue_chi,Xue Chi,薛驰,,1979.0,,Industrial Products,ZTT,China-Nantong,2026
xue_guanglin,Xue Guanglin,薛光林,Male,1967.0,China,"Oil exploitation, oil trading",Brightoil,Guangdong-Shenzhen,2019
xue_hua,Xue Hua,薛华,Male,1970.0,China,Agriculture,Haid,China-Guangzhou,2026
xue_jiping,Xue Jiping,薛济萍,Male,1951.0,China,Industrial Products,ZTT,Jiangsu-Nantong,2025
xue_min,Xue Min,薛敏,Male,,,Healthcare,United Imaging,China-Shanghai,2026
xue_xiangdong,Xue Xiangdong,薛向东,Male,1959.0,China,Software & Services,DHC Digital,China-Beijing,2026
yadu_hari_dalmia,Yadu Hari Dalmia,Yadu Hari Dalmia,Male,1947.0,India,Construction & Engineering,Dalmia Bharat,India-New Delhi,2026
yair_hamburger,Yair Hamburger,,,,,Investments,Harel Group,,2018
yakir_gabay,Yakir Gabay,亚基尔·加贝,Male,,United Kingdom,Real Estate,Aroundtown,UK-London,2026
yan_bin,Yan Bin,严彬,Male,1954.0,China,Food & Beverages,Reignwood,China-Beijing,2026
yan_hao,Yan Hao,严昊,Male,1986.0,China,Construction & Engineering,China Pacific Construction,China-Nanjing,2026
yan_hao_son,Yan Hao son,,Male,1986.0,,Roads,China Pacific Construction,,2016
yan_hongjia,Yan Hongjia,闫洪嘉,Male,1980.0,China,Energy,Yuze,Yunnan-Chuxiong,2025
yan_jianjun,Yan Jianjun,严健军,Male,1965.0,China,Investments,Zenitek,China-Shanghai,2026
yan_jianya,Yan Jianya,严建亚,Male,1966.0,China,Healthcare,Giant Biogene,China-Xi'an,2026
yan_jiehe_yan_hao_son,Yan Jiehe、Yan Hao son,,Male、Male,,,Infrastructure,China Pacific Construction Croup,,2015
yan_jinggang,Yan Jinggang,,,,,Building material,Zhongji,,2018
yan_junbo,Yan Junbo,严俊波,Male,,China,"Food, education",Haoji,Sichuan-Chengdu,2019
yan_junjie,Yan Junjie,阎俊杰,Male,1964.0,China,Artificial Intelligence,Minimax,China-Shanghai,2026
yan_junxu,Yan Junxu,严俊旭,Male,1969.0,China,Energy,Titan,China-Shanghai,2023
yan_li,Yan Li,严立,Female,1968.0,China,Software & Services,Venustech,China-Beijing,2024
yan_meng,Yan Meng,严孟,Male,1980.0,,Consumer Durables,Transsion,Guangdong-Shenzhen,2021
yan_min,Yan Min,颜敏,Female,,China,Automobile & Auto Components,Xiaokang,China-Chongqing,2026
yan_xijun,Yan Xijun,闫希军,Male,1953.0,China,Healthcare,Tasly,China-Tianjin,2026
yan_xin,Yan Xin,严昕,Female,1983.0,China,Construction & Engineering,Susun,China-Huaian,2026
yan_xiuhui,Yan Xiuhui,龑秀惠,Female,,Hong Kong,Industrial Products,Xinyi Glass,China-Hong Kong,2023
yan_yude,Yan Yude,严玉德,Male,,China,"Education, real estate",Derui Enterprise,Chongqing-Chongqing,2019
yan_zhi,Yan Zhi,阎志,Male,1972.0,China,Real Estate,Zhuoer,China-Wuhan,2026
yang_aihua,Yang Aihua,杨爱华,Male,1961.0,China,Automobile Distribution,Baoxin,China-Shanghai,2022
yang_bing,Yang Bing,杨冰,Male,1985.0,China,Retail,Dewu,China-Shanghai,2026
yang_bo,Yang Bo,杨波,Male,1981.0,China,Industrial Products,Hoymiles,China-Hangzhou,2023
yang_er_zhu,Yang Er'Zhu,,,,,Real estate,Country Garden,,2018
yang_erzhu,Yang Erzhu,杨贰珠,Male,1958.0,China,Real Estate,Country Garden,China-Foshan,2023
yang_fang,Yang Fang,杨芳,,1972.0,,Retail,Easyhome,China-Beijing,2026
yang_fei,Yang Fei,杨飞,Male,1972.0,Liaoning,Healthcare,Haisco Pharmaceutical,China-Shenyang,2026
yang_haoyong,Yang Haoyong,杨浩涌,Male,1974.0,China,Retail,Cars,Beijing-Beijing,2025
yang_hongchun,Yang Hongchun,杨红春,Male,1973.0,,Food Processing,Bestore,Hubei-Wuhan,2021
yang_huiyan,Yang Huiyan,杨惠妍,Female,1981.0,China,Investments,Country Garden,China-Foshan,2026
yang_jian,Yang Jian,杨剑,Male,1971.0,China,Developer,Zhongliang,China-Shanghai,2022
yang_jianliang,Yang Jianliang,杨建良,Male,1969.0,China,Industrial Products,Hoyuan Green Energy,China-Wuxi,2026
yang_jianxin,Yang Jianxin,杨建新,Male,1969.0,China,E-commerce,KJT,Zhejiang-Ningbo,2020
yang_jianxin_fan_meihua,Yang Jianxin & Fan Meihua,,,,,E-commerce,KJT,,2018
yang_kai,Yang Kai,,,,,Food & Beverages,Huishan Dairy,,2017
yang_keng,Yang Keng,杨铿,Male,1962.0,China,Developer,Languan ,Sichuan-Chengdu,2021
yang_lijuan,Yang Lijuan,杨利娟,Male,1978.0,China,Restaurant,Haidilao,Beijing-Beijing,2021
yang_lin,Yang Lin,杨林,Male,1959.0,,Consumer Goods,VeSync,USA-Anaheim,2023
yang_longzhong,Yang Longzhong,杨龙忠,Male,1966.0,China,E-Cars,BYD,Guangdong-Shenzhen,2021
yang_meirong,Yang Meirong,,,,,Education,Bright schola,,2018
yang_meng,Yang Meng,阳萌,Male,1982.0,,Retail,Anker,China-Changsha,2026
yang_qiumei,Yang Qiumei,杨秋梅,,,,Artificial Intelligence,SenseTime,China-Hong Kong,2026
yang_shaopeng,Yang Shaopeng,杨绍鹏,Male,1956.0,China,Transportation & Logistics,SITC Maritime,China-Shanghai,2026
yang_shouhai,Yang Shouhai,,,,,"Pesticides, chemicals",Redsun,,2018
yang_shuping,Yang Shuping & Family,,,,,Real estate,Chengqi,,2018
yang_tao,Yang Tao,杨涛,Female,1987.0,China,Toys,Pop Mart,Beijing-Beijing,2021
yang_tingdong,Yang Tingdong,杨廷栋,Male,1960.0,China,Alcohol,Yanghe,China-Nanjing,2022
yang_weidong,Yang Weidong,杨卫东,Male,1968.0,China,Chemicals,Zhejiang Satellite Petro Chemical,China-Jiaxing,2026
yang_weidong_yang_yazhen,Yang Weidong & Yang Yazhen,,,,,Chemicals,Zhejiang Satellite Petro Chemical,,2018
yang_wenlong,Yang Wenlong,杨文龙,Male,1962.0,China,Healthcare,Renhe,China-Yichun,2023
yang_xia,Yang Xia,杨霞,Female,1974.0,China,Healthcare,Jinbo,China-Taiyuan,2026
yang_xiaoling,Yang Xiaoling,杨小玲,Female,,China,Estate Holding,Hualing  ,Xinjiang-Urumchi,2021
yang_xiaoqing,Yang Xiaoqing,杨小青,Female,,China,Real Estate,RiseSun,Hebei-Langfang,2025
yang_xuegang,Yang Xuegang,杨雪岗,Male,1965.0,China,Chemicals,Risun,China-Xingtai,2026
yang_xuegang_lu_xiaomei,Yang Xuegang & Lu Xiaomei ,,,,,"Coal, chemicals",Yang Xuegang & Lu Xiaomei ,,2018
yang_yazhen,Yang Yazhen,杨亚珍,Female,1968.0,China,Chemicals,Zhejiang Satellite Petro Chemical,China-Jiaxing,2026
yang_yi,Yang Yi,杨艺,Female,1970.0,China,Industrial Products,Luster Lighttech,China-Beijing,2026
yang_ying,Yang Ying,杨英,Male,1963.0,,Education & Training,New Talent,China-Beijing,2026
yang_yingchun,Yang Yingchun,杨迎春,Male,1964.0,China,Chemicals,Jinhe,China-Chuzhou,2022
yang_yuanqing,Yang Yuanqing,杨元庆,Male,1964.0,China,Consumer Goods,Lenovo,China-Beijing,2026
yang_yuanxi,Yang Yuanxi,杨远熙,Male,,China,Entertainment,Kuaishou Technology,Beijing-Beijing,2021
yang_yun,Yang Yun,杨云,Female,1981.0,China,Software & Services,Huace,China-Shanghai,2026
yang_yunchun,Yang Yunchun,杨云春,Male,1969.0,China,Semiconductors,Sai MicroElectronics,China-Beijing,2026
yang_zhao,Yang Zhao,杨钊,Male,1947.0,Hong Kong,Consumer Goods,Glorious Sun,China-Hong Kong,2026
yang_zhiling,Yang Zhiling,杨植麟,,,,Artificial Intelligence,Moonshot AI,China-Beijing,2026
yang_zhimao,Yang Zhimao,杨志茂,Male,1963.0,China,Investments,New Century Science and Education,Guangdong-Dongguan,2025
yang_zhimao_zhu_fenglian,Yang Zhimao & Zhu Fenglian,,,,,"Real Estate, Investments",Xin Shiji,,2018
yao_chu_shiang,Yao Chu-Shiang,姚祖骧,,,,Construction & Engineering,L&K Engineering,China-New Taipei,2026
yao_hsiao_tung,Yao Hsiao Tung,Yao Hsiao Tung,Male,1940.0,Singapore,Industrial Products,Hi-P International,Singapore-Singapore,2026
yao_jinbo,Yao Jinbo,姚劲波,Male,1976.0,China,Software & Services,Wuba,China-Beijing,2023
yao_jinlong,Yao Jinlong,姚金龙,,1961.0,,Industrial Products,Zhaolong,China-Huzhou,2026
yao_junliang,Yao Junliang,姚俊良,Male,1953.0,China,Energy,Meijing Energy,China-Taiyuan,2026
yao_kuizhang,Yao Kuizhang,姚奎章,Male,1965.0,China,Food & Beverages,Yangyuan,China-Hengshui,2026
yao_liangbai,Yao Liangbai,姚良柏,Male,1969.0,China,Consumer Goods,Oppein,China-Guangzhou,2023
yao_liangsong,Yao Liangsong,姚良松,Male,1964.0,China,Consumer Goods,Oppein,China-Guangzhou,2026
yao_lisheng,Yao Lisheng,姚立生,Male,1970.0,,Semiconductors,Maxscend,China-Wuxi,2022
yao_qiyong,Yao Qiyong,姚其湧,Male,1964.0,China,Investments,Jumbo Sheen,Guangdong-Shenzhen,2025
yao_wenchen,Yao Wenchen,姚文琛,Male,1951.0,China,Media & Entertainment,Yaoji,China-Shanghai,2026
yao_xinquan,Yao Xinquan,,,,,"Manufacturing, energy ",DunAn ,,2018
yao_xinyi,Yao Xinyi ,,,,,"Manufacturing, energy ",DunAn ,,2018
yao_xiongjie,Yao Xiongjie,姚雄杰,Male,,China,Metals & Mining,Chengtun,China-Shenzhen,2026
yao_yi,Yao Yi,姚毅,Male,1965.0,China,Industrial Products,Luster Lighttech,China-Beijing,2026
yao_zhenhua,Yao Zhenhua,姚振华,Male,1970.0,China,Investments,Baoneng,Guangdong-Shenzhen,2021
yasseen_mansour,Yasseen Mansour,亚森·曼苏尔,Male,1961.0,Egypt,Retail,Mansour Group,Egypt-Cairo,2026
yasuhide_uno,Yasuhide Uno,Yasuhide Uno,,,,Media & Entertainment,U-Next Holdings,Japan-Tokyo,2026
yasuhiro_fukushima,Yasuhiro Fukushima,Yasuhiro Fukushima,Male,1948.0,Japan,Media & Entertainment,Square Enix Holdings,Japan-Tokyo,2026
yasuhisa_ito,Yasuhisa Ito,Yasuhisa Ito,,,,Retail,Seven & I,Japan-Tokyo,2026
yasuko_uchiyama,Yasuko Uchiyama,Yasuko Uchiyama,Male,,Japan,Semiconductors,Lasertec,Japan-Tokyo,2022
yasumitsu_shigeta,Yasumitsu Shigeta,吉田康光,Male,1965.0,Japan,Software & Services,JustSystems Corp,Japan-Tokyo,2026
yat_gai_au,Yat-Gai Au,区一佳,,1972.0,,Healthcare,Regencell,China-Hong Kong,2026
ye_biao,Ye Biao,叶标,Male,1970.0,,Heavy Electrical Equipment,Zhefu Holding,China-Hangzhou,2022
ye_cheng,Ye Cheng,叶成,Male,1962.0,China,Petrochemicals,Landbridge,Shandong-Rizhao,2021
ye_chenghai,Ye Chenghai,叶澄海,Male,1943.0,China,Healthcare,Salubris Pharmaceuticals,China-Shenzhen,2026
ye_chenghai_liao_qingqing,Ye Chenghai & Liao Qingqing,,,,,Pharmaceuticals,Salubris Pharmaceuticals,,2018
ye_delin,Ye Delin,叶德林,Male,1968.0,China,Construction & Engineering,New Pearl,China-Foshan,2026
ye_fan,Ye Fan,叶帆,Male,1972.0,China,Retail,MeiDong Auto,China-Dongguan,2023
ye_gang,Ye Gang,叶刚,Male,1981.0,Singapore,Media & Entertainment,Sea,Singapore-Singapore,2026
ye_guofu,Ye Guofu,叶国富,Male,1977.0,China,Retail,Miniso,China-Guangzhou,2026
ye_lipei,Ye Lipei,叶立培,Male,1944.0,Hong Kong,Investments,Super Ocean,China-Hong Kong,2026
ye_qiongjiu,Ye Qiongjiu,叶琼玖,Male,1954.0,China,Software & Services,Hithink RoyalFlush,China-Hangzhou,2026
ye_xiaoping,Ye Xiaoping,叶小平,Male,1963.0,China,Healthcare,Tigermed,China-Hangzhou,2026
ye_yanqiao,Ye Yanqiao,叶燕桥,Male,1969.0,China,Food & Beverages,Haitian,China-Foshan,2023
ye_yuanxi,Ye Yuanxi,,,,,Decoration ,Grandland,,2018
yeh_kuo_i,Yeh Kuo-I,叶国一,Male,1941.0,Taiwan,Consumer Goods,Inventec,China-Taipei,2026
yen_chen_lilian,Yen Chen Lilian,严陈莉莲,Female,1965.0,Taiwan,Automobile & Auto Components,Yulon,China-New Taipei,2026
yeoh_tiong_lay,Yeoh Tiong Lay & family,,,,,Construction,Ytl Corporation,,2017
yepern_chen,Yepern Chen,Yepern Chen,Male,,Cambodia,Media & Entertainment,NagaCorp,Cambodia--,2024
yeung_kin_man,Yeung Kin Man & Family,,,,,Manufacturing,Biel Crystal Manufactory,,2018
yeung_kin_man_2,Yeung Kin Man,,,,,Manufacturing,Biel Crystal Manufactory,,2017
yeung_kin_man_3,Yeung Kin Man,杨建文,Male,,Hong Kong,Industrial Products,Biel Crystal,China-Hong Kong,2026
yeung_kin_man_4,Yeung Kin Man,杨建文,Male,1953.0,Hong Kong,Industrial Products,Cngr,China-Hunan-Changsha,2024
yi_dasheng,Yi Dasheng,易大盛,Male,1961.0,China,Retail,Fuxing,China-Changsha,2026
yi_rubo,Yi Rubo,易如波,Male,1976.0,China,Real Estate,Zhongall,China-Chongqing,2023
yi_xianzhong,Yi Xianzhong,易贤忠,Male,1959.0,China,Healthcare,Bio-Thera,China-Guangzhou,2026
yi_zhen,Yi Zhen,易峥,Male,1970.0,China,Software & Services,Hithink RoyalFlush,China-Hangzhou,2026
yikang_sun,Yikang Sun,Yikang Sun,Male,,China,Retail,Suntek,China-Guangdong-Shenzhen,2024
yin_mingshan,Yin Mingshan,尹明善,Male,1938.0,China,"Motorcycles, automobile, investment",Lifan ,Sichuan-Chengdu,2019
yin_qi,Yin Qi,印奇,Male,1988.0,China,Automobile & Auto Components,Qianli,China-Beijing,2026
yin_tongyue,Yin Tongyue,尹同跃,,1962.0,,Automobile & Auto Components,Chery,China-Wuhu,2026
yin_xin,Yin Xin,银鑫,Male,1985.0,China,Media,Kuaishou Technology,China-Beijing,2022
ying_jianren,Ying Jianren,应建仁,Male,,China,Manufacturing,Tech-New Group,Zhejiang-Jinhua,2019
ying_jianren_xu_meier,Ying Jianren & Xu Meier,,,,,"Car manufacturing,  Real estate",Tech-New Group,,2018
ying_shuling,Ying Shuling,应书岭,Male,1981.0,China,Media & Entertainment,Yingxiong,China-Beijing,2026
yinon_costica,Yinon Costica,Yinon Costica,,,,Software & Services,Wiz,Israel-Tel Aviv,2026
yitzhak_tshuva,Yitzhak Tshuva,伊扎克·舒瓦,Male,1948.0,Israel,Energy,Delek Group,Israel-Netanya,2026
yogesh_mathradas_kothari,Yogesh Mathradas Kothari,Yogesh Mathradas Kothari,Male,1950.0,India,Chemicals,Alkyl Amines Chemicals,India-Mumbai,2024
yoichi_erikawa,Yoichi Erikawa,Yoichi Erikawa,,,,Software & Services,Koei,Japan-Yokohama City,2026
yokyu_kanazawa,Yokyu Kanazawa,金沢由纪,Male,,Japan,Entertainment,Sanyo Bussan,,2019
yoni_nahmad,Yoni Nahmad,Yoni Nahmad,Male,2000.0,Monaco,Investments,Art Collector,Monaco-Monte Carlo,2026
yoo_jung_hyun,Yoo Jung Hyun,尹俊铉,Female,,South Korea,Media & Entertainment,Nexon,South Korea-Jeju-do,2026
yoshiaki_yoshida,Yoshiaki Yoshida,Yoshiaki Yoshida,Male,1940.0,Japan,Retail,DHC,Japan-Tokyo,2026
yoshikazu_tanaka,Yoshikazu Tanaka,,,,,Technology,Gree International,,2018
yoshiko_mori,Yoshiko Mori,森佳子,Male,,Japan,Real Estate,Mori Building,Japan-Tokyo,2026
yoshiko_shinohara,Yoshiko Shinohara,,,,,Staffing,Persol Holdings,,2018
yoshio_tsuchiya,Yoshio Tsuchiya,Yoshio Tsuchiya,Male,1933.0,Japan,Multi-Brand Retail,Beisia Group,,2021
you_jie,You Jie,游捷,Female,,China,Healthcare,Haohai,Shanghai-Shanghai,2025
you_jinhuan,You Jinhuan,尤金焕,Male,,,Chemicals,Huafeng,China-Wenzhou,2026
you_xiaohua,You Xiaohua,尤小华,Male,,,Chemicals,Huafeng,China-Wenzhou,2026
you_xiaoping,You Xiaoping,尤小平,Male,1958.0,China,Chemicals,Huafeng,China-Wenzhou,2026
youssef_mansour,Youssef Mansour,优斯福·曼苏尔,Male,,Egypt,Retail,Mansour Group,Egypt-Cairo,2026
yousuf_mohammad_jamjoom,Yousuf Mohammad Jamjoom,Yousuf Mohammad Jamjoom,Male,1929.0,Saudi Arabia,Healthcare,Jamjoom Pharmaceuticals Factory Company,Saudi Arabia-Jeddah,2026
yu_dechao,Yu Dechao,俞德超,Male,1964.0,China,Healthcare,Innovent,China-Suzhou,2026
yu_dong,Yu Dong,,,,,Entertainment,Yu Dong,,2018
yu_faxiang,Yu Faxiang,俞发祥,Male,1971.0,China,Construction & Engineering,Sunriver,Zhejiang-Shaoxing,2025
yu_faxin,Yu Faxin,郁发新,Male,1974.0,China,Semiconductors,Great Microwave,China-Hangzhou,2026
yu_feng,Yu Feng,虞锋,Male,1963.0,China,Investments,Yunfeng Capital,China-Shanghai,2026
yu_guo,Yu Guo,于果,Male,1962.0,Hong Kong,Education & Training,China Education,China-Hong Kong,2023
yu_guomei,Yu Guomei,俞国梅,Female,1963.0,China,Automobile & Auto Components,Hengshuai,China-Ningbo,2026
yu_guoxiang,Yu Guoxiang,郁国祥,Male,1970.0,China,Investments,New Hengde,China-Shanghai,2026
yu_haijun,Yu Haijun,余海军,Male,1974.0,China,Retail,Baolide,China-Hangzhou,2023
yu_hao,Yu Hao,俞浩,Male,1987.0,China,Consumer Goods,Dreame,China-Suzhou,2026
yu_haomiao,Yu Haomiao,于浩淼,Male,1971.0,China,Software & Services,Hithink RoyalFlush,China-Hangzhou,2026
yu_huijiao,Yu Huijiao,喻会蛟,Male,1966.0,China,Transportation & Logistics,YTO,China-Shanghai,2026
yu_huijiao_zhang_xiaojuan,Yu Huijiao & Zhang Xiaojuan,,,,,Express delivery,YTO,,2018
yu_jinkun,Yu Jinkun,俞金坤,Male,1943.0,China,Industrial Products,Ktk,China-Changzhou,2026
yu_jiqun,Yu Jiqun,虞纪群,Male,1962.0,,Metals & Mining,Yongjin Metal Technology,China-Jinhua,2022
yu_kai,Yu Kai,余凯,Male,,China,Semiconductors,Horizon,China-Beijing,2026
yu_lili,Yu Lili,喻丽丽,Female,1970.0,China,Semiconductors,Jingjia Mirco,China-Guangzhou,2026
yu_minhong,Yu Minhong,俞敏洪,Male,1962.0,China,Education & Training,New Oriental,China-Beijing,2026
yu_peidi_yu_li,Yu Peidi & Yu Li,,,,,Real estate,Dongfu ,,2018
yu_qibing,Yu Qibing,俞其兵,Male,1965.0,China,Industrial Products,Qibing,China-Ningbo,2026
yu_qinfen,Yu Qinfen,郁琴芬,Female,,China,Consumer Goods,Jiangsu Sunshine,China-Wuxi,2023
yu_renrong,Yu Renrong,虞仁荣,Male,1966.0,China,Semiconductors,Will,China-Shanghai,2026
yu_rong,Yu Rong,俞熔,Male,1971.0,China,Healthcare,Health 100,China-Shanghai,2026
yu_songbo,Yu Songbo,虞松波,Male,,China,Real Estate,Herun ,Zhejiang-Zhoushan,2020
yu_xiaoning,Yu Xiaoning,于晓宁,Male,1967.0,China,Industrial Products,Dawn Polymer,China-Yantai,2026
yu_xuefeng,Yu Xuefeng,宇学峰,Male,1964.0,,Biotechnology,CanSino Biologics,Tianjin-Tianjin,2021
yu_yong,Yu Yong,于泳,Male,,China,Metals & Mining,Cathay Fortune,China-Shanghai,2026
yu_yuelei,Yu Yuelei,俞越蕾,Female,1963.0,China,Automobile & Auto Components,XCC Group,China-Shaoxing,2026
yu_zhuyun,Yu Zhuyun,余竹云,Male,1973.0,China,Construction & Engineering,Central Holding,China-Hefei,2026
yuan_dexiu,Yuan Dexiu,袁德秀,Female,,,Auto Components,Zongshen ,Chongqing-Chongqing,2021
yuan_fugen,Yuan Fugen,袁富根,Male,1950.0,China,Industrial Products,Dongshan Precision Manufacturing,China-Suzhou,2026
yuan_guibao,Yuan Guibao,袁桂宝,Male,,,Real Estate,Hongbao,China-Henan-Zhengzhou,2024
yuan_jiandong,Yuan Jiandong,袁建栋,Male,1970.0,China,Healthcare,Brightgene,China-Suzhou,2026
yuan_jiangtao,Yuan Jiangtao,袁江涛,Male,,China,Semiconductors,JLC,China-Shenzhen,2026
yuan_jing,Yuan Jing,袁菁,Male,1980.0,China,Media & Entertainment,Moonton,China-Shanghai,2026
yuan_jinhua,Yuan Jinhua,袁金华,Male,1959.0,China,Machinery,Sany ,Beijing-Beijing,2021
yuan_liping,Yuan Liping,袁莉萍,Male,1971.0,,Healthcare,Kangtai Biological,Canada-Canada,2024
yuan_liyu,Yuan Liyu,袁黎雨,Male,1960.0,,Industrial Products,Orient Wires & Cables,China-Ningbo,2023
yuan_shuai,Yuan Shuai,袁帅,Male,1987.0,China,Media & Entertainment,Lilith,China-Shanghai,2026
yuan_song,Yuan Song,袁嵩,Male,1981.0,China,Chemicals,Sailun,China-Qingdao,2026
yuan_weiwei,Yuan Weiwei,袁微微,,1972.0,,Industrial Products,Jwipc,China-Shenzhen,2026
yuan_yafei,Yuan Yafei,,,,,Retail,Sunpower,,2018
yuan_yongbin,Yuan Yongbin,袁永彬,Male,1962.0,,Automobile & Auto Components,Bethel,China-Wuhu,2026
yuan_zheng,Yuan Zheng,袁征,Male,1970.0,United States,Software & Services,Zoom,USA-San Francisco,2026
yuan_zhilun,Yuan Zhilun,袁志伦,Male,1964.0,China,Metals & Mining,Bosai Minerals,China-Chongqing,2026
yuan_zhimin,Yuan Zhimin,袁志敏,Male,1961.0,China,Chemicals,Kingfa,China-Guangzhou,2026
yuan_zhimin_xiong_haitao,Yuan Zhimin & Xiong Haitao,,,,,Plastic ,Kingfa,,2018
yuan_zhongxue,Yuan Zhongxue,袁仲雪,Male,1955.0,China,Chemicals,Sailun,China-Qingdao,2026
yuji_otsuka,Yuji Otsuka,大冢雄二,Male,,Japan,Healthcare,Otsuka,Japan-Tokyo,2026
yung_chu_kuen,Yung Chu-Kuen,荣智权,,,,Financial Services,SCSB,China-Taipei,2026
yupa_chiaravanond,Yupa Chiaravanond,尤帕·奇亚拉瓦诺德,Female,,Thailand,Food & Beverages,CP Group,,2021
yuqing_jing,YUQING JING,靖宇清,Female,1962.0,China,Industrial Products,Jinpan Smart Technology,China-Haikou,2026
yuri_gushchin,Yuri Gushchin,Yuri Gushchin,Male,1945.0,Seychelles,Food & Beverages,United Confectioners,Seychelles-Beau Vallon,2023
yuri_karptsov,Yuri Karptsov,Yuri Karptsov,,,,Retail,DNS Retail,Russia-Vladivostok,2026
yuri_kovalchuk,Yuri Kovalchuk,Yuri Kovalchuk,Male,1952.0,Russia,Financial Services,Sogaz,Russia-St. Petersburg,2026
yuri_milner,Yuri Milner,Yuri Milner,Male,1962.0,United States,Media & Entertainment,Mail.ru,USA-Los Angeles,2026
yuri_shefler,Yuri Shefler,Yuri Shefler,Male,1968.0,Switzerland,Food & Beverages,SPI Group,Switzerland-Geneva,2026
yuriy_kosiuk,Yuriy Kosiuk,尤里·科修克,Male,,Ukraine,Food & Beverages,MHP,,2020
yusaku_maezawa,Yusaku Maezawa,前泽由坂,Male,1975.0,Japan,Retail,Start Today,Japan-Chiba,2026
yusuf_hamied,Yusuf Hamied,优素福·哈米德,Male,,India,Healthcare,Cipla,India-Mumbai,2026
yves_loic_martin,Yves-Loic Martin,Yves-Loic Martin,Male,1966.0,France,Healthcare,Eurofins Scientific,France-Nantes,2026
yvon_chouinard,Yvon Chouinard,伊冯·乔伊纳尔,Male,,United States,Sportswear,Patagonia,USA-Ventura,2022
yvonne_bauer,Yvonne Bauer,伊冯·鲍尔,Female,,Germany,Media & Entertainment,Bauer Media,Germany-Hamburg,2026
zac_fried,Zac Fried & Family,,,,,Retail,Spotlight Retail,,2018
zach_mcleroy,Zach Mcleroy,Zach Mcleroy,Male,1962.0,United States,Food & Beverages,Zaxby,USA-Bogart,2026
zachary_stern,Zachary Stern,Zachary Stern,Male,1981.0,United States,Food & Beverages,Constellation Brands,USA-Jackson,2026
zadik_bino,Zadik Bino,Zadik Bino,Male,1944.0,Israel,Energy,Paz Oil,Israel-Tel Aviv,2026
zak_calisto,Zak Calisto,Zak Calisto,Male,1966.0,South Africa,Software & Services,Karooooo,South Africa-Johannesburg,2026
zakhar_smushkin,Zakhar Smushkin,Zakhar Smushkin,Male,1962.0,Russia,Paper & Forest Products,Ilim Group,Russia-St. Petersburg,2026
zameer_choudrey,Zameer Choudrey & Family,,,,,Retail,Bestway,,2018
zan_shengda,Zan Shengda,昝圣达,Male,1963.0,China,Investments,Zongyi,China-Nantong,2026
zang_jianjun,Zang Jianjun,,,,,Energy,Huaxin,,2018
zarakh_iliev,Zarakh Iliev,扎拉赫·伊利耶夫,Male,1966.0,Russia,Real Estate,Kievskaya Ploschad,Russia-Moscow,2026
zbigniew_juroszek,Zbigniew Juroszek,Zbigniew Juroszek,Male,1962.0,Poland,Media & Entertainment,STS,Poland-Cieszyn,2026
zeki_zorlu,Zeki Zorlu,泽基·祖鲁,Male,,Turkey,Energy,Zorlu,,2020
zelimkhan_mutsoev,Zelimkhan Mutsoev,泽利姆汗·穆索夫,Male,,Russia,Metals & Mining,Polyus Gold,,2021
zen_weixiong,Zen Weixiong,曾伟雄,Male,1968.0,China,Medical Diagnostics,Labway,China-Shanghai,2022
zeng_baobao,Zeng Baobao,曾宝宝,Male,1971.0,China,Real Estate,Fantasia  ,Guangdong-Zhuhai,2020
zeng_fangqin,Zeng Fangqin,曾芳勤,Female,1965.0,China,Industrial Products,Lingyi Itech,China-Shenzhen,2026
zeng_huansha,Zeng Huansha,曾焕沙,Male,1967.0,China,Developer,Redsun,China-Shanghai,2022
zeng_jijiang,Zeng Jijiang,曾继疆,Male,1962.0,China,Semiconductors,Hongda,China-Zhuzhou,2026
zeng_kaitian,Zeng Kaitian,曾开天,Male,,China,Media & Entertainment,37 Interactive Entertainment,China-Guangzhou,2026
zeng_lingshan,Zeng Lingshan,曾令山,Male,,China,"Pharmaceuticals, investments",Creat ,Beijing-Beijing,2019
zeng_suqing,Zeng Suqing,,,,,Real estate,RSUN,,2018
zeng_wanhui,Zeng Wanhui,曾万辉,Male,1968.0,China,Semiconductors,Jingjia Mirco,China-Guangzhou,2026
zeng_wanhui_yu_lili,Zeng Wanhui & Yu Lili,,,,,Manufacturing,Jingjia Mirco,,2018
zeng_xiaoshan,Zeng Xiaoshan,曾小山,Male,1945.0,China,Metals & Mining,Zengshi,China-Changsha,2026
zeng_yuqun,Zeng Yuqun,曾毓群,Male,1968.0,China,Energy,CATL,China-Ningde,2026
zhai_li,Zhai Li,翟立,Female,1971.0,China,Investments,Tonghua ,Shanghai-Shanghai,2020
zhai_meiqing,Zhai Meiqing,翟美卿,Female,1964.0,China,Real Estate,Heung Kong,China-Shenzhen,2026
zhan_guohai,Zhan Guohai,詹国海,Male,1968.0,China,Chemicals,Xinhai,China-Hebei,2026
zhan_ketuan,Zhan Ketuan,詹克团,Male,1979.0,China,Crypto Currency,Bitmain,China-Beijing,2022
zhang_anqiang,Zhang Anqiang,,,,,Automobiles & Auto Components,Duolun,,2017
zhang_bangxin,Zhang Bangxin,张邦鑫,Male,1980.0,China,Education & Training,TAL Education,China-Beijing,2026
zhang_baoquan,Zhang Baoquan,张宝全,Male,1957.0,China,Estate Holding,Jindian,China-Beijing,2022
zhang_baoquan_wang_qiuyang,Zhang Baoquan & Wang Qiuyang ,,,,,Real Estate,Jindian ,,2018
zhang_bo,Zhang Bo,张波,Male,,China,Metals & Mining,Weiqiao Pioneering,China-Binzhou,2026
zhang_changhong,Zhang Changhong,张长虹,Female,1961.0,China,Software & Services,Dzh,China-Shanghai,2026
zhang_changhong_2,Zhang Changhong,,,,,TMT,Dazhihui,,2017
zhang_changhong_3,Zhang Changhong,张长虹,Male,1958.0,,Data,DZH,Shanghai-Shanghai,2021
zhang_chaoyang,Zhang Chaoyang,,,,,"IT, Entertainment",Zhang Chaoyang,,2018
zhang_chuanwei,Zhang Chuanwei,张传卫,Male,1962.0,China,Industrial Products,MingYang Smart Energy,China-Zhongshan,2026
zhang_congyuan,Zhang Congyuan,张聪渊,Male,1948.0,China,Consumer Goods,Huali Industrial,China-Zhongshan,2026
zhang_daocai,Zhang Daocai,张道才,Male,1950.0,China,Automobile & Auto Components,Sanhua,China-Shaoxing,2026
zhang_dazhong,Zhang Dazhong,张大中,Male,1948.0,China,Investments,Dazhong,China-Beijing,2024
zhang_dean,Zhang Dean,张德安,Male,1966.0,China,Automobile Distribution,Yongda Automobiles,Shanghai-Shanghai,2021
zhang_desheng,Zhang Desheng,张德生,Male,1949.0,China,Industrial Products,Wanma,China-Hangzhou,2026
zhang_donghai,Zhang Donghai,张东海,Male,1970.0,China,Energy,Yitai,China-Ordos,2026
zhang_fan,Zhang Fan,张帆,Male,1965.0,China,Semiconductors,Goodix,China-Shenzhen,2026
zhang_fangliang,Zhang Fangliang,章方良,Male,1964.0,China,Healthcare,Genscript,China-Nanjing,2023
zhang_feng,Zhang Feng,张峰,Male,1972.0,China,Automobile & Auto Components,XCC Group,China-Shaoxing,2026
zhang_foen,Zhang Foen,,,,,Real estate,Dragon Spring ,,2018
zhang_gang,Zhang Gang,张刚,Male,1981.0,China,Metals & Mining,Xinfalyudian,China-Liaocheng,2026
zhang_gege,Zhang Gege,张格格,Female,1993.0,China,Automobile & Auto Components,Aima,China-Tianjin,2026
zhang_gongyun,Zhang Gongyun,张恭运,Male,1963.0,China,Industrial Products,Himile,China-Weifang,2026
zhang_guiping,Zhang Guiping,张桂平,Male,1951.0,China,Developer,Suning Universal,China-Nanjing,2022
zhang_guiping_zhang_kangli,Zhang Guiping & Zhang Kangli,,,,,Real Estate,Suning Universal,,2018
zhang_guobiao,Zhang Guobiao,张国标,Male,1960.0,China,Investments,Forchn,China-Shanghai,2023
zhang_guoshan,Zhang Guoshan,张国山,Male,1959.0,China,Industrial Products,Tongfei Refrigeration,China-Hebei,2026
zhang_guotao,Zhang Guotao,张国涛,Male,1985.0,China,Retail,DR,China-Shenzhen,2026
zhang_hanbing,Zhang Hanbing,张含冰,Male,,China,Energy,Csi,China-Suzhou,2026
zhang_hao,Zhang Hao,张昊,Male,1987.0,China,Media & Entertainment,Lilith,China-Shanghai,2026
zhang_hejun,Zhang Hejun,张和君,Male,1952.0,China,Industrial Products,Deye Technology,China-Ningbo,2026
zhang_hong,Zhang Hong,张虹,Female,1960.0,China,Industrial Products,First,China-Hangzhou,2026
zhang_hongchao,Zhang Hongchao,张红超,Male,1978.0,China,Food & Beverages,MXBC,China-Zhengzhou,2026
zhang_hongfu,Zhang Hongfu,张红甫,Male,1985.0,China,Food & Beverages,MXBC,China-Zhengzhou,2026
zhang_hongliang,Zhang Hongliang,张宏亮,Male,,,Automobiles & Auto Components,Hawtai Motor,Beijing-Beijing,2019
zhang_hongwei,Zhang Hongwei,张宏伟,Male,1954.0,China,Energy,Orient,Beijing-Beijing,2025
zhang_hongxia,Zhang Hongxia,张红霞,Female,,China,Metals & Mining,Weiqiao Pioneering,China-Binzhou,2026
zhang_hua,Zhang Hua,张华,Male,,China,Agriculture,Fuhua,China-Chengdu,2026
zhang_hui,Zhang Hui,张晖,Male,1978.0,China,Transportation & Logistics,Full Truck Alliance,China-Guiyang,2026
zhang_huiming,Zhang Huiming,张辉明,Female,,China,Environmental Protection,Sound Environment,Beijing-Beijing,2020
zhang_jian,Zhang Jian,张剑,Male,1969.0,China,Automobile & Auto Components,Aima,China-Tianjin,2026
zhang_jianguo,Zhang Jianguo,张建国,Male,1963.0,China,Energy,Jovo Energy,China-Zhuhai,2026
zhang_jianhui,Zhang Jianhui,张建辉,Male,1968.0,China,Industrial Products,Hyperstrong,China-Beijing,2026
zhang_jiankan,Zhang Jiankan,张健侃,Male,1982.0,China,Metals & Mining,Zhenshi,China-Jiaxing,2026
zhang_jianping,Zhang Jianping,章建平,,1967.0,,Investments,Runyun,China-Hangzhou,2026
zhang_jianqun,Zhang Jianqun,张剑,Male,1963.0,,Automobile & Auto Components,Aima,China-Tianjin,2024
zhang_jianzhong,Zhang Jianzhong,张建中,,1966.0,,Semiconductors,Moore Thread,China-Beijing,2026
zhang_jimin,Zhang Jimin,张积敏,Male,1963.0,,Industrial Products,Tsingshan,China-Wenzhou,2026
zhang_jin,Zhang Jin,,,,,"Investment, real estate, automobile",Junhua,,2018
zhang_jin_2,Zhang Jin,张静,Female,,China,Investments,Maoye,China-Shenzhen,2026
zhang_jin_3,Zhang Jin,,,,,Investment、 real estate、 automobile,Junhua,,2017
zhang_jin_4,Zhang Jin,张劲,Male,1971.0,China,Investments,Cedar,Guangdong-Guangzhou,2021
zhang_jindong,Zhang Jindong,张近东,Male,1963.0,China,Retail,Suning,China-Jiangsu-Nanjing,2024
zhang_jinfang,Zhang Jinfang,张晋芳,Male,1985.0,China,Semiconductors,Chipone,China-Beijing,2023
zhang_jingguo,Zhang Jingguo,张敬国,Male,1963.0,,Estate Holding,Zensun,China-Zhengzhou,2022
zhang_jingzhang,Zhang Jingzhang,张静章,Male,1937.0,China,Industrial Products,Haitian,China-Ningbo,2026
zhang_jun,Zhang Jun,张峻,Male,,China,Financial Services,Funde,China-Shenzhen,2026
zhang_junjie,Zhang Junjie,张俊杰,,1995.0,,Food & Beverages,Chagee,China-Chengdu,2026
zhang_kaiyuan,Zhang Kaiyuan & Family,,,,,Environment protection,Zhang Kaiyuan & family,,2018
zhang_kangli,Zhang Kangli,张康黎,Male,1981.0,China,Developer,Suning Universal,China-Nanjing,2022
zhang_keqiang,Zhang Keqiang,张克强,Male,1960.0,China,Investments,Huamei,China-Guangzhou,2026
zhang_lei,Zhang Lei,张雷,Male,1976.0,China,Energy,Envision,China-Jiangsu-Wuxi,2024
zhang_lei_2,Zhang Lei,,,,,Investments,Hillhouse Capital,,2018
zhang_lei_3,Zhang Lei,张磊,Male,1972.0,Hong Kong,Investments,Hillhouse,China-Hong Kong,2026
zhang_lei_4,Zhang Lei,张雷,Male,1962.0,China,Energy,Envision,China-Wuxi,2026
zhang_lei_5,Zhang Lei,,,,,Investments,Hillhouse,,2017
zhang_li,Zhang Li,张力,Male,1953.0,China,Investments,R & F,China-Guangzhou,2026
zhang_li_zhang_liang,Zhang Li & Zhang Liang,,,,,"Real Estate, Mining",R&F,,2018
zhang_liang,Zhang Liang,张量,Male,1982.0,China,Investments,R & F,China-Guangzhou,2026
zhang_liang_2,Zhang Liang,张亮,Male,1974.0,China,Semiconductor,Bestechnic,Shanghai-Shanghai,2021
zhang_liaoyuan,Zhang Liaoyuan,章燎源,Male,1976.0,China,Food Processing,Three Squirrels,China-Hefei,2022
zhang_liguo,Zhang Liguo,张立国,Male,1964.0,China,Consumer Goods,Voolga,China-Harbin,2026
zhang_liqun,Zhang Liqun,,,,,Financial Services,Zhang Liqun,,2018
zhang_litian,Zhang Litian,张利钿,Male,1964.0,China,Food & Beverages,Yashily,China-Chaozhou,2026
zhang_min,Zhang Min,张敏,Male,1979.0,China,Healthcare,Cofoe,China-Changsha,2026
zhang_ning,Zhang Ning,张宁,Female,1974.0,China,Chemicals,Red Avenue,China-Shanghai,2026
zhang_qian,Zhang Qian,张茜,Female,1971.0,China,Industrial Products,HYC,China-Suzhou,2026
zhang_qiang,Zhang Qiang,张强,Male,1961.0,China,Agriculture,Dekon,China-Chengdu,2026
zhang_qin,Zhang Qin,张勤,Female,1970.0,China,Semiconductor,SG Micro,China-Beijing,2022
zhang_qingsen,Zhang Qingsen,张清森,,,,Consumer Goods,Ugreen,China-Shenzhen,2026
zhang_ronghua,Zhang Ronghua,张荣华,Female,1969.0,China,Metals & Mining,Rockcheck,China-Tianjin,2026
zhang_shengfei,Zhang Shengfei,张胜飞,Male,,China,Manufacturing,Shenghua,Shanghai-Shanghai,2020
zhang_shilong,Zhang Shilong,张世龙,Male,1966.0,China,Semiconductors,SG Micro,China-Beijing,2026
zhang_shiping,Zhang Shiping,张士平,Male,,China,Metals & Mining,Weiqiao Pioneering,China-Shandong-Binzhou,2024
zhang_shuangwang,Zhang Shuangwang,张双旺,Male,1943.0,China,Energy,Yitai,China-Ordos,2026
zhang_sichuan,Zhang Sichuan,张思川,Female,,,Social Software ,MOMO,Beijing-Beijing,2019
zhang_simin,Zhang Simin,张思民,Male,1962.0,China,Healthcare,Neptunus,China-Shenzhen,2026
zhang_simin_wang_jinsong,Zhang Simin & Wang Jinsong,,,,,"Pharmaceuticals, real estate",Neptunus,,2018
zhang_songmei,Zhang Songmei,张松梅,Male,,,Automobile & Auto Components,NBHX,China-Ningbo,2026
zhang_songqiao,Zhang Songqiao,张松桥,Male,1964.0,Hong Kong,Investments,Zhongyu,China-Hong Kong,2026
zhang_tao,Zhang Tao,张涛,Male,1972.0,China,Transportation & Logistics,Meituan,China-Shanghai,2026
zhang_tianren,Zhang Tianren,张天任,Male,1962.0,,Green Energy,Tianneng Power,Zhejiang-Huzhou,2021
zhang_tianyu,Zhang Tianyu,张天瑜,Male,1967.0,,Telecommunications,Fibocom,China-Shenzhen,2026
zhang_wanzhen,Zhang Wanzhen,张万镇,Male,1949.0,China,Industrial Products,Three-Circle,China-Chaozhou,2026
zhang_wanzheng,Zhang Wanzheng,,,,,Electronic components,Three-Circle,,2018
zhang_weixiang,Zhang Weixiang,张伟祥,Male,,China,Metals & Mining,Jianlong,China-Beijing,2026
zhang_wenli,Zhang Wenli,张文莉,Female,,China,Investments,Huajian,China-Shenzhen,2026
zhang_wenzhong,Zhang Wenzhong,张文中,Male,1962.0,China,Retail,WuMart,China-Beijing,2026
zhang_xi,Zhang Xi,张曦,Male,1974.0,China,Industrial Products,Sinocera,China-Dongying,2023
zhang_xiaohua,Zhang Xiaohua,章小华,Male,1968.0,,Construction & Engineering,Hongshi,China-Jinhua,2026
zhang_xiaojuan,Zhang Xiaojuan,张小娟,Female,1969.0,China,Transportation & Logistics,YTO,China-Shanghai,2023
zhang_xiaolin,Zhang Xiaolin,张晓琳,Female,,China,Chemicals,Lb Group,China-Zhengzhou,2026
zhang_xiaolong,Zhang Xiaolong,张小龙,Male,1969.0,China,Media & Entertainment,Tencent,China-Guangzhou,2023
zhang_xin,Zhang Xin,张新,Male,1962.0,China,Industrial Products,TBEA,China-Changji,2026
zhang_xin_2,Zhang Xin,张欣,Female,1965.0,New York,Investments,SOHO China,USA-New York,2026
zhang_xin_3,Zhang Xin,张欣,Male,1975.0,,Food Processing,Haitian,Guangdong-Foshan,2021
zhang_xincheng,Zhang Xincheng,张新程,Male,1991.0,China,Investments,Forchn,China-Shanghai,2023
zhang_xingang,Zhang Xingang,张欣刚,Male,1969.0,China,Semiconductors,Yuanjie,China-Xi'an,2026
zhang_xinghai,Zhang Xinghai,张兴海,Male,1963.0,China,Automobile & Auto Components,Xiaokang,China-Chongqing,2026
zhang_xinghai_yan_min,Zhang Xinghai & Yan Min,,,,,Automobiles & Auto Components,Xiaokang ,,2018
zhang_xingli,Zhang Xingli,张兴明,Male,1957.0,China,Automobile & Auto Components,Xiaokang,China-Chongqing,2026
zhang_xingli_2,Zhang Xingli,张兴明,Male,1957.0,China,Automobile & Auto Components,Xiaokang,Chongqing-Chongqing,2025
zhang_xingmin,Zhang Xingmin,张兴礼,Male,1957.0,China,Automobile & Auto Components,Xiaokang,China-Chongqing,2026
zhang_xingong,Zhang Xingong,张新功,,1970.0,,Chemicals,Huicheng Environmental Technology,China-Qingdao,2026
zhang_xiugen,Zhang Xiugen,张秀根,Male,,China,Automobiles & Auto Components,Hawtai Motor,Beijing-Beijing,2019
zhang_xiugen_zhang_hongliang,Zhang Xiugen & Zhang Hongliang,,,,,Automobiles & Auto Components,Hawtai,,2018
zhang_xuanning,Zhang Xuanning,张轩宁,Male,1970.0,China,Grocery,Yonghui Superstores,Fujian-Fuzhou,2021
zhang_xuansong,Zhang Xuansong,张轩松,Male,1971.0,China,Retail,Yonghui Superstores,China-Fuzhou,2026
zhang_xuewu,Zhang Xuewu,张学武,Male,1974.0,,Food & Beverages,Yanker,China-Changsha,2026
zhang_xuezheng,Zhang Xuezheng,张学政,Male,1975.0,China,Semiconductors,Wingtech,China-Jiaxing,2026
zhang_ya,Zhang Ya,张亚,Male,1969.0,China,Industrial Products,Guoguang Electric,China-Shenzhen,2026
zhang_yanhong,Zhang Yanhong,张艳红,Female,,China,Metals & Mining,Weiqiao Pioneering,China-Binzhou,2026
zhang_yaoyuan,Zhang Yaoyuan,张耀垣,Male,1945.0,China,Developer,Country Garden,China-Foshan,2022
zhang_yigui,Zhang Yigui,,,,,Coal,Zhongrong Xinda Group,,2018
zhang_yiming,Zhang Yiming,张一鸣,Male,1983.0,Singapore,Media & Entertainment,ByteDance,Singapore-Singapore,2026
zhang_yin,Zhang Yin,张茵,Female,1957.0,China,Paper & Forest Products,Nine Dragons Paper,China-Dongguan,2026
zhang_yin_liu_mingzhong,Zhang Yin & Liu Mingzhong,,,,,Paper & Packaging,Nine Dragons Paper,,2018
zhang_yong,Zhang Yong,张勇,Male,1971.0,China,Retail,Alibaba,China-Hangzhou,2026
zhang_yong_2,Zhang Yong,张勇,Male,,China,Retail,Alibaba,China-Hangzhou,2023
zhang_yong_shu_ping,Zhang Yong & Shu Ping,,,,,Restaurants,Zhang Yong & Shu Ping,,2018
zhang_yongping,Zhang Yongping,张永平,Male,1961.0,China,Real Estate,Xiushuijie,China-Beijing,2026
zhang_yuanlin,Zhang Yuanlin,张园林,Male,1976.0,China,Developer,Sinic,Shanghai-Shanghai,2021
zhang_yubo,Zhang Yubo,张雨柏,Male,1964.0,China,Alcohol,Yanghe,China-Suqian,2022
zhang_yue,Zhang Yue,张跃,Male,1960.0,China,Construction & Engineering,Broad,China-Changsha,2026
zhang_yue_e,Zhang Yue’e,张月娥,Female,1963.0,China,Healthcare,Lepu,China-Beijing,2026
zhang_yue_lai_yujing,Zhang Yue & Lai Yujing,,,,,"Air conditioning, construction",Broad,,2018
zhang_yuqiang,Zhang Yuqiang,张毓强,Male,1955.0,China,Metals & Mining,Zhenshi,China-Jiaxing,2026
zhang_yushuai,Zhang Yushuai,张寓帅,Male,1987.0,China,Industrial Products,Hec Technology,China-Dongguan,2026
zhang_yuxiang,Zhang Yuxiang,张玉祥,Male,1964.0,China,Consumer Goods,Nanji,China-Shanghai,2022
zhang_yuxiang_zhu_xuelian,Zhang Yuxiang & Zhu Xuelian,,,,,Clothing,Nanji,,2018
zhang_yuzheng,Zhang Yuzheng,张育政,Female,1975.0,China,Green Energy,Zhonglai,China-Suzhou,2022
zhang_zesheng,Zhang Zesheng,张则胜,,1970.0,,Food & Beverages,Smilewater,China-Shenzhen,2026
zhang_zetian,Zhang Zetian,章泽天,Female,1993.0,China,Retail,JD,China-Beijing,2026
zhang_zhangsun,Zhang Zhangsun,张章笋,Male,1957.0,China,Real Estate,Glory,Beijing-Beijing,2019
zhang_zhenchao,Zhang Zhenchao,张镇潮,Male,1967.0,China,Software & Services,Servyou Software,China-Hangzhou,2026
zhang_zhidong,Zhang Zhidong,张志东,Male,1972.0,China,Media & Entertainment,Tencent,China-Shenzhen,2026
zhang_zhiming,Zhang Zhiming,,,,,Investments,Zhang Zhiming,,2018
zhang_zhirong,Zhang Zhirong & Family,,,,,Real Estate,"Hengsheng, Rongsheng Heavy Industry",,2018
zhang_zhixiang,Zhang Zhixiang,张志祥,Male,1967.0,China,Metals & Mining,Jianlong,China-Beijing,2026
zhang_zhiyong,Zhang Zhiyong,张志勇,Male,1963.0,China,Telecom,Shuzhi Technology,Beijing-Beijing,2020
zhang_zhiyong_zhang_min,Zhang Zhiyong & Zhang Min,,,,,Telecom,Zhang Zhiyong & Zhang Min,,2018
zhang_zhongneng,Zhang Zhongneng,张中能,Male,1956.0,China,Consumer Electronics,HEC,Guangdong-Dongguan,2021
zhang_zhongneng_guo_meilan,Zhang Zhongneng & Guo Meilan,,,,,"Aluminium, pharmaceuticals, mining",HEC ,,2018
zhao_baoju,Zhao Baoju,赵宝菊,Female,1965.0,China,Energy,ENN,China-Langfang,2026
zhao_bin,Zhao Bin,赵斌,Male,1971.0,,Audio Technologies,Agora,Shanghai-Shanghai,2021
zhao_changpeng,Zhao Changpeng,赵长鹏,Male,1977.0,United Arab Emirates,Blockchain,Binance,UAE-Dubai,2026
zhao_dongping,Zhao Dongping,赵东平,Male,1976.0,,Consumer Goods,Anker,Hunan-Changsha,2021
zhao_fenggang,Zhao Fenggang,赵丰刚,Male,1966.0,China,Energy,CATL,China-Ningde,2026
zhao_guiqin,Zhao Guiqin,赵贵钦,,,,Consumer Goods,Runben Biotechnology,China-Guangzhou,2026
zhao_hongfei,Zhao Hongfei,赵鸿飞,Male,1974.0,China,Software & Services,Thunder,China-Beijing,2026
zhao_jiehong,Zhao Jiehong,赵洁红,Female,,,"Property, special automobiles, investments",Dongyin ,Henan-Zhengzhou,2019
zhao_kai,Zhao Kai,赵凯,Male,,China,Real Estate,Chengdu International Exhibition & Convention Center,China-Chengdu,2023
zhao_lei,Zhao Lei,赵磊,Male,1982.0,China,Pulp & Paper,Wuzhou Special Paper,China-Quzhou,2022
zhao_lin,Zhao Lin,赵林,Male,1980.0,China,Food & Beverages,Nayuki,China-Shenzhen,2022
zhao_lixin,Zhao Lixin,赵立新,Male,1966.0,China,Industrial Products,Galaxcore,China-Shanghai,2026
zhao_mantang,Zhao Mantang,赵满堂,Male,1960.0,China,Metals & Mining,Shengda,China-Tianshui,2026
zhao_meiguang,Zhao Meiguang,赵美光,Male,1962.0,China,Metals & Mining,Chifeng Jilong Gold Mining,China-Beijing,2022
zhao_ning,Zhao Ning,赵宁,Female,1966.0,China,Healthcare,Wuxi Pharma Tech,China-Shanghai,2023
zhao_peng,Zhao Peng,赵鹏,Male,1970.0,China,Software & Services,Kanzhun,China-Beijing,2026
zhao_qirong,Zhao Qirong,赵启荣,Female,1966.0,China,Chemicals,Guangxin,China-Xuancheng,2023
zhao_tao,Zhao Tao,赵涛,Male,1966.0,China,Healthcare,Buchang,China-Beijing,2026
zhao_tongtong,Zhao Tongtong,赵彤彤,Male,,,Hospitality,Home Inn,China-Shanghai,2026
zhao_weiguo,Zhao Weiguo,赵伟国,Male,1967.0,China,Investments,Jiankun,China-Beijing,2022
zhao_wenjun,Zhao Wenjun,赵文君,Female,,China,Food & Beverages,Shiyue Daotian,China-Beijing,2024
zhao_xiaoqiang,Zhao Xiaoqiang,,,,,Apparel,Meisheng Culture & Creative,,2018
zhao_xinglong,Zhao Xinglong & Family,,,,,Hand crafts,Xinglong Industry ,,2018
zhao_xulong,Zhao Xulong,赵绪龙,,,,Software & Services,Marketingforce,Shanghai-Shanghai,2025
zhao_yan,Zhao Yan,赵燕,Female,1967.0,China,Healthcare,Bloomage,China-Beijing,2026
zhao_yanping,Zhao Yanping,赵延平,Male,1968.0,China,Software & Services,Huace,China-Shanghai,2026
zhao_yi,Zhao Yi,赵轶,Male,1976.0,China,Semiconductors,Changchuan Technology Co,China-Hangzhou,2026
zhao_yilan,Zhao Yilan,赵亦斓,Female,1978.0,Hong Kong,Batteries,Narada,China-Hong Kong,2022
zhao_yueling,Zhao Yueling,赵曰岭,Male,1952.0,China,Chemicals,Jinlin,China-Dongying,2026
zhao_yuqiao,Zhao Yuqiao,赵玉乔,Male,,China,Industrial Products,Jiujiang,China-Tangshan,2023
zhen_lixin,Zhen Lixin,镇立新,,1968.0,,Software & Services,Intsig,China-Shanghai,2026
zhen_ronghui,Zhen Ronghui,甄荣辉,Male,1962.0,China,Human Resource Management,51job,Shanghai-Shanghai,2021
zheng_chunying,Zheng Chunying,郑春颖,Male,1964.0,China,Consumer Goods,Chando,China-Shanghai,2026
zheng_hong,Zheng Hong,郑红,Male,1950.0,China,Semiconductors,Yuanliu Hongyuan,China-Beijing,2023
zheng_jianjiang,Zheng Jianjiang,郑坚江,Male,1961.0,China,Consumer Goods,AUX,China-Ningbo,2026
zheng_jianjiang_he_yiju,Zheng Jianjiang & He Yiju,,,,,"Household appliances, real estate",AUX ,,2018
zheng_jianming,Zheng Jianming,郑建明,Male,,Hong Kong,Green Energy,Shunfeng PV,Hong Kong-Hong Kong,2021
zheng_junlong,Zheng Junlong,郑俊龙,Male,1972.0,China,Industrial Products,Lens,China-Changsha,2026
zheng_shuliang,Zheng Shuliang,郑淑良,Male,1946.0,China,Metals & Mining,Weiqiao Pioneering,Shandong-Bingzhou,2025
zheng_shusheng,Zheng Shusheng,郑树生,Male,1966.0,China,Analytics Software,DP tech,China-Hangzhou,2022
zheng_wei,Zheng Wei,郑伟,Male,1970.0,China,Healthcare,Haisco Pharmaceutical,China-Shannan,2026
zheng_xiaodong,Zheng Xiaodong,郑效东,Male,1964.0,China,Healthcare,Tofflon,China-Shanghai,2026
zheng_yonggang,Zheng Yonggang,郑永刚,Male,1958.0,China,Green Energy,Shanshan,China-Shanghai,2022
zheng_youshui,Zheng Youshui,郑有水,Male,1958.0,China,Industrial Products,Jinlongyu,China-Shenzhen,2026
zheng_yuanbao,Zheng Yuanbao,郑元豹,Male,1958.0,China,Electrical equipment,People ElE Appliance,China-Wenzhou,2022
zheng_yuewen,Zheng Yuewen,郑跃文,Male,1962.0,China,"Pharmaceuticals, Investments",Creat ,Beijing-Beijing,2020
zhong_baoshen,Zhong Baoshen,钟宝申,Male,1967.0,,Energy,Longi,China-Xi'an,2023
zhong_huaijun,Zhong Huaijun,钟怀军,Male,1964.0,China,Food & Beverages,Ziyan Foods,China-Shanghai,2026
zhong_huijuan,Zhong Huijuan,钟慧娟,Female,1961.0,China,Healthcare,Hansoh,China-Lianyungang,2026
zhong_ming,Zhong Ming,钟鸣,Male,1976.0,,Medical Devices,Kangji Medical,Zhejiang-Hangzhou,2021
zhong_naixiong,Zhong Naixiong,钟乃雄,Male,1963.0,China,Real Estate,Nenking,Guangdong-Foshan,2025
zhong_peifeng,Zhong Peifeng,钟培峰,Male,1963.0,China,Semiconductors,Amlogic,China-Shanghai,2026
zhong_shanshan,Zhong Shanshan,钟睒睒,Male,1954.0,Hangzhou,Food & Beverages,YST,China-Hangzhou,2026
zhong_shengjian,Zhong Shengjian,钟声坚,Male,1958.0,Singapore,Real Estate,Yanlord,Singapore-Singapore,2026
zhong_xiaoxiao,Zhong Xiaoxiao,钟晓晓,Male,,,Food & Beverages,Nongfu Spring,China-Hangzhou,2026
zhong_yingwu,Zhong Yingwu,钟英武,Male,1985.0,China,Software & Services,FunPlus,China-Changsha,2026
zhong_yu,Zhong Yu,,,,,Environmental Protection,Kangde Xin,,2018
zhou_chaonan,Zhou Chaonan,周超男,Male,1960.0,China,Software & Services,Range Technology,China-Langfang,2026
zhou_chengjian,Zhou Chengjian,周成建,Male,1965.0,China,Textiles,Metersbonwe,Hong Kong-Hong Kong,2020
zhou_chuanyou,Zhou Chuanyou,,,,,Mining,Zhongjin ,,2018
zhou_furen,Zhou Furen,,,,,Agriculture,Xiyang ,,2017
zhou_fuyu,Zhou Fuyu,周富裕,Male,1975.0,China,Food,Zhou Heiya,China-Wuhan,2022
zhou_fuyu_tang_jianfang,Zhou Fuyu & Tang Jianfang,,,,,Food & Beverage,Zhou Heiya,,2018
zhou_guangping,Zhou Guangping,周光平,Male,,China,Consumer Goods,Xiaomi,China-Beijing,2026
zhou_guangyu,Zhou Guangyu,周光宇,Male,1992.0,China,Software & Services,BDStar,China-Beijing,2026
zhou_guodi,Zhou Guodi,周国娣,Female,,China,Healthcare,Jumpcan,China-Taixing,2026
zhou_guohui,Zhou Guohui,周国辉,Male,1965.0,China,Transportation & Logistics,Eternal Asia,China-Shenzhen,2026
zhou_hongyi,Zhou Hongyi,周鸿祎,Male,1970.0,China,Software & Services,360 Security Technology,China-Beijing,2026
zhou_huasong,Zhou Huasong,周华松,Male,1966.0,,Industrial Products,Solex,China-Xiamen,2026
zhou_jian,Zhou Jian,,,,,IT,UB Tech,,2018
zhou_jian_2,Zhou Jian,周剑,Male,1976.0,China,Consumer Goods,UBtech,China-Shenzhen,2026
zhou_jian_3,Zhou Jian,,,,,IT,UB Tech,,2017
zhou_jian_4,Zhou Jian,周剑,Male,1976.0,,Industrial Products,Maxwell,China-Suzhou,2026
zhou_jianping,Zhou Jianping,周建平,Male,1961.0,China,Consumer Goods,Heilan,China-Wuxi,2026
zhou_jingliang,Zhou Jingliang,周敬良,Male,1950.0,China,Food & Beverages,Ganten,China-Shenzhen,2026
zhou_jinhui,Zhou Jinhui,周金辉,Male,,China,Developer,Sinobo,China-Beijing,2022
zhou_jun,Zhou Jun,周骏,Male,,China,Food & Beverages,Ganten,China-Shenzhen,2026
zhou_junxiong,Zhou Junxiong,周俊雄,Male,1971.0,China,Equipments,Lyric,China-Huizhou,2022
zhou_liangzhang,Zhou Liangzhang,周良璋,Male,1963.0,China,Industrial Products,Hexing Electrical,China-Hangzhou,2026
zhou_liwu_han_xiaofang,Zhou Liwu & Han Xiaofang,,,,,Filter,Xinyuan Filter,,2018
zhou_ming,Zhou Ming,周明,Male,1972.0,China,Semiconductors,Maxone,China-Suzhou,2026
zhou_minghua,Zhou Minghua,周明华,Male,1964.0,China,Healthcare,Huahai Pharmaceutical,China-Taizhou,2023
zhou_mingjie,Zhou Mingjie,周明杰,Male,1957.0,China,Electrical Equipments,Ocean's King,China-Shenzhen,2022
zhou_mingjie_xu_su,Zhou Mingjie & Xu Su,,,,,Lamps and lanterns,Ocean's King ,,2017
zhou_mingming,Zhou Mingming,周明明,Male,1968.0,China,Automobile & Auto Components,Daming,China-Wenzhou,2026
zhou_ping,Zhou Ping,周平,Male,1963.0,,Engineering,EIT,Anhui-Anqing,2021
zhou_qingzhi,Zhou Qingzhi,周庆治,Male,1955.0,Hong Kong,Energy,Narada,China-Hong Kong,2026
zhou_qingzhi_zhao_yilan,Zhou Qingzhi & Zhao Yilan,,,,,Manufacturing,Narada ,,2018
zhou_qunfei,Zhou Qunfei,周群飞,Female,1970.0,China,Industrial Products,Lens,China-Changsha,2026
zhou_qunfei_zheng_junlong,Zhou Qunfei & Zheng Junlong,,,,,Communication device,Lens,,2018
zhou_ruxin,Zhou Ruxin,周儒欣,Male,1963.0,China,Software & Services,BDStar,China-Beijing,2026
zhou_shuzhong,Zhou Shuzhong,周书忠,,1969.0,,Automobile & Auto Components,Hengbo Holdings,China-Taizhou,2026
zhou_wei,Zhou Wei,周炜,Male,1967.0,China,Healthcare,Winning Health,China-Shanghai,2022
zhou_weijian,Zhou Weijian,周伟建,Male,,China,Construction & Engineering,Maydos,China-Guangzhou,2026
zhou_weijian_wang_manli,Zhou Weijian & Wang Manli,,,,,Coating,Maydos,,2017
zhou_wen,Zhou Wen,周文,Male,1965.0,China,Automobile & Auto Components,Pret Composites,China-Shanghai,2026
zhou_wenmei,Zhou Wenmei,周文梅,Female,1970.0,China,Industrial Products,Guoguang Electric,China-Shenzhen,2026
zhou_wweijian,Zhou Wweijian,周伟健,Male,,China,Construction & Engineering,Maydos,China-Guangdong-Guangzhou,2024
zhou_xianhai,Zhou Xianhai,周贤海,Male,1961.0,China,Metals & Mining,Dingsheng New Material,China-Hangzhou,2023
zhou_xiaofeng,Zhou Xiaofeng,周晓峰,Male,1969.0,,Automobile & Auto Components,NBHX,China-Ningbo,2026
zhou_xiaoguang_yu_yunxin,Zhou Xiaoguang & Yu Yunxin,,,,,"Jewelry, real estate, investments ",Xinguang ,,2018
zhou_xiaoping,Zhou Xiaoping,周晓萍,Female,1961.0,China,Automobile & Auto Components,Shinye,China-Changzhou,2026
zhou_xiayun,Zhou Xiayun,周夏耘,Male,1947.0,China,Automobile Distribution,Yaxia,Anhui-Wuhu,2021
zhou_xuming,Zhou Xuming,周旭明,Male,1973.0,,Chemicals,Cosmos,China-Jiangsu-Nanjing,2024
zhou_yahui,Zhou Yahui,周亚辉,Male,1977.0,China,Media & Entertainment,Kunlun,China-Beijing,2026
zhou_yan,Zhou Yan,周延,Male,1965.0,China,Healthcare,AIM,China-Beijing,2023
zhou_yaoting,Zhou Yaoting,周耀庭,Male,1943.0,China,Consumer Goods,Hongdou,Jiangsu-Wuxi,2025
zhou_yifeng,Zhou Yifeng,周一峰,Female,,China,Chemicals,Oriental Energy,Jiangsu-Nanjing,2025
zhou_yongli,Zhou Yongli,周永利,Male,1956.0,China,Consumer Goods,Yongli,China-Shaoxing,2026
zhou_yunjie,Zhou Yunjie,周云杰,Male,1961.0,China,Packaging,ORG Packaging,China-Beijing,2022
zhou_zerong,Zhou Zerong,周泽荣,Male,1954.0,China,Real Estate,Kingold,China-Shenzhen,2026
zhou_zhenke,Zhou Zhenke,周镇科,Male,1975.0,China,Media & Entertainment,Dasheng Times Cultural,China-Shenzhen,2026
zhou_zhiwen,Zhou Zhiwen,周志文,Male,1965.0,China,Healthcare,Joinn Laboratories,China-Beijing,2026
zhou_zongwen,Zhou Zongwen,周宗文,Male,1957.0,China,Retail,Chow Tai Seng,China-Shenzhen,2026
zhu_baoguo,Zhu Baoguo,朱保国,Male,1962.0,China,Healthcare,Joint Care,China-Shenzhen,2026
zhu_baoguo_famiy,Zhu Baoguo & Famiy,,,,,Pharmaceuticals,Joint Care,,2018
zhu_daqing,Zhu Daqing,朱大庆,,1973.0,China,Chemicals,Tinfulong,China-Yangzhou,2026
zhu_fenglian,Zhu Fenglian,朱凤廉,Female,,China,Investments,New Century Science and Education,Guangdong-Dongguan,2025
zhu_fuyun,Zhu Fuyun,朱付云,Male,1975.0,China,Automation,Yijiahe,China-Nanjing,2022
zhu_gongshan,Zhu Gongshan,朱共山,Male,1958.0,Hong Kong,Energy,GCL,China-Hong Kong,2026
zhu_guoding,Zhu Guoding,朱国锭,Male,1965.0,China,Industrial Products,Zhonghen,China-Hangzhou,2026
zhu_guodong,Zhu Guodong,朱国栋,Male,1968.0,,Telecommunications,Tfc Optical,China-Suzhou,2026
zhu_hai,Zhu Hai,朱海,Male,1973.0,China,Biotechnology,Bioeasy,China-Shenzhen,2022
zhu_hanyue,Zhu Hanyue,朱瀚玥,Female,,China,Industrial Products,Inovance Technology,China-Shenzhen,2026
zhu_hongmei,Zhu Hongmei,朱红梅,Female,1963.0,China,Industrial Products,Shenghong Printing & Dyeing,China-Suzhou,2026
zhu_jiangming,Zhu Jiangming,朱江明,Male,1967.0,China,Energy,Leapmotor,China-Hangzhou,2026
zhu_jiman_bai_lihui,Zhu Jiman & Bai Lihui,,,,,Pharmaceuticals,Gloria Pharmaceuticals,,2018
zhu_linyao,Zhu Linyao,朱林瑶,Female,1970.0,China,Chemicals,Huabao International,China-Shenzhen,2026
zhu_mengqian,Zhu Mengqian,朱梦茜,Female,1991.0,China,Semiconductors,Dinglong,China-Wuhan,2026
zhu_mengyi,Zhu Mengyi,朱孟依,Male,1959.0,China,Real Estate,Hopson,China-Guangzhou,2026
zhu_min,Zhu Min,朱敏,Male,1948.0,China,Financial Services,Cybernaut,China-Hangzhou,2026
zhu_min_xu_yuqing,Zhu Min & Xu Yuqing,,,,,Investments ,Cybernaut,,2018
zhu_shihui,Zhu Shihui,朱世会,Male,1967.0,China,Metals & Mining,Lead,China-Guangzhou,2026
zhu_shuangquan,Zhu Shuangquan,朱双全,Male,1964.0,,Semiconductors,Dinglong,China-Wuhan,2026
zhu_shuina,Zhu Shuina,朱水纳,,,,Software & Services,Marketingforce,Shanghai-Shanghai,2025
zhu_shunquan,Zhu Shunquan,朱顺全,Male,1968.0,,Semiconductors,Dinglong,China-Wuhan,2026
zhu_tao,Zhu Tao,朱涛,Male,1973.0,,Biotechnology,CanSino Biologics,Tianjin-Tianjin,2021
zhu_tianzhong,Zhu Tianzhong,朱田中,Male,1965.0,China,Industrial Products,Cai Qin,China-Suzhou,2026
zhu_weisong,Zhu Weisong,朱伟松,Male,1982.0,China,Consumer Goods,Bloks,China-Shanghai,2026
zhu_wenchen,Zhu Wenchen,朱文臣,Male,,China,"Pharmaceuticals, liquor",Furen Medicine ,Chongqing-Chongqing,2019
zhu_xianglan,Zhu Xianglan,朱香兰,Male,1966.0,,Chemicals,Lopal,China-Nanjing,2023
zhu_xiaoping,Zhu Xiaoping,朱小平,Female,1954.0,China,Pharmaceuticals,Poly Pharm,China-Haikou,2022
zhu_xingliang,Zhu Xingliang,朱兴良,Male,1959.0,China,Construction & Engineering,Gold Mantis,China-Suzhou,2023
zhu_xingming,Zhu Xingming,朱兴明,Male,1967.0,China,Industrial Products,Inovance Technology,China-Shenzhen,2026
zhu_xuehua,Zhu Xuehua,朱雪花,Female,1969.0,China,Semiconductors,Suntak,China-Shenzhen,2026
zhu_xuelian,Zhu Xuelian,朱雪莲,Female,,China,Consumer Goods,Nanji,China-Shanghai,2022
zhu_yan,Zhu Yan,朱艳,Male,1971.0,China,Real Estate,KE,China-Beijing,2026
zhu_yaowen,Zhu Yaowen,,,,,"Investments, Real estate",Jiu Wu,,2018
zhu_yi,Zhu Yi,朱义,Male,1963.0,China,Healthcare,Biokin Pharmaceutical,China-Chengdu,2026
zhu_yicai_wu_xueqin,Zhu Yicai & Wu Xueqin ,,,,,Food & Beverages,Yurun ,,2017
zhu_yiming,Zhu Yiming,朱一明,Male,1972.0,China,Semiconductors,GigaDevice Semiconductor,China-Beijing,2026
zhu_yiwen,Zhu Yiwen,朱义文,Male,,,Healthcare,Hygia,China-Shanghai,2024
zhu_yuqin,Zhu Yuqin,朱玉琴,Female,,China,Industrial Products,Shenghong,China-Suzhou,2026
zhu_zhaojiang,Zhu Zhaojiang,竺兆江,Male,1973.0,China,Consumer Goods,Transsion,China-Shenzhen,2026
zhu_zhiping,Zhu Zhiping,朱志平,Male,1962.0,China,Real Estate,Tongfang Unite,Guangdong-Shenzhen,2020
zhuang_kuilong,Zhuang Kuilong,庄奎龙,Male,1962.0,China,Chemicals,Xing Fengming Group,China-Jiaxing,2026
zhuang_min,Zhuang Min,,,,,Electronic equipment,Protruly,,2017
zhuo_jun,Zhuo Jun,卓军,Female,,China,Industrial Products,Kinwong,China-Hong Kong,2026
ziv_aviram,Ziv Aviram,齐夫·阿维拉姆,Male,,Israel,Artificial Intelligence,Mobileye,Israel-Mevaseret Zion,2026
zong_fuli,Zong Fuli,宗馥莉,Female,,China,Food & Beverages,Wahaha,China-Hangzhou,2026
zong_liping,Zong Liping,宗丽萍,Male,1978.0,,Industrial Products,Paike,China-Wuxi,2026
zong_qinghou,Zong Qinghou,宗庆后,Male,1945.0,China,Food & Beverages,Wahaha,China-Hangzhou,2023
zong_qinghou_family,Zong Qinghou family,,Male,1945.0,,Drinks,Wahaha,,2016
zong_yanmin,Zong Yanmin,宗艳民,Male,1964.0,China,Semiconductors,Sicc,China-Jinan,2026
zou_hao,Zou Hao,邹浩,Male,,China,Pharmaceuticals,Hengrui ,Zhejiang-Hangzhou,2020
zou_jieming,Zou Jieming,邹节明,Male,1943.0,China,Pharmaceuticals,Sanjin Pharmaceutical,Guangxi-Guilin,2021
zou_weimin,Zou Weimin,邹伟民,Male,1969.0,,Industrial Products,Transimage,China-Yangzhou,2023
zou_xiaowu,Zou Xiaowu,邹小武,Male,1986.0,China,Media & Entertainment,Easy Click,China-Xi'an,2026
zou_zhinong,Zou Zhinong,邹支农,Male,1968.0,,Telecommunications,Tfc Optical,China-Suzhou,2026
zsolt_felcsuti,Zsolt Felcsuti,Zsolt Felcsuti,Male,1971.0,Hungary,Industrial Products,MPF Industry,Hungary-Budapest,2026
zu_liechtenstein,Zu Liechtenstein,祖·列支敦士登,Male,,,Banking,Lgt Bank,,2020
zuber_issa,Zuber Issa,祖伯·伊萨,Female,,,Retail,EG Group,UK-Blackburn,2026
zuo_hongbo_zhe_shuxia,Zuo Hongbo & Zhe Shuxia,,,,,Photoelectric material,Aurora,,2018
zuo_hui,Zuo Hui,左晖,Male,1971.0,China,Online Marketplace,KE,Tianjin-Tianjin,2021
zuo_s,Zuo's,左氏,Male,1971.0,China,Real Estate Services,KE,China-Beijing,2022
zuo_xiaoping,Zuo Xiaoping,左笑萍,Female,1973.0,China,Construction & Engineering,Lesso,China-Foshan,2026
zuo_zongshen,Zuo Zongshen,左宗申,Male,1953.0,China,Automobile & Auto Components,Zongshen,China-Chongqing,2026
zuo_zongshen_yuan_dexiu,Zuo Zongshen & Yuan Dexiu,,,,,"Motorcycles, Real estate",Zongshen ,,2018
zygi_wilf,Zygi Wilf,齐吉·威尔夫,Male,1950.0,United States,Media & Entertainment,Minnesota Vikings,USA-Springfield,2026
zygmunt_solorz_zak,Zygmunt Solorz-Zak,齐格蒙特·索罗茨·扎克,Male,1956.0,Poland,Media & Entertainment,Cyfrowy Polsat,Poland-Warsaw,2026
