person,name,last_name,age,birth_year,gender,country,source,industry,title,image_uri,latest_year
a_jayson_adair,A. Jayson Adair,Adair,56.0,1970.0,Male,United States,Damaged cars,Automotive,,no-pic,2026
a_jerrold_perenchio,A. Jerrold Perenchio,Perenchio,101.0,1925.0,Male,United States,"television, Univision",Media & Entertainment,"Founder & Owner, Chartwell Leisure",,2017
abbas_sajwani,Abbas Sajwani,Sajwani,26.0,2000.0,Male,United Arab Emirates,Real estate,Real Estate,,no-pic,2026
abdul_aziz_al_ghurair,Abdul Aziz Al Ghurair,Al Ghurair,82.0,1944.0,Male,United Arab Emirates,banking,Finance,,,2012
abdul_majeed_alhokair,Abdul Majeed Alhokair,Alhokair,62.0,1964.0,Male,Saudi Arabia,"retail, real estate",Fashion & Retail,,no-pic,2017
abdul_rasyid,Abdul Rasyid,Abdul,75.0,1951.0,Male,Indonesia,"timber, palm oil",Manufacturing,,,2016
abdulla_al_futtaim,Abdulla Al Futtaim,Al Futtaim,86.0,1940.0,Male,United Arab Emirates,"Auto dealers, investments",Automotive,,,2026
abdulla_bin_ahmad_al_ghurair,Abdulla bin Ahmad Al Ghurair,Al Ghurair,97.0,1929.0,Male,United Arab Emirates,Diversified,Diversified,,,2026
abdullah_al_othaim,Abdullah Al Othaim,Al Othaim,69.0,1957.0,Male,Saudi Arabia,"Grocery stores, malls",Fashion & Retail,,no-pic,2026
abdullah_al_rajhi,Abdullah Al Rajhi,Al Rajhi,,,Male,Saudi Arabia,banking,Finance and Investments,,no-pic,2017
abdullah_amer_al_nahdi,Abdullah Amer Al Nahdi,Al Nahdi,65.0,1961.0,Male,Saudi Arabia,Pharmacies,Healthcare,,no-pic,2026
abdullah_bin_sulaiman_al_rajhi,Abdullah bin Sulaiman Al Rajhi,Al Rajhi,68.0,1958.0,Male,Saudi Arabia,Banking,Finance & Investments,,no-pic,2026
abdulsamad_rabiu,Abdulsamad Rabiu,Rabiu,65.0,1961.0,Male,Nigeria,"Cement, sugar",Diversified,,,2026
abel_avellan,Abel Avellan,Avellan,55.0,1971.0,Male,United States,telecoms,Telecom,,no-pic,2026
abhay_firodia,Abhay Firodia,Firodia,81.0,1945.0,Male,India,Automobiles,Automotive,,,2026
abhay_soi,Abhay Soi,Soi,52.0,1974.0,Male,India,Healthcare,Healthcare,,no-pic,2026
abhay_vakil,Abhay Vakil,Vakil,77.0,1949.0,Male,India,paints,Manufacturing,,,2021
abigail_bennett,Abigail Bennett,Bennett,45.0,1981.0,Female,United States,Liquor,Food & Beverage,,no-pic-female,2026
abigail_johnson,Abigail Johnson,Johnson,64.0,1962.0,Female,United States,Fidelity,Finance & Investments,"Chairman & CEO, Fidelity Investments",,2026
abilio_dos_santos_diniz,Abilio dos Santos Diniz,Diniz,89.0,1937.0,Male,Brazil,Retail,Fashion & Retail,,,2023
achal_bakeri,Achal Bakeri,Bakeri,68.0,1958.0,Male,India,air coolers,Manufacturing,,,2021
acharya_balkrishna,Acharya Balkrishna,Balkrishna,53.0,1973.0,Male,India,Consumer goods,Food & Beverage,,,2026
achmad_hamami,Achmad Hamami,Hamami,102.0,1924.0,Male,Indonesia,heavy equipment,Construction & Engineering,,,2016
adam_bowen,Adam Bowen,Bowen,54.0,1972.0,Male,United States,e-cigarettes,Manufacturing,"Chief Technology Officer, Juul Labs",no-pic,2019
adam_foroughi,Adam Foroughi,Foroughi,45.0,1981.0,Male,United States,advertising technology,Technology,,no-pic,2026
adam_forste,Adam Forste,Forste,48.0,1978.0,Male,United States,Diversified,Diversified,,no-pic,2026
adam_kwok,Adam Kwok,Kwok,43.0,1983.0,Male,Hong Kong,Real estate,Real Estate,,no-pic,2026
adam_neumann,Adam Neumann,Neumann,47.0,1979.0,Male,Israel,WeWork,Real Estate,,,2026
adam_norwitt,Adam Norwitt,Norwitt,56.0,1970.0,Male,United States,Electronic components,Manufacturing,,no-pic,2026
adarsh_hiremath,Adarsh Hiremath,Hiremath,23.0,2003.0,Male,United States,AI Software,Technology,"Cofounder, Mercor",no-pic,2026
adebayo_ogunlesi,Adebayo Ogunlesi,Ogunlesi,72.0,1954.0,Male,United States,Private Equity,Finance & Investments,,no-pic,2026
adi_godrej,Adi Godrej,Godrej,84.0,1942.0,Male,India,Consumer goods,Diversified,,,2026
aditya_khemka,Aditya Khemka,Khemka,51.0,1975.0,Male,India,Security solutions,Manufacturing,,no-pic,2026
adriaan_mol,Adriaan Mol,Mol,42.0,1984.0,Male,Netherlands,Fintech,Technology,,no-pic,2026
adrian_paval,Adrian Paval,Paval,57.0,1969.0,Male,Romania,Retail,Fashion & Retail,,no-pic,2026
aerin_lauder,Aerin Lauder,Lauder,56.0,1970.0,Female,United States,Estee Lauder,Fashion & Retail,,,2026
agnete_kirk_thinggaard,Agnete Kirk Thinggaard,Thinggaard,42.0,1984.0,Female,Denmark,Lego,Manufacturing,,no-pic-female,2026
agoes_projosasmito,Agoes Projosasmito,Projosasmito,70.0,1956.0,Male,Indonesia,"Mining, investment",Metals & Mining,,no-pic,2026
agustin_coppel_luken,Agustín Coppel Luken,Coppel Luken,64.0,1962.0,Male,Mexico,Diversified,Fashion & Retail,,no-pic,2026
ahmed_afif_topbas,Ahmed Afif Topbas,Topbas,84.0,1942.0,Male,Turkey,Food Retail,Fashion & Retail,,no-pic,2026
ahmet_calik,Ahmet Calik,Calik,68.0,1958.0,Male,Turkey,"Energy, banking, construction",Diversified,,,2026
ahmet_nazif_zorlu,Ahmet Nazif Zorlu,Zorlu,83.0,1943.0,Male,Turkey,diversified,Diversified,,,2021
ahsen_ozokur,Ahsen Ozokur,Ozokur,83.0,1943.0,Female,Turkey,food manufacturing,Food and Beverage,,no-pic-female,2015
aidyn_rakhimbayev,Aidyn Rakhimbayev,Rakhimbayev,53.0,1973.0,Male,Kazakhstan,Real estate and construction,Real Estate,,no-pic,2026
airat_shaimiev,Airat Shaimiev,Shaimiev,64.0,1962.0,Male,Russia,"Refinery, chemicals",Energy,,,2026
aiyawatt_srivaddhanaprabha,Aiyawatt Srivaddhanaprabha,Srivaddhanaprabha,43.0,1983.0,Male,Thailand,duty-free,Fashion & Retail,,no-pic,2020
ajay_bhardwaj,Ajay Bhardwaj,Bhardwaj,65.0,1961.0,Male,India,Biopharma,Healthcare,,no-pic,2026
ajay_jaisinghani,Ajay Jaisinghani,Jaisinghani,74.0,1952.0,Male,India,Wires and cables,Manufacturing,,no-pic,2026
ajay_kalsi,Ajay Kalsi,Kalsi,70.0,1956.0,Male,India,oil & gas,Energy,,,2018
ajay_parekh,Ajay Parekh,Parekh,68.0,1958.0,Male,India,Adhesives,Manufacturing,,no-pic,2026
ajay_piramal,Ajay Piramal,Piramal,70.0,1956.0,Male,India,Pharmaceuticals,Healthcare,,,2026
ajlan_bin_abdulaziz_al_ajlan,Ajlan bin Abdulaziz Al-Ajlan,Al-Ajlan,65.0,1961.0,Male,Saudi Arabia,"Real estate, investments",Diversified,,no-pic,2026
akio_nitori,Akio Nitori,Nitori,82.0,1944.0,Male,Japan,Home furnishings,Fashion & Retail,,,2026
akira_mori,Akira Mori,Mori,89.0,1937.0,Male,Japan,Real estate,Real Estate,,,2026
akirov_alfred,Akirov Alfred,Alfred,85.0,1941.0,Male,Israel,Real estate,Real Estate,,no-pic,2026
akshay_arora,Akshay Arora,Arora,63.0,1963.0,Male,India,specialty pharmaceuticals,Healthcare,,no-pic,2025
alain_bouchard,Alain Bouchard,Bouchard,77.0,1949.0,Male,Canada,Convinience stores,Fashion & Retail,,,2026
alain_merieux,Alain Merieux,Merieux,88.0,1938.0,Male,France,Pharmaceuticals,Healthcare,,,2026
alain_taravella,Alain Taravella,Taravella,78.0,1948.0,Male,France,Real estate development,Real Estate,,,2026
alain_wertheimer,Alain Wertheimer,Wertheimer,77.0,1949.0,Male,France,Chanel,Fashion & Retail,,,2026
alakh_pandey,Alakh Pandey,Pandey,34.0,1992.0,Male,India,Edtech,Technology,,no-pic,2026
alan_auerbach,Alan Auerbach,Auerbach,64.0,1962.0,Male,United States,biotechnology,Medicine,,,2015
alan_casden,Alan Casden,Casden,91.0,1935.0,Male,United States,real estate,Real Estate,"CEO, Chairman & Founder, Casden Properties LLC",,2012
alan_gerry,Alan Gerry,Gerry,97.0,1929.0,Male,United States,Cable television,Media & Entertainment,,,2026
alan_howard,Alan Howard,Howard,62.0,1964.0,Male,United Kingdom,Hedge funds,Finance & Investments,"Founder, Brevan Howard Asset Management",,2026
alan_miller_1,Alan Miller,Miller,88.0,1938.0,Male,United States,Healthcare services,Healthcare,,no-pic,2026
alan_rydge,Alan Rydge,Rydge,73.0,1953.0,Male,Australia,Entertainment,Media & Entertainment,,,2026
alan_trefler,Alan Trefler,Trefler,70.0,1956.0,Male,United States,Software,Technology,,no-pic,2026
alan_wilson,Alan Wilson,Wilson,85.0,1941.0,Male,Australia,Retailing,Fashion & Retail,,no-pic,2026
alan_zekelman,Alan Zekelman,Zekelman,63.0,1963.0,Male,Canada,Steel,Manufacturing,,no-pic,2026
albert_avdolyan,Albert Avdolyan,Avdolyan,55.0,1971.0,Male,Russia,"Oil, mining",Energy,,no-pic,2026
albert_berner,Albert Berner,Berner,94.0,1932.0,Male,Germany,fasteners,Manufacturing,,,2019
albert_blokker,Albert Blokker,Blokker,89.0,1937.0,Male,Belgium,retail,Retail,,no-pic,2014
albert_boehringer,Albert Boehringer,Boehringer,85.0,1941.0,Male,Germany,Pharmaceuticals,Healthcare,,no-pic,2026
albert_chao,Albert Chao,Chao,76.0,1950.0,Male,United States,"Chemicals, building products",Manufacturing,,no-pic,2026
albert_frere,Albert Frere,Frere,105.0,1921.0,Male,Belgium,investments,Finance and Investments,,,2018
albert_gubay,Albert Gubay,Gubay,111.0,1915.0,Male,United Kingdom,real estate,,,no-pic,2010
albert_nahmad,Albert Nahmad,Nahmad,85.0,1941.0,Male,United States,Air conditioning parts,Manufacturing,,no-pic,2026
albert_shigaboutdinov,Albert Shigaboutdinov,Shigaboutdinov,73.0,1953.0,Male,Russia,"Refinery, chemicals",Diversified,,,2026
albert_ueltschi,Albert Ueltschi,Ueltschi,119.0,1907.0,Male,United States,FlightSafety,Service,,,2012
albert_von_thurn_und_taxis,Albert von Thurn und Taxis,von Thurn und Taxis,54.0,1972.0,Male,Germany,diversified,Diversified,,,2014
albert_yeung,Albert Yeung,Yeung,87.0,1939.0,Male,Hong Kong,"real estate, retail",Diversified,,,2019
alberto_alcocer,Alberto Alcocer,Alcocer,83.0,1943.0,Male,Spain,Investments,Finance & Investments,,,2026
alberto_bailleres_gonzalez,Alberto Bailleres Gonzalez,Bailleres Gonzalez,96.0,1930.0,Male,Mexico,mining,Metals & Mining,,,2021
alberto_benavides,Alberto Benavides,Benavides,115.0,1911.0,Male,Peru,mining,Metals & Mining,,,2013
alberto_bombassei,Alberto Bombassei,Bombassei,85.0,1941.0,Male,Italy,Automotive brakes,Automotive,,,2026
alberto_coppel_luken,Alberto Coppel Luken,Coppel Luken,74.0,1952.0,Male,Mexico,Diversified,Fashion & Retail,,no-pic,2026
alberto_cortina,Alberto Cortina,Cortina,80.0,1946.0,Male,Spain,Investments,Finance & Investments,,,2026
alberto_palatchi,Alberto Palatchi,Palatchi,76.0,1950.0,Male,Spain,Wedding dresses,Fashion & Retail,,no-pic,2026
alberto_prada,Alberto Prada,Prada,72.0,1954.0,Male,Italy,Luxury goods,Fashion & Retail,,no-pic,2026
alberto_roemmers,Alberto Roemmers,Roemmers,100.0,1926.0,Male,Argentina,pharmaceuticals,Healthcare,,no-pic,2022
alberto_siccardi,Alberto Siccardi,Siccardi,82.0,1944.0,Male,Switzerland,Medical devices,Healthcare,,no-pic,2026
alceu_elias_feldmann,Alceu Elias Feldmann,Feldmann,76.0,1950.0,Male,Brazil,Fertilizer,Energy,,no-pic,2026
aldo_bensadoun,Aldo Bensadoun,Bensadoun,90.0,1936.0,Male,Canada,shoes,Fashion & Retail,,,2020
alec_gores,Alec Gores,Gores,73.0,1953.0,Male,United States,Private equity,Finance & Investments,,,2026
alejandro_bailleres_gual,Alejandro Baillères Gual,Baillères Gual,64.0,1962.0,Male,Mexico,Diversified,Diversified,,no-pic,2026
alejandro_bulgheroni,Alejandro Bulgheroni,Bulgheroni,81.0,1945.0,Male,Argentina,Oil & gas,Energy,,no-pic,2026
alejandro_santo_domingo,Alejandro Santo Domingo,Santo Domingo,49.0,1977.0,Male,United States,Beer,Food & Beverage,,,2026
ales_zavoral,Ales Zavoral,Zavoral,49.0,1977.0,Male,Czech Republic,E-commerce,Fashion & Retail,,no-pic,2026
alessandra_garavoglia,Alessandra Garavoglia,Garavoglia,66.0,1960.0,Female,Italy,Spirits,Food & Beverage,,no-pic-female,2026
alessandro_rosano,Alessandro Rosano,Rosano,57.0,1969.0,Male,Italy,Shoes,Fashion & Retail,,no-pic,2026
alex_atallah,Alex Atallah,Atallah,35.0,1991.0,Male,United States,online marketplace,Technology,"Cofounder, OpenSea",no-pic,2022
alex_beard,Alex Beard,Beard,58.0,1968.0,Male,United Kingdom,"Mining, commodities",Metals & Mining,,,2026
alex_behring,Alex Behring,Behring,59.0,1967.0,Male,Brazil,Investments,Finance & Investments,,no-pic,2026
alex_birkenstock,Alex Birkenstock,Birkenstock,57.0,1969.0,Male,Germany,Shoes,Fashion & Retail,,no-pic,2026
alex_bouaziz,Alex Bouaziz,Bouaziz,33.0,1993.0,Male,France,HR Software,Technology,,no-pic,2026
alex_shevchenko,Alex Shevchenko,Shevchenko,46.0,1980.0,Male,Canada,Software,Technology,,no-pic,2026
alexander_abramov,Alexander Abramov,Abramov,67.0,1959.0,Male,Russia,"Steel, mining",Metals & Mining,,,2026
alexander_diehl,Alexander Diehl,Diehl,47.0,1979.0,Male,Germany,"Defense, aviation",Manufacturing,,no-pic,2026
alexander_dzhaparidze,Alexander Dzhaparidze,Dzhaparidze,73.0,1953.0,Male,Russia,oil services,Energy,,,2020
alexander_evnevich,Alexander Evnevich,Evnevich,66.0,1960.0,Male,Russia,"tea, retail",Food & Beverage,,no-pic,2026
alexander_frolov,Alexander Frolov,Frolov,61.0,1965.0,Male,Russia,"Mining, steel",Metals & Mining,,,2026
alexander_gerko,Alexander Gerko,Gerko,46.0,1980.0,Male,United Kingdom,Trading,Finance & Investments,,no-pic,2026
alexander_girda,Alexander Girda,Girda,77.0,1949.0,Male,Russia,retail,Fashion and Retail,,no-pic,2011
alexander_isaev,Alexander Isaev,Isaev,50.0,1976.0,Male,Russia,Mining,Energy,,no-pic,2026
alexander_karp,Alexander Karp,Karp,58.0,1968.0,Male,United States,Software firm,Technology,"Cofounder and CEO, Palantir Technologies",,2026
alexander_klyachin,Alexander Klyachin,Klyachin,58.0,1968.0,Male,Russia,Real estate,Real Estate,,no-pic,2026
alexander_knaster,Alexander Knaster,Knaster,76.0,1950.0,Male,United States,"oil, telecom, banking",Investments,,,2014
alexander_knauf,Alexander Knauf,Knauf,51.0,1975.0,Male,Germany,building materials,Manufacturing,,no-pic,2026
alexander_lebedev,Alexander Lebedev,Lebedev,77.0,1949.0,Male,Russia,"investments, banking",Investments,,,2012
alexander_linnik,Alexander Linnik,Linnik,58.0,1968.0,Male,Russia,Agriculture,Food & Beverage,,no-pic,2026
alexander_lutsenko,Alexander Lutsenko,Lutsenko,64.0,1962.0,Male,Russia,agribusiness,Food & Beverage,,,2026
alexander_machkevich,Alexander Machkevich,Machkevich,76.0,1950.0,Male,Israel,"mining, metals",Metals & Mining,,,2019
alexander_mamut,Alexander Mamut,Mamut,66.0,1960.0,Male,Russia,Investments,Finance & Investments,,,2026
alexander_mikhalskiy,Alexander Mikhalskiy,Mikhalskiy,66.0,1960.0,Male,Russia,retail,Fashion & Retail,,no-pic,2026
alexander_nesis,Alexander Nesis,Nesis,63.0,1963.0,Male,Russia,"Metals, banking, fertilizers",Finance & Investments,,,2023
alexander_otto,Alexander Otto,Otto,58.0,1968.0,Male,Germany,Real estate,Real Estate,,no-pic,2026
alexander_ponomarenko,Alexander Ponomarenko,Ponomarenko,61.0,1965.0,Male,Russia,"Real estate, airport",Logistics,,,2026
alexander_putilov,Alexander Putilov,Putilov,83.0,1943.0,Male,Russia,oil,Energy,,no-pic,2014
alexander_rakshin,Alexander Rakshin,Rakshin,74.0,1952.0,Male,Russia,retail,Food & Beverage,,no-pic,2026
alexander_ramlie,Alexander Ramlie,Ramlie,53.0,1973.0,Male,Indonesia,Mining,Metals & Mining,,no-pic,2026
alexander_rinke_1,Alexander Rinke,Rinke,37.0,1989.0,Male,Germany,Enterprise software,Technology,,no-pic,2026
alexander_rovt,Alexander Rovt,Rovt,76.0,1950.0,Male,United States,"fertilizer, real estate",Manufacturing,,,2020
alexander_samwer,Alexander Samwer,Samwer,51.0,1975.0,Male,Germany,tech investments,Technology,"Cofounder, Rocket Internet",,2025
alexander_savelyev,Alexander Savelyev,Savelyev,72.0,1954.0,Male,Russia,banking,Finance & Investments,,no-pic,2026
alexander_shchukin,Alexander Shchukin,Shchukin,87.0,1939.0,Male,Russia,coal,Energy,,,2011
alexander_shnaider,Alexander Shnaider,Shnaider,70.0,1956.0,Male,Canada,steel,,,,2010
alexander_sixt,Alexander Sixt,Sixt,46.0,1980.0,Male,Germany,Car rentals,Automotive,,no-pic,2026
alexander_skorobogatko,Alexander Skorobogatko,Skorobogatko,58.0,1968.0,Male,Russia,"Real estate, airport",Logistics,,,2026
alexander_spanos,Alexander Spanos,Spanos,107.0,1919.0,Male,United States,"real estate, Los Angeles Chargers",Sports,"Owner, San Diego Chargers",,2018
alexander_svetakov,Alexander Svetakov,Svetakov,58.0,1968.0,Male,Russia,Real estate,Finance & Investments,,,2026
alexander_tedja,Alexander Tedja,Tedja,81.0,1945.0,Male,Indonesia,real estate,Real Estate,,,2022
alexander_tkachev,Alexander Tkachev,Tkachev,65.0,1961.0,Male,Russia,Food & beverages,Food & Beverage,,no-pic,2026
alexander_vagin,Alexander Vagin,Vagin,79.0,1947.0,Male,Russia,coal,Energy,,no-pic,2011
alexander_vik,Alexander Vik,Vik,75.0,1951.0,Male,Norway,investments,Finance and Investments,,,2019
alexandr_wang,Alexandr Wang,Wang,29.0,1997.0,Male,United States,artificial intelligence,Technology,,no-pic,2026
alexandra_andresen,Alexandra Andresen,Andresen,29.0,1997.0,Female,Norway,Investments,Diversified,,no-pic-female,2026
alexandra_burt,Alexandra Burt,Burt,52.0,1974.0,Female,Australia,Mining,Metals & Mining,,no-pic-female,2026
alexandra_daitch,Alexandra Daitch,Daitch,63.0,1963.0,Female,United States,Cargill,Food & Beverage,,no-pic-female,2026
alexandra_schoerghuber,Alexandra Schoerghuber,Schoerghuber,67.0,1959.0,Female,Germany,Real estate,Real Estate,,no-pic-female,2026
alexandre_behring,Alexandre Behring,Behring,59.0,1967.0,Male,Brazil,Investments,Finance & Investments,,no-pic,2025
alexandre_grendene_bartelle,Alexandre Grendene Bartelle,Grendene Bartelle,76.0,1950.0,Male,Brazil,Shoes,Fashion & Retail,,,2026
alexandre_soares_dos_santos,Alexandre Soares dos Santos,Soares dos Santos,97.0,1929.0,Male,Portugal,supermarkets,Fashion & Retail,,,2017
alexandre_van_damme,Alexandre Van Damme,Van Damme,63.0,1963.0,Male,Belgium,ABInBev,Food & Beverage,,no-pic,2026
alexei_ananyev,Alexei Ananyev,Ananyev,67.0,1959.0,Male,Russia,"banking, IT, real estate",Diversified,,,2017
alexei_bogachev,Alexei Bogachev,Bogachev,61.0,1965.0,Male,Russia,"retail, banking",Diversified,,,2017
alexei_kuzmichev,Alexei Kuzmichev,Kuzmichev,63.0,1963.0,Male,Russia,"Oil, banking, telecom",Energy,,,2026
alexei_semin,Alexei Semin,Semin,67.0,1959.0,Male,Russia,real estate,Real Estate,,no-pic,2014
alexey_mordashov,Alexey Mordashov,Mordashov,60.0,1966.0,Male,Russia,"Steel, investments",Metals & Mining,,,2026
alexey_repik,Alexey Repik,Repik,46.0,1980.0,Male,Russia,Pharmaceuticals,Healthcare,,no-pic,2026
alexis_le_quoc,Alexis Lê-Quôc,Lê-Quôc,51.0,1975.0,Male,United States,Cloud computing,Technology,"Cofounder, Datadog",no-pic,2026
alfons_doblinger,Alfons Doblinger,Doblinger,82.0,1944.0,Male,Germany,Real estate,Real Estate,,no-pic,2026
alfred_gantner,Alfred Gantner,Gantner,58.0,1968.0,Male,Switzerland,Private equity,Finance & Investments,,no-pic,2026
alfred_james_clark,Alfred James Clark,Clark,106.0,1920.0,Male,United States,construction,Construction & Engineering,,,2015
alfred_mann,Alfred Mann,Mann,108.0,1918.0,Male,United States,medical devices,Healthcare,,,2015
alfred_oetker,Alfred Oetker,Oetker,59.0,1967.0,Male,Germany,Consumer goods,Fashion & Retail,,,2026
alfred_taubman,Alfred Taubman,Taubman,110.0,1916.0,Male,United States,real estate,Real Estate,,,2015
alfred_west_jr,"Alfred West, Jr.",West,83.0,1943.0,Male,United States,Money management,Finance & Investments,,no-pic,2026
alfredo_egydio_arruda_villela_filho,Alfredo Egydio Arruda Villela Filho,Egydio Arruda Villela Filho,56.0,1970.0,Male,Brazil,Banking,Finance & Investments,,no-pic,2026
alfredo_harp_helu,Alfredo Harp Helu,Harp Helu,82.0,1944.0,Male,Mexico,"Banking, investments",Finance & Investments,,,2026
ali_erdemoglu,Ali Erdemoglu,Erdemoglu,66.0,1960.0,Male,Turkey,Carpet,Manufacturing,,no-pic,2026
ali_ghodsi,Ali Ghodsi,Ghodsi,47.0,1979.0,Male,Sweden,Data analytics,Technology,,no-pic,2026
ali_ibrahim_agaoglu,Ali Ibrahim Agaoglu,Agaoglu,77.0,1949.0,Male,Turkey,construction,Construction & Engineering,,,2018
ali_metin_kazanci,Ali Metin Kazanci,Kazanci,91.0,1935.0,Male,Turkey,Energy,Energy,,,2025
alice_schwartz,Alice Schwartz,Schwartz,100.0,1926.0,Female,United States,Biotech,Healthcare,,no-pic-female,2025
alice_walton,Alice Walton,Walton,76.0,1950.0,Female,United States,Walmart,Fashion & Retail,,,2026
alicia_koplowitz,Alicia Koplowitz,Koplowitz,72.0,1954.0,Female,Spain,"Construction, investments",Finance & Investments,,,2026
alijan_ibragimov,Alijan Ibragimov,Ibragimov,76.0,1950.0,Male,Kazakhstan,"mining, metals",Metals & Mining,,,2019
aliko_dangote,Aliko Dangote,Dangote,69.0,1957.0,Male,Nigeria,"Cement, sugar",Manufacturing,"CEO, Dangote Group",,2026
alisher_usmanov,Alisher Usmanov,Usmanov,72.0,1954.0,Male,Russia,"Steel, telecom, investments",Metals & Mining,"Founder, Metalloinvest",,2026
allan_goldman,Allan Goldman,Goldman,84.0,1942.0,Male,United States,real estate,Real Estate,,no-pic,2022
allan_gray,Allan Gray,Gray,94.0,1932.0,Male,South Africa,money management,Finance and Investments,,,2017
allan_slaight,Allan Slaight,Slaight,102.0,1924.0,Male,Canada,broadcasting,Media,"Founder, Slaight Communications",,2014
allan_wong,Allan Wong,Wong,76.0,1950.0,Male,Hong Kong,Electronics,Manufacturing,,,2026
aloke_lohia,Aloke Lohia,Lohia,67.0,1959.0,Male,India,Petrochemicals,Manufacturing,,,2026
aloys_wobben,Aloys Wobben,Wobben,75.0,1951.0,Male,Germany,wind turbines,Energy,,,2022
aloysio_de_andrade_faria,Aloysio de Andrade Faria,Faria,108.0,1918.0,Male,Brazil,banking,Finance & Investments,,no-pic,2020
alpana_dangi,Alpana Dangi,Dangi,53.0,1973.0,Female,India,Investments,Finance & Investments,,no-pic-female,2026
aluru_jagadish_prasad,Aluru Jagadish Prasad,Prasad,80.0,1946.0,Male,India,Batteries,Manufacturing,,no-pic,2026
alvaro_saieh,Alvaro Saieh,Saieh,78.0,1948.0,Male,Chile,banking,Finance & Investments,,no-pic,2021
aman_sanger,Aman Sanger,Sanger,25.0,2001.0,Male,United States,AI software,Technology,"Cofounder, Anysphere",no-pic,2026
amancio_ortega,Amancio Ortega,Ortega,90.0,1936.0,Male,Spain,Zara,Fashion & Retail,,,2026
amanda_westphal_radcliffe,Amanda Westphal Radcliffe,Radcliffe,58.0,1968.0,Female,United States,tax software,Technology,,no-pic-female,2025
amar_bose,Amar Bose,Bose,108.0,1918.0,Male,United States,Bose,Manufacturing,,,2011
amelie_voigt_trejes,Amelie Voigt Trejes,Voigt Trejes,20.0,2006.0,Female,Brazil,Industrial machinery,Manufacturing,,no-pic-female,2026
americo_amorim,Americo Amorim,Amorim,97.0,1929.0,Male,Portugal,"energy, investments",Diversified,,,2017
ami_luttwak,Ami Luttwak,Luttwak,42.0,1984.0,Male,Israel,Security startup,Technology,,no-pic,2026
amit_burman,Amit Burman,Burman,56.0,1970.0,Male,India,Consumer goods,Food & Beverage,,,2026
ammar_soliman_fakeeh,Ammar Soliman Fakeeh,Fakeeh,50.0,1976.0,Male,Saudi Arabia,Hospitals,Healthcare,,no-pic,2025
amnon_shashua,Amnon Shashua,Shashua,65.0,1961.0,Male,Israel,Automotive technology,Automotive,,no-pic,2026
amos_hostetter_jr,"Amos Hostetter, Jr.",Hostetter,89.0,1937.0,Male,United States,Cable television,Media & Entertainment,,,2026
amy_adams_strunk,Amy Adams Strunk,Adams Strunk,70.0,1956.0,Female,United States,Tennessee Titans,Sports,"Owner, Tennessee Titans",no-pic-female,2026
amy_goldman_fowler,Amy Goldman Fowler,Goldman Fowler,72.0,1954.0,Female,United States,Real estate,Real Estate,,no-pic-female,2025
amy_wyss,Amy Wyss,Wyss,55.0,1971.0,Female,United States,Medical equipment,Healthcare,,,2026
an_kang,An Kang,An,77.0,1949.0,Male,China,Pharmaceuticals,Healthcare,,,2026
ana_lucia_de_mattos_barretto_villela,Ana Lucia de Mattos Barretto Villela,de Mattos Barretto Villela,52.0,1974.0,Female,Brazil,Banking,Finance & Investments,,no-pic-female,2026
ana_maria_brescia_cafferata,Ana Maria Brescia Cafferata,Brescia Cafferata,102.0,1924.0,Female,Peru,"Mining, banking",Diversified,,no-pic-female,2023
ana_maria_marcondes_penido_santanna,Ana Maria Marcondes Penido Sant'Anna,Marcondes Penido Sant'Anna,74.0,1952.0,Female,Brazil,toll roads,Construction & Engineering,,no-pic-female,2019
analjit_singh,Analjit Singh,Singh,73.0,1953.0,Male,India,diversified,Diversified,,,2022
anand_burman_1,Anand Burman,Burman,73.0,1953.0,Male,India,Consumer goods,Food & Beverage,,,2026
anand_deshpande,Anand Deshpande,Deshpande,64.0,1962.0,Male,India,Technology,Technology,,no-pic,2026
anand_jain,Anand Jain,Jain,82.0,1944.0,Male,India,diversified,,,no-pic,2010
anand_mahindra,Anand Mahindra,Mahindra,71.0,1955.0,Male,India,Diversified,Diversified,,,2026
anand_surana,Anand Surana,Surana,55.0,1971.0,Male,India,Pharmaceuticals,Healthcare,,no-pic,2025
ananda_krishnan,Ananda Krishnan,Krishnan,89.0,1937.0,Male,Malaysia,"Telecoms, media, oil-services",Telecom,,,2024
anant_asavabhokhin_1,Anant Asavabhokhin,Asavabhokhin,76.0,1950.0,Male,Thailand,Real estate,Real Estate,,no-pic,2024
anas_sefrioui,Anas Sefrioui,Sefrioui,68.0,1958.0,Male,Morocco,real estate,Real Estate,,,2026
anastasia_soare,Anastasia Soare,Soare,72.0,1954.0,Female,United States,cosmetics,Fashion & Retail,,no-pic-female,2019
anatoly_lomakin,Anatoly Lomakin,Lomakin,73.0,1953.0,Male,Russia,Investments,Metals & Mining,,,2023
anatoly_sedykh,Anatoly Sedykh,Sedykh,61.0,1965.0,Male,Russia,Steel pipes,Metals & Mining,,,2026
anatoly_skurov,Anatoly Skurov,Skurov,73.0,1953.0,Male,Russia,"Coal, fertilizers",Energy,,,2026
anders_holch_povlsen,Anders Holch Povlsen,Povlsen,53.0,1973.0,Male,Denmark,Fashion retail,Fashion & Retail,,,2026
andre_esteves,Andre Esteves,Esteves,57.0,1969.0,Male,Brazil,Banking,Finance & Investments,,,2026
andre_kasprzak,André Kasprzak,Kasprzak,41.0,1985.0,Male,Denmark,shoes,Fashion & Retail,,no-pic,2021
andre_koo,Andre Koo,Koo,58.0,1968.0,Male,Taiwan,Financial services,Finance & Investments,,no-pic,2026
andre_koo_sr,"Andre Koo, Sr.",Koo,58.0,1968.0,Male,Taiwan,Financial services,Finance & Investments,,no-pic,2023
andre_street,André Street,Street,44.0,1982.0,Male,Brazil,fintech,Technology,,no-pic,2021
andrea_camerana,Andrea Camerana,Camerana,56.0,1970.0,Male,Italy,Luxury goods,Fashion & Retail,,no-pic,2026
andrea_della_valle,Andrea Della Valle,Della Valle,60.0,1966.0,Male,Italy,Shoes,Fashion & Retail,,,2026
andrea_pignataro,Andrea Pignataro,Pignataro,55.0,1971.0,Male,Italy,Financial software,Finance & Investments,,no-pic,2026
andrea_reimann_ciardelli,Andrea Reimann-Ciardelli,Reimann-Ciardelli,74.0,1952.0,Female,United States,consumer goods,Fashion & Retail,,no-pic-female,2018
andreas_halvorsen,Andreas Halvorsen,Halvorsen,65.0,1961.0,Male,Norway,Hedge funds,Finance & Investments,"Founding Partner & Chief Executive Officer, Viking Global Investors",,2026
andreas_martinos,Andreas Martinos,Martinos,70.0,1956.0,Male,Greece,Shipping,Logistics,,no-pic,2026
andreas_pohl,Andreas Pohl,Pohl,61.0,1965.0,Male,Germany,Mutual funds,Finance & Investments,,,2026
andreas_struengmann,Andreas Struengmann,Struengmann,76.0,1950.0,Male,Germany,Pharmaceuticals,Healthcare,,,2026
andreas_von_bechtolsheim,Andreas von Bechtolsheim,von Bechtolsheim,70.0,1956.0,Male,Germany,Google,Technology,"Cofounder, Chief Development Officer and Chairman, Arista Networks",,2026
andrei_bokarev,Andrei Bokarev,Bokarev,59.0,1967.0,Male,Russia,"Metals, mining",Manufacturing,,,2026
andrei_borodin,Andrei Borodin,Borodin,70.0,1956.0,Male,Russia,banking,Finance,,,2011
andrei_filatov,Andrei Filatov,Filatov,54.0,1972.0,Male,Russia,"ports, railway transport",Logistics,,,2026
andrei_guriev_family,Andrei Guriev,Guriev & family,66.0,1960.0,Male,Russia,Fertilizers,Manufacturing,,no-pic,2023
andrei_guryev_family,Andrei Guryev,Guryev & family,66.0,1960.0,Male,Russia,Fertilizers,Manufacturing,,no-pic,2026
andrei_klyamko,Andrei Klyamko,Klyamko,73.0,1953.0,Male,Russia,steel,Metals & Mining,,,2014
andrei_komarov,Andrei Komarov,Komarov,59.0,1967.0,Male,Russia,investments,Manufacturing,,,2026
andrei_kosogov,Andrei Kosogov,Kosogov,65.0,1961.0,Male,Russia,Banking,Energy,,,2026
andrei_kozitsyn,Andrei Kozitsyn,Kozitsyn,65.0,1961.0,Male,Russia,Metals,Metals & Mining,,,2026
andrei_krivenko,Andrei Krivenko,Krivenko,51.0,1975.0,Male,Russia,Retail,Food & Beverage,,no-pic,2025
andrei_kuzyaev,Andrei Kuzyaev,Kuzyaev,60.0,1966.0,Male,Russia,"telecom, oil service, real estate",Telecom,,,2026
andrei_molchanov,Andrei Molchanov,Molchanov,54.0,1972.0,Male,Russia,Construction materials,Construction & Engineering,,,2026
andrei_rappoport,Andrei Rappoport,Rappoport,62.0,1964.0,Male,Russia,Investments,Finance & Investments,,,2026
andrei_rogachev,Andrei Rogachev,Rogachev,74.0,1952.0,Male,Russia,retail,Fashion and Retail,,,2011
andrei_skoch_family,Andrei Skoch,Skoch & family,60.0,1966.0,Male,Russia,Metals and mining,Metals & Mining,,no-pic,2026
andrej_babis,Andrej Babis,Babis,71.0,1955.0,Male,Czech Republic,Agriculture,Food & Beverage,,,2026
andres_bzurovski_bay,Andres Bzurovski Bay,Bzurovski Bay,49.0,1977.0,Male,Uruguay,fintech,Finance & Investments,,no-pic,2024
andres_santo_domingo,Andres Santo Domingo,Santo Domingo,47.0,1979.0,Male,United States,Beer,Food & Beverage,,,2026
andrew_beal,Andrew Beal,Beal,73.0,1953.0,Male,United States,"Banks, real estate",Finance & Investments,,,2026
andrew_bialecki,Andrew Bialecki,Bialecki,40.0,1986.0,Male,United States,Marketing software,Technology,,no-pic,2026
andrew_cherng_1,Andrew Cherng,Cherng,78.0,1948.0,Male,United States,Fast food,Food & Beverage,,no-pic,2026
andrew_currie,Andrew Currie,Currie,70.0,1956.0,Male,United Kingdom,Chemicals,Manufacturing,,no-pic,2026
andrew_forrest,Andrew Forrest,Forrest,64.0,1962.0,Male,Australia,Mining,Metals & Mining,,,2026
andrew_gotianun,Andrew Gotianun,Gotianun,107.0,1919.0,Male,Philippines,real estate,Diversified,,,2014
andrew_karam,Andrew Karam,Karam,44.0,1982.0,Male,United States,Advertising technology,Technology,,no-pic,2026
andrew_macmillan,Andrew MacMillan,MacMillan,38.0,1988.0,Male,United States,Cargill,Food & Beverage,,no-pic,2026
andrew_paradise,Andrew Paradise,Paradise,46.0,1980.0,Male,United States,mobile games,Media & Entertainment,,no-pic,2021
andrew_peggy_cherng,Andrew & Peggy Cherng,Cherng,,,,United States,restaurants,Food & Beverage,,,2022
andrew_tan,Andrew Tan,Tan,74.0,1952.0,Male,Philippines,Diversified,Diversified,,,2026
andrew_tisch,Andrew Tisch,Tisch,76.0,1950.0,Male,United States,Loews,Diversified,,no-pic,2026
andrey_andreev,Andrey Andreev,Andreev,52.0,1974.0,Male,United Kingdom,Online dating,Technology,,no-pic,2026
andrey_blokh,Andrey Blokh,Blokh,64.0,1962.0,Male,Russia,cannabis,Manufacturing,,no-pic,2021
andrey_melnichenko,Andrey Melnichenko,Melnichenko,54.0,1972.0,Male,Russia,"Fertilizers, coal",Metals & Mining,,,2026
andrey_verevskiy,Andrey Verevskiy,Verevskiy,61.0,1965.0,Male,Ukraine,agriculture,Food and Beverage,,,2013
andrii_verevskyi,Andrii Verevskyi,Verevskyi,51.0,1975.0,Male,Ukraine,agriculture,Food & Beverage,,no-pic,2026
andy_fang,Andy Fang,Fang,33.0,1993.0,Male,United States,food delivery app,Technology,"Cofounder, DoorDash",no-pic,2026
andy_konwinski,Andy Konwinski,Konwinski,42.0,1984.0,Male,United States,Artificial Intelligence,Technology,,no-pic,2026
andy_mills,Andy Mills,Mills,65.0,1961.0,Male,United States,Medical supplies,Healthcare,,no-pic,2026
aneel_bhusri,Aneel Bhusri,Bhusri,60.0,1966.0,Male,United States,Business software,Technology,"CEO and Cofounder, Workday",,2026
angela_bennett,Angela Bennett,Bennett,82.0,1944.0,Female,Australia,Mining,Metals & Mining,,no-pic-female,2026
angela_leong,Angela Leong,Leong,65.0,1961.0,Female,Hong Kong,Casinos,Real Estate,,,2026
angelo_koo,Angelo Koo,Koo,60.0,1966.0,Male,Taiwan,Finance,Finance & Investments,,no-pic,2026
anil_agarwal,Anil Agarwal,Agarwal,72.0,1954.0,Male,India,"mining, metals",Metals & Mining,,,2026
anil_ambani,Anil Ambani,Ambani,70.0,1956.0,Male,India,diversified,Diversified,,,2019
anil_gupta,Anil Gupta,Gupta,66.0,1960.0,Male,India,Cables,Manufacturing,,no-pic,2026
anita_zucker,Anita Zucker,Zucker,74.0,1952.0,Female,United States,Chemicals,Manufacturing,,no-pic-female,2026
anju_agarwal,Anju Agarwal,Agarwal,58.0,1968.0,Female,India,Pharmaceuticals,Healthcare,,no-pic-female,2026
ankur_jain,Ankur Jain,Jain,36.0,1990.0,Male,United States,Rewards firm,Finance & Investments,"CEO & founder, Bilt",no-pic,2026
ann_walton_kroenke,Ann Walton Kroenke,Kroenke,77.0,1949.0,Female,United States,Walmart,Fashion & Retail,,,2026
anna_angelicoussis,Anna Angelicoussis,Angelicoussis,70.0,1956.0,Female,Greece,Shipping,Logistics,,no-pic-female,2026
anna_kasprzak,Anna Kasprzak,Kasprzak,38.0,1988.0,Female,Denmark,shoes,Fashion & Retail,,no-pic-female,2021
anna_katharina_viessmann,Anna Katharina Viessmann,Viessmann,40.0,1986.0,Female,Germany,Heating and cooling equipment,Manufacturing,,no-pic-female,2026
anna_maria_braun,Anna Maria Braun,Braun,47.0,1979.0,Female,Germany,Medical technology,Healthcare,,no-pic-female,2026
anna_viegener,Anna Viegener,Viegener,35.0,1991.0,Female,Germany,plumbing/HVAC,Manufacturing,,no-pic-female,2026
annalisa_doris,Annalisa Doris,Doris,55.0,1971.0,Female,Italy,Financial services,Finance & Investments,,no-pic-female,2026
anne_beaufour,Anne Beaufour,Beaufour,62.0,1964.0,Female,France,Pharmaceuticals,Healthcare,,no-pic-female,2026
anne_cox_chambers,Anne Cox Chambers,Chambers,114.0,1912.0,Female,United States,media,Media,,,2015
anne_dinning,Anne Dinning,Dinning,63.0,1963.0,Female,United States,Hedge funds,Finance & Investments,,no-pic-female,2026
anne_gittinger,Anne Gittinger,Gittinger,92.0,1934.0,Female,United States,Nordstrom department stores,Fashion & Retail,,no-pic-female,2021
anne_marie_see_pastor,Anne Marie See Pastor,Pastor,,,Female,Peru,Finance,Finance & Investments,,no-pic-female,2023
anne_pedrero,Anne Pedrero,Pedrero,57.0,1969.0,Female,United States,Cargill,Food & Beverage,,no-pic-female,2026
anne_werninghaus,Anne Werninghaus,Werninghaus,41.0,1985.0,Female,Brazil,Industrial machinery,Manufacturing,,no-pic-female,2024
annette_lerner,Annette Lerner,Lerner,96.0,1930.0,Female,United States,Real estate,Real Estate,,no-pic-female,2026
annika_bootsman_kleberg,Annika Bootsman Kleberg,Bootsman Kleberg,60.0,1966.0,Female,Sweden,Shipping,Logistics,,no-pic-female,2026
anthoni_salim_1,Anthoni Salim,Salim,76.0,1950.0,Male,Indonesia,Diversified,Diversified,,no-pic,2026
anthony_bamford,Anthony Bamford,Bamford,80.0,1946.0,Male,United Kingdom,Construction equipment,Construction & Engineering,,,2026
anthony_casalena,Anthony Casalena,Casalena,44.0,1982.0,Male,United States,Software,Technology,,no-pic,2026
anthony_eisen,Anthony Eisen,Eisen,56.0,1970.0,Male,Australia,fintech,Finance & Investments,,no-pic,2021
anthony_hall,Anthony Hall,Hall,70.0,1956.0,Male,Australia,Technology,Technology,,no-pic,2026
anthony_hsieh,Anthony Hsieh,Hsieh,63.0,1963.0,Male,United States,mortgage lender,Finance & Investments,,no-pic,2021
anthony_langley,Anthony Langley,Langley,71.0,1955.0,Male,United Kingdom,Manufacturing,Diversified,,,2026
anthony_pratt,Anthony Pratt,Pratt,66.0,1960.0,Male,Australia,Manufacturing,Manufacturing,,,2026
anthony_pritzker,Anthony Pritzker,Pritzker,65.0,1961.0,Male,United States,"Hotels, investments",Service,,,2026
anthony_von_mandl,Anthony von Mandl,von Mandl,76.0,1950.0,Male,Canada,Alcoholic beverages,Food & Beverage,,no-pic,2026
anthony_wood,Anthony Wood,Wood,60.0,1966.0,Male,United States,Roku,Technology,,no-pic,2026
anton_fedun,Anton Fedun,Fedun,41.0,1985.0,Male,Russia,oil & gas,Energy,,no-pic,2026
anton_kathrein_jr,"Anton Kathrein, Jr.",Kathrein,46.0,1980.0,Male,Germany,antennas,Manufacturing,,,2018
anton_osika,Anton Osika,Osika,35.0,1991.0,Male,Sweden,AI coding,Technology,,no-pic,2026
anton_rabie,Anton Rabie,Rabie,55.0,1971.0,Male,Canada,toys,Manufacturing,,no-pic,2022
anton_schlecker,Anton Schlecker,Schlecker,93.0,1933.0,Male,Germany,retail,Fashion and Retail,,,2011
antonia_axson_johnson,Antonia Ax:son Johnson,Ax:son Johnson,82.0,1944.0,Female,Sweden,Diversified,Diversified,,no-pic-female,2026
antonio_del_valle_ruiz,Antonio Del Valle Ruiz,Del Valle Ruiz,87.0,1939.0,Male,Mexico,Chemicals,Manufacturing,,,2026
antonio_ermirio_de_moraes,Antonio Ermirio de Moraes,Moraes,106.0,1920.0,Male,Brazil,diversified,Diversified,,,2014
antonio_gallardo_ballart,Antonio Gallardo Ballart,Gallardo Ballart,90.0,1936.0,Male,Spain,pharmaceuticals,Healthcare,,no-pic,2026
antonio_gracias,Antonio Gracias,Gracias,55.0,1971.0,Male,United States,Investments,Finance & Investments,,no-pic,2026
antonio_jose_carneiro,Antonio Jose Carneiro,Carneiro,93.0,1933.0,Male,Brazil,electricity distribution,Energy,,no-pic,2013
antonio_luiz_seabra,Antonio Luiz Seabra,Seabra,83.0,1943.0,Male,Brazil,Cosmetics,Fashion & Retail,,,2026
antonio_marcegaglia,Antonio Marcegaglia,Marcegaglia,64.0,1962.0,Male,Italy,steel,Metals & Mining,,no-pic,2021
antonio_percassi,Antonio Percassi,Percassi,72.0,1954.0,Male,Italy,"Real estate, diversified",Diversified,,no-pic,2026
antony_ressler,Antony Ressler,Ressler,65.0,1961.0,Male,United States,Finance,Finance & Investments,,,2026
antti_aarnio_wihuri,Antti Aarnio-Wihuri,Aarnio-Wihuri,86.0,1940.0,Male,Finland,Diversified,Diversified,,no-pic,2026
antti_herlin,Antti Herlin,Herlin,69.0,1957.0,Male,Finland,"Elevators, escalators",Manufacturing,,,2026
anu_aga,Anu Aga,Aga,83.0,1943.0,Female,India,Engineering,Construction & Engineering,,,2026
anurang_jain_1,Anurang Jain,Jain,64.0,1962.0,Male,India,Auto parts,Manufacturing,,no-pic,2026
ao_xiaoqiang,Ao Xiaoqiang,Ao,68.0,1958.0,Male,China,electrical equipment,Manufacturing,,no-pic,2017
apoorva_mehta,Apoorva Mehta,Mehta,40.0,1986.0,Male,Canada,Grocery delivery service,Technology,"Founder, Instacart",,2025
april_goh,April Goh,Goh,35.0,1991.0,Female,Singapore,Paints,Manufacturing,,no-pic-female,2026
aras_agalarov,Aras Agalarov,Agalarov,72.0,1954.0,Male,Russia,real estate,Fashion & Retail,,,2021
aravind_srinivas,Aravind Srinivas,Srinivas,31.0,1995.0,Male,India,Artificial Intelligence,Technology,,no-pic,2026
archie_aldis_emmerson,Archie Aldis Emmerson,Emmerson,97.0,1929.0,Male,United States,"Timberland, lumber mills",Manufacturing,,,2026
archie_hwang,Archie Hwang,Hwang,73.0,1953.0,Male,Singapore,Semiconductors,Technology,,no-pic,2026
aristotelis_mistakidis,Aristotelis Mistakidis,Mistakidis,64.0,1962.0,Male,Greece,"Mining, commodities",Metals & Mining,,no-pic,2026
arkady_rotenberg,Arkady Rotenberg,Rotenberg,74.0,1952.0,Male,Russia,"Construction, pipes, banking",Construction & Engineering,,,2026
arkady_volozh,Arkady Volozh,Volozh,62.0,1964.0,Male,Israel,Search engine,Technology,,,2026
arne_alexander_wilhelmsen,Arne Alexander Wilhelmsen,Wilhelmsen,61.0,1965.0,Male,Norway,cruise ships,Diversified,,no-pic,2026
arne_wilhelmsen,Arne Wilhelmsen,Wilhelmsen,99.0,1927.0,Male,Norway,cruise ships,Logistics,,,2020
arno_schodl,Arno Schodl,Schodl,50.0,1976.0,Male,Germany,Software,Technology,,no-pic,2026
arnold_clark,Arnold Clark,Clark,104.0,1922.0,Male,United Kingdom,Arnold Clark Automobiles,Automotive,,no-pic,2017
arnold_schwarzenegger,Arnold Schwarzenegger,Schwarzenegger,78.0,1948.0,Male,United States,"Movies, investments",Media & Entertainment,,no-pic,2026
arnon_milchan,Arnon Milchan,Milchan,81.0,1945.0,Male,Israel,Movie making,Media & Entertainment,,,2026
arnout_schuijff,Arnout Schuijff,Schuijff,58.0,1968.0,Male,Netherlands,Payments software,Technology,,no-pic,2026
arsen_kanokov,Arsen Kanokov,Kanokov,69.0,1957.0,Male,Russia,Real estate,Real Estate,,no-pic,2026
art_levinson,Art Levinson,Levinson,76.0,1950.0,Male,United States,"Genentech, Apple",Diversified,,no-pic,2026
artem_khachatryan,Artem Khachatryan,Khachatryan,51.0,1975.0,Male,Russia,Retail,Fashion & Retail,,no-pic,2026
arthur_blank,Arthur Blank,Blank,83.0,1943.0,Male,United States,Home Depot,Sports,"Chairman, Atlanta Falcons",,2026
arthur_dantchik,Arthur Dantchik,Dantchik,68.0,1958.0,Male,United States,"Trading, investments",Finance & Investments,,no-pic,2026
arthur_irving,Arthur Irving,Irving,97.0,1929.0,Male,Canada,Oil,Energy,,,2024
arthur_levine,Arthur Levine,Levine,74.0,1952.0,Male,United States,Private equity,Finance & Investments,,no-pic,2026
arthur_mensch_1,Arthur Mensch,Mensch,33.0,1993.0,Male,France,Artificial intelligence,Technology,,no-pic,2026
arthur_xiaobo_hong,Arthur Xiaobo Hong,Hong,54.0,1972.0,Male,China,e-commerce,Fashion & Retail,,no-pic,2026
artur_grynbaum_1,Artur Grynbaum,Grynbaum,57.0,1969.0,Male,Brazil,Cosmetics,Fashion & Retail,,no-pic,2026
arturo_moreno,Arturo Moreno,Moreno,79.0,1947.0,Male,United States,"Billboards, Los Angeles Angels",Sports,,,2026
arun_bharat_ram,Arun Bharat Ram,Bharat Ram,85.0,1941.0,Male,India,Chemicals,Manufacturing,,no-pic,2026
arvid_lunnemark,Arvid Lunnemark,Lunnemark,26.0,2000.0,Male,Sweden,AI software,Technology,"Cofounder, Anysphere",no-pic,2026
arvind_lal,Arvind Lal,Lal,76.0,1950.0,Male,India,Medical diagnostics,Healthcare,,no-pic,2026
arvind_poddar,Arvind Poddar,Poddar,68.0,1958.0,Male,India,Tires,Automotive,,no-pic,2026
arvind_tiku,Arvind Tiku,Tiku,56.0,1970.0,Male,India,"Renewable energy, real estate",Energy,,,2026
ashok_boob_1,Ashok Boob,Boob,75.0,1951.0,Male,India,specialty chemicals,Manufacturing,,no-pic,2022
ashok_kajaria,Ashok Kajaria,Kajaria,79.0,1947.0,Male,India,Tiles,Manufacturing,,no-pic,2024
ashok_soota,Ashok Soota,Soota,84.0,1942.0,Male,India,software services,Technology,,no-pic,2022
ashwin_dani,Ashwin Dani,Dani,83.0,1943.0,Male,India,Paints,Manufacturing,,,2023
ashwin_desai,Ashwin Desai,Desai,74.0,1952.0,Male,India,Specialty chemicals,Manufacturing,,no-pic,2026
asok_kumar_hiranandani,Asok Kumar Hiranandani,Hiranandani,71.0,1955.0,Male,Singapore,Real estate,Real Estate,,,2026
assaf_rappaport,Assaf Rappaport,Rappaport,42.0,1984.0,Male,Israel,Security startup,Technology,,no-pic,2026
athanasios_martinos,Athanasios Martinos,Martinos,76.0,1950.0,Male,Greece,"Shipping, real estate",Logistics,,no-pic,2026
atul_ruia,Atul Ruia,Ruia,55.0,1971.0,Male,India,Real estate,Real Estate,,no-pic,2026
aubrey_mcclendon,Aubrey McClendon,McClendon,77.0,1949.0,Male,United States,natural gas,Energy,,,2012
august_oetker,August Oetker,Oetker,83.0,1943.0,Male,Germany,consumer goods,Fashion & Retail,,,2021
august_troendle,August Troendle,Troendle,70.0,1956.0,Male,United States,Pharmaceutical services,Healthcare,,no-pic,2026
august_von_finck,August von Finck,von Finck,98.0,1928.0,Male,Germany,investments,Finance & Investments,,,2021
augusto_perfetti,Augusto Perfetti,Perfetti,79.0,1947.0,Male,Italy,Candy,Food & Beverage,,no-pic,2026
austen_cargill_ii,"Austen Cargill, II.",Cargill,75.0,1951.0,Male,United States,Cargill,Food & Beverage,,no-pic,2026
austin_hearst,Austin Hearst,Hearst,84.0,1942.0,Male,United States,Hearst Corp,Media,,,2012
austin_russell,Austin Russell,Russell,32.0,1994.0,Male,United States,sensors,Automotive,"Founder, Luminar",no-pic,2022
autry_stephens,Autry Stephens,Stephens,89.0,1937.0,Male,United States,Oil,Energy,,,2024
avram_glazer,Avram Glazer,Glazer,65.0,1961.0,Male,United States,"Manchester United, Tampa Bay Buccaneers",Sports,,no-pic,2026
axel_oberwelland,Axel Oberwelland,Oberwelland,59.0,1967.0,Male,Germany,Candy,Food & Beverage,,no-pic,2026
axel_stawski,Axel Stawski,Stawski,75.0,1951.0,Male,United States,Real estate,Real Estate,,no-pic,2026
aydin_dogan,Aydin Dogan,Dogan,90.0,1936.0,Male,Turkey,Media,Media & Entertainment,,,2026
ayhan_tosyali,Ayhan Tosyali,Tosyali,66.0,1960.0,Male,Turkey,steel,Metals & Mining,,no-pic,2019
ayman_asfari,Ayman Asfari,Asfari,73.0,1953.0,Male,United Kingdom,oil services,Energy,,,2017
ayman_hariri,Ayman Hariri,Hariri,47.0,1979.0,Male,Lebanon,"Construction, investments",Construction & Engineering,,,2026
azad_moopen,Azad Moopen,Moopen,79.0,1947.0,Male,India,healthcare,Healthcare,,,2017
azim_premji,Azim Premji,Premji,80.0,1946.0,Male,India,Software services,Technology,"Founder Chairman, Wipro Ltd.",,2026
aziz_akhannouch,Aziz Akhannouch,Akhannouch,65.0,1961.0,Male,Morocco,"Petroleum, diversified",Diversified,,,2026
azman_hashim,Azman Hashim,Hashim,86.0,1940.0,Male,Malaysia,Banking,Finance & Investments,,,2026
b_partha_saradhi_reddy,B. Partha Saradhi Reddy,Reddy,72.0,1954.0,Male,India,Pharmaceuticals,Healthcare,,no-pic,2026
b_wayne_hughes,B. Wayne Hughes,Hughes,94.0,1932.0,Male,United States,self storage,Service,,,2021
b_wayne_hughes_jr,"B. Wayne Hughes, Jr.",Hughes,66.0,1960.0,Male,United States,Storage facilities,Real Estate,,no-pic,2026
baba_kalyani,Baba Kalyani,Kalyani,77.0,1949.0,Male,India,Engineering,Automotive,,,2026
bachtiar_karim,Bachtiar Karim,Karim,76.0,1950.0,Male,Indonesia,manufacturing,Manufacturing,,no-pic,2016
bachtiar_karim_1,Bachtiar Karim,Karim,68.0,1958.0,Male,Indonesia,Palm oil,Manufacturing,,no-pic,2026
bahaa_hariri,Bahaa Hariri,Hariri,60.0,1966.0,Male,Lebanon,"Real estate, investments",Real Estate,,,2026
bahari_karim,Bahari Karim,Karim,64.0,1962.0,Male,Indonesia,Palm oil,Manufacturing,,no-pic,2026
bai_baokun,Bai Baokun,Bai,,,Male,China,Hardware,Manufacturing,,no-pic,2023
bai_houshan,Bai Houshan,Bai,62.0,1964.0,Male,China,Lithium battery,Energy,,no-pic,2023
baiju_bhatt,Baiju Bhatt,Bhatt,41.0,1985.0,Male,United States,Stock trading app,Finance & Investments,,no-pic,2026
bajaj_brothers,Bajaj brothers,Bajaj,,,Male,India,diversified,Diversified,,no-pic,2022
bajaj_siblings,Bajaj siblings,Bajaj,,,,India,"two-wheelers, finance",Automotive,,no-pic,2022
balkrishan_goenka,Balkrishan Goenka,Goenka,59.0,1967.0,Male,India,Textiles,Manufacturing,,,2026
bambang_sutantio,Bambang Sutantio,Sutantio,67.0,1959.0,Male,Indonesia,Dairy & consumer products,Food & Beverage,,no-pic,2026
bang_jun_hyuk,Bang Jun-hyuk,Bang,58.0,1968.0,Male,South Korea,online gaming,Media & Entertainment,,no-pic,2022
bang_si_hyuk,Bang Si-hyuk,Bang,53.0,1973.0,Male,South Korea,Entertainment,Media & Entertainment,,no-pic,2026
banwari_lal_bawri,Banwari Lal Bawri,Bawri,73.0,1953.0,Male,India,Pharmaceuticals,Healthcare,,no-pic,2026
bao_hongxing,Bao Hongxing,Bao,,,Male,China,agribusiness,Food and Beverage,,no-pic,2017
baoshen_zhong,Baoshen Zhong,Zhong,59.0,1967.0,Male,China,solar energy,Energy,,no-pic,2022
barbara_banke_1,Barbara Banke,Banke,72.0,1954.0,Female,United States,Wine,Food & Beverage,,no-pic-female,2026
barbara_benetton,Barbara Benetton,Benetton,56.0,1970.0,Female,Italy,"Fashion retail, investments",Fashion & Retail,,no-pic-female,2026
barbara_berlusconi,Barbara Berlusconi,Berlusconi,41.0,1985.0,Female,Italy,Media,Media & Entertainment,,no-pic-female,2026
barbara_boehringer,Barbara Boehringer,Boehringer,53.0,1973.0,Female,Germany,Pharmaceuticals,Healthcare,,no-pic-female,2026
barbara_carlson_gage,Barbara Carlson Gage,Gage,92.0,1934.0,Female,United States,"hotels, travel",Service,,,2015
barbara_piasecka_johnson,Barbara Piasecka Johnson,Johnson,99.0,1927.0,Female,United States,Johnson & Johnson,Health care,,,2013
barbara_tyson,Barbara Tyson,Tyson,77.0,1949.0,Female,United States,Food processing,Food & Beverage,,no-pic-female,2026
barry_bentley,Barry Bentley,Bentley,70.0,1956.0,Male,United States,Software,Technology,,no-pic,2026
barry_diller,Barry Diller,Diller,84.0,1942.0,Male,United States,Online media,Media & Entertainment,,,2026
barry_lam,Barry Lam,Lam,77.0,1949.0,Male,Taiwan,Electronics,Technology,,,2026
barry_silbert,Barry Silbert,Silbert,50.0,1976.0,Male,United States,cryptocurrency,Finance & Investments,,no-pic,2022
barry_sternlicht,Barry Sternlicht,Sternlicht,65.0,1961.0,Male,United States,Private equity,Finance & Investments,,,2026
barry_zekelman,Barry Zekelman,Zekelman,59.0,1967.0,Male,Canada,Steel,Manufacturing,,no-pic,2026
bart_van_malderen,Bart van Malderen,van Malderen,59.0,1967.0,Male,Belgium,diapers,Manufacturing,,no-pic,2026
bassam_alghanim,Bassam Alghanim,Alghanim,79.0,1947.0,Male,Kuwait,diversified,Diversified,,,2018
bastian_nominacher,Bastian Nominacher,Nominacher,41.0,1985.0,Male,Germany,Enterprise software,Technology,,no-pic,2026
basudeo_singh,Basudeo Singh,Singh,85.0,1941.0,Male,India,Pharmaceuticals,Healthcare,,no-pic,2026
beate_heister,Beate Heister,Heister,75.0,1951.0,Female,Germany,Supermarkets,Fashion & Retail,,no-pic-female,2026
beate_heister_karl_albrecht_jr,Beate Heister & Karl Albrecht Jr.,Albrecht Jr.,,,,Germany,supermarkets,Fashion & Retail,,no-pic,2015
beatriz_davila_de_santo_domingo,Beatriz Davila de Santo Domingo,Davila de Santo Domingo,87.0,1939.0,Female,Colombia,Beer,Food & Beverage,,no-pic-female,2026
beda_diethelm,Beda Diethelm,Diethelm,85.0,1941.0,Male,Switzerland,Hearing aids,Healthcare,,no-pic,2026
behdad_eghbali,Behdad Eghbali,Eghbali,49.0,1977.0,Male,United States,Private equity,Finance & Investments,,no-pic,2026
belmiro_de_azevedo,Belmiro de Azevedo,de Azevedo,94.0,1932.0,Male,Portugal,retail,Diversified,,,2017
ben_ashkenazy,Ben Ashkenazy,Ashkenazy,56.0,1970.0,Male,United States,Real estate,Real Estate,,no-pic,2026
ben_chestnut,Ben Chestnut,Chestnut,51.0,1975.0,Male,United States,Email marketing,Technology,,no-pic,2026
ben_francis_1,Ben Francis,Francis,33.0,1993.0,Male,United Kingdom,Fitness clothing,Fashion & Retail,,no-pic,2026
ben_lamm,Ben Lamm,Lamm,44.0,1982.0,Male,United States,biotech,Technology,,no-pic,2026
ben_navarro,Ben Navarro,Navarro,63.0,1963.0,Male,United States,Investments,Finance & Investments,,no-pic,2026
ben_silbermann,Ben Silbermann,Silbermann,43.0,1983.0,Male,United States,Social media,Media & Entertainment,"Cofounder, Pinterest",,2026
benedicta_chamberlain,Benedicta Chamberlain,Chamberlain,90.0,1936.0,Female,United Kingdom,alcohol,Food and Beverage,,no-pic-female,2015
benedicte_find,Benedicte Find,Find,71.0,1955.0,Female,Denmark,Medical devices,Healthcare,,no-pic-female,2025
benjamin_de_rothschild,Benjamin de Rothschild,de Rothschild,65.0,1961.0,Male,Switzerland,banking,Finance & Investments,,,2020
benjamin_otto,Benjamin Otto,Otto,50.0,1976.0,Male,Germany,Retail,Fashion & Retail,,no-pic,2026
benjamin_zhengmin_pan,Benjamin Zhengmin Pan,Pan,56.0,1970.0,Male,China,Electronics,Technology,,no-pic,2026
bennett_dorrance,Bennett Dorrance,Dorrance,80.0,1946.0,Male,United States,Campbell Soup,Food & Beverage,,,2026
bennett_rosenthal,Bennett Rosenthal,Rosenthal,62.0,1964.0,Male,United States,Finance,Finance & Investments,,no-pic,2026
benny_subianto,Benny Subianto,Subianto,91.0,1935.0,Male,Indonesia,"coal, investments",Energy,,,2015
benny_suherman,Benny Suherman,Suherman,79.0,1947.0,Male,Indonesia,Cinemas,Media & Entertainment,,no-pic,2024
benoit_dageville,Benoit Dageville,Dageville,59.0,1967.0,Male,United States,Software,Technology,,no-pic,2026
bent_jensen,Bent Jensen,Jensen,75.0,1951.0,Male,Denmark,electric systems,Manufacturing,,,2022
bent_jensen_family,Bent Jensen & Family,Jensen & Family,74.0,1952.0,Male,Denmark,electric systems,Manufacturing,,no-pic,2026
bent_wilhelmsen,Bent Wilhelmsen,Wilhelmsen,66.0,1960.0,Male,Norway,cruise ships,Diversified,,no-pic,2026
benu_gopal_bangur,Benu Gopal Bangur,Bangur,94.0,1932.0,Male,India,Cement,Manufacturing,,,2026
beny_steinmetz,Beny Steinmetz,Steinmetz,74.0,1952.0,Male,Israel,"mining, diamonds, real estate",Metals & Mining,,,2019
bergit_douglas,Bergit Douglas,Douglas,81.0,1945.0,Female,Germany,consumer goods,Food & Beverage,,,2021
bernard_arnault,Bernard Arnault,Arnault,77.0,1949.0,Male,France,LVMH,Fashion & Retail,"Chairman and CEO, LVMH Moet Hennessy Louis Vuitton",,2026
bernard_barry_sherman,Bernard (Barry) Sherman,Sherman,90.0,1936.0,Male,Canada,pharmaceuticals,Healthcare,"Chairman and CEO, Apotex",,2017
bernard_broermann,Bernard Broermann,Broermann,82.0,1944.0,Male,Germany,Hospitals,Healthcare,,,2023
bernard_charles,Bernard Charles,Charles,69.0,1957.0,Male,France,"Software, consulting",Diversified,,no-pic,2025
bernard_ecclestone,Bernard Ecclestone,Ecclestone,95.0,1931.0,Male,United Kingdom,Formula One,Sports,,,2026
bernard_fraisse,Bernard Fraisse,Fraisse,69.0,1957.0,Male,France,Pharmaceuticals,Healthcare,,no-pic,2026
bernard_lewis,Bernard Lewis,Lewis,100.0,1926.0,Male,United Kingdom,Fashion retailer,Fashion & Retail,,no-pic,2026
bernard_marcus,Bernard Marcus,Marcus,98.0,1928.0,Male,United States,Home Depot,Fashion & Retail,"Co-founder, ex chairman of the board, Home Depot",,2024
bernard_saul_ii,"Bernard Saul, II.",Saul,94.0,1932.0,Male,United States,"Banking, real estate",Finance & Investments,"Chairman and CEO, Saul Centers",,2026
bernardo_caprotti,Bernardo Caprotti,Caprotti,107.0,1919.0,Male,Italy,supermarkets,Food & Beverage,,,2016
bernardo_matte,Bernardo Matte,Matte,74.0,1952.0,Male,Chile,paper,Manufacturing,,,2019
bernd_freier,Bernd Freier,Freier,69.0,1957.0,Male,Germany,Fashion retail,Fashion & Retail,,,2026
bernhard_braun_luedicke,Bernhard Braun-Luedicke,Braun-Luedicke,49.0,1977.0,Male,Germany,Medical technology,Healthcare,,no-pic,2026
bert_beveridge,Bert Beveridge,Beveridge,64.0,1962.0,Male,United States,Vodka,Food & Beverage,,no-pic,2026
bertil_hult,Bertil Hult,Hult,85.0,1941.0,Male,Sweden,Education,Service,,,2026
betty_ang,Betty Ang,Ang,72.0,1954.0,Female,Philippines,foods,Food & Beverage,,no-pic-female,2022
beyonce_knowles_carter,Beyoncé Knowles-Carter,Knowles-Carter,44.0,1982.0,Female,United States,Music,Media & Entertainment,Musician,no-pic-female,2026
bhadresh_shah,Bhadresh Shah,Shah,74.0,1952.0,Male,India,Engineering,Manufacturing,,,2026
bharat_desai,Bharat Desai,Desai,73.0,1953.0,Male,United States,IT consulting,Technology,"Chairman and Co-founder, Syntel",,2026
bhaskara_rao_bollineni,Bhaskara Rao Bollineni,Bollineni,72.0,1954.0,Male,India,Healthcare,Healthcare,,no-pic,2026
bhavish_aggarwal,Bhavish Aggarwal,Aggarwal,40.0,1986.0,Male,India,Ride-hailing app,Technology,,no-pic,2025
bhawari_bai_surana,Bhawari Bai Surana,Surana,81.0,1945.0,Female,India,pharmaceuticals,Healthcare,,no-pic-female,2022
bhikhabai_virani,Bhikhabai Virani,Virani,72.0,1954.0,Male,India,Snacks,Food & Beverage,,no-pic,2026
bhupendra_kumar_modi,Bhupendra Kumar Modi,Modi,88.0,1938.0,Male,India,telecom,Telecom,,,2012
bianca_rinehart,Bianca Rinehart,Rinehart,49.0,1977.0,Female,Australia,Mining,Metals & Mining,,no-pic-female,2026
bidzina_ivanishvili,Bidzina Ivanishvili,Ivanishvili,70.0,1956.0,Male,Georgia,Investments,Finance & Investments,,,2026
bijan_tehrani,Bijan Tehrani,Tehrani,32.0,1994.0,Male,United States,Online casino,Gambling & Casinos,,no-pic,2026
bill_alfond,Bill Alfond,Alfond,77.0,1949.0,Male,United States,Shoes,Fashion & Retail,,no-pic,2026
bill_and_jean_adderley,Bill and Jean Adderley,Adderley,,,,United Kingdom,home furnishings,Fashion & Retail,,no-pic,2022
bill_austin,Bill Austin,Austin,84.0,1942.0,Male,United States,Hearing aids,Manufacturing,,no-pic,2026
bill_cummings,Bill Cummings,Cummings,89.0,1937.0,Male,United States,Commercial real estate,Real Estate,,no-pic,2026
bill_gates,Bill Gates,Gates,70.0,1956.0,Male,United States,Microsoft,Technology,"Chairman, The Gates Foundation",,2026
bill_gross,Bill Gross,Gross,82.0,1944.0,Male,United States,Investments,Finance & Investments,"Cofounder and Co-Chief Investment Officer, Pacific Investment Management Company LLC",,2026
bill_haslam,Bill Haslam,Haslam,67.0,1959.0,Male,United States,Gas stations,Fashion & Retail,,,2026
bill_liu,Bill Liu,Liu,45.0,1981.0,Male,China,electronics,Technology,,no-pic,2021
bill_malhotra,Bill Malhotra,Malhotra,76.0,1950.0,Male,Canada,Real estate,Real Estate,,no-pic,2026
bill_marriott_jr,"Bill Marriott, Jr.",Marriott,103.0,1923.0,Male,United States,hotels,Service,,,2014
billy_joe_red_mccombs,Billy Joe (Red) McCombs,McCombs,99.0,1927.0,Male,United States,"real estate, oil, cars, sports",Diversified,,,2022
billy_kan,Billy Kan,Kan,80.0,1946.0,Male,Hong Kong,"finance, energy",Energy,,,2017
bina_chhabria,Bina Chhabria,Chhabria,68.0,1958.0,Female,India,Alcoholic beverages,Food & Beverage,,no-pic-female,2026
bingkun_xie,Bingkun Xie,Xie,59.0,1967.0,Male,China,Pearlescent pigments,Fashion & Retail,,no-pic,2026
binny_bansal,Binny Bansal,Bansal,43.0,1983.0,Male,India,Flipkart,Technology,,,2026
binod_chaudhary,Binod Chaudhary,Chaudhary,71.0,1955.0,Male,Nepal,Diversified,Diversified,,,2026
birgit_rausing,Birgit Rausing,Rausing,113.0,1913.0,Female,Sweden,packaging,Manufacturing,,,2012
blair_parry_okeden,Blair Parry-Okeden,Parry-Okeden,75.0,1951.0,Female,United States,"Media, automotive",Media & Entertainment,,no-pic-female,2026
blairo_maggi,Blairo Maggi,Maggi,69.0,1957.0,Male,Brazil,Agribusiness,Food & Beverage,,,2026
bo_shijiu,Bo Shijiu,Bo,67.0,1959.0,Male,China,logsitics,Logistics,,no-pic,2017
bo_wu,Bo Wu,Wu,72.0,1954.0,Male,China,Machinery,Manufacturing,,no-pic,2023
bob_ell,Bob Ell,Ell,81.0,1945.0,Male,Australia,Real estate,Real Estate,,,2026
bob_gaglardi,Bob Gaglardi,Gaglardi,85.0,1941.0,Male,Canada,Hotels,Real Estate,,no-pic,2026
bob_muglia,Bob Muglia,Muglia,66.0,1960.0,Male,United States,software,Technology,,no-pic,2026
bob_parsons,Bob Parsons,Parsons,75.0,1951.0,Male,United States,Web hosting,Technology,,,2026
bob_pender,Bob Pender,Pender,73.0,1953.0,Male,United States,oil & gas,Energy,,no-pic,2025
bobby_murphy,Bobby Murphy,Murphy,37.0,1989.0,Male,United States,Snapchat,Technology,"Cofounder, Snap",,2026
bom_kim,Bom Kim,Kim,47.0,1979.0,Male,United States,Online retailing,Technology,Coupang,,2026
boris_jordan,Boris Jordan,Jordan,60.0,1966.0,Male,United States,cannabis,Manufacturing,,no-pic,2022
boris_mints,Boris Mints,Mints,73.0,1953.0,Male,Russia,real estate,Real Estate,,,2017
boris_nuraliev,Boris Nuraliev,Nuraliev,67.0,1959.0,Male,Russia,Software,Technology,,no-pic,2026
boris_rotenberg,Boris Rotenberg,Rotenberg,69.0,1957.0,Male,Russia,"Construction, pipes, chemicals",Construction & Engineering,,,2026
boris_zingarevich,Boris Zingarevich,Zingarevich,66.0,1960.0,Male,Russia,"Pulp and paper, diversified",Diversified,,no-pic,2026
br_shetty,B.R. Shetty,Shetty,88.0,1938.0,Male,India,healthcare,Healthcare,,,2019
brad_jacobs,Brad Jacobs,Jacobs,69.0,1957.0,Male,United States,Logistics,Logistics,,no-pic,2026
brad_kelley,Brad Kelley,Kelley,69.0,1957.0,Male,United States,Tobacco,Real Estate,,,2026
brad_keywell,Brad Keywell,Keywell,56.0,1970.0,Male,United States,"Software, investments",Technology,,,2026
brandt_louie,Brandt Louie,Louie,82.0,1944.0,Male,Canada,Drugstores,Food & Beverage,,,2026
brannin_mcbee,Brannin McBee,McBee,41.0,1985.0,Male,United States,Technology,Technology,,no-pic,2026
brendan_blumer,Brendan Blumer,Blumer,39.0,1987.0,Male,Hong Kong,Crypto exchange,Finance & Investments,,no-pic,2026
brendan_foody,Brendan Foody,Foody,23.0,2003.0,Male,United States,AI Software,Technology,"Cofounder, Mercor",no-pic,2026
bret_taylor,Bret Taylor,Taylor,45.0,1981.0,Male,United States,AI customer service agents,Technology,,,2026
brett_adcock,Brett Adcock,Adcock,40.0,1986.0,Male,United States,Robots,Technology,"CEO & founder, Figure AI",no-pic,2026
brett_blundy,Brett Blundy,Blundy,66.0,1960.0,Male,Australia,"Retail, agribusiness",Fashion & Retail,,,2026
brett_hildebrand,Brett Hildebrand,Hildebrand,64.0,1962.0,Male,United States,"Banking, credit cards",Finance & Investments,,no-pic,2026
brian_acton,Brian Acton,Acton,54.0,1972.0,Male,United States,WhatsApp,Technology,"Cofounder, WhatsApp Inc.",,2026
brian_armstrong,Brian Armstrong,Armstrong,43.0,1983.0,Male,United States,Cryptocurrency,Finance & Investments,,no-pic,2026
brian_chesky,Brian Chesky,Chesky,44.0,1982.0,Male,United States,Airbnb,Technology,"CEO and Cofounder, AirBnB",,2026
brian_higgins,Brian Higgins,Higgins,61.0,1965.0,Male,United States,Hedge funds,Finance & Investments,"Co-Founder, King Street Capital Management",no-pic,2026
brian_hill,Brian Hill,Hill,65.0,1961.0,Male,Canada,Fashion retailer,Fashion & Retail,,no-pic,2026
brian_lawson,Brian Lawson,Lawson,66.0,1960.0,Male,Canada,private equity,Finance & Investments,,no-pic,2026
brian_roberts,Brian Roberts,Roberts,66.0,1960.0,Male,United States,Comcast,Media & Entertainment,"CEO, Comcast",,2026
brian_sheth,Brian Sheth,Sheth,53.0,1973.0,Male,United States,investments,Finance & Investments,,,2020
brian_venturo,Brian Venturo,Venturo,41.0,1985.0,Male,United States,Technology,Technology,,no-pic,2026
brij_bhushan_singal,Brij Bhushan Singal,Singal,98.0,1928.0,Male,India,steel,Metals & Mining,,,2014
brijmohan_lall_munjal,Brijmohan Lall Munjal,Munjal,110.0,1916.0,Male,India,motorcycles,Automotive,,,2015
bris_rocher,Bris Rocher,Rocher,47.0,1979.0,Male,France,cosmetics,Fashion & Retail,,no-pic,2026
bruce_beal_jr,"Bruce Beal, Jr.",Beal,56.0,1970.0,Male,United States,Real estate,Real Estate,,no-pic,2026
bruce_cheng,Bruce Cheng,Cheng,89.0,1937.0,Male,Taiwan,Electronics,Technology,,,2026
bruce_flatt,Bruce Flatt,Flatt,60.0,1966.0,Male,Canada,Money management,Finance & Investments,,no-pic,2026
bruce_gordon,Bruce Gordon,Gordon,113.0,1913.0,Male,Australia,,Media & Entertainment,,,2007
bruce_halle,Bruce Halle,Halle,101.0,1925.0,Male,United States,tires,Automotive,"Chairman, Discount Tire Co.",,2017
bruce_karsh,Bruce Karsh,Karsh,70.0,1956.0,Male,United States,Private equity,Finance & Investments,"President, Oaktree Capital Group LLC",,2026
bruce_kovner,Bruce Kovner,Kovner,81.0,1945.0,Male,United States,Hedge funds,Finance & Investments,"Founder, Caxton Associates LP",,2026
bruce_mathieson,Bruce Mathieson,Mathieson,82.0,1944.0,Male,Australia,Hotels,Real Estate,,,2026
bruce_nordstrom,Bruce Nordstrom,Nordstrom,93.0,1933.0,Male,United States,Nordstrom department stores,Fashion & Retail,,,2022
bruce_springsteen,Bruce Springsteen,Springsteen,76.0,1950.0,Male,United States,Music,Media & Entertainment,Musician,,2026
bruce_toll,Bruce Toll,Toll,83.0,1943.0,Male,United States,Homebuilding,Real Estate,,no-pic,2026
bruce_wilson,Bruce Wilson,Wilson,80.0,1946.0,Male,Australia,Retailing,Fashion & Retail,,no-pic,2026
brunello_cucinelli,Brunello Cucinelli,Cucinelli,72.0,1954.0,Male,Italy,Fashion,Fashion & Retail,,,2026
bruno_schroder,Bruno Schroder,Schroder,98.0,1928.0,Male,United Kingdom,banking,Finance and Investments,,,2018
bruno_steinhoff,Bruno Steinhoff,Steinhoff,94.0,1932.0,Male,Germany,furniture,Fashion & Retail,,no-pic,2017
bryan_glazer,Bryan Glazer,Glazer,61.0,1965.0,Male,United States,"Manchester United, Tampa Bay Buccaneers",Sports,,no-pic,2026
bryan_sheffield,Bryan Sheffield,Sheffield,54.0,1972.0,Male,United States,oil & gas,Energy,,no-pic,2017
bu_yang,Bu Yang,Bu,,,Female,China,retail,Fashion & Retail,,no-pic-female,2018
bubba_cathy,Bubba Cathy,Cathy,72.0,1954.0,Male,United States,Chick-fil-A,Food & Beverage,,,2026
bui_thanh_nhon,Bui Thanh Nhon,Bui,69.0,1957.0,Male,Vietnam,real estate,Real Estate,,no-pic,2022
bulat_utemuratov,Bulat Utemuratov,Utemuratov,68.0,1958.0,Male,Kazakhstan,"Mining, banking, hotels",Metals & Mining,,,2026
bulent_eczacibasi,Bulent Eczacibasi,Eczacibasi,76.0,1950.0,Male,Turkey,"Pharmaceuticals, diversified",Diversified,,,2026
burhan_karim,Burhan Karim,Karim,66.0,1960.0,Male,Indonesia,Palm oil,Manufacturing,,no-pic,2026
byron_trott,Byron Trott,Trott,67.0,1959.0,Male,United States,Investments,Finance & Investments,,no-pic,2026
byunghoon_kim,Byunghoon Kim,Kim,37.0,1989.0,Male,South Korea,Beauty devices,Fashion & Retail,"Cofounder, AprilSkin",no-pic,2026
c_dean_metropoulos,C. Dean Metropoulos,Metropoulos,79.0,1947.0,Male,United States,Investments,Food & Beverage,,,2026
cai_dongchen,Cai Dongchen,Cai,73.0,1953.0,Male,China,Pharmaceuticals,Healthcare,,no-pic,2026
cai_dongqing_2,Cai Dongqing,Cai,62.0,1964.0,Male,China,animation,Media & Entertainment,,,2018
cai_hao,Cai Hao,Cai,57.0,1969.0,Male,China,solar energy,Manufacturing,,no-pic,2021
cai_haoyu,Cai Haoyu,Cai,39.0,1987.0,Male,China,Mobile games,Technology,,no-pic,2026
cai_hongbin,Cai Hongbin,Cai,,,Male,China,Pharmaceuticals,Healthcare,,no-pic,2026
cai_huabo,Cai Huabo,Cai,50.0,1976.0,Male,China,Electronics,Technology,,no-pic,2026
cai_jianyong,Cai Jianyong,Cai,55.0,1971.0,Male,China,Nickel,Metals & Mining,,no-pic,2026
cai_kui,Cai Kui,Cai,63.0,1963.0,Male,China,Real estate,Real Estate,,,2026
cai_mingtong,Cai Mingtong,Cai,74.0,1952.0,Male,China,Electronic components,Technology,,no-pic,2026
cai_rongjun,Cai Rongjun,Cai,58.0,1968.0,Male,China,electronic components,Technology,,no-pic,2018
cai_wensheng,Cai Wensheng,Cai,,,Male,China,photo sharing app,Technology,,no-pic,2026
cai_xiaoru,Cai Xiaoru,Cai,51.0,1975.0,Male,China,electronic components,Technology,,no-pic,2018
cai_zaihua,Cai Zaihua,Cai,63.0,1963.0,Male,China,chemicals,Manufacturing,,no-pic,2026
cameron_adams,Cameron Adams,Adams,46.0,1980.0,Male,Australia,Software,Technology,,no-pic,2026
cameron_mackintosh,Cameron Mackintosh,Mackintosh,86.0,1940.0,Male,United Kingdom,Musical Theater,Media & Entertainment,,,2016
cameron_winklevoss,Cameron Winklevoss,Winklevoss,44.0,1982.0,Male,United States,Cryptocurrency,Finance & Investments,,no-pic,2026
camilla_de_godoy_bueno_grossi,Camilla de Godoy Bueno Grossi,de Godoy Bueno Grossi,49.0,1977.0,Female,Brazil,medical labs,Healthcare,,no-pic-female,2021
candido_pinheiro_koren_de_lima,Candido Pinheiro Koren de Lima,Pinheiro Koren de Lima,80.0,1946.0,Male,Brazil,"hospitals, health insurance",Healthcare,,no-pic,2024
candido_pinheiro_koren_de_lima_junior,Candido Pinheiro Koren de Lima Junior,Pinheiro Koren de Lima Junior,56.0,1970.0,Male,Brazil,"hospitals, health insurance",Healthcare,,no-pic,2022
cao_ji,Cao Ji,Cao,74.0,1952.0,Male,China,Manufacturing,Manufacturing,,no-pic,2026
cao_jianwei,Cao Jianwei,Cao,47.0,1979.0,Male,China,Semiconductors,Manufacturing,,no-pic,2026
cao_jisheng,Cao Jisheng,Cao,68.0,1958.0,Male,China,poultry,Food & Beverage,,no-pic,2020
cao_kejian,Cao Kejian,Cao,64.0,1962.0,Male,China,Air compressors,Manufacturing,,,2026
cao_longxiang,Cao Longxiang,Cao,68.0,1958.0,Male,China,Pharmaceuticals,Healthcare,,no-pic,2026
cao_renxian,Cao Renxian,Cao,57.0,1969.0,Male,China,Photovoltaic equipment,Energy,"Chief Executive Officer, Sungrow Power Supply",no-pic,2026
cao_xiaochun,Cao Xiaochun,Cao,59.0,1967.0,Female,China,pharmaceuticals,Healthcare,,no-pic-female,2021
cao_yuhua,Cao Yuhua,Cao,72.0,1954.0,Male,China,auto parts,Automotive,,no-pic,2026
cargill_macmillan,"Cargill MacMillan, Jr.",MacMillan,111.0,1915.0,Male,United States,Cargill Inc.,Food and Beverage,,,2011
cargill_macmillan_iii,"Cargill MacMillan, III.",MacMillan,66.0,1960.0,Male,United States,Cargill,Food & Beverage,,no-pic,2026
carl_anton_kunz,Carl-Anton Kunz,Kunz,27.0,1999.0,Male,Germany,Plumbing and heating supplies,Manufacturing,,no-pic,2026
carl_bennet,Carl Bennet,Bennet,74.0,1952.0,Male,Sweden,Investments,Finance & Investments,,no-pic,2026
carl_berg,Carl Berg,Berg,98.0,1928.0,Male,United States,real estate,Real Estate,,,2013
carl_cook,Carl Cook,Cook,63.0,1963.0,Male,United States,Medical devices,Healthcare,,,2026
carl_desantis,Carl DeSantis,DeSantis,86.0,1940.0,Male,United States,Energy drink,Food & Beverage,,no-pic,2023
carl_douglas,Carl Douglas,Douglas,64.0,1962.0,Male,Sweden,Investments,Diversified,,no-pic,2026
carl_ferdinand_oetker,Carl Ferdinand Oetker,Oetker,53.0,1973.0,Male,Germany,Consumer goods,Fashion & Retail,,no-pic,2026
carl_hansen,Carl Hansen,Hansen,54.0,1972.0,Male,Canada,biotech,Healthcare,"CEO, AbCellera Therapeutics",no-pic,2021
carl_icahn,Carl Icahn,Icahn,90.0,1936.0,Male,United States,Investments,Finance & Investments,"Founder, Icahn Capital Management",,2026
carl_lindner,Carl Lindner Jr,Lindner,120.0,1906.0,Male,United States,investments,Sports,,,2010
carl_thoma,Carl Thoma,Thoma,77.0,1949.0,Male,United States,Private equity,Finance & Investments,,no-pic,2026
carla_diehl,Carla Diehl,Diehl,36.0,1990.0,Female,Germany,"Defense, aviation",Manufacturing,,no-pic-female,2026
carlie_irsay_gordon,Carlie Irsay-Gordon,Irsay-Gordon,45.0,1981.0,Female,United States,Indianapolis Colts,Sports,,no-pic-female,2026
carlo_benetton,Carlo Benetton,Benetton,87.0,1939.0,Male,Italy,"fashion retail, investments",Fashion & Retail,,,2018
carlo_fidani,Carlo Fidani,Fidani,71.0,1955.0,Male,Canada,Real estate,Real Estate,"Chairman, Orlando Corporation",,2026
carlos_alberto_sicupira,Carlos Alberto Sicupira,Sicupira,78.0,1948.0,Male,Brazil,Beer,Food & Beverage,,no-pic,2026
carlos_ardila_lulle,Carlos Ardila Lülle,Ardila Lülle,97.0,1929.0,Male,Colombia,"soft drinks, diversified",Food & Beverage,,,2021
carlos_eduardo_m_scripilliti,Carlos Eduardo M. Scripilliti,Scripilliti,,,Male,Brazil,Diversified,Diversified,,no-pic,2024
carlos_francisco_ribeiro_jereissati,Carlos Francisco Ribeiro Jereissati,Jereissati,88.0,1938.0,Male,Brazil,shopping malls,Diversified,,no-pic,2014
carlos_hank_rhon,Carlos Hank Rhon,Hank Rhon,78.0,1948.0,Male,Mexico,Banking,Diversified,,,2026
carlos_march_delgado,Carlos March Delgado,March Delgado,80.0,1946.0,Male,Spain,Banking,Finance & Investments,,no-pic,2026
carlos_martins,Carlos Martins,Martins,78.0,1948.0,Male,Brazil,education,Service,,no-pic,2014
carlos_pires_oliveira_dias,Carlos Pires Oliveira Dias,Pires Oliveira Dias,76.0,1950.0,Male,Brazil,Pharmaceutical,Healthcare,,no-pic,2024
carlos_rodriguez_pastor,Carlos Rodriguez-Pastor,Rodriguez-Pastor,67.0,1959.0,Male,Peru,Finance,Finance & Investments,,,2023
carlos_sanchez,Carlos Sanchez,Sanchez,64.0,1962.0,Male,Brazil,Generic drugs,Healthcare,,,2026
carlos_slim_helu,Carlos Slim Helu,Slim Helu,86.0,1940.0,Male,Mexico,Telecom,Telecom,"Honorary Chairman, América Móvil",,2026
carmen_daurella_aguilera,Carmen Daurella Aguilera,Daurella Aguilera,69.0,1957.0,Female,Spain,Coca-Cola bottler,Food & Beverage,,no-pic-female,2026
carmen_riu_guell,Carmen Riu Guell,Riu Guell,71.0,1955.0,Female,Spain,Hotels,Service,,no-pic-female,2026
carmen_thyssen,Carmen Thyssen,Thyssen,83.0,1943.0,Female,Spain,"Investments, art",Manufacturing,,no-pic-female,2026
carol_jenkins_barnett,Carol Jenkins Barnett,Barnett,71.0,1955.0,Female,United States,Publix supermarkets,Food & Beverage,"Chairman, Publix  Super Markets",no-pic-female,2021
carolin_hachenberg,Carolin Hachenberg,Hachenberg,41.0,1985.0,Female,Germany,Motor Homes,Automotive,,no-pic-female,2026
caroline_hagen_kjos,Caroline Hagen Kjos,Hagen Kjos,42.0,1984.0,Female,Norway,Conglomerate,Diversified,,,2026
carolus_nolet_sr,"Carolus Nolet, Sr.",Nolet,91.0,1935.0,Male,Netherlands,Ketel One vodka,Food and Beverage,,no-pic,2017
carolyn_rafaelian,Carolyn Rafaelian,Rafaelian,63.0,1963.0,Female,United States,jewelry,Fashion & Retail,,,2019
carrie_perrodo,Carrie Perrodo,Perrodo,75.0,1951.0,Female,France,Oil,Energy,,,2026
carson_brice,Carson Brice,Brice,58.0,1968.0,Female,United States,Banking,Finance & Investments,,no-pic-female,2026
carsten_koerl,Carsten Koerl,Koerl,61.0,1965.0,Male,Germany,Sports data,Sports,,no-pic,2026
carsten_maschmeyer,Carsten Maschmeyer,Maschmeyer,66.0,1960.0,Male,Germany,Finance services,Finance & Investments,,no-pic,2026
caryn_seidman_becker,Caryn Seidman-Becker,Seidman-Becker,53.0,1973.0,Female,United States,Airport security,Service,"Cofounder & CEO, Clear Secure",no-pic-female,2026
casey_foyt,Casey Foyt,Foyt,43.0,1983.0,Female,United States,Indianapolis Colts,Sports,,no-pic-female,2026
caspar_callerstrom,Caspar Callerström,Callerström,53.0,1973.0,Male,Sweden,financial services,Finance & Investments,,no-pic,2026
catharina_claas_muhlhauser,Catharina Claas-Muhlhauser,Claas-Muhlhauser,51.0,1975.0,Female,Germany,Agricultural Machinery,Manufacturing,,no-pic-female,2026
catharina_muhleis,Catharina Mühleis,Mühleis,33.0,1993.0,Female,Germany,Chainsaws,Manufacturing,,no-pic-female,2026
catheline_perier_dieteren,Catheline Perier D'Ieteren,D'Ieteren,81.0,1945.0,Female,Belgium,"Auto parts, distribution",Automotive,,no-pic-female,2026
catherine_commisso_family,Catherine Commisso,Commisso & family,68.0,1958.0,Female,United States,Telecom,Telecom,,no-pic-female,2026
catherine_lozick,Catherine Lozick,Lozick,82.0,1944.0,Female,United States,Valve manufacturing,Manufacturing,,no-pic-female,2024
catherine_malone,Catherine Malone,Malone,41.0,1985.0,Female,United States,Campbell's Soup,Food & Beverage,,no-pic-female,2026
catherine_phillips,Catherine Phillips,Phillips,74.0,1952.0,Female,Canada,investments,Finance & Investments,,no-pic-female,2026
cc_leung,C.C. Leung,Leung,76.0,1950.0,Male,Taiwan,Electronics,Technology,,no-pic,2026
cc_paarthipan,C.C. Paarthipan,Paarthipan,72.0,1954.0,Male,India,pharmaceuticals,Healthcare,,no-pic,2026
cen_junda,Cen Junda,Cen,61.0,1965.0,Male,China,Pharmaceuticals,Healthcare,,no-pic,2026
cesar_mata_pires,Cesar Mata Pires,Mata Pires,,,Male,Brazil,construction,Construction & Engineering,,no-pic,2014
ceyda_lale_tara,Ceyda Lale Tara,Lale Tara,94.0,1932.0,Female,Turkey,Construction,Construction & Engineering,,no-pic-female,2026
cf_chan,C.F. Chan,Chan,115.0,1911.0,Male,Hong Kong,hotels,Real Estate,,no-pic,2016
chad_richison,Chad Richison,Richison,55.0,1971.0,Male,United States,Payroll processing,Technology,,no-pic,2026
chairul_tanjung,Chairul Tanjung,Tanjung,63.0,1963.0,Male,Indonesia,Diversified,Diversified,,,2026
chaitanya_desai,Chaitanya Desai,Desai,54.0,1972.0,Male,India,Electric cables,Manufacturing,,no-pic,2026
chaleo_yoovidhya,Yoovidhya Family,Yoovidhya,,,Male,Thailand,Drinks,Food and Beverage,,,2012
chamath_palihapitiya,Chamath Palihapitiya,Palihapitiya,51.0,1975.0,Male,United States,"Facebook, venture capital",Finance & Investments,,no-pic,2021
chan_laiwa,Chan Laiwa,Chan,85.0,1941.0,Female,China,Real estate,Real Estate,,,2026
chan_tan_ching_fen,Chan Tan Ching-fen,Chan,,,Female,Hong Kong,Real estate,Real Estate,,no-pic-female,2026
chanchai_ruayrungruang,Chanchai Ruayrungruang,Ruayrungruang,73.0,1953.0,Male,China,real estate,Real Estate,,,2022
chandru_raheja,Chandru Raheja,Raheja,85.0,1941.0,Male,India,Real estate,Real Estate,,,2026
chandubhai_virani,Chandubhai Virani,Virani,69.0,1957.0,Male,India,Snacks,Food & Beverage,,no-pic,2026
chang_byung_gyu,Chang Byung-gyu,Chang,53.0,1973.0,Male,South Korea,Online games,Media & Entertainment,,no-pic,2025
chang_chung_hsing,Chang Chung-Hsing,Chang,64.0,1962.0,Male,Taiwan,High-precision gearboxes,Manufacturing,,no-pic,2026
chang_hyung_jin,Chang Hyung-Jin,Chang,79.0,1947.0,Male,South Korea,Metals,Metals & Mining,,no-pic,2026
chang_jianming,Chang Jianming,Chang,61.0,1965.0,Male,China,Industrial equipment,Manufacturing,,no-pic,2026
chang_jing_1,Chang Jing,Chang,43.0,1983.0,Male,China,Technology,Technology,,no-pic,2026
chang_kuo_cheng,Chang Kuo-Cheng,Chang,64.0,1962.0,Male,Taiwan,Transportation,Logistics,,no-pic,2026
chang_kuo_hua,Chang Kuo-Hua,Chang,71.0,1955.0,Male,Taiwan,"Shipping, airlines",Logistics,,no-pic,2026
chang_kuo_ming,Chang Kuo-Ming,Chang,68.0,1958.0,Male,Taiwan,Transportation,Logistics,,no-pic,2026
chang_kuo_wei,Chang Kuo-Wei,Chang,55.0,1971.0,Male,Taiwan,Airlines,Logistics,,no-pic,2025
chang_pyung_soon,Chang Pyung-soon,Chang,75.0,1951.0,Male,South Korea,Educational services,Service,Kyowon Group,,2025
chang_woo_han,Chang-Woo Han,Han,97.0,1929.0,Male,Japan,pachinko parlors,Gambling & Casinos,,,2021
chang_yun_chung,Chang Yun Chung,Chang,110.0,1916.0,Male,Singapore,shipping,Logistics,,no-pic,2020
chang_yung_fa,Chang Yung Fa,Chang,106.0,1920.0,Male,Taiwan,transportation,Logistics,,,2015
changpeng_zhao,Changpeng Zhao,Zhao,49.0,1977.0,Male,Canada,Cryptocurrency exchange,Finance & Investments,,no-pic,2026
chao_chung_hsin,Chao Chung-Hsin,Chao,71.0,1955.0,Male,Taiwan,Cooling devices and components,Manufacturing,,no-pic,2026
chao_teng_hsiung,Chao Teng-hsiung,Chao,81.0,1945.0,Male,Taiwan,Real estate,Real Estate,,,2026
chao_yung_tsang,Chao Yung-Tsang,Chao,70.0,1956.0,Male,Taiwan,Cooling devices and components,Manufacturing,,no-pic,2026
charlene_de_carvalho_heineken,Charlene de Carvalho-Heineken,de Carvalho-Heineken,71.0,1955.0,Female,Netherlands,Heineken,Food & Beverage,,,2026
charles_b_johnson,Charles B. Johnson,Johnson,93.0,1933.0,Male,United States,Franklin Templeton,Finance & Investments,"Former Chairman and CEO, Franklin Resources",no-pic,2026
charles_beauduin,Charles Beauduin,Beauduin,66.0,1960.0,Male,Belgium,Diversified,Diversified,,no-pic,2026
charles_brandes,Charles Brandes,Brandes,88.0,1938.0,Male,United States,money management,Finance and Investments,"Founder & Chairman, Brandes Investment Partners, L.P.",,2018
charles_bronfman,Charles Bronfman,Bronfman,94.0,1932.0,Male,Canada,Liquor,Food & Beverage,,,2026
charles_butt,Charles Butt,Butt,88.0,1938.0,Male,United States,Supermarkets,Fashion & Retail,,,2026
charles_cadogan,Charles Cadogan,Cadogan,97.0,1929.0,Male,United Kingdom,real estate,Real Estate,,no-pic,2015
charles_cohen,Charles Cohen,Cohen,74.0,1952.0,Male,United States,Real estate,Real Estate,,no-pic,2025
charles_dolan,Charles Dolan,Dolan,100.0,1926.0,Male,United States,Cable television,Media & Entertainment,"Chairman and Founder, Cablevision Systems Corp.",,2024
charles_dunstone,Charles Dunstone,Dunstone,63.0,1963.0,Male,United Kingdom,mobile phones,Telecom,,,2022
charles_edelstenne,Charles Edelstenne,Edelstenne,88.0,1938.0,Male,France,Aviation,Manufacturing,,,2026
charles_ergen,Charles Ergen,Ergen,73.0,1953.0,Male,United States,Satellite TV,Media & Entertainment,,,2026
charles_gibbon,Charles Gibbon,Gibbon,77.0,1949.0,Male,New Zealand,Software,Technology,,no-pic,2025
charles_koch,Charles Koch,Koch,90.0,1936.0,Male,United States,"Koch, Inc.",Diversified,,,2026
charles_liang,Charles Liang,Liang,68.0,1958.0,Male,United States,Computer hardware,Technology,,no-pic,2026
charles_munger,Charles Munger,Munger,102.0,1924.0,Male,United States,Berkshire Hathaway,Finance & Investments,"Vice Chairman, Berkshire Hathaway Inc. (Cl A)",,2023
charles_schwab,Charles Schwab,Schwab,88.0,1938.0,Male,United States,Discount brokerage,Finance & Investments,"Chairman and Founder, Charles Schwab",,2026
charles_simonyi,Charles Simonyi,Simonyi,77.0,1949.0,Male,United States,Microsoft,Technology,,,2026
charles_zegar,Charles Zegar,Zegar,78.0,1948.0,Male,United States,Bloomberg LP,Finance & Investments,,no-pic,2026
charles_zhengyao_lu,Charles Zhengyao Lu,Lu,59.0,1967.0,Male,China,"coffee chain, car rentals",Service,,no-pic,2020
charlie_mills,Charlie Mills,Mills,64.0,1962.0,Male,United States,Medical supplies,Healthcare,,no-pic,2026
charlotte_colket_weber,Charlotte Colket Weber,Weber,83.0,1943.0,Female,United States,Campbell Soup,Food & Beverage,"Director, Campbell Soup",,2026
charlotte_goh,Charlotte Goh,Goh,36.0,1990.0,Female,Singapore,Paints,Manufacturing,,no-pic-female,2026
charlotte_soderstrom,Charlotte Soderstrom,Soderstrom,49.0,1977.0,Female,Sweden,H&M,Fashion & Retail,,no-pic-female,2026
charlwin_mao,Charlwin Mao,Mao,41.0,1985.0,Male,China,E-commerce,Fashion & Retail,,no-pic,2026
charoen_sirivadhanabhakdi,Charoen Sirivadhanabhakdi,Sirivadhanabhakdi,81.0,1945.0,Male,Thailand,"Beverage, Real Estate",Food & Beverage,,,2026
chase_coleman_iii,"Chase Coleman, III.",Coleman,50.0,1976.0,Male,United States,Investments,Finance & Investments,"Founder, Tiger Global Management",,2026
chatchai_kaewbootta,Chatchai Kaewbootta,Kaewbootta,74.0,1952.0,Male,Thailand,Auto loans,Finance & Investments,,,2023
chatri_sophonpanich,Chatri Sophonpanich,Sophonpanich,117.0,1909.0,Male,Thailand,,Finance and Investments,,,1997
che_fengsheng,Che Fengsheng,Che,67.0,1959.0,Male,China,pharmaceuticals,Healthcare,,,2019
cheah_cheng_hye,Cheah Cheng Hye,Cheah,72.0,1954.0,Male,Malaysia,Investments,Finance & Investments,,no-pic,2026
chen_ailian,Chen Ailian,Chen,68.0,1958.0,Female,China,wheel production,Manufacturing,,no-pic-female,2026
chen_bang,Chen Bang,Chen,60.0,1966.0,Male,China,Hospitals,Healthcare,,,2026
chen_bangdong,Chen Bangdong,Chen,,,Male,China,Electricity transmission equipment,Manufacturing,,no-pic,2026
chen_baohua,Chen Baohua,Chen,64.0,1962.0,Male,China,Pharmaceutical,Healthcare,,no-pic,2023
chen_baozhen,Chen Baozhen,Chen,83.0,1943.0,Female,China,internet services,Technology,,no-pic-female,2026
chen_bo,Chen Bo,Chen,60.0,1966.0,Male,China,wind power generation,Energy,,no-pic,2018
chen_dakui,Chen Dakui,Chen,80.0,1946.0,Male,China,shrink-wrap film,Manufacturing,,no-pic,2017
chen_dejun,Chen Dejun,Chen,59.0,1967.0,Male,China,package delivery,Logistics,,no-pic,2019
chen_dongsheng,Chen Dongsheng,Chen,68.0,1958.0,Male,China,Insurance,Finance & Investments,,no-pic,2026
chen_fashu,Chen Fashu,Chen,65.0,1961.0,Male,China,Investments,Finance & Investments,,,2026
chen_guodong,Chen Guodong,Chen,60.0,1966.0,Male,China,Gold and jewelry,Fashion & Retail,,no-pic,2026
chen_guoxiang,Chen Guoxiang,Chen,77.0,1949.0,Male,China,real estate,Real Estate,,no-pic,2021
chen_hua_1,Chen Hua,Chen,60.0,1966.0,Male,China,Real estate,Real Estate,,,2026
chen_huwen,Chen Huwen,Chen,55.0,1971.0,Male,China,Stationery,Manufacturing,,no-pic,2026
chen_huxiong,Chen Huxiong,Chen,55.0,1971.0,Male,China,Stationery,Manufacturing,,no-pic,2026
chen_jiancheng,Chen Jiancheng,Chen,67.0,1959.0,Male,China,Manufacturing,Manufacturing,,,2026
chen_jiangtao,Chen Jiangtao,Chen,71.0,1955.0,Male,China,software,Technology,,no-pic,2016
chen_jianhua,Chen Jianhua,Chen,55.0,1971.0,Male,China,Chemicals,Manufacturing,,,2026
chen_jianming,Chen Jianming,Chen,75.0,1951.0,Male,China,real estate,Real Estate,,no-pic,2018
chen_jianqiang,Chen Jianqiang,Chen,79.0,1947.0,Male,Hong Kong,retail,Fashion and Retail,,no-pic,2011
chen_jinghong,Chen Jinghong,Chen,80.0,1946.0,Male,China,auto parts,Manufacturing,,no-pic,2026
chen_jinshi,Chen Jinshi,Chen,65.0,1961.0,Male,China,"construction, real estate",Real Estate,,,2021
chen_jinsong,Chen Jinsong,Chen,70.0,1956.0,Male,Hong Kong,real estate,Real Estate,,,2015
chen_jinxia,Chen Jinxia,Chen,58.0,1968.0,Female,China,Investments,Finance & Investments,,no-pic-female,2026
chen_kaichen,Chen Kaichen,Chen,70.0,1956.0,Male,China,Household chemicals,Manufacturing,,no-pic,2026
chen_kaixuan,Chen Kaixuan,Chen,68.0,1958.0,Male,China,Household chemicals,Manufacturing,,no-pic,2026
chen_lip_keong,Chen Lip Keong,Chen,78.0,1948.0,Male,Malaysia,"Casinos, property, energy",Gambling & Casinos,,,2023
chen_miaolin,Chen Miaolin,Chen,82.0,1944.0,Male,China,hotels,Service,,,2014
chen_nianci,Chen Nianci,Chen,80.0,1946.0,Male,China,retail,Fashion & Retail,,no-pic,2017
chen_qingzhou,Chen Qingzhou,Chen,60.0,1966.0,Male,China,communications equipment,Telecom,,no-pic,2026
chen_qiongxiang,Chen Qiongxiang,Chen,,,Female,China,Batteries,Energy,,no-pic-female,2026
chen_qixing,Chen Qixing,Chen,66.0,1960.0,Male,China,electronics components,Technology,,no-pic,2026
chen_shibin_1,Chen Shibin,Chen,59.0,1967.0,Male,China,Quartz products,Manufacturing,,no-pic,2026
chen_shiliang,Chen Shiliang,Chen,62.0,1964.0,Male,China,Polyester,Manufacturing,,no-pic,2026
chen_tao,Chen Tao,Chen,54.0,1972.0,Male,China,Hardware,Technology,,no-pic,2026
chen_tei_fu,Chen Tei-fu,Chen,78.0,1948.0,Male,Taiwan,Herbal products,Fashion & Retail,,no-pic,2026
chen_tianshi,Chen Tianshi,Chen,41.0,1985.0,Male,China,Semiconductors,Technology,,no-pic,2026
chen_weiliang_2,Chen Weiliang,Chen,49.0,1977.0,Male,China,Semiconductors,Manufacturing,,no-pic,2026
chen_wenchi_wang_cher,Cher Wang & Wenchi Chen,Wenchi Chen,,,Female,Taiwan,HTC,Technology,,no-pic-female,2013
chen_wenyuan,Chen Wenyuan,Chen,58.0,1968.0,Male,China,Testing equipment,Technology,,no-pic,2026
chen_xianbao,Chen Xianbao,Chen,66.0,1960.0,Male,China,Food,Food & Beverage,,no-pic,2023
chen_xiao_ying,Chen Xiao Ying,Chen,65.0,1961.0,Female,China,health information,Healthcare,,no-pic-female,2021
chen_xiaohui,Chen Xiaohui,Chen,57.0,1969.0,Male,China,information technology,Technology,,no-pic,2021
chen_xiaoying,Chen Xiaoying,Chen,53.0,1973.0,Female,China,package delivery,Logistics,,no-pic-female,2019
chen_xiaxin,Chen Xiaxin,Chen,68.0,1958.0,Male,China,industrial machinery,Diversified,,no-pic,2018
chen_xuehua,Chen Xuehua,Chen,65.0,1961.0,Male,China,Minerals processing,Metals & Mining,,no-pic,2026
chen_xueli,Chen Xueli,Chen,74.0,1952.0,Male,China,Pharmaceuticals,Healthcare,,no-pic,2026
chen_xueling,Chen Xueling,Chen,58.0,1968.0,Female,China,Stationery,Manufacturing,,no-pic-female,2023
chen_yansheng,Chen Yansheng,Chen,62.0,1964.0,Male,China,"toys, entertainment",Diversified,,,2016
chen_yihong,Chen Yihong,Chen,80.0,1946.0,Male,China,retail,Fashion & Retail,,,2011
chen_yin,Chen Yin,Chen,53.0,1973.0,Male,China,Power tools,Manufacturing,,no-pic,2023
chen_yuantai,Chen Yuantai,Chen,58.0,1968.0,Male,China,Batteries,Energy,,no-pic,2026
chen_yung_tai,Chen Yung-tai,Chen,90.0,1936.0,Male,Taiwan,Real estate,Real Estate,,,2026
chen_zemin,Chen Zemin,Chen,85.0,1941.0,Male,China,food,Food & Beverage,,,2021
chen_zhiping,Chen Zhiping,Chen,50.0,1976.0,Male,China,E-cigarettes,Manufacturing,,no-pic,2026
chen_zhisong,Chen Zhisong,Chen,60.0,1966.0,Male,China,Communication equipment,Technology,,no-pic,2026
chen_zhuolin,Chen Zhuolin,Chen,66.0,1960.0,Male,China,real estate,Real Estate,,,2021
chen_zuyuan,Chen Zuyuan,Chen,,,Male,China,"real estate, pharmaceuticals",Diversified,,no-pic,2017
cheng_antares,Cheng Antares,Cheng,68.0,1958.0,Male,Hong Kong,Liquor,Food & Beverage,,no-pic,2023
cheng_cheung_ling,Cheng Cheung Ling,Cheng,66.0,1960.0,Female,China,pharmaceuticals,Healthcare,,no-pic-female,2019
cheng_lili,Cheng Lili,Cheng,61.0,1965.0,Male,China,Poultry breeding,Food & Beverage,,no-pic,2026
cheng_wei,Cheng Wei,Cheng,47.0,1979.0,Male,China,ride-hailing service,Service,"Founder and CEO, Didi Chuxing",,2019
cheng_xianfeng,Cheng Xianfeng,Cheng,57.0,1969.0,Male,China,Pharmaceuticals,Healthcare,,no-pic,2026
cheng_xue,Cheng Xue,Cheng,56.0,1970.0,Female,China,Soy sauce,Food & Beverage,,no-pic-female,2026
cheng_yixiao,Cheng Yixiao,Cheng,42.0,1984.0,Male,China,Video streaming app,Media & Entertainment,,no-pic,2026
cheng_yu_tung,Cheng Yu-tung,Cheng,107.0,1919.0,Male,Hong Kong,diversified,Real Estate,,,2016
cheng_zhangwen,Cheng Zhangwen,Cheng,61.0,1965.0,Male,China,Industrial valves,Manufacturing,,no-pic,2026
cheng_zhenghui,Cheng Zhenghui,Cheng,61.0,1965.0,Male,China,medical equipment,Healthcare,,no-pic,2026
chenghai_ye,Chenghai Ye,Ye,82.0,1944.0,Male,Hong Kong,Pharmaceuticals,Healthcare,,,2023
chengzhong_hu,Chengzhong Hu,Hu,66.0,1960.0,Male,China,manufacturing,Manufacturing,,no-pic,2022
chetan_dube,Chetan Dube,Dube,61.0,1965.0,Male,United States,technology,Technology,,no-pic,2022
chey_ki_won,Chey Ki-won,Chey,61.0,1965.0,Female,South Korea,"computer services, telecom",Technology,SK Holdings,,2026
chey_tae_won,Chey Tae-won,Chey,65.0,1961.0,Male,South Korea,"Oil, semiconductor",Technology,,,2026
chi_yufeng,Chi Yufeng,Chi,55.0,1971.0,Male,China,Software,Technology,,no-pic,2026
chin_jong_hwa,Chin Jong Hwa,Chin,67.0,1959.0,Male,Taiwan,Auto parts,Automotive,,,2026
ching_bor_tung,Ching Bor Tung,Tung,63.0,1963.0,Male,China,Manufacturing,Manufacturing,,no-pic,2023
chip_wilson,Chip Wilson,Wilson,69.0,1957.0,Male,Canada,Lululemon,Fashion & Retail,"Chairman, Lululemon",,2026
chirayu_amin,Chirayu Amin,Amin,79.0,1947.0,Male,India,Pharmaceuticals,Healthcare,,,2026
cho_chang_gul,Cho Chang-Gul,Cho,93.0,1933.0,Male,South Korea,Furniture,Manufacturing,Hanssem,,2016
cho_hyun_beom,Cho Hyun-beom,Cho,54.0,1972.0,Male,South Korea,Tire manufacturing,Automotive,,no-pic,2026
cho_hyun_joon,Cho Hyun-joon,Cho,58.0,1968.0,Male,South Korea,Diversified,Diversified,Hyosung Corp.,,2026
cho_jung_ho,Cho Jung-ho,Cho,67.0,1959.0,Male,South Korea,Finance,Finance & Investments,Meritz Financial Group,,2026
cho_jyh_jer,Cho Jyh-jer,Cho,70.0,1956.0,Male,Taiwan,Semiconductors,Technology,,no-pic,2026
cho_tak_wong,Cho Tak Wong,Cho,79.0,1947.0,Male,Hong Kong,Auto parts,Manufacturing,,,2026
cho_yang_rai,Cho Yang-rai,Cho,93.0,1933.0,Male,South Korea,tire manufacturing,Manufacturing,Hankook Tire,,2018
cho_young_sik,Cho Young-sik,Cho,65.0,1961.0,Male,South Korea,diagnostics,Healthcare,,no-pic,2022
choo_chong_ngen,Choo Chong Ngen,Choo,73.0,1953.0,Male,Singapore,Hotels,Real Estate,,,2026
chow_shing_yuk,Chow Shing Yuk,Chow,48.0,1978.0,Male,Hong Kong,Logistics,Logistics,,no-pic,2026
chris_britt,Chris Britt,Britt,54.0,1972.0,Male,United States,fintech,Finance & Investments,,no-pic,2022
chris_dawson,Chris Dawson,Dawson,82.0,1944.0,Male,United Kingdom,home goods retail,Fashion and Retail,,,2015
chris_ellison,Chris Ellison,Ellison,68.0,1958.0,Male,Australia,Mining,Metals & Mining,,no-pic,2026
chris_larsen,Chris Larsen,Larsen,65.0,1961.0,Male,United States,Cryptocurrency,Finance & Investments,,no-pic,2026
chris_lin,Chris Lin,Lin,65.0,1961.0,Male,Taiwan,Semiconductor,Manufacturing,,no-pic,2026
chris_sacca,Chris Sacca,Sacca,52.0,1974.0,Male,United States,venture capital investing,Finance & Investments,"Founder and Partner, Lowercase Capital",,2021
chris_wallin,Chris Wallin,Wallin,73.0,1953.0,Male,Australia,Mining,Metals & Mining,,,2026
chris_wanstrath,Chris Wanstrath,Wanstrath,41.0,1985.0,Male,United States,software,Technology,"Cofounder, GitHub",,2026
chris_xu,Chris Xu,Xu,42.0,1984.0,Male,China,E-commerce,Fashion & Retail,,no-pic,2023
christa_gelpke,Christa Gelpke,Gelpke,,,Female,Germany,pharmaceuticals,Healthcare,,no-pic-female,2015
christian_angermayer,Christian Angermayer,Angermayer,48.0,1978.0,Male,Germany,Investments,Finance & Investments,,no-pic,2026
christian_bertermann,Christian Bertermann,Bertermann,44.0,1982.0,Male,Germany,used car sales,Automotive,,no-pic,2021
christian_birkenstock,Christian Birkenstock,Birkenstock,53.0,1973.0,Male,Germany,Shoes,Fashion & Retail,,no-pic,2026
christian_boehringer,Christian Boehringer,Boehringer,60.0,1966.0,Male,Germany,Pharmaceuticals,Healthcare,,no-pic,2026
christian_chabot,Christian Chabot,Chabot,54.0,1972.0,Male,United States,Software,Technology,,no-pic,2026
christian_dreyer,Christian Dreyer,Dreyer,61.0,1965.0,Male,Germany,Agricultural Machinery,Manufacturing,,no-pic,2026
christian_haub,Christian Haub,Haub,61.0,1965.0,Male,Germany,Retail,Fashion & Retail,,no-pic,2026
christian_herz,Christian Herz,Herz,54.0,1972.0,Male,Germany,Coffee,Finance & Investments,,no-pic,2026
christian_hymer,Christian Hymer,Hymer,40.0,1986.0,Male,Germany,Motor Homes,Automotive,,no-pic,2026
christian_latouche,Christian Latouche,Latouche,85.0,1941.0,Male,France,Accounting services,Finance & Investments,,no-pic,2026
christian_louboutin,Christian Louboutin,Louboutin,63.0,1963.0,Male,France,Shoes,Fashion & Retail,,no-pic,2026
christian_oetker,Christian Oetker,Oetker,79.0,1947.0,Male,Germany,consumer goods,Fashion & Retail,,no-pic,2021
christian_sinding,Christian Sinding,Sinding,53.0,1973.0,Male,Norway,Private equity,Finance & Investments,,no-pic,2026
christiane_knauf,Christiane Knauf,Knauf,54.0,1972.0,Female,Germany,Building materials,Manufacturing,,no-pic-female,2026
christiane_schoeller,Christiane Schoeller,Schoeller,58.0,1968.0,Female,Germany,Publishing,Media & Entertainment,,no-pic-female,2026
christina_flugel,Christina Flügel,Flügel,50.0,1976.0,Female,Germany,liquor,Food & Beverage,,no-pic-female,2026
christina_rohde,Christina Rohde,Rohde,50.0,1976.0,Female,Germany,Electrical Equipment,Technology,,no-pic-female,2026
christine_franken_family,Christine Franken,Franken & family,81.0,1945.0,Female,Germany,Biopharmaceuticals,Healthcare,,no-pic-female,2026
christine_knauf,Christine Knauf,Knauf,70.0,1956.0,Female,Germany,Building materials,Construction & Engineering,,no-pic-female,2026
christine_volkmann,Christine Volkmann,Volkmann,,,Female,Germany,auto parts,Automotive,,no-pic-female,2017
christoffel_wiese,Christoffel Wiese,Wiese,84.0,1942.0,Male,South Africa,retail,Fashion & Retail,"Chairman, Shoprite Holdings",,2026
christoph_boehringer,Christoph Boehringer,Boehringer,55.0,1971.0,Male,Germany,Pharmaceuticals,Healthcare,,no-pic,2026
christoph_henkel,Christoph Henkel,Henkel,68.0,1958.0,Male,Germany,Consumer goods,Fashion & Retail,,,2026
christoph_zeller,Christoph Zeller,Zeller,68.0,1958.0,Male,Liechtenstein,Dental materials,Healthcare,,no-pic,2026
christopher_burch,Christopher Burch,Burch,82.0,1944.0,Male,United States,fashion,Fashion and Retail,,,2014
christopher_chandler,Christopher Chandler,Chandler,76.0,1950.0,Male,New Zealand,investments,Investments,,no-pic,2013
christopher_cline,Christopher Cline,Cline,71.0,1955.0,Male,United States,coal,Energy,,,2019
christopher_goldsbury,Christopher Goldsbury,Goldsbury,83.0,1943.0,Male,United States,Salsa,Food & Beverage,"Chief Executive Officer, Silver Ventures",,2026
christopher_hohn,Christopher Hohn,Hohn,59.0,1967.0,Male,United Kingdom,Hedge funds,Finance & Investments,"Founder, The Children's Investment Fund Management",,2026
christopher_kwok,Christopher Kwok,Kwok,40.0,1986.0,Male,Hong Kong,Real estate,Real Estate,,no-pic,2026
christopher_macmillan,Christopher MacMillan,MacMillan,40.0,1986.0,Male,United States,Cargill,Food & Beverage,,no-pic,2026
christopher_olah,Christopher Olah,Olah,33.0,1993.0,Male,Canada,Artificial intelligence,Technology,,no-pic,2026
christopher_rokos,Christopher Rokos,Rokos,55.0,1971.0,Male,United Kingdom,Hedge fund,Finance & Investments,"CEO & Founder, Rokos Capital Management",no-pic,2026
christopher_stolte,Christopher Stolte,Stolte,53.0,1973.0,Male,United States,software,Technology,,no-pic,2026
christopher_urmson,Christopher Urmson,Urmson,50.0,1976.0,Male,Canada,self-driving cars,Automotive,,no-pic,2025
christos_lazari,Christos Lazari,Lazari,87.0,1939.0,Male,United Kingdom,real estate,Real Estate,,,2015
christy_walton,Christy Walton,Walton,77.0,1949.0,Female,United States,Walmart,Fashion & Retail,,,2026
chu_jian_1,Chu Jian,Chu,63.0,1963.0,Male,China,Manufacturing,Manufacturing,,no-pic,2026
chu_jinfu,Chu Jinfu,Chu,73.0,1953.0,Male,China,electrical equipment,Manufacturing,,no-pic,2019
chu_lam_yiu,Chu Lam Yiu,Chu,56.0,1970.0,Female,Hong Kong,Flavorings,Manufacturing,,,2026
chu_mang_yee,Chu Mang Yee,Chu,66.0,1960.0,Male,China,Real estate,Real Estate,,,2026
chua_thian_poh,Chua Thian Poh,Chua,77.0,1949.0,Male,Singapore,Real estate,Real Estate,,,2026
chuanhua_xu,Chuanhua Xu,Xu,91.0,1935.0,Male,China,"Chemicals, logistics",Manufacturing,"Founder, Transfar Group",no-pic,2023
chuchat_petaumpai,Chuchat Petaumpai,Petaumpai,73.0,1953.0,Male,Thailand,motorcycle loans,Finance & Investments,,no-pic,2025
chuchat_petaumpai_daonapa_petampai,Chuchat Petaumpai & Daonapa Petampai,Chuchat Petaumpai &,74.0,1952.0,,Thailand,motorcycle loans,Finance & Investments,,no-pic,2022
chuck_bundrant,Chuck Bundrant,Bundrant,86.0,1940.0,Male,United States,fishing,Food & Beverage,,no-pic,2021
chulong_huang,Chulong Huang,Huang,67.0,1959.0,Male,Canada,Real estate,Real Estate,,,2023
chung_mong_joon,Chung Mong-joon,Chung,74.0,1952.0,Male,South Korea,"Shipbuilding, industrial machines",Manufacturing,,,2026
chung_yong_ji,Chung Yong-ji,Chung,56.0,1970.0,Male,South Korea,Biotech,Healthcare,,no-pic,2026
chung_yong_jin,Chung Yong-jin,Chung,57.0,1969.0,Male,South Korea,Retail,Fashion & Retail,Shinsegae,,2026
cigdem_sabanci_bilen,Cigdem Sabanci Bilen,Sabanci Bilen,67.0,1959.0,Female,Turkey,diversified,Diversified,,,2013
ciputra,Ciputra,Ciputra,98.0,1928.0,Male,Indonesia,real estate,Real Estate,,,2019
claire_bristow,Claire Bristow,Bristow,59.0,1967.0,Female,United States,banking,Finance & Investments,,no-pic-female,2026
clark_hunt,Clark Hunt,Hunt,61.0,1965.0,Male,United States,Kansas City Chiefs,Sports,,no-pic,2026
claude_dauphin,Claude Dauphin,Dauphin,83.0,1943.0,Male,France,commodities,Finance,,,2015
claudio_del_vecchio,Claudio Del Vecchio,Del Vecchio,69.0,1957.0,Male,Italy,Eyeglasses,Fashion & Retail,,no-pic,2026
clay_bavor,Clay Bavor,Bavor,43.0,1983.0,Male,United States,AI customer service agents,Technology,,no-pic,2026
clayton_mathile,Clayton Mathile,Mathile,85.0,1941.0,Male,United States,Pet food,Food & Beverage,,,2023
clayton_riddell,Clayton Riddell,Riddell,93.0,1933.0,Male,Canada,oil & gas,Energy,"Chairman and CEO, Paramount Resources Ltd.",no-pic,2018
clayton_zekelman,Clayton Zekelman,Zekelman,57.0,1969.0,Male,Canada,Steel,Manufacturing,,no-pic,2026
clelia_haji_ioannou,Clelia Haji-Ioannou,Haji-Ioannou,55.0,1971.0,Female,Cyprus,EasyJet,Service,,no-pic-female,2026
clemens_fischer,Clemens Fischer,Fischer,50.0,1976.0,Male,Germany,Pharmaceuticals,Diversified,,no-pic,2026
clemens_toennies,Clemens Toennies,Toennies,69.0,1957.0,Male,Germany,Meat processing,Food & Beverage,,,2026
clement_fayat,Clement Fayat,Fayat,95.0,1931.0,Male,France,construction,Construction & Engineering,,no-pic,2022
clemente_del_vecchio,Clemente Del Vecchio,Del Vecchio,21.0,2005.0,Male,Italy,Eyeglasses,Fashion & Retail,,no-pic,2026
clemmie_spangler_jr,"Clemmie Spangler, Jr.",Spangler,99.0,1927.0,Male,United States,investments,Finance and Investments,,,2018
cliff_obrecht,Cliff Obrecht,Obrecht,40.0,1986.0,Male,Australia,Software,Technology,,no-pic,2026
clifford_asness,Clifford Asness,Asness,59.0,1967.0,Male,United States,Money management,Finance & Investments,AQR Capital Management,no-pic,2026
clifford_illig_1,Clifford Illig,Illig,83.0,1943.0,Male,United States,health care,Health care,,no-pic,2015
clive_calder,Clive Calder,Calder,79.0,1947.0,Male,United Kingdom,Record label,Media & Entertainment,,,2026
clive_palmer,Clive Palmer,Palmer,72.0,1954.0,Male,Australia,Mining,Metals & Mining,,,2026
clovis_ermirio_de_moraes,Clóvis Ermírio de Moraes,Ermírio de Moraes,,,Male,Brazil,Diversified,Diversified,,no-pic,2024
colin_huang,Colin Huang,Huang,46.0,1980.0,Male,China,E-commerce,Technology,,no-pic,2026
colin_zheng_huang,Colin Zheng Huang,Huang,46.0,1980.0,Male,China,E-commerce,Technology,,no-pic,2023
congying_lin,Lin Congying,Lin,76.0,1950.0,Male,Hong Kong,apparel,Fashion and Retail,,,2012
conni_jonsson,Conni Jonsson,Jonsson,65.0,1961.0,Male,Sweden,Asset management,Finance & Investments,,no-pic,2026
conrad_prebys,Conrad Prebys,Prebys,99.0,1927.0,Male,United States,real estate,Real Estate,,,2016
constantinos_martinos,Constantinos Martinos,Martinos,73.0,1953.0,Male,Greece,Shipping,Logistics,,no-pic,2026
craig_abod,Craig Abod,Abod,62.0,1964.0,Male,United States,Information Technology,Technology,,no-pic,2026
craig_mccaw,Craig McCaw,McCaw,76.0,1950.0,Male,United States,Telecom,Telecom,,,2026
craig_newmark,Craig Newmark,Newmark,76.0,1950.0,Male,United States,Craigslist,Technology,,no-pic,2020
cristiano_crippa,Cristiano Crippa,Crippa,56.0,1970.0,Male,Italy,Microchip testing,Manufacturing,,no-pic,2026
cristina_green,Cristina Green,Green,76.0,1950.0,Female,United Kingdom,Fashion retail,Fashion & Retail,,no-pic-female,2026
cristina_junqueira,Cristina Junqueira,Junqueira,43.0,1983.0,Female,Brazil,fintech,Finance & Investments,,no-pic-female,2026
crown,Lester Crown,Crown,112.0,1914.0,Male,United States,investments,Investments,,no-pic,2011
cui_genliang,Cui Genliang,Cui,67.0,1959.0,Male,China,electric components,Manufacturing,,,2026
cui_lijie,Cui Lijie,Cui,73.0,1953.0,Female,Hong Kong,gambling,Gambling & Casinos,,no-pic-female,2018
cui_lixin,Cui Lixin,Cui,57.0,1969.0,Male,China,Aluminum,Metals & Mining,,no-pic,2026
cui_zhixiang,Cui Zhixiang,Cui,73.0,1953.0,Male,China,copper processing,Metals & Mining,,no-pic,2013
cunhui_nan,Cunhui Nan,Nan,62.0,1964.0,Male,China,Power equipment,Manufacturing,,no-pic,2023
curt_engelhorn,Curt Engelhorn,Engelhorn,106.0,1920.0,Male,Germany,pharmaceuticals,Healthcare,,,2016
cynthia_helena_grossman_fleishman,Cynthia Helena Grossman Fleishman,Grossman Fleishman,71.0,1955.0,Female,Mexico,Arca Continental,Food & Beverage,,no-pic-female,2026
cyrus_madon,Cyrus Madon,Madon,60.0,1966.0,Male,Canada,private equity,Finance & Investments,,no-pic,2026
cyrus_poonawalla,Cyrus Poonawalla,Poonawalla,84.0,1942.0,Male,India,Vaccines,Healthcare,,,2026
d_leopoldo_del_pino,D. Leopoldo Del Pino,Del Pino,63.0,1963.0,Male,Spain,Construction,Construction & Engineering,,no-pic,2026
dagmar_dolby,Dagmar Dolby,Dolby,84.0,1942.0,Female,United States,Dolby Laboratories,Technology,,,2026
dai_deming,Dai Deming,Dai,,,Male,China,auto distribution,Automotive,,no-pic,2015
dai_lizhong,Dai Lizhong,Dai,58.0,1968.0,Male,China,medical testing,Healthcare,,no-pic,2022
dai_wenyuan,Dai Wenyuan,Dai,43.0,1983.0,Male,China,AI,Technology,,no-pic,2025
daisuke_sasaki,Daisuke Sasaki,Sasaki,47.0,1979.0,Male,Japan,software,Technology,,no-pic,2021
daisy_igel,Daisy Igel,Igel,103.0,1923.0,Female,Brazil,"gas, petrochemicals",Energy,,no-pic-female,2018
dalong_lv,Dalong Lv,Lv,65.0,1961.0,Male,China,telecom services,Telecom,,no-pic,2022
dan_cathy,Dan Cathy,Cathy,73.0,1953.0,Male,United States,Chick-fil-A,Food & Beverage,,,2026
dan_duncan,Dan Duncan,Duncan,106.0,1920.0,Male,United States,energy,Energy,,,2010
dan_friedkin,Dan Friedkin,Friedkin,61.0,1965.0,Male,United States,Toyota dealerships,Automotive,"owner and ceo, Gulf States Toyota",,2026
dan_gertler,Dan Gertler,Gertler,52.0,1974.0,Male,Israel,Mining,Metals & Mining,,,2026
dan_kurzius,Dan Kurzius,Kurzius,54.0,1972.0,Male,United States,Email marketing,Technology,,no-pic,2026
dan_olsson,Dan Olsson,Olsson,79.0,1947.0,Male,Sweden,Diversified,Diversified,,,2026
dan_snyder,Dan Snyder,Snyder,61.0,1965.0,Male,United States,Washington Commanders,Sports,,,2026
dan_wilks,Dan Wilks,Wilks,69.0,1957.0,Male,United States,Natural gas,Energy,,,2026
dang_yanbao,Dang Yanbao,Dang,53.0,1973.0,Male,China,Coal,Metals & Mining,,no-pic,2026
dani_reiss,Dani Reiss,Reiss,54.0,1972.0,Male,Canada,down jackets,Fashion & Retail,,no-pic,2021
daniel_calugar,Daniel Calugar,Calugar,72.0,1954.0,Male,United States,Investing,Finance & Investments,,no-pic,2026
daniel_chiu,Daniel Chiu,Chiu,65.0,1961.0,Male,Hong Kong,"Oil & gas, education",Energy,,no-pic,2026
daniel_daniello,Daniel D'Aniello,D'Aniello,79.0,1947.0,Male,United States,Private equity,Finance & Investments,,,2026
daniel_dines,Daniel Dines,Dines,54.0,1972.0,Male,Romania,Software,Technology,,no-pic,2026
daniel_ek,Daniel Ek,Ek,43.0,1983.0,Male,Sweden,Spotify,Technology,"CEO, Spotify",,2026
daniel_feffer,Daniel Feffer,Feffer,66.0,1960.0,Male,Brazil,Pulp and paper,Manufacturing,,no-pic,2026
daniel_gilbert,Daniel Gilbert,Gilbert,64.0,1962.0,Male,United States,Rocket Mortgage,Finance & Investments,,,2026
daniel_hager,Daniel Hager,Hager,54.0,1972.0,Male,Germany,Electrical products,Construction & Engineering,,no-pic,2026
daniel_harrison_iii,"Daniel Harrison, III.",Harrison,87.0,1939.0,Male,United States,oil and gas,Oil,,no-pic,2014
daniel_hirschfeld,Daniel Hirschfeld,Hirschfeld,84.0,1942.0,Male,United States,Fashion retail,Fashion & Retail,,no-pic,2026
daniel_hunt,Daniel Hunt,Hunt,49.0,1977.0,Male,United States,Kansas City Chiefs,Sports,,no-pic,2026
daniel_kretinsky,Daniel Kretinsky,Kretinsky,50.0,1976.0,Male,Czech Republic,"Energy, investments",Energy,,no-pic,2026
daniel_loeb,Daniel Loeb,Loeb,64.0,1962.0,Male,United States,Hedge funds,Finance & Investments,"Founder, Third Point",,2026
daniel_lubetzky,Daniel Lubetzky,Lubetzky,57.0,1969.0,Male,United States,Snack bars,Food & Beverage,,no-pic,2026
daniel_macmillan,Daniel MacMillan,MacMillan,43.0,1983.0,Male,United States,Cargill,Food & Beverage,,no-pic,2026
daniel_mate,Daniel Mate,Mate,62.0,1964.0,Male,Spain,"Mining, commodities",Metals & Mining,,no-pic,2026
daniel_nadler,Daniel Nadler,Nadler,42.0,1984.0,Male,Canada,AI software,Technology,,no-pic,2026
daniel_och,Daniel Och,Och,65.0,1961.0,Male,United States,Hedge funds,Finance & Investments,"Founder, Och-Ziff Capital Management",,2026
daniel_pritzker,Daniel Pritzker,Pritzker,66.0,1960.0,Male,United States,"Hotels, investments",Finance & Investments,,,2026
daniel_rocher,Daniel Rocher,Rocher,72.0,1954.0,Male,France,cosmetics,Fashion & Retail,,no-pic,2026
daniel_roullier,Daniel Roullier,Roullier,95.0,1931.0,Male,France,animal feed,Food and Beverage,,no-pic,2017
daniel_servitje_montull,Daniel Servitje Montull,Servitje Montull,78.0,1948.0,Male,Mexico,bakeries,Food and Beverage,,,2011
daniel_sundheim,Daniel Sundheim,Sundheim,49.0,1977.0,Male,United States,Hedge funds,Finance & Investments,,no-pic,2026
daniel_tsai,Daniel Tsai,Tsai,70.0,1956.0,Male,Taiwan,Finance,Finance & Investments,,,2026
daniel_yong_zhang_1,Daniel Yong Zhang,Zhang,56.0,1970.0,Male,China,e-commerce,Technology,,no-pic,2021
daniel_ziff,Daniel Ziff,Ziff,54.0,1972.0,Male,United States,Investments,Finance & Investments,,,2026
daniela_amodei,Daniela Amodei,Amodei,38.0,1988.0,Female,United States,Artificial intelligence,Technology,"Cofounder & President, Anthropic",no-pic-female,2026
daniela_grogg,Daniela Grogg,Grogg,,,Female,Switzerland,Pharmaceuticals,Healthcare,,no-pic-female,2026
daniela_herz,Daniela Herz,Herz,76.0,1950.0,Female,Germany,coffee,Finance and Investments,,no-pic-female,2019
danielle_bellon,Danielle Bellon,Bellon,86.0,1940.0,Female,France,Food services,Service,,no-pic-female,2026
danil_khachaturov,Danil Khachaturov,Khachaturov,60.0,1966.0,Male,Russia,"insurance, banking, real estate",Finance and Investments,,,2017
danilo_iervolino,Danilo Iervolino,Iervolino,48.0,1978.0,Male,Italy,Online universities,Technology,,no-pic,2026
danna_azrieli,Danna Azrieli,Azrieli,58.0,1968.0,Female,Israel,Real estate,Real Estate,,no-pic-female,2026
dannine_avara,Dannine Avara,Avara,62.0,1964.0,Female,United States,Pipelines,Energy,,no-pic-female,2026
danny_harris,Danny Harris,Harris,53.0,1973.0,Male,United States,Alo Yoga,Fashion & Retail,,no-pic,2026
danny_tan_chee_sing,Danny Tan Chee Sing,Tan Chee Sing,78.0,1948.0,Male,Malaysia,real estate,Real Estate,,,2015
daonapa_petampai,Daonapa Petampai,Petampai,72.0,1954.0,Female,Thailand,motorcycle loans,Finance & Investments,,no-pic-female,2025
darcie_glazer_kassewitz,Darcie Glazer Kassewitz,Glazer Kassewitz,57.0,1969.0,Female,United States,"Manchester United, Tampa Bay Buccaneers",Sports,,no-pic-female,2026
dario_amodei,Dario Amodei,Amodei,43.0,1983.0,Male,United States,Artifical intelligence,Technology,,no-pic,2026
dariusz_milek,Dariusz Milek,Milek,58.0,1968.0,Male,Poland,"real estate, retail",Fashion & Retail,,no-pic,2026
darwin_deason,Darwin Deason,Deason,86.0,1940.0,Male,United States,Software,Service,,,2025
daryl_katz,Daryl Katz,Katz,64.0,1962.0,Male,Canada,Pharmacies,Diversified,"Founder and Chairman, Katz Group",,2026
dasari_uday_kumar_reddy,Dasari Uday Kumar Reddy,Reddy,60.0,1966.0,Male,India,cloud communications,Technology,,no-pic,2022
david_adelman,David Adelman,Adelman,54.0,1972.0,Male,United States,"Real estate, asset management",Real Estate,,no-pic,2026
david_azrieli,David Azrieli,Azrieli,112.0,1914.0,Male,Canada,shopping malls,Real Estate,"Chairman & Founder, Azrieli Group",,2014
david_barclay,David Barclay,Barclay,94.0,1932.0,Male,United Kingdom,"media, retail",Diversified,,no-pic,2020
david_baszucki,David Baszucki,Baszucki,63.0,1963.0,Male,United States,Online games,Technology,,no-pic,2026
david_blitzer,David Blitzer,Blitzer,56.0,1970.0,Male,United States,Sports,Sports,,no-pic,2026
david_bonderman,David Bonderman,Bonderman,84.0,1942.0,Male,United States,Private equity,Finance & Investments,,,2024
david_booth,David Booth,Booth,80.0,1946.0,Male,United States,Mutual funds,Finance & Investments,"Chairman and CEO, Dimensional Fund Advisors",,2026
david_chen,David Chen,Chen,45.0,1981.0,Male,Singapore,"Online gaming, e-commerce",Media & Entertainment,,no-pic,2026
david_cheriton,David Cheriton,Cheriton,75.0,1951.0,Male,Canada,Google,Technology,"Professor, Stanford University",,2026
david_chow_1,David Chow,Chow,85.0,1941.0,Male,Macau,casinos,Gaming,,,2014
david_consunji,David Consunji,Consunji,110.0,1916.0,Male,Philippines,construction,Construction & Engineering,,,2017
david_davidovich,David Davidovich,Davidovich,75.0,1951.0,Male,Russia,"food, metals",Food and Beverage,,no-pic,2011
david_dean_halbert,David Dean Halbert,Halbert,70.0,1956.0,Male,United States,Biotech,Healthcare,,no-pic,2026
david_duffield,David Duffield,Duffield,85.0,1941.0,Male,United States,Business software,Technology,"Cofounder, Workday",,2026
david_einhorn,David Einhorn,Einhorn,62.0,1964.0,Male,United States,hedge funds,Finance and Investments,"Founder & President, Greenlight Capital",,2018
david_fattal,David Fattal,Fattal,68.0,1958.0,Male,Israel,hotels,Service,,no-pic,2026
david_feffer,David Feffer,Feffer,69.0,1957.0,Male,Brazil,Pulp and paper,Manufacturing,,no-pic,2026
david_filo,David Filo,Filo,60.0,1966.0,Male,United States,Yahoo,Technology,"Chief Yahoo, Yahoo!",,2026
david_fong_1,David Fong,Fong,68.0,1958.0,Male,Hong Kong,Real estate,Real Estate,,no-pic,2026
david_geffen,David Geffen,Geffen,83.0,1943.0,Male,United States,"Movies, record labels",Media & Entertainment,"Cofounder, DreamWorks Animation",,2026
david_girouard,David Girouard,Girouard,61.0,1965.0,Male,United States,fintech,Finance & Investments,,no-pic,2022
david_golub,David Golub,Golub,64.0,1962.0,Male,United States,Private equity,Finance & Investments,"President, Golub Capital",no-pic,2026
david_gottesman,David Gottesman,Gottesman,101.0,1925.0,Male,United States,investments,Finance & Investments,"Chief Executive Officer, First Manhattan Co.",,2022
david_grain,David Grain,Grain,63.0,1963.0,Male,United States,Private equity,Finance & Investments,"Founder & CEO, Grain Management",no-pic,2026
david_green,David Green,Green,85.0,1941.0,Male,United States,Retail,Fashion & Retail,"CEO, Hobby Lobby",,2024
david_hains,David Hains,Hains,96.0,1930.0,Male,Australia,Investments,Finance & Investments,,,2022
david_hall,David Hall,Hall,77.0,1949.0,Male,United States,automotive technology,Automotive,"Cofounder and CEO, Velodyne Lidar",no-pic,2020
david_harding,David Harding,Harding,66.0,1960.0,Male,United Kingdom,finance,Finance & Investments,"Chairman & Head of Research, Winton Capital Management",,2021
david_hearst,"David Hearst, Jr.",Hearst,91.0,1935.0,Male,United States,Hearst Corp,Media,,no-pic,2012
david_helgason,David Helgason,Helgason,49.0,1977.0,Male,Iceland,game software,Technology,,no-pic,2022
david_hindawi,David Hindawi,Hindawi,81.0,1945.0,Male,United States,Software,Technology,"Executive Chairman, Tanium",no-pic,2026
david_hoffmann,David Hoffmann,Hoffmann,73.0,1953.0,Male,United States,"Executive search, investments",Diversified,,no-pic,2026
david_humphreys,David Humphreys,Humphreys,69.0,1957.0,Male,United States,Residential roofing,Manufacturing,,no-pic,2026
david_jiang,David Jiang,Jiang,49.0,1977.0,Male,China,e-cigarettes,Manufacturing,,no-pic,2021
david_kabiller,David Kabiller,Kabiller,62.0,1964.0,Male,United States,investment management,Finance & Investments,,no-pic,2026
david_kaplan,David Kaplan,Kaplan,58.0,1968.0,Male,United States,Finance,Finance & Investments,,no-pic,2026
david_katzman,David Katzman,Katzman,68.0,1958.0,Male,United States,teeth aligners,Service,,no-pic,2021
david_koch,David Koch,Koch,90.0,1936.0,Male,United States,Koch Industries,Diversified,"Director Emeritus, Koch Industries",,2019
david_kong,David Kong,Kong,71.0,1955.0,Male,Malaysia,Funeral services,Service,,,2026
david_lichtenstein,David Lichtenstein,Lichtenstein,64.0,1962.0,Male,United States,Real estate,Real Estate,,,2026
david_macmillan,David MacMillan,MacMillan,71.0,1955.0,Male,United States,Cargill,Food & Beverage,,no-pic,2026
david_macneil,David MacNeil,MacNeil,67.0,1959.0,Male,United States,Automobile accessories,Manufacturing,,no-pic,2026
david_mcmurtry,David McMurtry,McMurtry,87.0,1939.0,Male,United Kingdom,Manufacturing,Manufacturing,,no-pic,2024
david_mindus,David Mindus,Mindus,54.0,1972.0,Male,Sweden,Real estate,Real Estate,,no-pic,2026
david_murdock,David Murdock,Murdock,103.0,1923.0,Male,United States,"Dole, real estate",Food & Beverage,,,2025
david_nahmad,David Nahmad,Nahmad,79.0,1947.0,Male,Monaco,Art collection,Fashion & Retail,,,2026
david_paul,David Paul,Paul,59.0,1967.0,Male,United States,Medical devices,Healthcare,"Founder and Executive Chairman, Globus Medical",no-pic,2026
david_penaloza_alanis,David Peñaloza Alanís,Peñaloza Alanís,52.0,1974.0,Male,Mexico,Toll roads,Construction & Engineering,,no-pic,2026
david_penaloza_sandoval,David Penaloza Sandoval,Penaloza Sandoval,88.0,1938.0,Male,Mexico,construction,Construction & Engineering,,no-pic,2014
david_reuben,David Reuben,Reuben,87.0,1939.0,Male,United Kingdom,"Investments, real estate",Real Estate,,no-pic,2026
david_rockefeller_sr,"David Rockefeller, Sr.",Rockefeller,116.0,1910.0,Male,United States,"real estate, investments",Finance and Investments,,,2017
david_rubenstein,David Rubenstein,Rubenstein,76.0,1950.0,Male,United States,Private equity,Finance & Investments,"Cofounder and Co-executive Chairman, Carlyle Group",,2026
david_sainsbury,David Sainsbury,Sainsbury,93.0,1933.0,Male,United Kingdom,retail,Fashion and Retail,,,2015
david_shaw,David Shaw,Shaw,75.0,1951.0,Male,United States,Hedge funds,Finance & Investments,"Founder, D. E. Shaw & Co., L.P.",,2026
david_shou_yeh_wong,David Shou-Yeh Wong,Wong,91.0,1935.0,Male,Hong Kong,banking,Finance and Investments,,no-pic,2017
david_siegel_1,David Siegel,Siegel,64.0,1962.0,Male,United States,Hedge funds,Finance & Investments,"Co-Founder & Co-Chairman, Two Sigma",,2026
david_steward,David Steward,Steward,74.0,1952.0,Male,United States,IT provider,Technology,,no-pic,2026
david_sun,David Sun,Sun,74.0,1952.0,Male,United States,Computer hardware,Technology,"COO, Kingston Technology Corporation",,2026
david_teoh,David Teoh,Teoh,70.0,1956.0,Male,Australia,Telecom,Telecom,,no-pic,2026
david_tepper,David Tepper,Tepper,68.0,1958.0,Male,United States,Hedge funds,Finance & Investments,"President and Founder, Appaloosa Management",,2026
david_thomson,David Thomson,Thomson,68.0,1958.0,Male,Canada,Thomson Reuters,Media & Entertainment,"Chairman, Thomson Reuters Corporation",,2026
david_tran,David Tran,Tran,80.0,1946.0,Male,United States,Hot sauce,Food & Beverage,,no-pic,2023
david_velez,David Velez,Velez,44.0,1982.0,Male,Colombia,Fintech,Finance & Investments,,no-pic,2026
david_walentas,David Walentas,Walentas,87.0,1939.0,Male,United States,Real estate,Real Estate,,,2026
david_wertheim,David Wertheim,Wertheim,68.0,1958.0,Male,Israel,Coca-Cola Israel,Food & Beverage,,no-pic,2026
david_william_grainger,David William Grainger,Grainger,108.0,1918.0,Male,United States,electrical and industrial equipment,Retail,,no-pic,2013
david_xueling_li,David Xueling Li,Li,53.0,1973.0,Male,China,Live streaming service,Technology,,no-pic,2026
david_yakobashvili,David Yakobashvili,Yakobashvili,78.0,1948.0,Male,Russia,"oil, real estate",Energy,,no-pic,2014
david_zalik,David Zalik,Zalik,52.0,1974.0,Male,United States,Financial technology,Technology,,no-pic,2026
dean_solon,Dean Solon,Solon,61.0,1965.0,Male,United States,Solar systems,Energy,,no-pic,2026
dean_white,Dean White,White,109.0,1917.0,Male,United States,"billboards, hotels",Service,,,2016
deepak_mehta,Deepak Mehta,Mehta,69.0,1957.0,Male,India,Chemicals,Manufacturing,,no-pic,2026
deepinder_goyal,Deepinder Goyal,Goyal,43.0,1983.0,Male,India,Food delivery service,Service,,no-pic,2026
delfin_jorge_ezequiel_carballo,Delfin Jorge Ezequiel Carballo,Carballo,73.0,1953.0,Male,Argentina,banking,Finance & Investments,,no-pic,2026
demetrio_carceller_coll,Demetrio Carceller Coll,Carceller Coll,,,Male,Portugal,"gas, beer",Energy,,no-pic,2017
deng_hui,Deng Hui,Deng,64.0,1962.0,Male,United States,software,Technology,,no-pic,2026
deng_weiming,Deng Weiming,Deng,57.0,1969.0,Male,China,Battery components,Manufacturing,,no-pic,2026
deng_wen,Deng Wen,Deng,58.0,1968.0,Male,China,Condiments,Food & Beverage,,no-pic,2026
deng_yingzhong,Deng Yingzhong,Deng,75.0,1951.0,Male,China,Paper,Manufacturing,,no-pic,2023
denis_frolov,Denis Frolov,Frolov,44.0,1982.0,Male,Russia,IT,Technology,,no-pic,2024
denis_obrien,Denis O'Brien,O'Brien,68.0,1958.0,Male,Ireland,Telecom,Telecom,,,2026
denis_shtengelov,Denis Shtengelov,Shtengelov,54.0,1972.0,Male,Russia,"Food, retail",Food & Beverage,,no-pic,2025
denis_sverdlov,Denis Sverdlov,Sverdlov,48.0,1978.0,Male,Russia,electric vehicles,Automotive,,no-pic,2022
denis_yarats,Denis Yarats,Yarats,38.0,1988.0,Male,United States,Artificial Intelligence,Technology,,no-pic,2026
denise_coates,Denise Coates,Coates,58.0,1968.0,Female,United Kingdom,Online gambling,Gambling & Casinos,,,2026
denise_prenosil,Denise Prenosil,Prenosil,66.0,1960.0,Female,United States,Dick's Sporting Goods,Fashion & Retail,,no-pic-female,2026
denise_york,Denise York,York,75.0,1951.0,Female,United States,San Francisco 49ers,Sports,"Co-Chairman, San Francisco 49ers",,2026
deniz_sahenk,Deniz Sahenk,Sahenk,80.0,1946.0,Female,Turkey,Diversified,Diversified,,,2026
dennis_anthony_uy,Dennis Anthony Uy,Uy,60.0,1966.0,Male,Philippines,telecom,Telecom,,no-pic,2022
dennis_bastas,Dennis Bastas,Bastas,59.0,1967.0,Male,Australia,pharmaceuticals,Healthcare,,no-pic,2026
dennis_gillings,Dennis Gillings,Gillings,82.0,1944.0,Male,United Kingdom,Clinical trials,Healthcare,,no-pic,2026
dennis_washington,Dennis Washington,Washington,91.0,1935.0,Male,United States,"Construction, mining",Logistics,,,2026
derek_stevens,Derek Stevens,Stevens,58.0,1968.0,Male,United States,Casinos,Gambling & Casinos,,no-pic,2026
dermot_desmond,Dermot Desmond,Desmond,75.0,1951.0,Male,Ireland,Finance,Finance & Investments,,,2026
desh_bandhu_gupta,Desh Bandhu Gupta,Gupta,94.0,1932.0,Male,India,pharmaceuticals,Healthcare,,,2017
desmond_lim_siew_choon,Desmond Lim Siew Choon,Lim Siew Choon,71.0,1955.0,Male,Malaysia,property,Real Estate,,no-pic,2017
desmond_sacco,Desmond Sacco,Sacco,92.0,1934.0,Male,South Africa,mining,Metals & Mining,,,2014
devi_shetty,Devi Shetty,Shetty,73.0,1953.0,Male,India,Healthcare,Healthcare,,no-pic,2026
devin_finzer,Devin Finzer,Finzer,36.0,1990.0,Male,United States,online marketplace,Technology,,no-pic,2022
dewi_kam,Dewi Kam,Kam,75.0,1951.0,Female,Indonesia,Coal,Energy,,no-pic-female,2026
dhanin_chearavanont,Dhanin Chearavanont,Chearavanont,87.0,1939.0,Male,Thailand,Diversified,Diversified,,,2026
dharmesh_shah,Dharmesh Shah,Shah,58.0,1968.0,Male,United States,software,Technology,,no-pic,2025
dhruv_sawhney,Dhruv Sawhney,Sawhney,81.0,1945.0,Male,India,"Engineering, sugar",Construction & Engineering,,no-pic,2026
diamantis_diamantides,Diamantis Diamantides,Diamantides,78.0,1948.0,Male,Greece,Shipping,Logistics,,no-pic,2026
diana_teh_li_shing,Diana Teh Li Shing,Shing,,,Female,Malaysia,Banking,Finance & Investments,,no-pic-female,2023
diane_hendricks,Diane Hendricks,Hendricks,79.0,1947.0,Female,United States,Building supplies,Construction & Engineering,"Cofounder, ABC Supply",,2026
diane_kemper,Diane Kemper,Kemper,81.0,1945.0,Female,United States,Real estate,Real Estate,,no-pic-female,2025
diao_zhizhong,Diao Zhizhong,Diao,62.0,1964.0,Male,China,Software,Technology,,no-pic,2023
dick_portillo,Dick Portillo,Portillo,86.0,1940.0,Male,United States,"Real estate, restaurants",Food & Beverage,,no-pic,2026
dick_wolf_1,Dick Wolf,Wolf,79.0,1947.0,Male,United States,Law & Order,Media & Entertainment,,no-pic,2026
diego_della_valle,Diego Della Valle,Della Valle,72.0,1954.0,Male,Italy,Shoes,Fashion & Retail,,,2026
dieter_muller,Dieter Müller,Müller,72.0,1954.0,Male,Germany,Motels,Real Estate,,no-pic,2026
dieter_schaub,Dieter Schaub,Schaub,95.0,1931.0,Male,Germany,media,Media & Entertainment,,no-pic,2016
dieter_schnabel,Dieter Schnabel,Schnabel,80.0,1946.0,Male,Germany,Chemicals,Manufacturing,,,2023
dieter_schwarz,Dieter Schwarz,Schwarz,86.0,1940.0,Male,Germany,Retail,Fashion & Retail,,no-pic,2026
dieter_von_holtzbrinck,Dieter von Holtzbrinck,von Holtzbrinck,97.0,1929.0,Male,Germany,publishing,,,,2010
dietmar_hopp,Dietmar Hopp,Hopp,86.0,1940.0,Male,Germany,Software,Technology,,,2026
dietrich_mateschitz,Dietrich Mateschitz,Mateschitz,82.0,1944.0,Male,Austria,Red Bull,Food & Beverage,,,2022
dilek_sabanci,Dilek Sabanci,Sabanci,71.0,1955.0,Female,Turkey,Haci Omer sabanci Holding,Diversified,,,2013
dilip_shanghvi,Dilip Shanghvi,Shanghvi,70.0,1956.0,Male,India,Pharmaceuticals,Healthcare,,,2026
dilip_surana,Dilip Surana,Surana,60.0,1966.0,Male,India,Pharmaceuticals,Healthcare,,no-pic,2025
din_hwa_chen,Chen Din Hwa,Chen,114.0,1912.0,Male,Hong Kong,real estate,Real Estate,,,2012
dinara_kulibaeva,Dinara Kulibaeva,Kulibaeva,58.0,1968.0,Female,Kazakhstan,Banking,Finance & Investments,,,2025
dinara_kulibayeva,Dinara Kulibayeva,Kulibayeva,58.0,1968.0,Female,Kazakhstan,Banking,Finance & Investments,,no-pic-female,2026
dinesh_nandwana,Dinesh Nandwana,Nandwana,67.0,1959.0,Male,India,software services,Technology,,no-pic,2018
ding_lieming,Ding Lieming,Ding,64.0,1962.0,Male,China,pharmaceuticals,Healthcare,,no-pic,2021
ding_shijia,Ding Shijia,Ding,62.0,1964.0,Male,China,Sports apparel,Fashion & Retail,,no-pic,2026
ding_shizhong,Ding Shizhong,Ding,55.0,1971.0,Male,China,Sports apparel,Fashion & Retail,,,2026
ding_shui_po,Ding Shui Po,Ding,55.0,1971.0,Male,China,"Sneakers, sportswear",Fashion & Retail,,no-pic,2023
ding_yuhua,Ding Yuhua,Ding,83.0,1943.0,Male,China,tires,Automotive,,no-pic,2017
dinu_patriciu,Dinu Patriciu,Patriciu,86.0,1940.0,Male,Romania,"oil, real estate, retail",Oil,,,2012
diona_teh_li_shian,Diona Teh Li Shian,Diona Teh,,,Female,Malaysia,Banking,Finance & Investments,,no-pic-female,2026
dirce_navarro_de_camargo,Dirce Navarro De Camargo,Camargo,,,Female,Brazil,construction,Construction & Engineering,,no-pic-female,2013
dirk_rossmann,Dirk Rossmann,Rossmann,79.0,1947.0,Male,Germany,Drugstores,Fashion & Retail,,,2026
dirk_stroeer,Dirk Stroeer,Stroeer,58.0,1968.0,Male,Germany,advertising,Media & Entertainment,,no-pic,2022
dirk_ziff,Dirk Ziff,Ziff,62.0,1964.0,Male,United States,Investments,Finance & Investments,,,2026
djoko_susanto,Djoko Susanto,Susanto,76.0,1950.0,Male,Indonesia,Supermarkets,Fashion & Retail,,,2026
dmitri_bukhman,Dmitri Bukhman,Bukhman,40.0,1986.0,Male,Israel,Online games,Media & Entertainment,,no-pic,2026
dmitry_alexeyev,Dmitry Alexeyev,Alexeyev,51.0,1975.0,Male,Russia,Retail,Fashion & Retail,,no-pic,2026
dmitry_ananyev,Dmitry Ananyev,Ananyev,63.0,1963.0,Male,Russia,"banking, IT, real estate",Diversified,,,2017
dmitry_bosov,Dmitry Bosov,Bosov,61.0,1965.0,Male,Russia,coal mining,Metals & Mining,,no-pic,2020
dmitry_kamenshchik,Dmitry Kamenshchik,Kamenshchik,58.0,1968.0,Male,Russia,Airport,Service,,,2025
dmitry_korzhev,Dmitry Korzhev,Korzhev,71.0,1955.0,Male,Russia,retail,Fashion and Retail,,no-pic,2014
dmitry_mazepin,Dmitry Mazepin,Mazepin,58.0,1968.0,Male,Russia,Chemicals,Manufacturing,,,2026
dmitry_nikolaev,Dmitry Nikolaev,Nikolaev,59.0,1967.0,Male,Russia,Coal,Energy,,no-pic,2026
dmitry_pumpyansky,Dmitry Pumpyansky,Pumpyansky,62.0,1964.0,Male,Russia,Steel pipes,Metals & Mining,,,2026
dmitry_rybolovlev,Dmitry Rybolovlev,Rybolovlev,59.0,1967.0,Male,Russia,Fertilizer,Manufacturing,,,2026
dmitry_troitsky,Dmitry Troitsky,Troitsky,70.0,1956.0,Male,Russia,retail,Fashion and Retail,,no-pic,2014
do_won_jin_sook_chang,Do Won & Jin Sook Chang,Chang,74.0,1952.0,,United States,fashion retail,Fashion & Retail,,no-pic,2019
domenico_dolce,Domenico Dolce,Dolce,67.0,1959.0,Male,Italy,Luxury goods,Fashion & Retail,,,2026
dominika_kulczyk,Dominika Kulczyk,Kulczyk,48.0,1978.0,Female,Poland,Diversified,Finance & Investments,,no-pic-female,2026
dominique_desseigne,Dominique Desseigne,Desseigne,85.0,1941.0,Male,France,casinos,Gambling & Casinos,,no-pic,2019
don_ahern,Don Ahern,Ahern,72.0,1954.0,Male,United States,Equipment rental,Service,,no-pic,2026
don_gao,Don Gao,Gao,66.0,1960.0,Male,China,power tools,Manufacturing,,no-pic,2018
don_hankey,Don Hankey,Hankey,82.0,1944.0,Male,United States,Auto loans,Finance & Investments,"Chairman, Hankey Group",,2026
don_levin,Don Levin,Levin,74.0,1952.0,Male,United States,rolling papers,Manufacturing,"Founder, Chairman, Republic Group",no-pic,2026
don_simplot,Don Simplot,Simplot,97.0,1929.0,Male,United States,fertilizer,Manufacturing,,no-pic,2016
don_vultaggio,Don Vultaggio,Vultaggio,74.0,1952.0,Male,United States,Beverages,Food & Beverage,,no-pic,2026
dona_bertarelli,Dona Bertarelli,Bertarelli,58.0,1968.0,Female,Switzerland,Biotech and investments,Healthcare,,,2026
donald_bren,Donald Bren,Bren,93.0,1933.0,Male,United States,Real estate,Real Estate,"Chairman, Irvine Company",,2026
donald_foss,Donald Foss,Foss,82.0,1944.0,Male,United States,auto loans,Automotive,,no-pic,2022
donald_friese,Donald Friese,Friese,85.0,1941.0,Male,United States,Manufacturing,Manufacturing,,no-pic,2026
donald_hall,Donald Hall,Hall,105.0,1921.0,Male,United States,Hallmark,Fashion and Retail,,,2015
donald_horton,Donald Horton,Horton,77.0,1949.0,Male,United States,Homebuilding,Real Estate,,no-pic,2024
donald_mackenzie,Donald Mackenzie,Mackenzie,69.0,1957.0,Male,United Kingdom,Private equity,Finance & Investments,,no-pic,2026
donald_macmillan,Donald MacMillan,MacMillan,56.0,1970.0,Male,United States,Cargill,Food & Beverage,,no-pic,2026
donald_newhouse,Donald Newhouse,Newhouse,96.0,1930.0,Male,United States,Media,Media & Entertainment,,,2026
donald_schneider,Donald Schneider,Schneider,102.0,1924.0,Male,United States,trucking,Logistics,,no-pic,2011
donald_sihombing,Donald Sihombing,Sihombing,73.0,1953.0,Male,Indonesia,construction,Construction & Engineering,,no-pic,2019
donald_sterling,Donald Sterling,Sterling,92.0,1934.0,Male,United States,Real estate,Real Estate,,,2026
donald_trump,Donald Trump,Trump,79.0,1947.0,Male,United States,Real estate,Real Estate,,,2026
dong_fan,Dong Fan,Dong,,,Male,China,Medical devices,Healthcare,,no-pic,2026
dong_jinggui,Dong Jinggui,Dong,,,Male,China,Electric scooters,Automotive,,no-pic,2026
dong_wei_2,Dong Wei,Dong,55.0,1971.0,Male,China,Pharmaceuticals,Healthcare,,no-pic,2026
dong_zengping,Dong Zengping,Dong,,,Male,China,Electronics,Manufacturing,,no-pic,2026
dongsheng_chen,Dongsheng Chen,Chen,68.0,1958.0,Male,China,Insurance,Finance & Investments,,no-pic,2023
donna_macmillan,Donna MacMillan,MacMillan,104.0,1922.0,Female,United States,Cargill Inc.,Food and Beverage,,,2012
dora_voigt_de_assis,Dora Voigt de Assis,Voigt de Assis,28.0,1998.0,Female,Brazil,Industrial Machinery,Manufacturing,,no-pic-female,2026
doris_fisher,Doris Fisher,Fisher,94.0,1932.0,Female,United States,Gap,Fashion & Retail,"Cofounder, Gap Inc.",,2026
dorle_hager,Dorle Hager,Hager,61.0,1965.0,Female,Germany,Electrical products,Construction & Engineering,,no-pic-female,2026
dorothea_steinbruch,Dorothea Steinbruch,Steinbruch,,,Female,Brazil,steel,Metals & Mining,,no-pic-female,2014
dorothy_chao_jenkins,Dorothy Chao Jenkins,Chao Jenkins,80.0,1946.0,Female,United States,"Chemicals, building products",Manufacturing,,no-pic-female,2026
dorrance_hamilton,Dorrance Hamilton,Hamilton,103.0,1923.0,Female,United States,Campbell Soup,Food and Beverage,,,2017
dou_zhenggang,Dou Zhenggang,Dou,72.0,1954.0,Male,China,"Energy, chemicals",Diversified,,no-pic,2026
doug_clarke,Doug Clarke,Clarke,46.0,1980.0,Male,Australia,"cameras, software",Technology,,no-pic,2022
doug_meijer,Doug Meijer,Meijer,72.0,1954.0,Male,United States,Supermarkets,Fashion & Retail,,no-pic,2026
doug_ostrover,Doug Ostrover,Ostrover,63.0,1963.0,Male,United States,Private equity,Finance & Investments,,no-pic,2026
douglas_fregin,Douglas Fregin,Fregin,78.0,1948.0,Male,Canada,Research in Motion,,,,2010
douglas_hsu,Douglas Hsu,Hsu,83.0,1943.0,Male,Taiwan,Diversified,Diversified,,,2026
douglas_leone,Douglas Leone,Leone,68.0,1958.0,Male,United States,Venture capital,Finance & Investments,Sequoia,,2026
douglas_rippel,Douglas Rippel,Rippel,59.0,1967.0,Male,United States,retail finance,Finance & Investments,,no-pic,2026
dr_dre,Dr. Dre,Dre,61.0,1965.0,Male,United States,"Music, headphones",Media & Entertainment,,,2026
dragos_paval,Dragos Paval,Paval,59.0,1967.0,Male,Romania,Retail,Fashion & Retail,,no-pic,2026
drayton_mclane_jr,"Drayton McLane, Jr.",McLane,89.0,1937.0,Male,United States,"Walmart, logistics",Fashion & Retail,,,2026
drew_houston,Drew Houston,Houston,43.0,1983.0,Male,United States,Cloud storage service,Technology,"CEO, Dropbox",,2026
drorit_wertheim,Drorit Wertheim,Wertheim,70.0,1956.0,Female,Israel,Coca Cola Israel,Food & Beverage,,no-pic-female,2026
du_jiangtao,Du Jiangtao,Du,56.0,1970.0,Male,China,Chemicals,Manufacturing,,,2026
du_jinhao,Du Jinhao,Du,72.0,1954.0,Male,China,pharmaceuticals,Healthcare,,no-pic,2026
du_sha,Du Sha,Du,82.0,1944.0,Male,China,hypermarkets,Diversified,,no-pic,2020
du_shuanghua,Du Shuanghua,Du,62.0,1964.0,Male,China,steel,Manufacturing,,no-pic,2022
du_yulin,Du Yulin,Du,53.0,1973.0,Male,China,Software,Technology,,no-pic,2023
duke_reyes,Duke Reyes,Reyes,69.0,1957.0,Male,United States,Beer distribution,Food & Beverage,,no-pic,2026
dulce_pugliese_de_godoy_bueno,Dulce Pugliese de Godoy Bueno,de Godoy Bueno,79.0,1947.0,Female,Brazil,"hospitals, health care",Healthcare,,no-pic-female,2024
duncan_macmillan,Duncan MacMillan,MacMillan,88.0,1938.0,Male,United States,Bloomberg LP,Finance & Investments,,no-pic,2026
dustin_moskovitz,Dustin Moskovitz,Moskovitz,41.0,1985.0,Male,United States,Facebook,Technology,"Cofounder, Asana",,2026
dv_manjunatha,D.V. Manjunatha,Manjunatha,58.0,1968.0,Male,India,Solar panels,Energy,,no-pic,2026
dwight_schar,Dwight Schar,Schar,84.0,1942.0,Male,United States,"Homebuilding, NFL team",Construction & Engineering,,,2026
dylan_field,Dylan Field,Field,34.0,1992.0,Male,United States,Software,Technology,"CEO, Figma",no-pic,2026
e_joe_shoen,E. Joe Shoen,Shoen,76.0,1950.0,Male,United States,U-Haul,Automotive,,,2026
ed_craven,Ed Craven,Craven,30.0,1996.0,Male,Australia,Online casino,Gambling & Casinos,,no-pic,2026
ed_hallen,Ed Hallen,Hallen,44.0,1982.0,Male,United States,Marketing software,Technology,,no-pic,2025
ed_park,Ed Park,Park,51.0,1975.0,Male,United States,Health technology,Healthcare,,no-pic,2026
eddie_sol_zakay,Eddie & Sol Zakay,Zakay,,,Male,United Kingdom,real estate,Real Estate,,no-pic,2021
eddy_kusnadi_sariaatmadja,Eddy Kusnadi Sariaatmadja,Sariaatmadja,72.0,1954.0,Male,Indonesia,"Media, tech",Media & Entertainment,,,2026
eddy_sugianto,Eddy Sugianto,Sugianto,80.0,1946.0,Male,Indonesia,Coal,Metals & Mining,,no-pic,2026
edgar_bronfman,Edgar Bronfman Sr,Bronfman,109.0,1917.0,Male,United States,liquor,Service,,,2010
edgar_de_picciotto,Edgar de Picciotto,de Picciotto,103.0,1923.0,Male,Switzerland,private banking,Finance and Investments,,,2016
edgar_sia_ii,Edgar Sia II,Sia II,51.0,1975.0,Male,Philippines,fast food,Food & Beverage,,no-pic,2021
edir_macedo,Edir Macedo,Macedo,81.0,1945.0,Male,Brazil,broadcasting,Media & Entertainment,,,2026
edmond_safra,Edmond Safra,Safra,116.0,1910.0,Male,Lebanon,Republic Bank Corp,,,no-pic,1999
edmund_ansin,Edmund Ansin,Ansin,93.0,1933.0,Male,United States,television,Media & Entertainment,"President, Sunbeam Television, Corp.",,2020
edouard_carmignac,Edouard Carmignac,Carmignac,78.0,1948.0,Male,France,Asset management,Finance & Investments,,,2026
edson_de_godoy_bueno,Edson de Godoy Bueno,de Godoy Bueno,89.0,1937.0,Male,Brazil,"hospitals, health care",Healthcare,,,2016
eduard_chukhlebov,Eduard Chukhlebov,Chukhlebov,62.0,1964.0,Male,Russia,metallurgy,Metals & Mining,,no-pic,2026
eduard_kucera,Eduard Kucera,Kucera,73.0,1953.0,Male,Czech Republic,Software,Technology,,no-pic,2026
eduard_schleicher,Eduard Schleicher,Schleicher,70.0,1956.0,Male,Germany,"Cement, Copper",Manufacturing,,no-pic,2026
eduard_shifrin,Eduard Shifrin,Shifrin,78.0,1948.0,Male,United Kingdom,steel,,,no-pic,2010
eduardo_belmont_anderson,Eduardo Belmont Anderson,Belmont Anderson,82.0,1944.0,Male,Peru,cosmetics,Fashion & Retail,,no-pic,2021
eduardo_cojuangco,Eduardo Cojuangco,Cojuangco,93.0,1933.0,Male,Philippines,"food, drinks",Food & Beverage,,,2020
eduardo_costantini,Eduardo Costantini,Costantini,79.0,1947.0,Male,Argentina,Real estate,Real Estate,,no-pic,2026
eduardo_de_pontes,Eduardo de Pontes,de Pontes,48.0,1978.0,Male,Brazil,payments processing,Technology,,no-pic,2021
eduardo_eurnekian,Eduardo Eurnekian,Eurnekian,93.0,1933.0,Male,Argentina,"Airports, investments",Diversified,,,2026
eduardo_hochschild,Eduardo Hochschild,Hochschild,62.0,1964.0,Male,Peru,mining,Metals & Mining,"Chairman, Hochschild Mining PLC",,2026
eduardo_saverin,Eduardo Saverin,Saverin,44.0,1982.0,Male,Brazil,Facebook,Technology,"Cofounder, Meta Platforms",,2026
eduardo_vivas,Eduardo Vivas,Vivas,40.0,1986.0,Male,United States,Advertising technology,Technology,,no-pic,2026
eduardo_voigt_schwartz,Eduardo Voigt Schwartz,Voigt Schwartz,36.0,1990.0,Male,Brazil,Industrial Machinery,Manufacturing,,no-pic,2026
edward_bass,Edward Bass,Bass,80.0,1946.0,Male,United States,"Oil, investments",Energy,,,2026
edward_debartolo_jr,"Edward DeBartolo, Jr.",DeBartolo,79.0,1947.0,Male,United States,Shopping centers,Real Estate,,,2026
edward_glazer,Edward Glazer,Glazer,56.0,1970.0,Male,United States,"Manchester United, Tampa Bay Buccaneers",Sports,,no-pic,2026
edward_johnson_iii,"Edward Johnson, III.",Johnson,97.0,1929.0,Male,United States,money management,Finance & Investments,,,2021
edward_johnson_iv,"Edward Johnson, IV.",Johnson,61.0,1965.0,Male,United States,Fidelity,Finance & Investments,,no-pic,2026
edward_kwok,Edward Kwok,Kwok,45.0,1981.0,Male,Hong Kong,Real estate,Real Estate,,no-pic,2026
edward_lampert,Edward Lampert,Lampert,63.0,1963.0,Male,United States,Sears,Finance & Investments,"Founder, ESL Investments Inc.",,2026
edward_netylko,Edward Netylko,Netylko,58.0,1968.0,Male,Russia,pharmacy,Healthcare,,no-pic,2026
edward_roski_jr,"Edward Roski, Jr.",Roski,87.0,1939.0,Male,United States,Real estate,Real Estate,"President and Chairman, Majestic Realty, Co.",,2026
edward_stack,Edward Stack,Stack,71.0,1955.0,Male,United States,Dick's Sporting Goods,Fashion & Retail,"Executive Chairman, Dick's Sporting Goods",,2026
edwin_chen,Edwin Chen,Chen,38.0,1988.0,Male,United States,Artificial intelligence,Technology,,no-pic,2026
edwin_leong,Edwin Leong,Leong,74.0,1952.0,Male,Hong Kong,Real estate,Real Estate,,,2026
edwin_soeryadjaya,Edwin Soeryadjaya,Soeryadjaya,85.0,1941.0,Male,Indonesia,"coal, investments",Energy,,,2015
edwin_soeryadjaya_1,Edwin Soeryadjaya,Soeryadjaya,76.0,1950.0,Male,Indonesia,"Coal, investments",Energy,,no-pic,2026
edythe_broad,Edythe Broad,Broad,90.0,1936.0,Female,United States,"Homebuilding, insurance",Diversified,,no-pic-female,2026
eggon_da_silva,Eggon da Silva,da Silva,106.0,1920.0,Male,Brazil,industrial machinery,Manufacturing,,no-pic,2014
egon_durban,Egon Durban,Durban,52.0,1974.0,Male,United States,Private equity,Finance & Investments,,no-pic,2026
egor_kulkov,Egor Kulkov,Kulkov,54.0,1972.0,Male,Russia,Pharmaceuticals,Healthcare,,no-pic,2026
eiichi_kuriwada,Eiichi Kuriwada,Kuriwada,79.0,1947.0,Male,Japan,Package delivery,Logistics,,no-pic,2026
eike_batista,Eike Batista,Batista,79.0,1947.0,Male,Brazil,"mining, oil",Energy,,,2013
eitaro_itoyama,Eitaro Itoyama,Itoyama,94.0,1932.0,Male,Japan,golf courses,Real Estate,,,2012
ekaterina_fedun,Ekaterina Fedun,Fedun,37.0,1989.0,Female,Russia,Oil & gas,Energy,,no-pic-female,2026
elaine_marshall,Elaine Marshall,Marshall,83.0,1943.0,Female,United States,Koch Inc.,Diversified,,,2026
elaine_wynn,Elaine Wynn,Wynn,84.0,1942.0,Female,United States,"Casinos, hotels",Gambling & Casinos,,,2025
eleanor_butt_crook,Eleanor Butt Crook,Crook,93.0,1933.0,Female,United States,Supermarkets,Fashion & Retail,,no-pic-female,2026
elena_baturina,Elena Baturina,Baturina,63.0,1963.0,Female,Russia,"Investments, real estate",Construction & Engineering,,,2026
eleonora_berlusconi,Eleonora Berlusconi,Berlusconi,39.0,1987.0,Female,Italy,Media,Media & Entertainment,,no-pic-female,2026
eli_broad,Eli Broad,Broad,94.0,1932.0,Male,United States,investments,Finance & Investments,,,2021
elie_horn,Elie Horn,Horn,87.0,1939.0,Male,Brazil,real estate,Real Estate,,,2018
eliodoro_matte,Eliodoro Matte,Matte,84.0,1942.0,Male,Chile,paper,Manufacturing,,,2019
elisabeth_badinter,Elisabeth Badinter,Badinter,90.0,1936.0,Female,France,advertising,Media,,,2015
elisabeth_deluca,Elisabeth DeLuca,DeLuca,78.0,1948.0,Female,United States,Subway,Food & Beverage,,no-pic-female,2026
elisabeth_douglas,Elisabeth Douglas,Douglas,84.0,1942.0,Female,Sweden,Investments,Diversified,,no-pic-female,2026
elisabeth_furtwaengler,Elisabeth Furtwaengler,Furtwaengler,37.0,1989.0,Female,Germany,publishing,Media & Entertainment,,no-pic-female,2020
elisabeth_mohn,Elisabeth Mohn,Mohn,89.0,1937.0,Female,Germany,publishing,Media & Entertainment,,,2019
elizabeth_holmes,Elizabeth Holmes,Holmes,49.0,1977.0,Female,United States,blood testing,Healthcare,"Founder-CEO, Theranos",,2016
elizabeth_johnson,Elizabeth Johnson,Johnson,62.0,1964.0,Female,United States,Fidelity,Finance & Investments,,no-pic-female,2026
elizabeth_sy,Elizabeth Sy,Sy,73.0,1953.0,Female,Philippines,Diversified,Diversified,,no-pic-female,2026
elizabeth_uihlein,Elizabeth Uihlein,Uihlein,80.0,1946.0,Female,United States,Packaging materials,Manufacturing,,no-pic-female,2026
elly_reisman,Elly Reisman,Reisman,76.0,1950.0,Male,Canada,Homebuilding,Real Estate,,no-pic,2026
elon_musk,Elon Musk,Musk,54.0,1972.0,Male,United States,"Tesla, SpaceX",Technology,"CEO, Tesla",,2026
els_blokker,Els Blokker,Blokker,87.0,1939.0,Female,Netherlands,retail,Retail,,no-pic-female,2014
emad_al_muhaidib_1,Emad Al Muhaidib,Al Muhaidib,69.0,1957.0,Male,Saudi Arabia,Diversified,Diversified,,no-pic,2026
emanuele_lino_saputo,Emanuele (Lino) Saputo,Saputo,89.0,1937.0,Male,Canada,Cheese,Food & Beverage,,,2026
emanuella_barilla,Emanuella Barilla,Barilla,64.0,1962.0,Female,Italy,Barilla pasta,Food and Beverage,,no-pic-female,2018
emilio_azcarraga_jean,Emilio Azcarraga Jean,Azcarraga Jean,59.0,1967.0,Male,Mexico,TV broadcasting,Media & Entertainment,,,2022
emilio_botin,Emilio Botin,Botin,102.0,1924.0,Male,Spain,banking,Finance,,,2012
emma_marcegaglia,Emma Marcegaglia,Marcegaglia,62.0,1964.0,Female,Italy,steel,Metals & Mining,,no-pic-female,2021
emmanuel_besnier,Emmanuel Besnier,Besnier,55.0,1971.0,Male,France,Cheese,Food & Beverage,,,2026
emre_tezmen,Emre Tezmen,Tezmen,53.0,1973.0,Male,Turkey,Finance,Finance & Investments,,no-pic,2026
ennio_doris,Ennio Doris,Doris,87.0,1939.0,Male,Italy,financial services,Finance & Investments,,,2021
enrico_preziosi,Enrico Preziosi,Preziosi,80.0,1946.0,Male,Italy,toys,Fashion & Retail,,no-pic,2021
enrique_banuelos,Enrique Banuelos,Banuelos,69.0,1957.0,Male,Spain,real estate,Real Estate,,,2014
enrique_coppel_luken,Enrique Coppel Luken,Coppel Luken,78.0,1948.0,Male,Mexico,Diversified,Fashion & Retail,,no-pic,2026
enrique_razon_jr,Enrique Razon Jr.,Razon Jr.,66.0,1960.0,Male,Philippines,Ports,Logistics,,,2026
eren_ozmen,Eren Ozmen,Ozmen,67.0,1959.0,Female,United States,Aerospace,Manufacturing,,,2026
eric_douglas,Eric Douglas,Douglas,58.0,1968.0,Male,Sweden,Investments,Diversified,,no-pic,2026
eric_glyman,Eric Glyman,Glyman,36.0,1990.0,Male,United States,Fintech,Finance & Investments,,no-pic,2026
eric_hemar,Eric Hémar,Hémar,63.0,1963.0,Male,France,Logistics,Logistics,,no-pic,2026
eric_jing,Eric Jing,Jing,55.0,1971.0,Male,China,e-commerce,Technology,,no-pic,2021
eric_lefkofsky,Eric Lefkofsky,Lefkofsky,56.0,1970.0,Male,United States,"Groupon, investments",Technology,,,2026
eric_li,Eric Li,Li,62.0,1964.0,Male,China,Automobiles,Automotive,,no-pic,2026
eric_schmidt,Eric Schmidt,Schmidt,71.0,1955.0,Male,United States,Google,Technology,,,2026
eric_smidt,Eric Smidt,Smidt,66.0,1960.0,Male,United States,Hardware stores,Fashion & Retail,,no-pic,2026
eric_sprott,Eric Sprott,Sprott,81.0,1945.0,Male,Canada,Asset management,Finance & Investments,,,2026
eric_wittouck,Eric Wittouck,Wittouck,79.0,1947.0,Male,Belgium,Investments,Finance & Investments,,no-pic,2026
eric_ya_shen,Eric Ya Shen,Shen,55.0,1971.0,Male,China,Online apparel retail,Technology,,no-pic,2026
eric_yuan,Eric Yuan,Yuan,56.0,1970.0,Male,United States,Zoom Video Communications,Technology,"Founder and CEO, Zoom Video Communications",no-pic,2026
erich_kellerhals,Erich Kellerhals,Kellerhals,93.0,1933.0,Male,Germany,electronics retailer,Fashion & Retail,,,2017
erich_von_baumbach,Erich von Baumbach,von Baumbach,54.0,1972.0,Male,Germany,Pharma,Healthcare,,no-pic,2026
erich_wesjohann,Erich Wesjohann,Wesjohann,80.0,1946.0,Male,Germany,Poultry genetics,Food & Beverage,,no-pic,2026
erik_must,Erik Must,Must,83.0,1943.0,Male,Norway,stock brokerage,Finance & Investments,,no-pic,2026
erik_paulsson,Erik Paulsson,Paulsson,85.0,1941.0,Male,Sweden,"construction, real estate",Real Estate,,no-pic,2022
erik_selin,Erik Selin,Selin,58.0,1968.0,Male,Sweden,Real estate,Real Estate,,no-pic,2026
erika_pohl_stroeher,Erika Pohl-Stroeher,Pohl-Stroeher,114.0,1912.0,Female,Germany,hair products,Fashion and Retail,,no-pic-female,2016
erivan_haub,Erivan Haub,Haub,98.0,1928.0,Male,Germany,retail,Fashion & Retail,,,2018
erman_ilicak,Erman Ilicak,Ilicak,58.0,1968.0,Male,Turkey,Construction,Construction & Engineering,,,2026
ermirio_pereira_de_moraes,Ermirio Pereira de Moraes,Moraes,94.0,1932.0,Male,Brazil,diversified,Diversified,,no-pic,2022
ernest_garcia_ii,"Ernest Garcia, II.",Garcia,68.0,1958.0,Male,United States,Used cars,Automotive,,no-pic,2026
ernest_garcia_iii,Ernest Garcia III,Garcia III,44.0,1982.0,Male,United States,Used cars,Automotive,"Founder and Chief Executive Officer, Carvana",no-pic,2026
ernesto_bertarelli,Ernesto Bertarelli,Bertarelli,60.0,1966.0,Male,Switzerland,"Biotech, investments",Healthcare,,,2026
erol_tabanca,Erol Tabanca,Tabanca,74.0,1952.0,Male,Turkey,Construction,Construction & Engineering,,no-pic,2018
erwin_franz_mueller,Erwin Franz Mueller,Mueller,93.0,1933.0,Male,Germany,Drugstores,Fashion & Retail,,,2026
essam_al_muhaidib_1,Essam Al Muhaidib,Al Muhaidib,67.0,1959.0,Male,Saudi Arabia,Diversified,Diversified,,no-pic,2026
esther_grether,Esther Grether,Grether,90.0,1936.0,Female,Switzerland,Art collection,Fashion & Retail,,no-pic-female,2025
esther_koplowitz,Esther Koplowitz,Koplowitz,82.0,1944.0,Female,Spain,construction,Construction & Engineering,,,2013
eugene_kaspersky,Eugene Kaspersky,Kaspersky,60.0,1966.0,Male,Russia,Software,Technology,,,2026
eugene_mikhaylov,Eugene MIkhaylov,MIkhaylov,43.0,1983.0,Male,Russia,agribusiness,Food & Beverage,,no-pic,2026
eugene_murtagh,Eugene Murtagh,Murtagh,83.0,1943.0,Male,Ireland,Building materials,Manufacturing,,no-pic,2026
eugene_wu,Eugene Wu,Wu,80.0,1946.0,Male,Taiwan,Finance,Finance & Investments,,,2026
euisun_chung,Euisun Chung,Chung,55.0,1971.0,Male,South Korea,Hyundai,Automotive,Hyundai Motor Co. Ltd.,no-pic,2026
eusebio_tanco,Eusebio Tanco,Tanco,76.0,1950.0,Male,Philippines,"Digital entertainment, ports, education",Diversified,,no-pic,2026
eustasio_lopez_gonzalez,Eustasio Lopez Gonzalez,Lopez Gonzalez,72.0,1954.0,Male,Spain,Hotels,Real Estate,,no-pic,2026
eva_gonda_de_rivera,Eva Gonda de Rivera,Gonda de Rivera,,,Female,Mexico,beverages,Food and Beverage,,no-pic-female,2019
eva_maria_braun_luedicke,Eva Maria Braun-Luedicke,Braun-Luedicke,39.0,1987.0,Female,Germany,Medical technology,Healthcare,,no-pic-female,2026
eva_maria_bucher_haefner,Eva Maria Bucher-Haefner,Bucher-Haefner,69.0,1957.0,Female,Switzerland,"Software, investments",Technology,,no-pic-female,2026
evan_sharp,Evan Sharp,Sharp,47.0,1979.0,Male,United States,Pinterest,Technology,,,2019
evan_spiegel,Evan Spiegel,Spiegel,35.0,1991.0,Male,United States,Snapchat,Technology,"Cofounder, Snap",,2026
evan_williams,Evan Williams,Williams,54.0,1972.0,Male,United States,Twitter,Technology,"Cofounder and Director, Twitter",,2026
evangelos_marinakis,Evangelos Marinakis,Marinakis,58.0,1968.0,Male,Greece,"Shipping, soccer",Logistics,,no-pic,2026
evangelos_mytilineos,Evangelos Mytilineos,Mytilineos,72.0,1954.0,Male,Greece,"Energy, metals",Energy,,no-pic,2026
evgeny_eugene_shvidler,Evgeny (Eugene) Shvidler,Shvidler,62.0,1964.0,Male,United States,"Metals, investments",Metals & Mining,,,2026
evi_hager,Evi Hager,Hager,63.0,1963.0,Female,Germany,Electrical products,Construction & Engineering,,no-pic-female,2026
eyal_ofer,Eyal Ofer,Ofer,75.0,1951.0,Male,Israel,"Real estate, shipping",Diversified,,,2026
ezra_nahmad,Ezra Nahmad,Nahmad,81.0,1945.0,Male,Monaco,Art,Finance & Investments,,,2024
fabian_hedin,Fabian Hedin,Hedin,26.0,2000.0,Male,Sweden,AI coding,Technology,"Cofounder, Lovable",no-pic,2026
fabien_pinckaers,Fabien Pinckaers,Pinckaers,47.0,1979.0,Male,Belgium,Software,Technology,,no-pic,2026
fabricio_garcia,Fabricio Garcia,Garcia,50.0,1976.0,Male,Brazil,retail,Fashion & Retail,,no-pic,2021
fabrizio_di_amato,Fabrizio Di Amato,Di Amato,62.0,1964.0,Male,Italy,Engineering,Construction & Engineering,,no-pic,2026
fahed_hariri,Fahed Hariri,Hariri,45.0,1981.0,Male,Lebanon,"Construction, investments",Construction & Engineering,,no-pic,2026
faisal_bin_qassim_al_thani,Faisal Bin Qassim Al Thani,Al Thani,78.0,1948.0,Male,Qatar,"Hotels, diversified",Diversified,,,2026
falguni_nayar,Falguni Nayar,Nayar,63.0,1963.0,Female,India,Retailing,Fashion & Retail,,no-pic-female,2026
fan_daidi,Fan Daidi,Fan,60.0,1966.0,Female,China,Skincare,Fashion & Retail,,no-pic-female,2026
fan_hongwei,Fan Hongwei,Fan,59.0,1967.0,Female,China,Petrochemicals,Energy,,no-pic-female,2026
fan_minhua,Fan Minhua,Fan,65.0,1961.0,Female,China,pharmaceuticals,Healthcare,,no-pic-female,2022
fan_xiulian,Fan Xiulian,Fan,62.0,1964.0,Female,China,Pharmaceuticals,Healthcare,,no-pic-female,2026
fan_zhaoxia,Fan Zhaoxia,Fan,59.0,1967.0,Female,China,photovoltaic equipment,Energy,,no-pic-female,2022
fang_hongbo,Fang Hongbo,Fang,59.0,1967.0,Male,China,Home appliances,Manufacturing,,no-pic,2026
fang_tonghua,Fang Tonghua,Fang,69.0,1957.0,Male,China,pharmaceuticals,Healthcare,,no-pic,2017
fang_wei,Fang Wei,Fang,52.0,1974.0,Male,China,Steel,Manufacturing,,no-pic,2026
fang_xiaoliang,Fang Xiaoliang,Fang,68.0,1958.0,Male,China,biotech,Healthcare,,no-pic,2022
fang_yang,Fang Yang,Yang,54.0,1972.0,Female,China,Furniture retailing,Fashion & Retail,,no-pic-female,2026
fang_zhancheng,Fang Zhancheng,Fang,,,Male,China,soy sauce,Food & Beverage,,no-pic,2021
farhad_ebrahimi,Farhad Ebrahimi,Ebrahimi,87.0,1939.0,Male,United States,Solar panels,Manufacturing,,no-pic,2026
farhad_moshiri,Farhad Moshiri,Moshiri,70.0,1956.0,Male,United Kingdom,Diversified,Diversified,,,2026
farkhad_akhmedov,Farkhad Akhmedov,Akhmedov,70.0,1956.0,Male,Russia,Investments,Energy,,,2026
farris_wilks,Farris Wilks,Wilks,74.0,1952.0,Male,United States,Natural gas,Energy,,,2026
faruk_eczacibasi,Faruk Eczacibasi,Eczacibasi,71.0,1955.0,Male,Turkey,"Pharmaceuticals, diversified",Diversified,,,2026
fashu_chen,Fashu Chen,Chen,65.0,1961.0,Male,China,Investments,Finance & Investments,,,2023
fatih_ozmen,Fatih Ozmen,Ozmen,68.0,1958.0,Male,United States,Aerospace,Manufacturing,,no-pic,2026
fatih_tosyali,Fatih Tosyali,Tosyali,64.0,1962.0,Male,Turkey,steel,Metals & Mining,,no-pic,2019
fatma_tuba_yazici,Fatma Tuba Yazici,Yazici,57.0,1969.0,Female,Turkey,diversified,Diversified,,no-pic-female,2018
fawaz_alhokair,Fawaz Alhokair,Alhokair,66.0,1960.0,Male,Saudi Arabia,"retail, shopping malls",Fashion & Retail,,no-pic,2017
fawzi_al_kharafi,Fawzi Al-Kharafi,Al-Kharafi,,,Male,Kuwait,diversified,Diversified,,no-pic,2018
fayez_sarofim,Fayez Sarofim,Sarofim,98.0,1928.0,Male,United States,money management,Finance & Investments,,,2022
fc_tseng,F.C. Tseng,Tseng,,,Male,Taiwan,Semiconductors,Technology,,no-pic,2026
federico_de_nora,Federico De Nora,De Nora,58.0,1968.0,Male,Italy,Electrodes,Manufacturing,,no-pic,2026
fei_song,Fei Song,Song,59.0,1967.0,Male,China,Machinery,Manufacturing,,no-pic,2023
felipe_voigt_trejes,Felipe Voigt Trejes,Voigt Trejes,23.0,2003.0,Male,Brazil,Industrial machinery,Manufacturing,,no-pic,2026
felix_baker,Felix Baker,Baker,57.0,1969.0,Male,United States,Biotech investing,Finance & Investments,,no-pic,2026
femi_otedola,Femi Otedola,Otedola,63.0,1963.0,Male,Nigeria,Energy and Utilities,Energy,,,2026
feng_chenhui,Feng Chenhui,Feng,62.0,1964.0,Male,United States,Electronics,Technology,,no-pic,2021
feng_hailiang,Feng Hailiang,Feng,65.0,1961.0,Male,China,"Copper, education",Metals & Mining,,,2026
feng_yi,Feng Yi,Feng,54.0,1972.0,Male,China,software,Technology,,no-pic,2021
feng_yuxia,Feng Yuxia,Feng,61.0,1965.0,Female,China,Pharmaceuticals,Healthcare,,no-pic-female,2023
fengluan_li,Fengluan Li,Li,64.0,1962.0,Female,China,"Steel, diversified",Diversified,,no-pic-female,2023
feridun_gecgel,Feridun Gecgel,Gecgel,55.0,1971.0,Male,Turkey,Utility Equipment,Diversified,,no-pic,2026
ferit_faik_sahenk,Ferit Faik Sahenk,Sahenk,62.0,1964.0,Male,Turkey,Diversified,Diversified,,,2026
fernand_huts,Fernand Huts,Huts,75.0,1951.0,Male,Belgium,"Logistics, transportation",Logistics,,no-pic,2026
fernando_chico_pardo,Fernando Chico Pardo,Chico Pardo,74.0,1952.0,Male,Mexico,Airport management,Service,,no-pic,2026
fernando_de_leon,Fernando De Leon,De Leon,47.0,1979.0,Male,United States,Real Estate,Real Estate,,no-pic,2026
fernando_espinosa_abdala,Fernando Espinosa Abdalá,Espinosa Abdalá,76.0,1950.0,Male,Mexico,Pharmaceuticals,Healthcare,,no-pic,2026
fernando_masaveu_herrero,Fernando Masaveu Herrero,Masaveu Herrero,61.0,1965.0,Male,Spain,Diversified,Diversified,,no-pic,2024
fernando_roberto_moreira_salles,Fernando Roberto Moreira Salles,Moreira Salles,79.0,1947.0,Male,Brazil,"Banking, minerals",Diversified,,no-pic,2026
fernando_roig,Fernando Roig,Roig,78.0,1948.0,Male,Spain,Supermarkets,Fashion & Retail,,,2026
fernando_trajano,Fernando Trajano,Trajano,,,Male,Brazil,retail,Fashion & Retail,,no-pic,2021
filaret_galchev,Filaret Galchev,Galchev,67.0,1959.0,Male,Russia,construction materials,Construction & Engineering,,,2018
filip_balcaen,Filip Balcaen,Balcaen,66.0,1960.0,Male,Belgium,Textiles,Diversified,,no-pic,2026
filippo_ghirelli,Filippo Ghirelli,Ghirelli,46.0,1980.0,Male,Italy,"Infrastructure, energy",Energy,,no-pic,2026
filiz_sahenk,Filiz Sahenk,Sahenk,59.0,1967.0,Female,Turkey,Diversified,Diversified,,,2026
finn_rausing,Finn Rausing,Rausing,71.0,1955.0,Male,Sweden,Packaging,Food & Beverage,,no-pic,2026
fiona_geminder,Fiona Geminder,Geminder,61.0,1965.0,Female,Australia,Manufacturing,Manufacturing,,,2026
firoz_mistry,Firoz Mistry,Mistry,29.0,1997.0,Male,Ireland,Diversified,Diversified,,no-pic,2026
flavia_bittar_garcia_faleiros,Flavia Bittar Garcia Faleiros,Garcia Faleiros,47.0,1979.0,Female,Brazil,retail,Fashion & Retail,,no-pic-female,2021
florentino_perez,Florentino Perez,Perez,79.0,1947.0,Male,Spain,Construction,Construction & Engineering,,,2026
florian_rehm,Florian Rehm,Rehm,48.0,1978.0,Male,Germany,liquor,Food & Beverage,,no-pic,2026
folorunsho_alakija,Folorunsho Alakija,Alakija,79.0,1947.0,Female,Nigeria,oil,Energy,,,2019
fong_yun_wah,Fong Yun Wah,Fong,103.0,1923.0,Male,Hong Kong,real estate,Real Estate,,,2021
forrest_li,Forrest Li,Li,48.0,1978.0,Male,Singapore,"Online gaming, e-commerce",Media & Entertainment,,no-pic,2026
forrest_mars_jr,"Forrest Mars, Jr.",Mars,101.0,1925.0,Male,United States,candy,Food and Beverage,,,2016
forrest_preston,Forrest Preston,Preston,93.0,1933.0,Male,United States,Health care,Healthcare,,no-pic,2026
francesco_gaetano_caltagirone,Francesco Gaetano Caltagirone,Caltagirone,83.0,1943.0,Male,Italy,"Cement, diversified",Construction & Engineering,,,2026
francesco_patarnello,Francesco Patarnello,Patarnello,40.0,1986.0,Male,Italy,Software investment,Technology,,no-pic,2026
francesco_saputo,Francesco Saputo,Saputo,,,Male,Canada,Cheese,Food & Beverage,,no-pic,2024
francesco_saverio_salini,Francesco Saverio Salini,Salini,99.0,1927.0,Male,Italy,construction,Construction & Engineering,,no-pic,2014
francine_von_finck,Francine von Finck,von Finck,81.0,1945.0,Female,Germany,Investments,Finance & Investments,,no-pic-female,2026
francis_choi,Francis Choi,Choi,78.0,1948.0,Male,Hong Kong,Real estate,Real Estate,,,2026
francis_holder,Francis Holder,Holder,86.0,1940.0,Male,France,bakeries,Food & Beverage,,no-pic,2022
francisco_ivens_de_sa_dias_branco,Francisco Ivens de Sa Dias Branco,Dias Branco,98.0,1928.0,Male,Brazil,food production,Food and Beverage,Entrepreneur,,2016
francisco_jose_riberas_mera,Francisco Jose Riberas Mera,Riberas Mera,61.0,1965.0,Male,Spain,"Steel, autoparts",Manufacturing,,no-pic,2026
franco_bittar_garcia,Franco Bittar Garcia,Garcia,44.0,1982.0,Male,Brazil,retailing,Fashion & Retail,,no-pic,2021
francois_feuillet,Francois Feuillet,Feuillet,77.0,1949.0,Male,France,"Motorhomes, RVs",Automotive,,no-pic,2026
francois_pinault,François Pinault,Pinault,89.0,1937.0,Male,France,Luxury goods,Fashion & Retail,,,2026
francoise_bettencourt_meyers,Francoise Bettencourt Meyers,Bettencourt Meyers,72.0,1954.0,Female,France,L'Oréal,Fashion & Retail,,no-pic-female,2026
frank_blase,Frank Blase,Blase,66.0,1960.0,Male,Germany,Plastics,Manufacturing,,no-pic,2026
frank_fertitta_iii,"Frank Fertitta, III.",Fertitta,64.0,1962.0,Male,United States,"Casinos, mixed martial arts",Sports,,,2026
frank_hasenfratz_1,Frank Hasenfratz,Hasenfratz,99.0,1927.0,Male,Canada,auto parts,Automotive,,,2015
frank_holding_jr,"Frank Holding, Jr.",Holding,64.0,1962.0,Male,United States,Banking,Finance & Investments,,no-pic,2026
frank_laukien,Frank Laukien,Laukien,66.0,1960.0,Male,United States,Scientific equipment,Manufacturing,,no-pic,2026
frank_love,Frank Love,Love,57.0,1969.0,Male,United States,Gas stations,Fashion & Retail,,no-pic,2026
frank_lowy,Frank Lowy,Lowy,95.0,1931.0,Male,Australia,Investments,Finance & Investments,,,2026
frank_mccourt,Frank McCourt,McCourt,72.0,1954.0,Male,United States,baseball,Sports,,no-pic,2026
frank_otto,Frank Otto,Otto,73.0,1953.0,Male,Germany,retail,Fashion & Retail,,no-pic,2018
frank_slootman,Frank Slootman,Slootman,67.0,1959.0,Male,United States,Software,Technology,,no-pic,2026
frank_stronach,Frank Stronach,Stronach,98.0,1928.0,Male,Canada,auto parts,Automotive,"Founder, Magna International",,2018
frank_vandersloot,Frank VanderSloot,VanderSloot,77.0,1949.0,Male,United States,"Nutrition, wellness products",Fashion & Retail,,no-pic,2026
frank_vasile_timis,Frank (Vasile) Timis,Timis,74.0,1952.0,Male,Romania,mining,Metals & Mining,,,2011
frank_wang,Frank Wang,Wang,45.0,1981.0,Male,China,Drones,Technology,,,2026
franz_viegener,Franz Viegener,Viegener,43.0,1983.0,Male,Germany,plumbing/HVAC,Manufacturing,,no-pic,2026
franz_von_baumbach,Franz von Baumbach,von Baumbach,24.0,2002.0,Male,Germany,Pharma,Healthcare,,no-pic,2026
franziska_wuerbser,Franziska Wuerbser,Wuerbser,38.0,1988.0,Female,Germany,Kitchen appliances,Manufacturing,,no-pic-female,2026
fred_chang,Fred Chang,Chang,75.0,1951.0,Male,United States,online retailing,Technology,"CEO and Chairman, Newegg.com",no-pic,2017
fred_deluca,Fred DeLuca,DeLuca,86.0,1940.0,Male,United States,Subway sandwich shops,Food and Beverage,"President and Co-Founder, Doctor's Associates (Subway)",,2015
fred_ehrsam,Fred Ehrsam,Ehrsam,37.0,1989.0,Male,United States,cryptocurrency exchange,Finance & Investments,"Cofounder, Coinbase",no-pic,2026
fred_smith_1,Fred Smith,Smith,81.0,1945.0,Male,United States,FedEx,Logistics,"Founder and Executive Chairman, FedEx",no-pic,2025
frederic_luddy,Frederic Luddy,Luddy,71.0,1955.0,Male,United States,Software,Technology,"Founder and Chief Product Officer, ServiceNow",no-pic,2026
frederik_gh_meijer,Frederik G.H. Meijer,Meijer,118.0,1908.0,Male,United States,supermarkets,Fashion and Retail,,,2011
frederik_paulsen,Frederik Paulsen,Paulsen,75.0,1951.0,Male,Sweden,Health care,Healthcare,,,2026
fredrik_lundberg,Fredrik Lundberg,Lundberg,74.0,1952.0,Male,Sweden,"Real estate, investments",Real Estate,,,2026
fredrik_osterberg,Fredrik Österberg,Österberg,55.0,1971.0,Male,Sweden,Gambling products,Gambling & Casinos,,no-pic,2026
friede_springer,Friede Springer,Springer,83.0,1943.0,Female,Germany,Publishing,Media & Entertainment,,,2026
friederike_braun_luedicke,Friederike Braun-Luedicke,Braun-Luedicke,42.0,1984.0,Female,Germany,Medical technology,Healthcare,,no-pic-female,2026
friedhelm_loh,Friedhelm Loh,Loh,79.0,1947.0,Male,Germany,Manufacturing,Manufacturing,,,2026
friedrich_knapp,Friedrich Knapp,Knapp,76.0,1950.0,Male,Germany,Fashion retail,Fashion & Retail,,,2024
frits_goldschmeding,Frits Goldschmeding,Goldschmeding,93.0,1933.0,Male,Netherlands,Temp agency,Service,,,2024
fritz_draexlmaier,Fritz Draexlmaier,Draexlmaier,74.0,1952.0,Male,Germany,Auto parts,Automotive,,,2026
fu_gang,Fu Gang,Fu,57.0,1969.0,Male,China,pharma retailing,Healthcare,,no-pic,2022
fu_guangming,Fu Guangming,Fu,72.0,1954.0,Male,China,Poultry,Food & Beverage,,,2026
fu_kwan,Fu Kwan,Fu,71.0,1955.0,Male,China,"real estate, diversified",Diversified,,,2020
fu_liquan,Fu Liquan,Fu,58.0,1968.0,Male,China,Surveillance equipment,Technology,,no-pic,2026
fu_meicheng,Fu Meicheng,Fu,73.0,1953.0,Male,China,"TV shows, movies",Media & Entertainment,,,2018
fu_mingkang,Fu Mingkang,Fu,63.0,1963.0,Male,China,Manufacturing,Manufacturing,,no-pic,2023
fuat_tosyali,Fuat Tosyali,Tosyali,67.0,1959.0,Male,Turkey,steel,Metals & Mining,,no-pic,2019
fulvio_montipo,Fulvio Montipò,Montipò,81.0,1945.0,Male,Italy,Hydraulic pumps,Manufacturing,,no-pic,2026
fumio_kaneko,Fumio Kaneko,Kaneko,69.0,1957.0,Male,Japan,Waste management,Service,,no-pic,2026
fumio_sakiya,Fumio Sakiya,Sakiya,81.0,1945.0,Male,Japan,Manufacturing,Manufacturing,,no-pic,2026
furen_zhou,Zhou Furen,Zhou,79.0,1947.0,Male,China,diversified,Diversified,,,2012
g_gnanalingam,G. Gnanalingam,Gnanalingam,81.0,1945.0,Male,Malaysia,Ports,Logistics,,,2023
g_m_rao,G. M. Rao,Rao,75.0,1951.0,Male,India,Infrastructure,Logistics,,,2026
g_rajendran,G. Rajendran,Rajendran,83.0,1943.0,Male,India,Jewellery,Fashion & Retail,,no-pic,2026
gabe_newell,Gabe Newell,Newell,63.0,1963.0,Male,United States,Video games,Media & Entertainment,"Cofounder and CEO, Valve Corporation",,2026
gabriel_escarrer,Gabriel Escarrer,Escarrer,92.0,1934.0,Male,Spain,Hotels,Service,,,2024
gabriele_gebauer,Gabriele Gebauer,Gebauer,85.0,1941.0,Female,Germany,textile,Manufacturing,,no-pic-female,2026
gabriele_stoschek,Gabriele Stoschek,Stoschek,,,Female,Germany,auto parts,Automotive,,no-pic-female,2017
gabriele_volkmann,Gabriele Volkmann,Volkmann,,,Female,Germany,auto parts,Automotive,,no-pic-female,2018
gabriella_meister,Gabriella Meister,Meister,77.0,1949.0,Female,Germany,Appliances,Manufacturing,,no-pic-female,2026
gail_miller,Gail Miller,Miller,82.0,1944.0,Female,United States,Car dealerships,Automotive,,,2026
galen_weston,Galen Weston,Weston,88.0,1938.0,Male,Canada,retail,Fashion & Retail,"Owner, Selfridges Group",,2020
gan_zhongru,Gan Zhongru,Gan,77.0,1949.0,Male,China,Pharmaceuticals,Healthcare,,no-pic,2026
gang_chen_1,Gang Chen,Chen,58.0,1968.0,Male,China,Solar energy,Energy,,no-pic,2023
gang_ye,Gang Ye,Ye,45.0,1981.0,Male,Singapore,"Online gaming, e-commerce",Media & Entertainment,,no-pic,2026
gao_dekang,Gao Dekang,Gao,74.0,1952.0,Male,China,Apparel,Fashion & Retail,,,2026
gao_guangrong,Gao Guangrong,Gao,57.0,1969.0,Male,China,Optical modules,Technology,,no-pic,2026
gao_jifan,Gao Jifan,Gao,61.0,1965.0,Male,China,Solar equipment,Energy,,no-pic,2026
gao_jinzhu,Gao Jinzhu,Gao,66.0,1960.0,Female,China,Mining,Metals & Mining,,no-pic-female,2026
gao_mingqing,Gao Mingqing,Gao,73.0,1953.0,Male,China,Mining,Metals & Mining,,no-pic,2026
gao_shuhua,Gao Shuhua,Gao,79.0,1947.0,Male,China,pharmaceuticals,Healthcare,,no-pic,2026
gao_tianguo,Gao Tianguo,Gao,78.0,1948.0,Male,China,"real estate, finance",Real Estate,,no-pic,2019
gao_xingjiang_1,Gao Xingjiang,Gao,62.0,1964.0,Male,China,Steel,Manufacturing,,no-pic,2026
gao_yi,Gao Yi,Gao,57.0,1969.0,Male,China,Pharmaceuticals,Healthcare,,no-pic,2026
gao_yu,Gao Yu,Gao,58.0,1968.0,Male,China,information technology,Technology,,no-pic,2021
gao_yunfeng,Gao Yunfeng,Gao,59.0,1967.0,Male,China,Industrial lasers,Manufacturing,,no-pic,2026
garibaldi_thohir,Garibaldi Thohir,Thohir,71.0,1955.0,Male,Indonesia,coal,Energy,,,2013
garrett_camp,Garrett Camp,Camp,47.0,1979.0,Male,Canada,Uber,Technology,"Cofounder and Chairman, Uber Technologies Inc.",,2026
gary_burrell,Gary Burrell,Burrell,96.0,1930.0,Male,United States,navigation equipment,Manufacturing,"Chairman Emeritus, Garmin Corporation",,2015
gary_chouest,Gary Chouest,Chouest,81.0,1945.0,Male,United States,Shipping,Logistics,,no-pic,2026
gary_fegel,Gary Fegel,Fegel,52.0,1974.0,Male,Switzerland,"Commodities, investments",Metals & Mining,,,2026
gary_friedman,Gary Friedman,Friedman,68.0,1958.0,Male,United States,Furniture retail,Fashion & Retail,,no-pic,2025
gary_lauder,Gary Lauder,Lauder,64.0,1962.0,Male,United States,Estée Lauder,Fashion & Retail,,no-pic,2023
gary_magness,Gary Magness,Magness,72.0,1954.0,Male,United States,"Cable TV, investments",Media & Entertainment,,,2026
gary_michelson,Gary Michelson,Michelson,77.0,1949.0,Male,United States,Medical patents,Healthcare,,,2026
gary_rollins,Gary Rollins,Rollins,81.0,1945.0,Male,United States,Pest control,Service,,no-pic,2026
gary_tharaldson,Gary Tharaldson,Tharaldson,80.0,1946.0,Male,United States,Hotels,Real Estate,,,2026
gary_wang_1,Gary Wang,Wang,33.0,1993.0,Male,United States,cryptocurrency exchange,Finance & Investments,,no-pic,2022
gaston_glock,Gaston Glock,Glock,99.0,1927.0,Male,Austria,guns,Manufacturing,,no-pic,2021
gautam_adani_1,Gautam Adani,Adani,63.0,1963.0,Male,India,"Infrastructure, commodities",Diversified,,no-pic,2026
gautam_thapar,Gautam Thapar,Thapar,76.0,1950.0,Male,India,"engineering, paper",Construction & Engineering,,,2012
gavril_yushvaev,Gavril Yushvaev,Yushvaev,68.0,1958.0,Male,Russia,"Precious metals, real estate",Finance & Investments,,,2026
gay_simplot,Gay Simplot,Simplot,88.0,1938.0,Female,United States,fertilizer,Manufacturing,,no-pic-female,2016
gaye_farncombe,Gaye Farncombe,Farncombe,74.0,1952.0,Female,Canada,Thomson Reuters,Media & Entertainment,,no-pic-female,2026
gayle_benson,Gayle Benson,Benson,79.0,1947.0,Female,United States,New Orleans Saints,Sports,,no-pic-female,2026
gayle_cook,Gayle Cook,Cook,101.0,1925.0,Female,United States,medical devices,Medicine,"co-founder, Cook Group Inc.",,2014
ge_tairong,Ge Tairong,Ge,69.0,1957.0,Male,China,Mica tapes,Manufacturing,,no-pic,2026
ge_weidong,Ge Weidong,Ge,57.0,1969.0,Male,Hong Kong,Investment,Finance & Investments,,no-pic,2026
geeta_gupta_fisker,Geeta Gupta-Fisker,Gupta-Fisker,53.0,1973.0,Female,United Kingdom,electric cars,Automotive,,no-pic-female,2021
gene_lee,Gene Lee,Lee,35.0,1991.0,Male,United States,Fintech,Finance & Investments,,no-pic,2026
geng_diangen,Geng Diangen,Geng,69.0,1957.0,Male,China,Internet,Technology,,no-pic,2026
genhuo_shao,Genhuo Shao,Shao,60.0,1966.0,Male,China,Agribusiness,Food & Beverage,,,2023
gennady_kozovoy,Gennady Kozovoy,Kozovoy,74.0,1952.0,Male,Russia,coal,Energy,,,2025
gennady_timchenko,Gennady Timchenko,Timchenko,73.0,1953.0,Male,Russia,"Oil, gas",Energy,,,2026
geoffrey_kwok,Geoffrey Kwok,Kwok,41.0,1985.0,Male,Hong Kong,Real estate,Real Estate,,no-pic,2026
geoffrey_palmer,Geoffrey Palmer,Palmer,75.0,1951.0,Male,United States,Real estate,Real Estate,,no-pic,2026
georg_haub,Georg Haub,Haub,64.0,1962.0,Male,Germany,Retail,Fashion & Retail,,no-pic,2026
georg_nemetschek,Georg Nemetschek,Nemetschek,92.0,1934.0,Male,Germany,Software,Technology,,no-pic,2026
georg_schaeffler,Georg Schaeffler,Schaeffler,61.0,1965.0,Male,Germany,Auto parts,Automotive,,,2026
georg_stumpf,Georg Stumpf,Stumpf,53.0,1973.0,Male,Austria,"Real estate, construction",Diversified,,no-pic,2026
georg_von_opel,Georg von Opel,von Opel,59.0,1967.0,Male,Switzerland,"Real estate, investments",Finance & Investments,,,2026
george_alexander_muthoot,George Alexander Muthoot,Muthoot,70.0,1956.0,Male,India,Financial services,Finance & Investments,,no-pic,2026
george_argyros,George Argyros,Argyros,89.0,1937.0,Male,United States,"Real estate, investments",Real Estate,"Chairman and CEO, Arnel & Affiliates",,2026
george_bishop,George Bishop,Bishop,88.0,1938.0,Male,United States,Oil & gas,Energy,,no-pic,2026
george_christ,George Christ,Christ,71.0,1955.0,Male,United States,Technology,Technology,,no-pic,2026
george_economou,George Economou,Economou,73.0,1953.0,Male,Greece,Shipping,Logistics,,,2026
george_hearst,"George Hearst, Jr.",Hearst,109.0,1917.0,Male,United States,Hearst Corp,Media,,,2012
george_jacob_muthoot,George Jacob Muthoot,Muthoot,73.0,1953.0,Male,India,Financial services,Finance & Investments,,no-pic,2026
george_joseph,George Joseph,Joseph,104.0,1922.0,Male,United States,Insurance,Finance & Investments,,,2026
george_kaiser,George Kaiser,Kaiser,83.0,1943.0,Male,United States,"Oil & gas, banking",Energy,"Chairman, Bank of Oklahoma",,2026
george_kurtz,George Kurtz,Kurtz,55.0,1971.0,Male,United States,Security software,Technology,,no-pic,2026
george_lindemann,George Lindemann,Lindemann,95.0,1931.0,Male,United States,investments,Finance and Investments,,,2018
george_lucas,George Lucas,Lucas,81.0,1945.0,Male,United States,Star Wars,Media & Entertainment,,,2026
george_marcus,George Marcus,Marcus,84.0,1942.0,Male,United States,Real estate,Real Estate,,no-pic,2026
george_mitchell,George Mitchell,Mitchell,116.0,1910.0,Male,United States,oil & gas,Energy,,,2013
george_pastor,George Pastor,Pastor,,,Male,Peru,Finance,Finance & Investments,,no-pic,2023
george_pedersen,George Pedersen,Pedersen,90.0,1936.0,Male,United States,Defense contractor,Manufacturing,,no-pic,2023
george_prokopiou,George Prokopiou,Prokopiou,79.0,1947.0,Male,Greece,Shipping,Logistics,,no-pic,2026
george_raymond_zage_iii,"George Raymond Zage, III.",Zage,56.0,1970.0,Male,Singapore,Investments,Finance & Investments,,no-pic,2026
george_roberts,George Roberts,Roberts,82.0,1944.0,Male,United States,Private equity,Finance & Investments,,,2026
george_sakellaris,George Sakellaris,Sakellaris,79.0,1947.0,Male,United States,Energy services,Energy,,no-pic,2023
george_soros,George Soros,Soros,95.0,1931.0,Male,United States,Hedge funds,Finance & Investments,"Founder, Soros Fund Management LLC",,2026
george_steinbrenner,George Steinbrenner III,Steinbrenner,108.0,1918.0,Male,United States,New York Yankees,Sports,,no-pic,2010
george_thomas_muthoot,George Thomas Muthoot,Muthoot,75.0,1951.0,Male,India,Financial services,Finance & Investments,,no-pic,2026
george_ty,George Ty,Ty,98.0,1928.0,Male,Philippines,banking,Finance and Investments,,,2018
george_yancopoulos,George Yancopoulos,Yancopoulos,66.0,1960.0,Male,United States,Pharmaceuticals,Healthcare,,,2026
georgi_domuschiev,Georgi Domuschiev,Domuschiev,53.0,1973.0,Male,Bulgaria,"Animal health, investments",Diversified,,no-pic,2026
georgios_peristeris,Georgios Peristeris,Peristeris,69.0,1957.0,Male,Greece,Real estate,Real Estate,,no-pic,2026
gerald_cavendish_grosvenor,Gerald Cavendish Grosvenor,Grosvenor,81.0,1945.0,Male,United Kingdom,real estate,Real Estate,,,2016
gerald_engstrom,Gerald Engström,Engström,77.0,1949.0,Male,Sweden,Ventilation,Manufacturing,,no-pic,2026
gerald_ford,Gerald Ford,Ford,81.0,1945.0,Male,United States,Banking,Finance & Investments,"Managing Member, Ford Financial Fund",,2026
gerald_frere,Gerald Frere,Frere,74.0,1952.0,Male,Belgium,"Steel, investments",Manufacturing,,no-pic,2026
gerald_schwartz,Gerald Schwartz,Schwartz,84.0,1942.0,Male,Canada,Finance,Finance & Investments,,,2026
gerard_wertheimer_1,Gerard Wertheimer,Wertheimer,75.0,1951.0,Male,France,Chanel,Fashion & Retail,,,2026
gerda_tschira,Gerda Tschira,Tschira,82.0,1944.0,Female,Germany,software,Technology,,no-pic-female,2026
german_khan,German Khan,Khan,64.0,1962.0,Male,Russia,"Oil, banking, telecom",Energy,,,2026
german_larrea_mota_velasco,Germán Larrea Mota Velasco,Larrea Mota Velasco,72.0,1954.0,Male,Mexico,Mining,Metals & Mining,,no-pic,2026
gernot_langes_swarovski,Gernot Langes-Swarovski,Langes-Swarovski,91.0,1935.0,Male,Austria,cut crystal,Retail,,,2014
gerry_cardinale,Gerry Cardinale,Cardinale,59.0,1967.0,Male,United States,Private equity,Finance & Investments,,no-pic,2026
gerry_harvey,Gerry Harvey,Harvey,86.0,1940.0,Male,Australia,Retail,Fashion & Retail,,,2026
ghan_djoe_hiang,Ghan Djoe Hiang,Hiang,82.0,1944.0,Female,Indonesia,Coal,Energy,,no-pic-female,2023
giammaria_giuliani,Giammaria Giuliani,Giuliani,48.0,1978.0,Male,Switzerland,Pharmaceuticals,Healthcare,,no-pic,2026
gian_marco_moratti,Gian Marco Moratti,Moratti,94.0,1932.0,Male,Italy,oil refinery,Energy,,,2018
giancarlo_devasini,Giancarlo Devasini,Devasini,62.0,1964.0,Male,Italy,Cryptocurrency,Finance & Investments,,no-pic,2026
giancarlo_francesco_civita,Giancarlo Franceso Civita,Civita,,,Male,Brazil,media,Media,,no-pic,2014
gianfelice_rocca_1,Gianfelice Rocca,Rocca,78.0,1948.0,Male,Italy,Pipe Manufacturing,Metals & Mining,,no-pic,2026
gianluigi_aponte,Gianluigi Aponte,Aponte,85.0,1941.0,Male,Switzerland,Shipping,Logistics,,no-pic,2026
giannis_alafouzos,Giannis Alafouzos,Alafouzos,68.0,1958.0,Male,Greece,Shipping,Logistics,,no-pic,2026
gideon_hamburger,Gideon Hamburger,Hamburger,81.0,1945.0,Male,Israel,Financial Services,Finance & Investments,,no-pic,2026
gil_shwed,Gil Shwed,Shwed,57.0,1969.0,Male,Israel,Software,Technology,,,2026
gilberto_benetton,Gilberto Benetton,Benetton,89.0,1937.0,Male,Italy,"fashion retail, investments",Fashion & Retail,,,2018
gilles_martin,Gilles Martin,Martin,62.0,1964.0,Male,France,Laboratory services,Healthcare,,no-pic,2026
gim_seong_gon,Gim Seong-gon,Gim,74.0,1952.0,Male,South Korea,renewable energy,Manufacturing,,no-pic,2021
gina_rinehart,Gina Rinehart,Rinehart,72.0,1954.0,Female,Australia,Mining,Metals & Mining,"Executive Chairman, Hancock Prospecting",,2026
gina_vecchiarelli,Gina Vecchiarelli,Vecchiarelli,64.0,1962.0,Female,United States,Mozzarella cheese,Food & Beverage,,no-pic-female,2026
ginia_rinehart,Ginia Rinehart,Rinehart,39.0,1987.0,Female,Australia,Mining,Metals & Mining,,no-pic-female,2026
giorgio_armani,Giorgio Armani,Armani,92.0,1934.0,Male,Italy,Luxury goods,Fashion & Retail,,,2025
giorgio_perfetti,Giorgio Perfetti,Perfetti,59.0,1967.0,Male,Italy,Candy,Food & Beverage,,no-pic,2026
giovanni_arvedi,Giovanni Arvedi,Arvedi,88.0,1938.0,Male,Italy,Steel,Metals & Mining,,no-pic,2026
giovanni_ferrero,Giovanni Ferrero,Ferrero,61.0,1965.0,Male,Italy,"Nutella, chocolates",Food & Beverage,,no-pic,2026
girdhari_jaisinghani,Girdhari Jaisinghani,Jaisinghani,81.0,1945.0,Male,India,Cables & wires,Manufacturing,,no-pic,2026
girdhari_lal_bawri,Girdhari Lal Bawri,Bawri,78.0,1948.0,Male,India,Pharmaceuticals,Healthcare,,no-pic,2026
gisele_trajano,Gisele Trajano,Trajano,,,Female,Brazil,retail,Fashion & Retail,,no-pic-female,2021
giuliana_benetton,Giuliana Benetton,Benetton,88.0,1938.0,Female,Italy,"Fashion retail, investments",Fashion & Retail,,,2026
giuliana_caprotti,Giuliana Caprotti,Caprotti,85.0,1941.0,Female,Italy,Supermarkets,Food & Beverage,,no-pic-female,2026
giuseppe_crippa,Giuseppe Crippa,Crippa,91.0,1935.0,Male,Italy,Microchip testing,Manufacturing,,no-pic,2025
giuseppe_delonghi,Giuseppe De'Longhi,De'Longhi,87.0,1939.0,Male,Italy,Coffee makers,Fashion & Retail,,no-pic,2026
gjert_wilhelmsen,Gjert Wilhelmsen,Wilhelmsen,107.0,1919.0,Male,Norway,cruise ships,Diversified,,no-pic,2016
glazer_1,Malcolm Glazer,Glazer,106.0,1920.0,Male,United States,"sports teams, real estate",Sports,,,2014
gleb_fetisov,Gleb Fetisov,Fetisov,59.0,1967.0,Male,Russia,Investments,Telecom,,,2026
glen_taylor,Glen Taylor,Taylor,85.0,1941.0,Male,United States,Printing,Service,,,2026
glenn_dubin,Glenn Dubin,Dubin,69.0,1957.0,Male,United States,Hedge funds,Finance & Investments,,,2026
glenn_sanford,Glenn Sanford,Sanford,60.0,1966.0,Male,United States,real estate brokerage,Real Estate,,no-pic,2022
gloria_joseph,Gloria Joseph,Joseph,102.0,1924.0,Female,United States,Insurance,Finance & Investments,,no-pic-female,2026
god_nisanov,God Nisanov,Nisanov,54.0,1972.0,Male,Russia,Real estate,Real Estate,,,2026
goh_cheng_liang,Goh Cheng Liang,Goh,99.0,1927.0,Male,Singapore,Paints,Manufacturing,,,2025
goh_peng_ooi,Goh Peng Ooi,Goh,79.0,1947.0,Male,Malaysia,software,Technology,,,2015
gong_hongjia,Gong Hongjia,Gong,61.0,1965.0,Male,Hong Kong,Video surveillance,Finance & Investments,,,2026
gong_yingying,Gong Yingying,Gong,43.0,1983.0,Female,China,health IT,Healthcare,,no-pic-female,2021
gopikishan_damani,Gopikishan Damani,Damani,68.0,1958.0,Male,India,"Retail, investments",Fashion & Retail,,no-pic,2026
gordon_getty,Gordon Getty,Getty,92.0,1934.0,Male,United States,Getty Oil,Energy,"President and Chairman, Ann & Gordon Getty Foundation",,2026
gordon_moore,Gordon Moore,Moore,97.0,1929.0,Male,United States,Intel,Technology,"Cofounder and Chairman Emeritus, Intel Corp.",,2023
gordon_wu,Gordon Wu,Wu,90.0,1936.0,Male,Hong Kong,Real estate,Real Estate,,,2026
gou_yiqun,Gou Yiqun,Gou,55.0,1971.0,Male,China,restaurant,Food & Beverage,,no-pic,2021
graeme_hart,Graeme Hart,Hart,70.0,1956.0,Male,New Zealand,Packaging,Finance & Investments,,,2026
graham_kirkham,Graham Kirkham,Kirkham,90.0,1936.0,Male,United Kingdom,furniture retail,Fashion and Retail,,no-pic,2014
graham_weston,Graham Weston,Weston,72.0,1954.0,Male,United States,web hosting,Technology,,,2013
grant_petty,Grant Petty,Petty,58.0,1968.0,Male,Australia,"cameras, software",Technology,,no-pic,2022
greg_abel,Greg Abel,Abel,63.0,1963.0,Male,Canada,Berkshire Hathaway,Finance & Investments,,no-pic,2026
greg_brown,Greg Brown,Brown,65.0,1961.0,Male,United States,Motorola,Technology,"CEO, Motorola Solutions",no-pic,2026
greg_love,Greg Love,Love,64.0,1962.0,Male,United States,Gas stations,Fashion & Retail,,no-pic,2026
greg_mondre,Greg Mondre,Mondre,51.0,1975.0,Male,United States,Private equity,Finance & Investments,,no-pic,2026
gregg_hymowitz,Gregg Hymowitz,Hymowitz,60.0,1966.0,Male,United States,Asset management,Finance & Investments,,no-pic,2026
gregorio_perez_companc,Gregorio Perez Companc,Perez Companc,91.0,1935.0,Male,Argentina,Oil & gas,Energy,,,2024
gregory_bentley,Gregory Bentley,Bentley,70.0,1956.0,Male,United States,Software,Technology,,no-pic,2026
gretel_packer,Gretel Packer,Packer,60.0,1966.0,Female,Australia,Investments,Finance & Investments,,,2026
grigory_anikeev,Grigory Anikeev,Anikeev,54.0,1972.0,Male,Russia,Food Production,Food & Beverage,,no-pic,2026
grigory_berezkin,Grigory Berezkin,Berezkin,59.0,1967.0,Male,Russia,Energy trading,Energy,,no-pic,2026
gt_dave,GT Dave,Dave,51.0,1975.0,Male,United States,kombucha,Food & Beverage,,no-pic,2021
gu_wei,Gu Wei,Gu,61.0,1965.0,Male,China,Consumer electronics,Manufacturing,,no-pic,2026
gu_yuhua,Gu Yuhua,Gu,76.0,1950.0,Male,China,Furniture,Manufacturing,,no-pic,2026
guan_yihong,Guan Yihong,Guan,,,Male,China,Restaurant,Food & Beverage,,no-pic,2023
guangchang_guo,Guangchang Guo,Guo,59.0,1967.0,Male,China,Conglomerate,Diversified,,,2023
guanghe_qiu,Guanghe Qiu,Qiu,74.0,1952.0,Male,China,Fashion retail,Fashion & Retail,,,2023
guangming_wu,Guangming Wu,Wu,64.0,1962.0,Male,China,Medical equipment,Healthcare,,,2023
guangwei_liang,Guangwei Liang,Liang,62.0,1964.0,Male,China,Conglomerate,Manufacturing,,no-pic,2023
guangxin_sun,Guangxin Sun,Sun,63.0,1963.0,Male,China,Diversified,Diversified,,,2023
gudrun_heine,Gudrun Heine,Heine,71.0,1955.0,Female,Germany,Medical devices,Healthcare,,no-pic-female,2026
guenter_herz,Guenter Herz,Herz,89.0,1937.0,Male,Germany,coffee,Finance and Investments,,no-pic,2019
guenther_fielmann,Guenther Fielmann,Fielmann,86.0,1940.0,Male,Germany,Optometry,Healthcare,,,2023
guenther_lehmann,Guenther Lehmann,Lehmann,,,Male,Germany,drugstores,Fashion & Retail,,no-pic,2020
guido_barilla,Guido Barilla,Barilla,72.0,1954.0,Male,Italy,Barilla pasta,Food and Beverage,,,2018
guilherme_benchimol_1,Guilherme Benchimol,Benchimol,49.0,1977.0,Male,Brazil,financial services,Finance & Investments,,no-pic,2026
guilherme_paulus,Guilherme Paulus,Paulus,86.0,1940.0,Male,Brazil,tourism,Service,,,2013
guilherme_peirao_leal,Guilherme Peirao Leal,Leal,78.0,1948.0,Male,Brazil,cosmetics,Fashion & Retail,,,2021
guillaume_lample,Guillaume Lample,Lample,35.0,1991.0,Male,France,Artificial intelligence,Technology,,no-pic,2026
guillaume_pousaz,Guillaume Pousaz,Pousaz,44.0,1982.0,Male,Switzerland,Fintech,Finance & Investments,,no-pic,2026
guillermo_fierro,Guillermo Fierro,Fierro,65.0,1961.0,Male,Spain,Banking,Finance & Investments,,no-pic,2026
gundbert_scherf,Gundbert Scherf,Scherf,44.0,1982.0,Male,Germany,Defense tech,Technology,,no-pic,2026
guo_guangchang,Guo Guangchang,Guo,59.0,1967.0,Male,China,Diversified,Diversified,,,2026
guo_jiangang_1,Guo Jiangang,Guo,60.0,1966.0,Male,China,household appliances,Manufacturing,,no-pic,2022
guo_jianqiang,Guo Jianqiang,Guo,60.0,1966.0,Male,China,Electrical appliances,Manufacturing,,no-pic,2021
guo_wengui,Guo Wengui,Guo,,,Male,China,real estate,Diversified,,no-pic,2015
guo_zhenyu,Guo Zhenyu,Guo,62.0,1964.0,Male,Canada,Cosmetics,Fashion & Retail,,no-pic,2023
guo_ziwen,Guo Ziwen,Guo,64.0,1962.0,Male,China,real estate,Real Estate,,no-pic,2021
gurbachan_singh_dhingra,Gurbachan Singh Dhingra,Dhingra,76.0,1950.0,Male,India,Paints,Manufacturing,,no-pic,2026
gustaf_douglas,Gustaf Douglas,Douglas,88.0,1938.0,Male,Sweden,Investments,Diversified,,,2023
gustav_magnar_witzoe,Gustav Magnar Witzoe,Witzoe,33.0,1993.0,Male,Norway,Fish farming,Food & Beverage,,no-pic,2026
gustavo_cisneros,Gustavo Cisneros,Cisneros,84.0,1942.0,Male,Venezuela,media,Media & Entertainment,,,2019
gustavo_denegri,Gustavo Denegri,Denegri,89.0,1937.0,Male,Italy,Biotech,Healthcare,,,2026
guy_laliberte,Guy Laliberté,Laliberté,66.0,1960.0,Male,Canada,Cirque du Soleil,Media & Entertainment,"Cofounder and CEO, Cirque du Soleil",,2026
gv_krishna_reddy,G.V. Krishna Reddy,Reddy,102.0,1924.0,Male,India,infrastructure,,,no-pic,2010
gv_prasad,G.V. Prasad,Prasad,65.0,1961.0,Male,India,Pharmaceuticals,Healthcare,,no-pic,2026
gwendolyn_sontheim_meyer,Gwendolyn Sontheim Meyer,Meyer,64.0,1962.0,Female,United States,Cargill,Food & Beverage,,no-pic-female,2026
gwynne_shotwell,Gwynne Shotwell,Shotwell,62.0,1964.0,Female,United States,SpaceX,Technology,"President & COO, SpaceX",,2026
gyorgy_gattyan,Gyorgy Gattyan,Gattyan,55.0,1971.0,Male,Hungary,Adult Entertainment,Media & Entertainment,,no-pic,2026
h_fisk_johnson,H. Fisk Johnson,Johnson,67.0,1959.0,Male,United States,Cleaning products,Manufacturing,,,2026
h_ross_perot_jr,"H. Ross Perot, Jr.",Perot,67.0,1959.0,Male,United States,Real estate,Real Estate,,,2026
h_ross_perot_sr,"H. Ross Perot, Sr.",Perot,99.0,1927.0,Male,United States,"computer services, real estate",Diversified,,,2019
h_wayne_huizenga,H. Wayne Huizenga,Huizenga,93.0,1933.0,Male,United States,investments,Finance & Investments,,,2018
habil_khorakiwala,Habil Khorakiwala,Khorakiwala,83.0,1943.0,Male,India,pharmaceuticals,Healthcare,,,2026
haim_saban,Haim Saban,Saban,81.0,1945.0,Male,United States,"TV network, investments",Media & Entertainment,,,2026
hajime_satomi,Hajime Satomi,Satomi,84.0,1942.0,Male,Japan,"Video games, Pachinko",Gambling & Casinos,,,2026
hakan_koc,Hakan Koc,Koc,43.0,1983.0,Male,Germany,online car sales,Automotive,,no-pic,2021
hal_jackman,Hal Jackman,Jackman,93.0,1933.0,Male,Canada,"Insurance, investments",Finance & Investments,,,2026
hal_steinbrenner,Hal Steinbrenner,Steinbrenner,57.0,1969.0,Male,United States,Sports,Sports,,no-pic,2026
haluk_bayraktar,Haluk Bayraktar,Bayraktar,47.0,1979.0,Male,Turkey,Military drones,Technology,,no-pic,2026
hamad_ali_al_sagri,Hamad Ali Al-Sagri,Al-Sagri,68.0,1958.0,Male,Saudi Arabia,Sports centers,Sports,,no-pic,2025
hamad_bin_jassim_bin_jaber_al_thani,Hamad bin Jassim bin Jaber Al Thani,Al Thani,66.0,1960.0,Male,Qatar,Investments,Finance & Investments,,no-pic,2026
hamdi_akin,Hamdi Akin,Akin,71.0,1955.0,Male,Turkey,Diversified,Diversified,,no-pic,2026
hamdi_ulukaya,Hamdi Ulukaya,Ulukaya,53.0,1973.0,Male,Turkey,Greek yogurt,Food & Beverage,"Founder and CEO, Chobani",,2026
hamilton_james,Hamilton James,James,74.0,1952.0,Male,United States,Investments,Finance & Investments,,,2026
han_arming_hanafia,Han Arming Hanafia,Hanafia,70.0,1956.0,Male,Indonesia,Data centers,Technology,,no-pic,2026
han_tao,Han Tao,Han,65.0,1961.0,Male,China,electronics components,Manufacturing,,no-pic,2026
handojo_santosa,Santosa Handojo,Handojo,72.0,1954.0,Male,Indonesia,poultry,Food and Beverage,,no-pic,2013
hang_hong,Hang Hong,Hang,58.0,1968.0,Female,China,Machinery,Manufacturing,,no-pic-female,2023
hank_doug_meijer,Hank & Doug Meijer,Meijer,,,Male,United States,supermarkets,Fashion & Retail,,,2022
hank_meijer,Hank Meijer,Meijer,74.0,1952.0,Male,United States,Supermarkets,Fashion & Retail,,no-pic,2026
hanni_toosbuy_kasprzak,Hanni Toosbuy Kasprzak,Toosbuy Kasprzak,73.0,1953.0,Female,Denmark,shoes,Fashion & Retail,,,2018
hans_georg_naeder,Hans Georg Naeder,Naeder,64.0,1962.0,Male,Germany,Prosthetics,Manufacturing,,,2026
hans_jakob_limbach_1,Hans Jakob Limbach,Limbach,78.0,1948.0,Male,Germany,laboratories,Healthcare,,no-pic,2026
hans_langer,Hans Langer,Langer,74.0,1952.0,Male,Germany,3D printing,Manufacturing,,no-pic,2026
hans_melchers,Hans Melchers,Melchers,89.0,1937.0,Male,Netherlands,"Chemicals, investments",Finance & Investments,,,2024
hans_otto_kromberg,Hans-Otto Kromberg,Kromberg,83.0,1943.0,Male,Germany,Electrical Products,Manufacturing,,no-pic,2026
hans_peter_wild,Hans Peter Wild,Wild,84.0,1942.0,Male,Switzerland,Flavorings,Food & Beverage,,,2026
hans_rausing,Hans Rausing,Rausing,104.0,1922.0,Male,Sweden,packaging,Manufacturing,,,2019
hans_riegel,Hans Riegel,Riegel,113.0,1913.0,Male,Germany,candy,Food and Beverage,,,2013
hans_schmid,Hans Schmid,Schmid,81.0,1945.0,Male,Germany,Office Supplies,Fashion & Retail,,no-pic,2026
hans_strothoff,Hans Strothoff,Strothoff,82.0,1944.0,Male,Germany,"kitchen, plumbing retailer",Fashion and Retail,Entrepreneur,no-pic,2016
hans_sy,Hans Sy,Sy,70.0,1956.0,Male,Philippines,Diversified,Diversified,,no-pic,2026
hans_thomann,Hans Thomann,Thomann,63.0,1963.0,Male,Germany,music retail,Fashion & Retail,,no-pic,2026
hans_ueli_rihs,Hans-Ueli Rihs,Rihs,82.0,1944.0,Male,Switzerland,Hearing Aids,Manufacturing,,no-pic,2026
hans_werner_hector,Hans-Werner Hector,Hector,86.0,1940.0,Male,Germany,SAP,Technology,,no-pic,2026
hansjoerg_wyss,Hansjoerg Wyss,Wyss,91.0,1935.0,Male,Switzerland,Medical devices,Healthcare,,,2026
hao_hong,Hao Hong,Hao,70.0,1956.0,Male,United States,Pharmaceuticals,Healthcare,,no-pic,2026
hao_tang,Hao Tang,Tang,54.0,1972.0,Male,China,Advertising technology,Technology,,no-pic,2026
harald_link,Harald Link,Link,71.0,1955.0,Male,Thailand,Diversified,Diversified,,,2026
harald_tschira,Harald Tschira,Tschira,52.0,1974.0,Male,Germany,Software,Technology,,no-pic,2026
hari_bhartia,Hari Bhartia,Bhartia,69.0,1957.0,Male,India,Diversified,Diversified,,no-pic,2026
hari_krishan_agarwal,Hari Krishan Agarwal,Agarwal,70.0,1956.0,Male,India,Sports shoes,Fashion & Retail,,no-pic,2023
harindarpal_banga,Harindarpal Banga,Banga,75.0,1951.0,Male,India,Commodities,Finance & Investments,,,2026
harish_ahuja,Harish Ahuja,Ahuja,70.0,1956.0,Male,India,Apparel,Manufacturing,,no-pic,2026
harjo_sutanto,Harjo Sutanto,Sutanto,104.0,1922.0,Male,Indonesia,consumer goods,Fashion & Retail,,no-pic,2019
harley_sy,Harley Sy,Sy,66.0,1960.0,Male,Philippines,Diversified,Diversified,,no-pic,2026
harold_hamm,Harold Hamm,Hamm,80.0,1946.0,Male,United States,Oil & gas,Energy,"Chairman and CEO, Continental Resources",,2026
harold_simmons,Harold Simmons,Simmons,104.0,1922.0,Male,United States,investments,Investments,"Chairman, Valhi Inc.",,2013
harry_klagsbrun,Harry Klagsbrun,Klagsbrun,73.0,1953.0,Male,Sweden,financial services,Finance & Investments,,no-pic,2024
harry_stine,Harry Stine,Stine,84.0,1942.0,Male,United States,Agriculture,Food & Beverage,,,2026
harry_stine_family,Harry Stine & Family,Stine & Family,84.0,1942.0,Male,United States,Agriculture,Food & Beverage,,no-pic,2025
harry_triguboff,Harry Triguboff,Triguboff,93.0,1933.0,Male,Australia,Real estate,Real Estate,,,2026
harsh_goenka,Harsh Goenka,Goenka,68.0,1958.0,Male,India,Diversified,Diversified,,,2026
harsh_mariwala,Harsh Mariwala,Mariwala,74.0,1952.0,Male,India,Consumer goods,Food & Beverage,,,2026
harshil_mathur,Harshil Mathur,Mathur,35.0,1991.0,Male,India,Fintech,Finance & Investments,"Cofounder, Razorpay",no-pic,2026
hartati_murdaya,Hartati Murdaya,Murdaya,79.0,1947.0,Female,Indonesia,Diversified,Diversified,,no-pic-female,2026
hartley_rogers,Hartley Rogers,Rogers,66.0,1960.0,Male,United States,asset management,Finance & Investments,,no-pic,2026
hartono_kweefanus_1,Hartono Kweefanus,Kweefanus,77.0,1949.0,Male,Indonesia,food manufacturing,Food & Beverage,,no-pic,2022
harvey_jones,Harvey Jones,Jones,73.0,1953.0,Male,United States,Nvidia,Technology,,no-pic,2026
hary_tanoesoedibjo,Hary Tanoesoedibjo,Tanoesoedibjo,60.0,1966.0,Male,Indonesia,"Media, real estate",Media & Entertainment,,,2026
haryanto_tjiptodihardjo,Haryanto Tjiptodihardjo,Tjiptodihardjo,63.0,1963.0,Male,Indonesia,Manufacturing,Manufacturing,,no-pic,2026
hasmukh_chudgar,Hasmukh Chudgar,Chudgar,92.0,1934.0,Male,India,Pharmaceuticals,Healthcare,,no-pic,2026
hasso_plattner,Hasso Plattner,Plattner,82.0,1944.0,Male,Germany,Software,Technology,,,2026
hayes_barnard,Hayes Barnard,Barnard,54.0,1972.0,Male,United States,Fintech,Finance & Investments,,no-pic,2026
he_jinming,He Jinming,He,86.0,1940.0,Male,China,retail,Fashion & Retail,,no-pic,2011
he_ningning,He Ningning,He,57.0,1969.0,Male,China,electronic components,Manufacturing,,no-pic,2021
he_qiaonv,He Qiaonv,He,65.0,1961.0,Female,China,landscape architecture,Service,,,2018
he_simo,He Simo,He,66.0,1960.0,Male,China,power supply manufacturer,Manufacturing,,no-pic,2018
he_xiangjian,He Xiangjian,He,83.0,1943.0,Male,China,Home appliances,Manufacturing,,,2026
he_xiaopeng,He Xiaopeng,He,48.0,1978.0,Male,China,Electric vehicles,Automotive,,no-pic,2026
he_xinming,He Xinming family,He,72.0,1954.0,Male,China,ceramic,Manufacturing,,no-pic,2021
he_yamin,He Yamin,He,69.0,1957.0,Male,China,Manufacturing,Manufacturing,,no-pic,2026
he_zhaoxi,He Zhaoxi,He,52.0,1974.0,Male,China,Software,Technology,,no-pic,2026
he_zhenggang,He Zhenggang,He,72.0,1954.0,Male,China,Chemicals,Manufacturing,,no-pic,2026
he_zhiping,He Zhiping,He,62.0,1964.0,Male,China,Investments,Finance & Investments,,,2023
he_zuxun,He Zuxun,He,60.0,1966.0,Male,China,Pig breeding,Food & Beverage,,no-pic,2026
hedda_im_brahm_droege,Hedda im Brahm-Droege,im Brahm-Droege,71.0,1955.0,Female,Germany,Investments,Finance & Investments,,no-pic-female,2025
heidi_horten,Heidi Horten,Horten,86.0,1940.0,Female,Austria,retail,Fashion & Retail,,,2022
heikki_herlin,Heikki Herlin,Herlin,39.0,1987.0,Male,Finland,"Elevators, escalators",Manufacturing,,no-pic,2026
heikki_kyostila,Heikki Kyostila,Kyostila,80.0,1946.0,Male,Finland,Dental products,Healthcare,,no-pic,2026
heinrich_deichmann,Heinrich Deichmann,Deichmann,69.0,1957.0,Male,Germany,footwear,Fashion & Retail,,,2017
heinrich_otto_deichmann,Heinrich Otto Deichmann,Deichmann,63.0,1963.0,Male,Germany,"Shoes, retail",Fashion & Retail,,no-pic,2026
heinz_bauer,Heinz Bauer,Bauer,98.0,1928.0,Male,Germany,publishing,Media,,,2011
heinz_georg_baus,Heinz-Georg Baus,Baus,99.0,1927.0,Male,Germany,home improvement stores,Fashion and Retail,,no-pic,2016
heinz_hermann_thiele,Heinz Hermann Thiele,Thiele,88.0,1938.0,Male,Germany,brakes,Construction & Engineering,,,2020
heinz_horst_deichmann,Heinz-Horst Deichmann,Deichmann,108.0,1918.0,Male,Germany,shoes,Fashion and Retail,,,2014
helen_johnson_leipold,Helen Johnson-Leipold,Johnson-Leipold,69.0,1957.0,Female,United States,Cleaning products,Manufacturing,,,2026
helena_dassault,Helena Dassault,Dassault,36.0,1990.0,Female,France,Inherited,Diversified,,no-pic-female,2026
helena_revoredo,Helena Revoredo,Revoredo,79.0,1947.0,Female,Spain,Security services,Service,,,2026
helene_odfjell,Helene Odfjell,Odfjell,60.0,1966.0,Female,Norway,Drilling,Construction & Engineering,,no-pic-female,2026
helga_kellerhals,Helga Kellerhals,Kellerhals,91.0,1935.0,Female,Germany,electronics retailer,Fashion & Retail,,no-pic-female,2018
helly_nahmad,Helly Nahmad,Nahmad,49.0,1977.0,Male,Italy,Art,Finance & Investments,,no-pic,2026
helmut_sohmen,Helmut Sohmen,Sohmen,86.0,1940.0,Male,Austria,Shipping,Logistics,,,2025
heloise_pratt,Heloise Pratt,Pratt,63.0,1963.0,Female,Australia,"Manufacturing, investment",Manufacturing,,no-pic-female,2026
hemant_taneja,Hemant Taneja,Taneja,51.0,1975.0,Male,United States,Venture capital,Technology,"CEO, General Catalyst",no-pic,2026
hemendra_kothari,Hemendra Kothari,Kothari,79.0,1947.0,Male,India,Financial services,Finance & Investments,,,2026
henadiy_boholyubov,Henadiy Boholyubov,Boholyubov,65.0,1961.0,Male,Ukraine,"Banking, investments",Diversified,,,2024
henning_oldendorff,Henning Oldendorff,Oldendorff,68.0,1958.0,Male,Germany,Shipping,Logistics,,no-pic,2026
henri_beaufour,Henri Beaufour,Beaufour,61.0,1965.0,Male,France,Pharmaceuticals,Healthcare,,no-pic,2025
henrietta_goh,Henrietta Goh,Goh,33.0,1993.0,Female,Singapore,Paints,Manufacturing,,no-pic-female,2026
henrik_fisker,Henrik Fisker,Fisker,64.0,1962.0,Male,United States,electric cars,Automotive,,no-pic,2021
henrique_dubugras,Henrique Dubugras,Dubugras,31.0,1995.0,Male,Brazil,fintech,Finance & Investments,"Cofounder, Brex",no-pic,2022
henry_cheng_1,Henry Cheng,Cheng,81.0,1945.0,Male,Hong Kong,diversified,Diversified,,no-pic,2021
henry_davis,Henry Davis,Davis,75.0,1951.0,Male,United States,Beef processing,Food & Beverage,,no-pic,2026
henry_engelhardt,Henry Engelhardt,Engelhardt,68.0,1958.0,Male,United States,Insurance,Finance & Investments,"Chief Executive Officer, Admiral Group",,2026
henry_hillman,Henry Hillman,Hillman,113.0,1913.0,Male,United States,investments,Finance and Investments,,,2017
henry_kravis,Henry Kravis,Kravis,82.0,1944.0,Male,United States,Private equity,Finance & Investments,"Co-Chair and Co-CEO, KKR",,2026
henry_laufer,Henry Laufer,Laufer,80.0,1946.0,Male,United States,Hedge funds,Finance & Investments,,no-pic,2026
henry_nicholas_iii,"Henry Nicholas, III.",Nicholas,66.0,1960.0,Male,United States,Semiconductors,Technology,"Cofounder, Broadcom",,2026
henry_samueli,Henry Samueli,Samueli,71.0,1955.0,Male,United States,Semiconductors,Technology,,,2026
henry_swieca,Henry Swieca,Swieca,68.0,1958.0,Male,United States,Hedge funds,Finance & Investments,"Founder, Talpion Fund Management",,2026
henry_sy,Henry Sy,Sy,106.0,1920.0,Male,Philippines,diversified,Diversified,,,2018
henry_sy_jr,"Henry Sy, Jr.",Sy,72.0,1954.0,Male,Philippines,Diversified,Diversified,,no-pic,2026
heping_zhou,Heping Zhou,Zhou,61.0,1965.0,Male,China,Electronics,Manufacturing,,no-pic,2026
herald_chen,Herald Chen,Chen,56.0,1970.0,Male,United States,"Marketing software, mobile games",Technology,,no-pic,2026
herb_chambers,Herb Chambers,Chambers,84.0,1942.0,Male,United States,Car dealerships,Automotive,,,2026
herb_simon,Herb Simon,Simon,91.0,1935.0,Male,United States,Real estate,Real Estate,,no-pic,2026
herbert_allen_jr,"Herbert Allen, Jr.",Allen,86.0,1940.0,Male,United States,Investment banking,Finance & Investments,,,2026
herbert_kohler_jr,"Herbert Kohler, Jr.",Kohler,88.0,1938.0,Male,United States,plumbing fixtures,Manufacturing,"Executive chairman, Kohler Co.",,2022
herbert_louis,Herbert Louis,Louis,106.0,1920.0,Male,United States,cleaning products,Manufacturing,,no-pic,2015
herbert_sy,Herbert Sy,Sy,69.0,1957.0,Male,Philippines,Diversified,Diversified,,no-pic,2026
herbert_wertheim,Herbert Wertheim,Wertheim,86.0,1940.0,Male,United States,Investments,Finance & Investments,,no-pic,2026
hermann_langness,Hermann Langness,Langness,78.0,1948.0,Male,Germany,retail,Food and Beverage,,no-pic,2018
hermann_schnabel,Hermann Schnabel,Schnabel,118.0,1908.0,Male,Germany,chemicals,,,no-pic,2010
hermanto_tanoko,Hermanto Tanoko,Tanoko,63.0,1963.0,Male,Indonesia,Paints,Manufacturing,,no-pic,2026
herriot_tabuteau,Herriot Tabuteau,Tabuteau,57.0,1969.0,Male,United States,Healthcare,Healthcare,,no-pic,2026
hideyuki_busujima,Hideyuki Busujima,Busujima,73.0,1953.0,Male,Japan,Pachinko machines,Gambling & Casinos,,no-pic,2026
hilton_schlosberg,Hilton Schlosberg,Schlosberg,73.0,1953.0,Male,United Kingdom,Energy drinks,Food & Beverage,,no-pic,2026
hinduja,Hinduja brothers,Hinduja,,,Male,United Kingdom,diversified,Diversified,,,2022
hiroshi_ishibashi,Hiroshi Ishibashi,Ishibashi,79.0,1947.0,Male,Japan,Tires,Automotive,,,2026
hiroshi_mikitani,Hiroshi Mikitani,Mikitani,61.0,1965.0,Male,Japan,Online retail,Fashion & Retail,,,2026
hiroshi_yamauchi,Hiroshi Yamauchi,Yamauchi,108.0,1918.0,Male,Japan,Nintendo,Gaming,,,2013
hiroyuki_inoue,Hiroyuki Inoue,Inoue,81.0,1945.0,Male,Japan,Steel products,Manufacturing,,no-pic,2026
hisako_yamamoto,Hisako Yamamoto,Yamamoto,,,Female,Japan,Retail,Fashion & Retail,,no-pic-female,2026
hisao_nagata,Hisao Nagata,Nagata,69.0,1957.0,Male,Japan,Retail,Fashion & Retail,,no-pic,2026
hitesh_doshi,Hitesh Doshi,Doshi,59.0,1967.0,Male,India,Solar panels,Energy,,no-pic,2026
ho_hung_anh,Ho Hung Anh,Ho,55.0,1971.0,Male,Vietnam,"Consumer products, banking",Finance & Investments,,no-pic,2026
ho_kuang_chi,Ho Kuang-chi,Ho,65.0,1961.0,Male,Taiwan,Restaurants,Food & Beverage,,no-pic,2021
hoi_kin_hong,Hoi Kin Hong,Hoi,73.0,1953.0,Male,Macau,Real estate,Real Estate,,no-pic,2023
holden_spaht,Holden Spaht,Spaht,51.0,1975.0,Male,United States,Private equity,Finance & Investments,,no-pic,2026
holger_loclair,Holger Loclair,Loclair,75.0,1951.0,Male,Germany,Adhesives,Manufacturing,,no-pic,2026
holger_timm,Holger Timm,Timm,69.0,1957.0,Male,Germany,Finance,Finance & Investments,,no-pic,2026
hon_kwok_lung,Hon Kwok Lung,Hon,76.0,1950.0,Male,Hong Kong,real estate,Fashion & Retail,,no-pic,2018
hong_feng,Hong Feng,Hong,49.0,1977.0,Male,China,Smartphones,Technology,,no-pic,2026
hong_jie,Hong Jie,Hong,58.0,1968.0,Male,China,Paint,Manufacturing,,no-pic,2026
hong_ra_hee,Hong Ra-hee,Hong,80.0,1946.0,Female,South Korea,Samsung,Technology,,,2026
hong_seok_joh,Hong Seok-joh,Hong,73.0,1953.0,Male,South Korea,Convenience stores,Fashion & Retail,BGF Co. Ltd.,,2026
hongfei_zhao,Hongfei Zhao,Zhao,51.0,1975.0,Male,China,Software,Technology,,no-pic,2023
hongjing_li,Hongjing Li,Li,59.0,1967.0,Male,China,auto parts,Automotive,,no-pic,2022
hongyi_zhou,Hongyi Zhou,Zhou,55.0,1971.0,Male,China,Security software,Technology,,no-pic,2023
hope_hill_van_beuren,Hope Hill van Beuren,van Beuren,104.0,1922.0,Female,United States,Campbell Soup,Food and Beverage,,no-pic-female,2011
hope_welker,Hope Welker,Welker,40.0,1986.0,Female,Australia,Mining,Metals & Mining,,no-pic-female,2026
horst_brandstaetter,Horst Brandstaetter,Brandstaetter,100.0,1926.0,Male,Germany,toys,Service,,,2015
horst_julius_pudwill,Horst Julius Pudwill,Pudwill,81.0,1945.0,Male,Germany,Manufacturing,Manufacturing,,,2026
horst_otto_gerberding,Horst-Otto Gerberding,Gerberding,74.0,1952.0,Male,Germany,flavors and fragrances,Food & Beverage,,no-pic,2022
horst_paulmann,Horst Paulmann,Paulmann,92.0,1934.0,Male,Chile,Retail,Fashion & Retail,,,2024
horst_wortmann,Horst Wortmann,Wortmann,84.0,1942.0,Male,Germany,Footwear,Fashion & Retail,,,2026
hortensia_herrero,Hortensia Herrero,Herrero,75.0,1951.0,Female,Spain,Supermarkets,Fashion & Retail,,,2026
hou_jianbin,Hou Jianbin,Hou,46.0,1980.0,Male,China,education,Service,,no-pic,2021
hou_juncheng,Hou Juncheng,Hou,61.0,1965.0,Male,China,Cosmetics,Healthcare,,no-pic,2026
howard_butt_iii,"Howard Butt, III.",Butt,74.0,1952.0,Male,United States,Supermarkets,Fashion & Retail,,no-pic,2026
howard_huang,Howard Huang,Huang,46.0,1980.0,Male,China,Cameras and sensors,Manufacturing,,no-pic,2026
howard_jenkins,Howard Jenkins,Jenkins,81.0,1945.0,Male,United States,Publix,Fashion & Retail,,no-pic,2017
howard_lutnick,Howard Lutnick,Lutnick,64.0,1962.0,Male,United States,Finance,Finance & Investments,,no-pic,2026
howard_marks,Howard Marks,Marks,80.0,1946.0,Male,United States,Private equity,Finance & Investments,"Chairman, Oaktree Capital Group LLC",,2026
howard_schultz,Howard Schultz,Schultz,72.0,1954.0,Male,United States,Starbucks,Food & Beverage,,,2026
hu_baifan,Hu Baifan,Hu,63.0,1963.0,Male,China,Pharmaceuticals,Healthcare,,,2026
hu_gengxi,Hu Gengxi,Hu,62.0,1964.0,Male,China,Bio-Pharma,Healthcare,,no-pic,2023
hu_kaijun,Hu Kaijun,Hu,64.0,1962.0,Male,China,Pharmaceuticals,Healthcare,,no-pic,2026
hu_keqin,Hu Keqin,Hu,72.0,1954.0,Male,China,chemicals,Diversified,,no-pic,2019
hu_kun,Hu Kun,Hu,57.0,1969.0,Male,China,medical equipment,Healthcare,,no-pic,2022
hu_kunhui,Hu Kunhui,Hu,36.0,1990.0,Male,China,biotech,Healthcare,,no-pic,2022
hu_rongda,Hu Rongda,Hu,66.0,1960.0,Male,China,Chemicals,Manufacturing,,no-pic,2026
hu_xiaojun,Hu Xiaojun,Hu,66.0,1960.0,Male,China,Airline,Service,,no-pic,2021
hu_yangzhong,Hu Yangzhong,Hu,61.0,1965.0,Male,China,Technology,Technology,,no-pic,2026
hua_bangsong,Hua Bangsong,Hua,,,Male,China,construction,Construction & Engineering,,no-pic,2013
hua_li_1,Hua Li,Li,48.0,1978.0,Male,China,Financial services,Finance & Investments,,no-pic,2023
hua_shen,Hua Shen,Shen,63.0,1963.0,Male,United States,Semiconductors,Technology,,no-pic,2026
hua_xuande,Hua Xuande,Hua,82.0,1944.0,Male,China,Pharmaceuticals,Healthcare,,no-pic,2026
hua_yong,Hua Yong,Hua,68.0,1958.0,Male,China,software,Technology,,no-pic,2017
huang_bingwen,Huang Bingwen,Huang,77.0,1949.0,Male,Australia,packaging,Manufacturing,,no-pic,2018
huang_chulong,Huang Chulong,Huang,67.0,1959.0,Male,Canada,Real estate,Real Estate,,,2026
huang_dawen,Huang Dawen,Huang,65.0,1961.0,Male,Hong Kong,Silicon,Manufacturing,,no-pic,2026
huang_guanlin,Huang Guanlin,Huang,61.0,1965.0,Male,China,"Textiles, apparel",Fashion & Retail,,no-pic,2026
huang_hongyun,Huang Hongyun,Huang,60.0,1966.0,Male,China,real estate,Real Estate,,,2022
huang_jian,Huang Jian,Huang,59.0,1967.0,Male,China,home appliance,Manufacturing,,no-pic,2026
huang_jiangji,Huang Jiangji,Huang,,,Male,Hong Kong,smartphones,Technology,,no-pic,2026
huang_jianrong,Huang Jianrong,Huang,73.0,1953.0,Male,China,minerals,Metals & Mining,,no-pic,2018
huang_jinfeng,Huang Jinfeng,Huang,45.0,1981.0,Male,China,e-commerce,Fashion & Retail,,no-pic,2021
huang_jinxiang,Huang Jinxiang,Huang,61.0,1965.0,Male,China,Chemicals,Manufacturing,,no-pic,2023
huang_li_1,Huang Li,Huang,62.0,1964.0,Male,China,Imaging systems,Technology,,,2026
huang_maoru,Huang Maoru,Huang,70.0,1956.0,Male,Belize,retail,Fashion & Retail,,,2013
huang_min_1,Huang Min,Huang,52.0,1974.0,Male,China,Machinery,Manufacturing,,no-pic,2026
huang_qiaoling,Huang Qiaoling,Huang,67.0,1959.0,Male,China,Amusement parks,Media & Entertainment,,,2026
huang_qiaolong,Huang Qiaolong,Huang,68.0,1958.0,Male,China,tourism,Service,,no-pic,2021
huang_qisen,Huang Qisen,Huang,65.0,1961.0,Male,China,real estate,Real Estate,,,2019
huang_rulun,Huang Rulun,Huang,75.0,1951.0,Male,China,real estate,Real Estate,,,2022
huang_shan_1,Huang Shan,Huang,55.0,1971.0,Male,China,Software,Technology,,no-pic,2026
huang_shanbing,Huang Shanbing,Huang,69.0,1957.0,Male,China,semiconductors,Technology,,no-pic,2026
huang_shaowu,Huang Shaowu,Huang,64.0,1962.0,Male,China,retail,Fashion & Retail,,no-pic,2014
huang_shih_tsai,Huang Shih Tsai,Huang,75.0,1951.0,Male,Hong Kong,real estate,Real Estate,,,2022
huang_shilin,Huang Shilin,Huang,59.0,1967.0,Male,China,Batteries,Energy,,no-pic,2026
huang_weibin,Huang Weibin,Huang,59.0,1967.0,Male,China,home appliances,Manufacturing,,no-pic,2022
huang_wen_tsai,Huang Wen Tsai,Huang,74.0,1952.0,Male,China,real estate,Real Estate,,,2021
huang_wenbiao,Huang Wenbiao,Huang,60.0,1966.0,Male,China,soy sauce,Food & Beverage,,no-pic,2022
huang_wenji,Huang Wenji,Huang,63.0,1963.0,Male,China,umbrellas,Manufacturing,,no-pic,2017
huang_xiaofen,Huang Xiaofen,Huang,64.0,1962.0,Female,China,Printed circuit boards,Technology,,no-pic-female,2026
huang_xu,Huang Xu,Huang,58.0,1968.0,Male,China,semiconductor,Technology,,no-pic,2026
huang_yi,Huang Yi,Huang,64.0,1962.0,Male,Hong Kong,Car dealerships,Automotive,,no-pic,2026
huang_yimeng,Huang Yimeng,Huang,44.0,1982.0,Male,China,mobile games,Media & Entertainment,,no-pic,2026
huang_zelan,Huang Zelan,Huang,70.0,1956.0,Male,China,metals,Metals & Mining,,no-pic,2026
huang_zhenda,Huang Zhenda,Huang,78.0,1948.0,Male,China,Construction,Construction & Engineering,,,2026
huang_zhengcong,Huang Zhengcong,Huang,61.0,1965.0,Male,Hong Kong,electronics,Technology,,no-pic,2021
huang_zhuangmian,Huang Zhuangmian,Huang,61.0,1965.0,Male,China,logistics,Logistics,,no-pic,2018
hubert_burda,Hubert Burda,Burda,86.0,1940.0,Male,Germany,Publishing,Media & Entertainment,,,2026
hubert_dornano,Hubert d'Ornano,d'Ornano,108.0,1918.0,Male,France,cosmetics,Fashion and Retail,,no-pic,2015
hubert_palfinger,Hubert Palfinger,Palfinger,93.0,1933.0,Male,Austria,hydraulic lift machinery,Manufacturing,,no-pic,2014
hubertus_benteler,Hubertus Benteler,Benteler,83.0,1943.0,Male,Germany,auto parts,Automotive,,,2019
hubertus_von_baumbach,Hubertus von Baumbach,von Baumbach,58.0,1968.0,Male,Germany,Pharma,Healthcare,,no-pic,2026
hugo_ribeiro,Hugo Ribeiro,Ribeiro,73.0,1953.0,Male,Brazil,Agribusiness,Food & Beverage,,no-pic,2026
huh_jae_myung,Huh Jae-myung,Huh,56.0,1970.0,Male,South Korea,electric components,Manufacturing,,no-pic,2022
hui_ka_yan,Hui Ka Yan,Hui,67.0,1959.0,Male,China,Real estate,Real Estate,,,2023
hui_lin_chit,Hui Lin Chit,Hui,73.0,1953.0,Male,China,Hygiene products,Manufacturing,,,2025
hui_wing_mau,Hui Wing Mau,Hui,75.0,1951.0,Male,Hong Kong,Real estate,Real Estate,,,2026
huijiao_yu,Huijiao Yu,Yu,60.0,1966.0,Male,China,Package delivery,Logistics,"Founder and Chairman, Shanghai YTO Express (Logistics)",no-pic,2026
hung_yau_lit,Hung Yau Lit,Hung,71.0,1955.0,Male,China,intimate wear,Fashion and Retail,,no-pic,2016
huo_qinghua,Huo Qinghua,Huo,69.0,1957.0,Male,China,coal,Energy,,no-pic,2018
hur_young_in,Hur Young-in,Hur,78.0,1948.0,Male,South Korea,"bakeries, fast food",Food & Beverage,Paris-Croissant Food,,2021
husain_djojonegoro,Husain Djojonegoro,Djojonegoro,82.0,1944.0,Male,Indonesia,consumer goods,Manufacturing,,no-pic,2017
husnu_ozyegin,Husnu Ozyegin,Ozyegin,81.0,1945.0,Male,Turkey,"finance, diversified",Finance & Investments,,,2026
hussain_binghatti_aljbori,Hussain Binghatti Aljbori,Binghatti Aljbori,69.0,1957.0,Male,United Arab Emirates,Real estate,Real Estate,,no-pic,2026
hussain_sajwani,Hussain Sajwani,Sajwani,73.0,1953.0,Male,United Arab Emirates,Real estate,Real Estate,,,2026
huwen_chen,Huwen Chen,Chen,55.0,1971.0,Male,China,Stationery,Manufacturing,,no-pic,2023
huxiong_chen,Huxiong Chen,Chen,55.0,1971.0,Male,China,Stationery,Manufacturing,,no-pic,2023
hyuntae_kim,Hyuntae Kim,Kim,50.0,1976.0,Male,South Korea,Biotech,Healthcare,,no-pic,2026
ian_livingstone,Ian Livingstone,Livingstone,63.0,1963.0,Male,United Kingdom,Real estate,Real Estate,,no-pic,2026
ian_richard_livingstone,Ian & Richard Livingstone,Livingstone,,,Male,United Kingdom,real estate,Real Estate,,no-pic,2022
ian_wood,Ian Wood,Wood,83.0,1943.0,Male,United Kingdom,Energy services,Energy,,,2026
ibrahim_al_muhaidib,Ibrahim Al Muhaidib,Al Muhaidib,39.0,1987.0,Male,Saudi Arabia,"Real estate, investments",Real Estate,,no-pic,2026
ibrahim_erdemoglu,Ibrahim Erdemoglu,Erdemoglu,63.0,1963.0,Male,Turkey,Carpet,Manufacturing,,no-pic,2026
idan_ofer,Idan Ofer,Ofer,70.0,1956.0,Male,Israel,Shipping,Diversified,,,2026
ignacio_torras,Ignacio Torras,Torras,61.0,1965.0,Male,United States,Trading,Energy,,no-pic,2026
igor_altushkin,Igor Altushkin,Altushkin,55.0,1971.0,Male,Russia,Metals,Metals & Mining,,,2026
igor_bukhman,Igor Bukhman,Bukhman,44.0,1982.0,Male,Israel,Online games,Media & Entertainment,,no-pic,2026
igor_kesaev,Igor Kesaev,Kesaev,59.0,1967.0,Male,Russia,"Tobacco distribution, retail",Fashion & Retail,,,2026
igor_khudokormov,Igor Khudokormov,Khudokormov,58.0,1968.0,Male,Russia,Agriculture,Food & Beverage,,no-pic,2026
igor_kudryashkin,Igor Kudryashkin,Kudryashkin,64.0,1962.0,Male,Russia,metallurgy,Metals & Mining,,no-pic,2026
igor_makarov,Igor Makarov,Makarov,64.0,1962.0,Male,Cyprus,Investments,Energy,,,2026
igor_olenicoff,Igor Olenicoff,Olenicoff,83.0,1943.0,Male,United States,Real estate,Real Estate,,,2026
igor_rotenberg,Igor Rotenberg,Rotenberg,52.0,1974.0,Male,Russia,"Investments, real estate",Diversified,,no-pic,2026
igor_rybakov,Igor Rybakov,Rybakov,53.0,1973.0,Male,Russia,Building materials,Manufacturing,,no-pic,2026
igor_tulchinsky,Igor Tulchinsky,Tulchinsky,59.0,1967.0,Male,United States,Hedge funds,Finance & Investments,,no-pic,2026
igor_yakovlev,Igor Yakovlev,Yakovlev,60.0,1966.0,Male,Russia,home appliance stores,Fashion & Retail,,no-pic,2026
igor_yusufov,Igor Yusufov,Yusufov,70.0,1956.0,Male,Russia,oil & gas,Energy,,no-pic,2022
igor_zyuzin,Igor Zyuzin,Zyuzin,75.0,1951.0,Male,Russia,steel,Metals & Mining,,,2013
ihor_kolomoyskyy,Ihor Kolomoyskyy,Kolomoyskyy,63.0,1963.0,Male,Israel,"Banking, investments",Diversified,,,2023
ilkka_herlin,Ilkka Herlin,Herlin,67.0,1959.0,Male,Finland,"Elevators, escalators",Manufacturing,,,2026
ilona_herlin,Ilona Herlin,Herlin,61.0,1965.0,Female,Finland,"Elevators, escalators",Manufacturing,,no-pic-female,2026
ilson_mateus,Ilson Mateus,Mateus,63.0,1963.0,Male,Brazil,Supermarkets,Fashion & Retail,,no-pic,2026
ilya_scherbovich,Ilya Scherbovich,Scherbovich,53.0,1973.0,Male,Russia,investments,Finance & Investments,,no-pic,2021
imogene_powers_johnson,Imogene Powers Johnson,Johnson,100.0,1926.0,Female,United States,cleaning products,Manufacturing,,,2018
ina_chan,Ina Chan,Chan,74.0,1952.0,Female,Hong Kong,casinos,Gambling & Casinos,,,2021
inder_jaisinghani_1,Inder Jaisinghani,Jaisinghani,73.0,1953.0,Male,India,Cables & wires,Manufacturing,,no-pic,2026
ingeburg_herz,Ingeburg Herz,Herz,112.0,1914.0,Female,Germany,coffee,Fashion and Retail,,no-pic-female,2015
ingrid_wu,Ingrid Wu,Wu,54.0,1972.0,Female,United States,Manufacturing,Manufacturing,,no-pic-female,2026
ingvar_kamprad,Ingvar Kamprad,Kamprad,108.0,1918.0,Male,Sweden,Ikea,Fashion & Retail,,,2015
inigo_zobel,Inigo Zobel,Zobel,69.0,1957.0,Male,Philippines,Diversified,Diversified,,no-pic,2023
ioan_niculae,Ioan Niculae,Niculae,79.0,1947.0,Male,Romania,agriculture,Food and Beverage,,,2015
ioannis_papalekas,Ioannis Papalekas,Papalekas,50.0,1976.0,Male,Greece,Real estate,Real Estate,,no-pic,2026
ion_stoica,Ion Stoica,Stoica,61.0,1965.0,Male,Romania,Data analytics,Technology,,no-pic,2026
ion_tiriac,Ion Tiriac,Tiriac,86.0,1940.0,Male,Romania,"Banking, insurance",Finance & Investments,,,2026
ipek_kirac,Ipek Kirac,Kirac,41.0,1985.0,Female,Turkey,Diversified,Diversified,,no-pic-female,2026
ira_rennert,Ira Rennert,Rennert,91.0,1935.0,Male,United States,Investments,Finance & Investments,,,2026
irfan_razack_1,Irfan Razack,Razack,72.0,1954.0,Male,India,Real estate,Real Estate,,no-pic,2026
iris_fontbona,Iris Fontbona,Fontbona,83.0,1943.0,Female,Chile,Mining,Metals & Mining,,no-pic-female,2026
irving_grousbeck,Irving Grousbeck,Grousbeck,91.0,1935.0,Male,United States,"Telecommunication, sports",Sports,,no-pic,2026
irwin_jacobs,Irwin Jacobs,Jacobs,96.0,1930.0,Male,United States,semiconductors,Technology,"Cofounder, Qualcomm",,2019
isaac_larian,Isaac Larian,Larian,77.0,1949.0,Male,United States,toys,Manufacturing,,,2018
isaac_perlmutter,Isaac Perlmutter,Perlmutter,83.0,1943.0,Male,United States,Marvel comics,Media & Entertainment,,,2026
isabel_boehringer,Isabel Boehringer,Boehringer,45.0,1981.0,Female,Germany,Pharmaceuticals,Healthcare,,no-pic-female,2026
isabel_dos_santos,Isabel dos Santos,dos Santos,56.0,1970.0,Female,Angola,investments,Finance & Investments,,,2020
isabel_ulrike_hager,Isabel-Ulrike Hager,Hager,40.0,1986.0,Female,Germany,Electrical products,Construction & Engineering,,no-pic-female,2026
isabella_seragnoli,Isabella Seràgnoli,Seràgnoli,80.0,1946.0,Female,Italy,Packaging,Manufacturing,,no-pic-female,2026
isak_andic,Isak Andic,Andic,73.0,1953.0,Male,Spain,Fashion retail,Fashion & Retail,,,2024
ishay_davidi,Ishay Davidi,Davidi,64.0,1962.0,Male,Israel,Private Equity,Finance & Investments,,no-pic,2026
isidoro_alvarez,Isidoro Alvarez,Alvarez,100.0,1926.0,Male,Spain,retail,Retail,,no-pic,2014
iskander_makhmudov,Iskander Makhmudov,Makhmudov,62.0,1964.0,Male,Russia,"Mining, metals, machinery",Metals & Mining,,,2026
israel_englander,Israel Englander,Englander,77.0,1949.0,Male,United States,Hedge funds,Finance & Investments,"Founder, Millennium Management, L.L.C.",,2026
issad_rebrab,Issad Rebrab,Rebrab,82.0,1944.0,Male,Algeria,Food,Food & Beverage,,,2026
itamar_locks,Itamar Locks,Locks,71.0,1955.0,Male,Brazil,Agribusiness,Food & Beverage,,no-pic,2026
itaru_tanimura,Itaru Tanimura,Tanimura,63.0,1963.0,Male,Japan,heathcare,Healthcare,,no-pic,2021
itzhak_ezratti,Itzhak Ezratti,Ezratti,73.0,1953.0,Male,United States,Homebuilding,Real Estate,,no-pic,2026
ivan_chrenko,Ivan Chrenko,Chrenko,58.0,1968.0,Male,Slovakia,Real estate,Real Estate,,no-pic,2026
ivan_glasenberg,Ivan Glasenberg,Glasenberg,69.0,1957.0,Male,Switzerland,Mining,Metals & Mining,,,2026
ivan_muller_botelho,Ivan Müller Botelho,Müller Botelho,92.0,1934.0,Male,Brazil,Power Generation,Energy,,no-pic,2026
ivan_savvidis,Ivan Savvidis,Savvidis,67.0,1959.0,Male,Russia,Agribusiness,Diversified,,no-pic,2026
ivan_streshinsky,Ivan Streshinsky,Streshinsky,56.0,1970.0,Male,Russia,"Metals, telecom",Diversified,,no-pic,2026
ivan_tavrin,Ivan Tavrin,Tavrin,49.0,1977.0,Male,Russia,Private equity,Finance & Investments,,no-pic,2026
ivan_zhao,Ivan Zhao,Zhao,39.0,1987.0,Male,Canada,Software,Technology,,no-pic,2026
ivar_tollefsen,Ivar Tollefsen,Tollefsen,64.0,1962.0,Male,Norway,Real estate,Real Estate,,no-pic,2026
j_christopher_flowers,J. Christopher Flowers,Flowers,68.0,1958.0,Male,United States,Investments,Finance & Investments,"Founder and Managing Director, J.C. Flowers & Co. LLC",no-pic,2026
j_christopher_reyes,J. Christopher Reyes,Reyes,72.0,1954.0,Male,United States,Food distribution,Food & Beverage,"Co-Chairman, Reyes Holdings",,2026
j_frank_harrison_iii,"J. Frank Harrison, III.",Harrison,71.0,1955.0,Male,United States,Coca-Cola bottling,Food & Beverage,,no-pic,2026
j_hyatt_brown,J. Hyatt Brown,Brown,88.0,1938.0,Male,United States,Insurance,Finance & Investments,,no-pic,2026
j_joe_ricketts,J. Joe Ricketts,Ricketts,84.0,1942.0,Male,United States,TD Ameritrade,Finance & Investments,,,2026
j_michael_pearson,J. Michael Pearson,Pearson,74.0,1952.0,Male,Canada,pharmaceuticals,Healthcare,,,2015
j_tomilson_hill,J. Tomilson Hill,Hill,77.0,1949.0,Male,United States,Investments,Finance & Investments,,,2026
j_wayne_weaver,J. Wayne Weaver,Weaver,90.0,1936.0,Male,United States,Shoes,Diversified,,,2026
jack_clark,Jack Clark,Clark,37.0,1989.0,Male,United States,Artificial intelligence,Technology,,no-pic,2026
jack_cockwell,Jack Cockwell,Cockwell,85.0,1941.0,Male,Canada,"Real estate, private equity",Finance & Investments,,no-pic,2026
jack_cogen,Jack Cogen,Cogen,70.0,1956.0,Male,United States,Technology,Technology,,no-pic,2026
jack_cowin,Jack Cowin,Cowin,83.0,1943.0,Male,Australia,Fast food,Food & Beverage,,,2026
jack_dangermond,Jack Dangermond,Dangermond,80.0,1946.0,Male,United States,Mapping software,Technology,,,2026
jack_dorsey,Jack Dorsey,Dorsey,49.0,1977.0,Male,United States,"Twitter, Square",Technology,"Cofounder, Twitter",,2026
jack_gance,Jack Gance,Gance,80.0,1946.0,Male,Australia,Pharmacies,Healthcare,,no-pic,2026
jack_link,Jack Link,Link,80.0,1946.0,Male,United States,Jack Link's meat snacks,Food & Beverage,,no-pic,2026
jack_ma,Jack Ma,Ma,61.0,1965.0,Male,China,E-commerce,Technology,,,2026
jack_schuler,Jack Schuler,Schuler,87.0,1939.0,Male,United States,pharmaceuticals,Healthcare,,no-pic,2021
jack_taylor,Jack Taylor,Taylor,110.0,1916.0,Male,United States,Enterprise Rent-A-Car,Service,"Founder, Enterprise Rent-A-Car",,2016
jacky_xu,Jacky Xu,Xu,59.0,1967.0,Male,St. Kitts and Nevis,apparel,Fashion & Retail,,no-pic,2018
jacob_burda,Jacob Burda,Burda,39.0,1987.0,Male,Germany,publishing,Media & Entertainment,,no-pic,2020
jacob_stolt_nielsen,Jacob Stolt-Nielsen,Stolt-Nielsen,103.0,1923.0,Male,Norway,shipping,Logistics,,no-pic,2014
jacqueline_desmarais,Jacqueline Desmarais,Desmarais,106.0,1920.0,Female,Canada,financial services,Finance,,,2014
jacqueline_mars,Jacqueline Mars,Mars,86.0,1940.0,Female,United States,"Candy, pet food",Food & Beverage,,,2026
jacques_damours,Jacques D'Amours,D'Amours,69.0,1957.0,Male,Canada,Convenience stores,Fashion & Retail,,no-pic,2026
jacques_merceron_vicat,Jacques Merceron-Vicat,Merceron-Vicat,96.0,1930.0,Male,France,cement,Construction & Engineering,,,2015
jacques_saade,Jacques Saade,Saade,94.0,1932.0,Male,France,shipping,Logistics,,,2018
jacques_saade_jr,"Jacques Saadé, Jr.",Saadé,54.0,1972.0,Male,France,Shipping,Logistics,,no-pic,2026
jacques_servier,Jacques Servier,Servier,113.0,1913.0,Male,France,pharmaceuticals,Health care,,no-pic,2014
jahm_najafi,Jahm Najafi,Najafi,63.0,1963.0,Male,United States,Investments,Finance & Investments,,no-pic,2026
jai_hari_yadu_hari_dalmia,Jai Hari & Yadu Hari Dalmia,Dalmia,,,Male,India,cement,Manufacturing,,,2018
jaime_botin_1,Jaime Botin,Botin,94.0,1932.0,Male,Spain,banking,Finance and Investments,,,2019
jaime_gilinski_bacal,Jaime Gilinski Bacal,Gilinski Bacal,68.0,1958.0,Male,Colombia,Banking,Finance & Investments,,,2026
jaime_zobel_de_ayala,Jaime Zobel de Ayala,Zobel de Ayala,107.0,1919.0,Male,Philippines,,,,no-pic,2007
jain,Jain family,Jain,,,,India,media,Media & Entertainment,,no-pic,2016
jaiprakash_gaur,Jaiprakash Gaur,Gaur,108.0,1918.0,Male,India,diversified,,,no-pic,2010
james_balsillie,James Balsillie,Balsillie,77.0,1949.0,Male,Canada,Research in Motion,Technology,,,2011
james_cameron,James Cameron,Cameron,71.0,1955.0,Male,Canada,Movies,Media & Entertainment,,,2026
james_cargill_ii,"James Cargill, II.",Cargill,77.0,1949.0,Male,United States,Cargill,Food & Beverage,,no-pic,2026
james_chambers,James Chambers,Chambers,69.0,1957.0,Male,United States,"Media, automotive",Media & Entertainment,,no-pic,2026
james_chao,James Chao,Chao,78.0,1948.0,Male,United States,"Chemicals, building products",Manufacturing,,no-pic,2026
james_clark,James Clark,Clark,82.0,1944.0,Male,United States,"Netscape, investments",Technology,"Cofounder, Netscape Communications Corporation",,2026
james_dinan,James Dinan,Dinan,66.0,1960.0,Male,United States,Hedge funds,Finance & Investments,"Founder, York Capital Management",,2026
james_duff,James Duff,Duff,65.0,1961.0,Male,United States,"Tires, diversified",Diversified,,no-pic,2026
james_dyson,James Dyson,Dyson,78.0,1948.0,Male,United Kingdom,Vacuums,Manufacturing,,,2026
james_france,James France,France,81.0,1945.0,Male,United States,"Nascar, racing",Sports,,,2026
james_goodnight,James Goodnight,Goodnight,83.0,1943.0,Male,United States,Software,Technology,"CEO, SAS Institute",,2026
james_irsay,James Irsay,Irsay,67.0,1959.0,Male,United States,Indianapolis Colts,Sports,"CEO, Indianapolis Colts",,2025
james_irving_1,James Irving,Irving,99.0,1927.0,Male,Canada,Diversified,Diversified,,,2024
james_jannard,James Jannard,Jannard,76.0,1950.0,Male,United States,Sunglasses,Fashion & Retail,,,2026
james_kim,James Kim,Kim,102.0,1924.0,Male,United States,microchips,Technology,,,2011
james_leininger,James Leininger,Leininger,81.0,1945.0,Male,United States,Medical products,Healthcare,,,2026
james_leprino,James Leprino,Leprino,88.0,1938.0,Male,United States,Cheese,Food & Beverage,"Chairman, Leprino Foods",no-pic,2025
james_litinsky,James Litinsky,Litinsky,48.0,1978.0,Male,United States,Minerals,Metals & Mining,,no-pic,2026
james_monsees,James Monsees,Monsees,50.0,1976.0,Male,United States,e-cigarettes,Manufacturing,"Chief Product Officer, Juul Labs",no-pic,2019
james_packer,James Packer,Packer,58.0,1968.0,Male,Australia,Investments,Finance & Investments,,,2026
james_peng_1,James Peng,Peng,,,Male,China,Technology,Technology,,no-pic,2024
james_ratcliffe,James Ratcliffe,Ratcliffe,73.0,1953.0,Male,United Kingdom,Chemicals,Manufacturing,,,2026
james_scapa,James Scapa,Scapa,69.0,1957.0,Male,United States,Software,Technology,,no-pic,2026
james_tisch,James Tisch,Tisch,73.0,1953.0,Male,United States,Loews,Diversified,,no-pic,2026
james_truchard,James Truchard,Truchard,82.0,1944.0,Male,United States,software,Technology,,no-pic,2026
jamie_dimon,Jamie Dimon,Dimon,70.0,1956.0,Male,United States,Banking,Finance & Investments,"CEO, JPMorgan Chase & Co.",,2026
jamshyd_godrej,Jamshyd Godrej,Godrej,77.0,1949.0,Male,India,"Consumer goods, real estate",Real Estate,,,2026
jan_hendrik_goldbeck,Jan-Hendrik Goldbeck,Goldbeck,49.0,1977.0,Male,Germany,construction,Construction & Engineering,,no-pic,2026
jan_koum,Jan Koum,Koum,50.0,1976.0,Male,United States,WhatsApp,Technology,,,2026
jan_kulczyk,Jan Kulczyk,Kulczyk,84.0,1942.0,Male,Poland,"telecom, oil, beer",Diversified,,,2015
jan_van_geet,Jan Van Geet,Van Geet,55.0,1971.0,Male,Belgium,real estate developer,Real Estate,,no-pic,2026
jane_goldman,Jane Goldman,Goldman,70.0,1956.0,Female,United States,Real estate,Real Estate,,no-pic-female,2026
jane_lauder,Jane Lauder,Lauder,53.0,1973.0,Female,United States,Estée Lauder,Fashion & Retail,,,2026
janice_mcnair,Janice McNair,McNair,89.0,1937.0,Female,United States,"Energy, sports",Sports,,no-pic-female,2026
jannie_mouton,Jannie Mouton,Mouton,79.0,1947.0,Male,South Africa,financial services,Finance & Investments,,,2026
jaran_chiaravanont,Jaran Chiaravanont,Chiaravanont,96.0,1930.0,Male,Thailand,Diversified,Diversified,,no-pic,2026
jared_isaacman,Jared Isaacman,Isaacman,43.0,1983.0,Male,United States,Payment processing,Technology,,no-pic,2025
jared_kaplan,Jared Kaplan,Kaplan,42.0,1984.0,Male,United States,Artificial intelligence,Technology,,no-pic,2026
jared_kushner,Jared Kushner,Kushner,45.0,1981.0,Male,United States,"Real estate, private equity",Finance & Investments,,no-pic,2026
jared_smith_1,Jared Smith,Smith,51.0,1975.0,Male,United States,Cloud computing,Technology,,no-pic,2026
jaroslav_hascak,Jaroslav Hascak,Hascak,56.0,1970.0,Male,Slovakia,Investments,Finance & Investments,,no-pic,2026
jasminder_singh,Jasminder Singh,Singh,77.0,1949.0,Male,United Kingdom,hotels,Real Estate,,,2021
jason_chang,Jason Chang,Chang,82.0,1944.0,Male,Singapore,Semiconductors,Manufacturing,,,2026
jason_jiang,Jason Jiang,Jiang,53.0,1973.0,Male,Singapore,Advertising,Media & Entertainment,,,2026
jason_murray,Jason Murray,Murray,47.0,1979.0,Male,United States,Nursing facilities,Healthcare,,no-pic,2026
jassim_al_kharafi,Jassim Al-Kharafi,Al-Kharafi,,,Male,Kuwait,diversfied,Diversified,,,2015
jay_chaudhry,Jay Chaudhry,Chaudhry,66.0,1960.0,Male,United States,Security software,Technology,,no-pic,2026
jay_hennick,Jay Hennick,Hennick,69.0,1957.0,Male,Canada,Real estate finance,Finance & Investments,,no-pic,2026
jay_paul,Jay Paul,Paul,78.0,1948.0,Male,United States,Real estate,Real Estate,,,2026
jay_y_lee,Jay Y. Lee,Lee,57.0,1969.0,Male,South Korea,Samsung,Technology,,,2026
jay_z,Jay-Z,Jay-Z,56.0,1970.0,Male,United States,Music,Media & Entertainment,,,2026
jayme_garfinkel,Jayme Garfinkel,Garfinkel,80.0,1946.0,Male,Brazil,Insurance,Finance & Investments,,,2026
jayshree_ullal,Jayshree Ullal,Ullal,65.0,1961.0,Female,United States,Computer networking,Technology,"CEO, Arista",,2026
jb_pritzker,J.B. Pritzker,Pritzker,61.0,1965.0,Male,United States,"Hotels, investments",Finance & Investments,,no-pic,2026
jb_straubel,JB Straubel,Straubel,50.0,1976.0,Male,United States,Tesla,Automotive,,no-pic,2026
jean_burelle,Jean Burelle,Burelle,94.0,1932.0,Male,France,automotive systems,Automotive,,,2016
jean_charles_naouri,Jean-Charles Naouri,Naouri,85.0,1941.0,Male,France,"supermarkets, sporting goods",Fashion and Retail,,,2015
jean_claude_decaux,Jean-Claude Decaux,Decaux,95.0,1931.0,Male,France,advertising,Media & Entertainment,,,2016
jean_claude_gandur,Jean Claude Gandur,Gandur,85.0,1941.0,Male,Switzerland,"oil trading, exploration",Energy,,,2015
jean_coutu,Jean Coutu,Coutu,98.0,1928.0,Male,Canada,Drugstores,Fashion & Retail,"Chairman, Jean Coutu Group (PJC) Inc. (Cl A)",,2026
jean_gigi_pritzker,Jean (Gigi) Pritzker,Pritzker,63.0,1963.0,Female,United States,"Hotels, investments",Service,,,2026
jean_louis_van_der_velde,Jean-Louis van der Velde,van der Velde,62.0,1964.0,Male,Netherlands,Cryptocurrency,Finance & Investments,,no-pic,2026
jean_madar,Jean Madar,Madar,67.0,1959.0,Male,France,Fragrances,Fashion & Retail,,no-pic,2025
jean_marc_chapus,Jean-Marc Chapus,Chapus,67.0,1959.0,Male,United States,Finance,Finance & Investments,,no-pic,2026
jean_michel_besnier,Jean-Michel Besnier,Besnier,58.0,1968.0,Male,France,Cheese,Food & Beverage,,,2026
jean_paul_clozel,Jean-Paul Clozel,Clozel,72.0,1954.0,Male,Switzerland,pharmaceuticals,Healthcare,,no-pic,2022
jean_pierre_cayard,Jean-Pierre Cayard,Cayard,83.0,1943.0,Male,France,Spirits,Food & Beverage,,no-pic,2026
jean_salata,Jean Salata,Salata,60.0,1966.0,Male,Chile,Finance,Finance & Investments,,no-pic,2026
jeanine_dick,Jeanine Dick,Dick,97.0,1929.0,Female,France,animal pharmaceuticals,Medicine,,no-pic-female,2015
jed_mccaleb,Jed McCaleb,McCaleb,51.0,1975.0,Male,United States,Cryptocurrency,Finance & Investments,,no-pic,2026
jeff_bezos,Jeff Bezos,Bezos,62.0,1964.0,Male,United States,Amazon,Technology,"Chairman and Founder, Amazon",,2026
jeff_green,Jeff Green,Green,52.0,1974.0,Male,United States,digital advertising,Media & Entertainment,,no-pic,2020
jeff_greene,Jeff Greene,Greene,71.0,1955.0,Male,United States,"Real estate, investments",Real Estate,,,2026
jeff_lawson,Jeff Lawson,Lawson,48.0,1978.0,Male,United States,software,Technology,,no-pic,2026
jeff_rothschild,Jeff Rothschild,Rothschild,71.0,1955.0,Male,United States,Facebook,Technology,"Advisor, Meta Platforms",,2026
jeff_skoll,Jeff Skoll,Skoll,61.0,1965.0,Male,United States,EBay,Technology,,,2026
jeff_sprecher,Jeff Sprecher,Sprecher,71.0,1955.0,Male,United States,stock exchanges,Finance & Investments,,no-pic,2026
jeff_sutton,Jeff Sutton,Sutton,66.0,1960.0,Male,United States,Real estate,Real Estate,,no-pic,2026
jeff_t_green,Jeff T. Green,Green,49.0,1977.0,Male,United States,Digital advertising,Media & Entertainment,,no-pic,2026
jeff_tangney,Jeff Tangney,Tangney,53.0,1973.0,Male,United States,Healthcare IT,Healthcare,"CEO, Doximity",no-pic,2026
jeff_yass,Jeff Yass,Yass,67.0,1959.0,Male,United States,"Trading, investments",Finance & Investments,,no-pic,2026
jeffery_hildebrand,Jeffery Hildebrand,Hildebrand,67.0,1959.0,Male,United States,Oil & gas,Energy,,,2026
jeffrey_cheah,Jeffrey Cheah,Cheah,81.0,1945.0,Male,Malaysia,"Property, healthcare",Real Estate,,,2026
jeffrey_gundlach,Jeffrey Gundlach,Gundlach,67.0,1959.0,Male,United States,Investments,Finance & Investments,"CEO, DoubleLine Capital",,2026
jeffrey_koo_jr,"Jeffrey Koo, Jr.",Koo,61.0,1965.0,Male,Taiwan,Finance,Finance & Investments,,no-pic,2026
jeffrey_lorberbaum,Jeffrey Lorberbaum,Lorberbaum,71.0,1955.0,Male,United States,Flooring,Manufacturing,,,2026
jeffrey_lurie,Jeffrey Lurie,Lurie,74.0,1952.0,Male,United States,Philadelphia Eagles,Sports,,,2026
jeffrey_michael,Jeffrey Michael,Michael,69.0,1957.0,Male,United States,Data management,Technology,,no-pic,2026
jeffrey_soffer,Jeffrey Soffer,Soffer,58.0,1968.0,Male,United States,Real estate,Real Estate,,no-pic,2026
jeffrey_talpins,Jeffrey Talpins,Talpins,51.0,1975.0,Male,United States,Hedge fund,Finance & Investments,"Founder, Element Capital Management",no-pic,2026
jennifer_gilbert,Jennifer Gilbert,Gilbert,57.0,1969.0,Female,United States,Rocket Mortgage,Finance & Investments,,no-pic-female,2026
jennifer_pritzker,Jennifer Pritzker,Pritzker,75.0,1951.0,Female,United States,"Hotels, investments",Finance & Investments,"CEO, Tawani Enterprises",,2026
jennifer_steinbrenner_swindal,Jennifer Steinbrenner Swindal,Steinbrenner Swindal,66.0,1960.0,Female,United States,Sports,Sports,,no-pic-female,2026
jenny_just,Jenny Just,Just,59.0,1967.0,Female,United States,fintech,Finance & Investments,,no-pic-female,2022
jenny_linden_urnes,Jenny Lindén Urnes,Lindén Urnes,55.0,1971.0,Female,Sweden,Powdered metal,Manufacturing,,no-pic-female,2026
jenny_love_meyer,Jenny Love Meyer,Love Meyer,60.0,1966.0,Female,United States,gas stations,Fashion & Retail,,no-pic-female,2026
jenny_zhiya_qian,Jenny Zhiya Qian,Qian,49.0,1977.0,Female,China,Coffee chain,Food & Beverage,,no-pic-female,2025
jens_von_bahr,Jens von Bahr,von Bahr,55.0,1971.0,Male,Sweden,Gambling products,Gambling & Casinos,,no-pic,2026
jensen_huang,Jensen Huang,Huang,63.0,1963.0,Male,United States,Semiconductors,Technology,"CEO & President, NVIDIA",no-pic,2026
jensen_huang_1,Jensen Huang,Huang,63.0,1963.0,Male,United States,Semiconductors,Technology,"CEO & President, NVIDIA",no-pic,2023
jeremy_allaire,Jeremy Allaire,Allaire,54.0,1972.0,Male,United States,Cryptocurrency,Finance & Investments,,no-pic,2026
jeremy_jacobs_sr,"Jeremy Jacobs, Sr.",Jacobs,86.0,1940.0,Male,United States,Food service,Service,,,2026
jeronimo_arango,Jeronimo Arango,Arango,102.0,1924.0,Male,Mexico,retail,Fashion & Retail,,no-pic,2020
jerry_jones,Jerry Jones,Jones,83.0,1943.0,Male,United States,Dallas Cowboys,Sports,"President and General Manager, Dallas Cowboys",,2026
jerry_moyes,Jerry Moyes,Moyes,82.0,1944.0,Male,United States,Transportation,Logistics,,no-pic,2026
jerry_ng,Jerry Ng,Ng,61.0,1965.0,Male,Indonesia,banking,Finance & Investments,,no-pic,2022
jerry_reinsdorf,Jerry Reinsdorf,Reinsdorf,90.0,1936.0,Male,United States,Sports teams,Sports,,,2026
jerry_seinfeld,Jerry Seinfeld,Seinfeld,72.0,1954.0,Male,United States,Comedy,Media & Entertainment,,,2026
jerry_speyer,Jerry Speyer,Speyer,85.0,1941.0,Male,United States,Real estate,Real Estate,,,2026
jerry_yang,Jerry Yang,Yang,57.0,1969.0,Male,United States,Yahoo,Technology,"Cofounder, Yahoo!",,2026
jerzy_starak,Jerzy Starak,Starak,78.0,1948.0,Male,Poland,Pharmaceuticals,Healthcare,,no-pic,2026
jess_jackson,Jess Jackson,Jackson,109.0,1917.0,Male,United States,Jackson Family Wines,Service,,,2010
jessica_steinbrenner,Jessica Steinbrenner,Steinbrenner,62.0,1964.0,Female,United States,Sports,Sports,,no-pic-female,2026
jet_jie_li,Jet Jie Li,Li,51.0,1975.0,Male,China,package delivery,Logistics,,no-pic,2026
ji_changqun_1,Ji Changqun,Ji,62.0,1964.0,Male,China,real estate,Real Estate,,no-pic,2019
ji_qi,Ji Qi,Ji,59.0,1967.0,Male,Singapore,"Hotels, motels",Real Estate,,no-pic,2026
ji_wei,Ji Wei,Ji,69.0,1957.0,Male,China,Energy metering equipment,Manufacturing,,no-pic,2026
jia_yueting,Jia Yueting,Jia,59.0,1967.0,Male,China,online video,Technology,,,2017
jiagui_deng,Jiagui Deng,Deng,74.0,1952.0,Male,China,Quartz materials,Manufacturing,,no-pic,2026
jian_jun,Jian Jun,Jian,62.0,1964.0,Female,China,Biomedical products,Healthcare,,no-pic-female,2026
jian_yao,Jian Yao,Jian,,,Female,China,Medical devices,Healthcare,,no-pic-female,2026
jiang_bin,Jiang Bin,Jiang,59.0,1967.0,Male,China,Acoustic components,Technology,,,2026
jiang_ganjun,Jiang Ganjun,Jiang,64.0,1962.0,Male,China,home & office products,Manufacturing,,no-pic,2021
jiang_guiting,Jiang Guiting,Jiang,67.0,1959.0,Male,China,Manufacturing,Manufacturing,,no-pic,2023
jiang_jinhua,Jiang Jinhua,Jiang,66.0,1960.0,Female,China,Glass,Manufacturing,,no-pic-female,2024
jiang_long,Jiang Long,Jiang,52.0,1974.0,Male,China,Manufacturing,Technology,,no-pic,2026
jiang_ning,Jiang Ning,Jiang,60.0,1966.0,Male,China,telecom,Telecom,,no-pic,2015
jiang_rensheng,Jiang Rensheng,Jiang,72.0,1954.0,Male,China,Vaccines,Healthcare,,,2026
jiang_wei,Jiang Wei,Jiang,69.0,1957.0,Male,China,pharmaceuticals,Healthcare,,,2018
jiang_weiping,Jiang Weiping,Jiang,71.0,1955.0,Male,China,Chemicals,Manufacturing,,,2026
jiang_xuefei,Jiang Xuefei,Jiang,56.0,1970.0,Male,China,printed circuit boards,Technology,,no-pic,2026
jiang_yehua,Jiang Yehua,Jiang,65.0,1961.0,Male,China,real estate,Real Estate,,,2021
jiang_yintai,Jiang Yintai,Jiang,75.0,1951.0,Male,China,Auto parts,Automotive,,no-pic,2026
jianlong_wu,Wu Jianlong,Wu,71.0,1955.0,Male,Hong Kong,solar energy,Energy,,no-pic,2011
jianming_geng,Jianming Geng,Geng,63.0,1963.0,Male,China,Real estate,Real Estate,,,2023
jianping_lai,Jianping Lai,Lai,,,Male,China,Soy sauce,Food & Beverage,,no-pic,2023
jianxing_che,Jianxing Che,Che,59.0,1967.0,Male,China,Furniture retailing,Fashion & Retail,,no-pic,2023
jianyi_wang,Jianyi Wang,Wang,63.0,1963.0,Male,China,Fiber optic cables,Technology,,,2023
jihan_wu,Jihan Wu,Wu,43.0,1983.0,Male,China,cryptocurrency mining chips,Technology,,no-pic,2020
jim_breyer,Jim Breyer,Breyer,64.0,1962.0,Male,United States,Venture capital,Finance & Investments,"Founder, CEO, Breyer Capital",,2026
jim_coulter,Jim Coulter,Coulter,66.0,1960.0,Male,United States,Private equity,Finance & Investments,,no-pic,2026
jim_crane,Jim Crane,Crane,72.0,1954.0,Male,United States,"Logistics, baseball",Sports,,no-pic,2026
jim_davis,Jim Davis,Davis,82.0,1944.0,Male,United States,New Balance,Manufacturing,"Chairman, New Balance",,2026
jim_davis_1,Jim Davis,Davis,66.0,1960.0,Male,United States,Staffing & recruiting,Service,,no-pic,2026
jim_justice_ii,"Jim Justice, II.",Justice,78.0,1948.0,Male,United States,coal,Energy,,,2020
jim_kavanaugh,Jim Kavanaugh,Kavanaugh,63.0,1963.0,Male,United States,IT provider,Technology,,no-pic,2026
jim_kennedy,Jim Kennedy,Kennedy,78.0,1948.0,Male,United States,"Media, automotive",Media & Entertainment,"Chairman Emeritus, Cox Enterprises",,2026
jim_koch,Jim Koch,Koch,76.0,1950.0,Male,United States,Beer,Food & Beverage,,,2026
jim_mckelvey,Jim McKelvey,McKelvey,60.0,1966.0,Male,United States,Mobile payments,Technology,,no-pic,2026
jim_pattison,Jim Pattison,Pattison,97.0,1929.0,Male,Canada,Diversified,Diversified,"Founder, Chairman and CEO, Jim Pattison Group",,2026
jim_simons,Jim Simons,Simons,89.0,1937.0,Male,United States,Hedge funds,Finance & Investments,"Founder, Renaissance Technologies Corp.",no-pic,2024
jim_thompson,Jim Thompson,Thompson,86.0,1940.0,Male,Ireland,Logistics,Logistics,,,2026
jim_walton,Jim Walton,Walton,77.0,1949.0,Male,United States,Walmart,Fashion & Retail,"Chairman, Arvest Bank Group, Inc.",,2026
jimmy_buffett,Jimmy Buffett,Buffett,79.0,1947.0,Male,United States,"Entertainment, Margaritaville",Media & Entertainment,,,2023
jimmy_haslam,Jimmy Haslam,Haslam,72.0,1954.0,Male,United States,"Gas stations, retail",Fashion & Retail,,,2026
jimmy_john_liautaud,Jimmy John Liautaud,Liautaud,62.0,1964.0,Male,United States,Sandwich chain,Food & Beverage,,no-pic,2026
jimmy_rane,Jimmy Rane,Rane,79.0,1947.0,Male,United States,Lumber,Manufacturing,,no-pic,2026
jin_baofang,Jin Baofang,Jin,73.0,1953.0,Male,China,Solar panels,Energy,,no-pic,2026
jin_huiming,Jin Huiming,Jin,75.0,1951.0,Male,China,real estate,Real Estate,,no-pic,2021
jin_lei,Jin Lei,Jin,71.0,1955.0,Male,China,Medical equipment,Healthcare,,no-pic,2026
jin_lei_1,Jin Lei,Jin,60.0,1966.0,Male,China,Pharmaceuticals,Healthcare,,no-pic,2025
jin_xin,Jin Xin,Jin,59.0,1967.0,Male,China,Manufacturing,Manufacturing,,no-pic,2026
jinsheng_ren,Jinsheng Ren,Ren,63.0,1963.0,Male,China,Pharmaceutical,Healthcare,,no-pic,2023
jinxing_qi,Jinxing Qi,Qi,64.0,1962.0,Male,China,Real estate,Real Estate,,,2023
jinyuan_li,Li Jinyuan,Li,80.0,1946.0,Male,China,pharmaceuticals,Health care,,,2011
jitendra_mohan,Jitendra Mohan,Mohan,53.0,1973.0,Male,United States,Semiconductors,Technology,,no-pic,2026
jitendra_virwani,Jitendra Virwani,Virwani,60.0,1966.0,Male,India,Real estate,Real Estate,,,2026
jitse_groen,Jitse Groen,Groen,49.0,1977.0,Male,Netherlands,food delivery service,Food & Beverage,,no-pic,2021
jk_rowling,J.K. Rowling,Rowling,60.0,1966.0,Female,United Kingdom,Books,Media & Entertainment,,,2026
joachim_ante,Joachim Ante,Ante,44.0,1982.0,Male,Germany,game software,Technology,,no-pic,2022
joachim_goldbeck,Joachim Goldbeck,Goldbeck,55.0,1971.0,Male,Germany,construction,Construction & Engineering,,no-pic,2026
joan_tisch,Joan Tisch,Tisch,104.0,1922.0,Female,United States,"insurance, NFL team",Finance and Investments,,,2017
joao_alves_de_queiroz_filho,Joao Alves de Queiroz Filho,Alves de Queiroz Filho,74.0,1952.0,Male,Brazil,Pharmaceuticals,Diversified,,no-pic,2024
joao_moreira_salles,Joao Moreira Salles,Moreira Salles,64.0,1962.0,Male,Brazil,"Banking, minerals",Diversified,,,2026
joao_roberto_marinho,Joao Roberto Marinho,Marinho,72.0,1954.0,Male,Brazil,Media,Media & Entertainment,,,2026
joaquin_del_pino_y_calvo_sotelo,Joaquin del Pino y Calvo-Sotelo,del Pino y Calvo-Sotelo,65.0,1961.0,Male,Spain,Construction,Construction & Engineering,,no-pic,2026
joaquin_guzman_loera,Joaquin Guzman Loera,Guzman Loera,80.0,1946.0,Male,Mexico,drug trafficking,Logistics,"Drug Trafficker, Sinaloa Cartel",,2012
joe_agresti,Joe Agresti,Agresti,53.0,1973.0,Male,United States,"Auto dealerships, investments",Diversified,,no-pic,2026
joe_gebbia,Joe Gebbia,Gebbia,44.0,1982.0,Male,United States,Airbnb,Technology,,,2026
joe_jamail_jr,"Joe Jamail, Jr.",Jamail,108.0,1918.0,Male,United States,lawsuits,Service,,,2015
joe_kiani,Joe Kiani,Kiani,61.0,1965.0,Male,United States,Medical devices,Healthcare,"Former Chairman and CEO, Masimo",no-pic,2026
joe_lacob,Joe Lacob,Lacob,70.0,1956.0,Male,United States,Golden State Warriors,Sports,,no-pic,2026
joe_lau,Joe Lau,Lau,37.0,1989.0,Male,United States,Blockchain technology,Technology,,no-pic,2025
joe_lewis,Joe Lewis,Lewis,89.0,1937.0,Male,United Kingdom,Investments,Finance & Investments,,,2026
joe_lonsdale,Joe Lonsdale,Lonsdale,43.0,1983.0,Male,United States,tech investments,Technology,"Partner, 8VC",,2026
joe_mansueto,Joe Mansueto,Mansueto,69.0,1957.0,Male,United States,Investment research,Finance & Investments,"Chairman and CEO, Morningstar",,2026
joe_rogers_jr,"Joe Rogers, Jr.",Rogers,79.0,1947.0,Male,United States,Waffle House,Food & Beverage,,no-pic,2026
joel_glazer,Joel Glazer,Glazer,59.0,1967.0,Male,United States,"Manchester United, Tampa Bay Buccaneers",Sports,,no-pic,2026
joel_greenberg,Joel Greenberg,Greenberg,68.0,1958.0,Male,United States,"Trading, investments",Finance & Investments,,no-pic,2026
joesley_batista,Joesley Batista,Batista,54.0,1972.0,Male,Brazil,Beef processing,Food & Beverage,,no-pic,2026
johan_johannson,Johan Johannson,Johannson,59.0,1967.0,Male,Norway,Grocery stores,Fashion & Retail,,no-pic,2025
johan_lavoo,Johan Lavoo,Lavoo,34.0,1992.0,Male,Singapore,Paints,Manufacturing,,no-pic,2026
johann_graf,Johann Graf,Graf,79.0,1947.0,Male,Austria,Gambling,Gambling & Casinos,,,2026
johann_rupert,Johann Rupert,Rupert,75.0,1951.0,Male,South Africa,Luxury goods,Fashion & Retail,,,2026
johanna_braun,Johanna Braun,Braun,46.0,1980.0,Female,Germany,Medical technology,Healthcare,,no-pic-female,2026
johanna_quandt,Johanna Quandt,Quandt,107.0,1919.0,Female,Germany,BMW,Automotive,,,2015
johannes_kaercher,Johannes Kaercher,Kaercher,79.0,1947.0,Male,Germany,"vacuums, cleaning products",Manufacturing,,no-pic,2019
johannes_von_baumbach,Johannes von Baumbach,von Baumbach,20.0,2006.0,Male,Germany,Pharma,Healthcare,,no-pic,2026
john_a_sobrato,John A. Sobrato,Sobrato,86.0,1940.0,Male,United States,Real estate,Real Estate,"Founder and Chairman, Sobrato Development Cos.",,2026
john_abele,John Abele,Abele,89.0,1937.0,Male,United States,Healthcare,Healthcare,,,2026
john_alan_bruce_wilson,"John, Alan & Bruce Wilson",Wilson,,,Male,Australia,retailing,Fashion & Retail,,no-pic,2022
john_anderson,John Anderson,Anderson,120.0,1906.0,Male,United States,investments,Investments,,,2011
john_armitage,John Armitage,Armitage,66.0,1960.0,Male,Ireland,Hedge funds,Finance & Investments,Egerton Capital,no-pic,2026
john_arnold,John Arnold,Arnold,52.0,1974.0,Male,United States,Hedge funds,Finance & Investments,"Founder, Centaurus Advisors",,2026
john_arrillaga,John Arrillaga,Arrillaga,91.0,1935.0,Male,United States,real estate,Real Estate,,,2021
john_bicket,John Bicket,Bicket,46.0,1980.0,Male,United States,Sensor systems,Technology,,no-pic,2026
john_bloor,John Bloor,Bloor,82.0,1944.0,Male,United Kingdom,"Real estate, manufacturing",Diversified,,no-pic,2026
john_brown,John Brown,Brown,91.0,1935.0,Male,United States,Medical equipment,Healthcare,,,2026
john_catsimatidis,John Catsimatidis,Catsimatidis,77.0,1949.0,Male,United States,"Oil, real estate",Energy,,,2026
john_caudwell,John Caudwell,Caudwell,73.0,1953.0,Male,United Kingdom,Mobile phones,Telecom,,,2026
john_christodoulou,John Christodoulou,Christodoulou,60.0,1966.0,Male,United Kingdom,Real estate,Real Estate,,no-pic,2026
john_coates,John Coates,Coates,56.0,1970.0,Male,United Kingdom,Online gambling,Gambling & Casinos,,,2026
john_collison,John Collison,Collison,35.0,1991.0,Male,Ireland,Payment software,Technology,"Cofounder, Stripe",,2026
john_coustas,John Coustas,Coustas,69.0,1957.0,Male,Greece,shipping,Logistics,,no-pic,2026
john_de_mol,John de Mol,de Mol,71.0,1955.0,Male,Netherlands,TV programs,Media & Entertainment,,,2026
john_doerr,John Doerr,Doerr,74.0,1952.0,Male,United States,Venture capital,Finance & Investments,"Chairman, Kleiner Perkins",,2026
john_dorrance_iii,"John Dorrance, III.",Dorrance,82.0,1944.0,Male,Ireland,Campbell Soup,Food & Beverage,,no-pic,2026
john_edson,John Edson,Edson,97.0,1929.0,Male,United States,leisure craft,Manufacturing,,,2019
john_elkann,John Elkann,Elkann,50.0,1976.0,Male,Italy,"FIAT, investments",Finance & Investments,,no-pic,2026
john_farber,John Farber,Farber,100.0,1926.0,Male,United States,Chemicals,Manufacturing,,no-pic,2023
john_fish,John Fish,Fish,66.0,1960.0,Male,United States,Construction,Construction & Engineering,,no-pic,2026
john_fisher,John Fisher,Fisher,64.0,1962.0,Male,United States,Gap,Fashion & Retail,"President, Pisces, Inc.",,2026
john_foley,John Foley,Foley,57.0,1969.0,Male,United States,Peloton,Technology,,no-pic,2021
john_fredriksen,John Fredriksen,Fredriksen,81.0,1945.0,Male,Cyprus,Shipping,Logistics,,,2026
john_gandel,John Gandel,Gandel,91.0,1935.0,Male,Australia,Shopping malls,Real Estate,,,2026
john_goff,John Goff,Goff,70.0,1956.0,Male,United States,Real estate,Real Estate,,no-pic,2026
john_gokongwei_jr,"John Gokongwei, Jr.",Gokongwei,103.0,1923.0,Male,Philippines,diversified,Diversified,,,2019
john_grayken,John Grayken,Grayken,69.0,1957.0,Male,Ireland,Private equity,Finance & Investments,,,2026
john_h_macmillan_iv_iv,"John H. MacMillan IV, IV.",MacMillan IV,73.0,1953.0,Male,United States,Cargill,Food & Beverage,,no-pic,2026
john_hancock,John Hancock,Hancock,50.0,1976.0,Male,Australia,Mining,Metals & Mining,,no-pic,2026
john_henry,John Henry,Henry,76.0,1950.0,Male,United States,Sports,Sports,,,2026
john_kapoor,John Kapoor,Kapoor,87.0,1939.0,Male,United States,healthcare,Healthcare,,,2018
john_kluge,John Kluge,Kluge,124.0,1902.0,Male,United States,Metromedia,Media,,,2010
john_krystynak,John Krystynak,Krystynak,58.0,1968.0,Male,United States,Advertising technology,Technology,,no-pic,2026
john_kusuma,John Kusuma,Kusuma,60.0,1966.0,Male,Indonesia,banking,Finance & Investments,,no-pic,2022
john_liew,John Liew,Liew,58.0,1968.0,Male,United States,investment management,Finance & Investments,,no-pic,2026
john_lim,John Lim,Lim,69.0,1957.0,Male,Singapore,Real estate,Real Estate,,,2026
john_macmillan_1,John MacMillan,MacMillan,76.0,1950.0,Male,United States,Cargill,Food & Beverage,,no-pic,2026
john_malone,John Malone,Malone,85.0,1941.0,Male,United States,Cable television,Media & Entertainment,,,2026
john_mars,John Mars,Mars,90.0,1936.0,Male,United States,"Candy, pet food",Food & Beverage,,no-pic,2026
john_martin,John Martin,Martin,77.0,1949.0,Male,United States,pharmaceuticals,Healthcare,,no-pic,2021
john_mcconnell,John McConnell,McConnell,74.0,1952.0,Male,United States,steel,Manufacturing,,no-pic,2021
john_menard_jr,"John Menard, Jr.",Menard,86.0,1940.0,Male,United States,Home improvement stores,Fashion & Retail,"Founder, Menard, Inc.",,2026
john_middleton,John Middleton,Middleton,71.0,1955.0,Male,United States,Tobacco,Food & Beverage,,no-pic,2026
john_morgan,John Morgan,Morgan,70.0,1956.0,Male,United States,personal injury law,Service,,no-pic,2026
john_morgan_2,John Morgan,Morgan,70.0,1956.0,Male,United States,personal injury law,Service,,no-pic,2025
john_morgridge,John Morgridge,Morgridge,99.0,1927.0,Male,United States,computer hardware,Technology,"Chairman Emeritus, Cisco Systems",,2016
john_morris,John Morris,Morris,78.0,1948.0,Male,United States,Sporting goods retail,Fashion & Retail,,,2026
john_ocampo,John Ocampo,Ocampo,67.0,1959.0,Male,United States,Semiconductors,Technology,,no-pic,2023
john_overdeck,John Overdeck,Overdeck,56.0,1970.0,Male,United States,Hedge funds,Finance & Investments,"Co-Founder & Co-Chairman, Two Sigma",,2026
john_oyler,John Oyler,Oyler,58.0,1968.0,Male,United States,Biotech,Healthcare,,no-pic,2026
john_paul_dejoria,John Paul DeJoria,DeJoria,82.0,1944.0,Male,United States,"Hair products, tequila",Fashion & Retail,,,2026
john_paulson,John Paulson,Paulson,70.0,1956.0,Male,United States,Hedge funds,Finance & Investments,"Founder, Paulson & Co. Inc.",,2026
john_phillips,John Phillips,Phillips,75.0,1951.0,Male,Canada,investments,Finance & Investments,,no-pic,2026
john_pritzker,John Pritzker,Pritzker,72.0,1954.0,Male,United States,"Hotels, investments",Finance & Investments,,,2026
john_reece,John Reece,Reece,69.0,1957.0,Male,United Kingdom,Chemicals,Manufacturing,,no-pic,2026
john_ruiz,John Ruiz,Ruiz,59.0,1967.0,Male,United States,Healthcare services,Service,,no-pic,2023
john_sall,John Sall,Sall,78.0,1948.0,Male,United States,Software,Technology,"Co-Founder, Executive Vice President, SAS Institute",,2026
john_schnatter,John Schnatter,Schnatter,70.0,1956.0,Male,United States,Papa John's,Food and Beverage,,,2017
john_sperling,John Sperling,Sperling,116.0,1910.0,Male,United States,Apollo Group,Service,,,2012
john_stanton,John Stanton,Stanton,70.0,1956.0,Male,United States,wireless,Telecom,,no-pic,2026
john_tu,John Tu,Tu,84.0,1942.0,Male,United States,Computer hardware,Technology,"President, Kingston Technology Corporation",,2026
john_tyson,John Tyson,Tyson,72.0,1954.0,Male,United States,Food processing,Food & Beverage,,no-pic,2026
john_van_lieshout,John Van Lieshout,Van Lieshout,80.0,1946.0,Male,Australia,Real estate,Real Estate,,,2026
john_whittaker,John Whittaker,Whittaker,88.0,1938.0,Male,United Kingdom,real estate,Real Estate,,no-pic,2019
john_wilson,John Wilson,Wilson,88.0,1938.0,Male,Australia,Retailing,Fashion & Retail,,no-pic,2026
johnelle_hunt,Johnelle Hunt,Hunt,94.0,1932.0,Female,United States,Trucking,Logistics,,,2026
johnny_ho,Johnny Ho,Ho,,,Male,United States,Artificial Intelligence,Technology,,no-pic,2026
jon_huntsman_sr,"Jon Huntsman, Sr.",Huntsman,94.0,1932.0,Male,United States,chemicals,Manufacturing,,no-pic,2017
jon_stryker,Jon Stryker,Stryker,67.0,1959.0,Male,United States,Medical equipment,Healthcare,,,2026
jon_winkelried,Jon Winkelried,Winkelried,66.0,1960.0,Male,United States,"Private equity, banking",Finance & Investments,,no-pic,2026
jon_yarbrough,Jon Yarbrough,Yarbrough,68.0,1958.0,Male,United States,Gambling machines,Gambling & Casinos,,,2026
jonas_kamprad,Jonas Kamprad,Kamprad,60.0,1966.0,Male,Sweden,IKEA,Finance & Investments,,no-pic,2026
jonas_kleberg,Jonas Kleberg,Kleberg,62.0,1964.0,Male,Sweden,Shipping,Logistics,,no-pic,2026
jonathan_gray,Jonathan Gray,Gray,56.0,1970.0,Male,United States,Investments,Finance & Investments,,,2026
jonathan_harmsworth,Jonathan Harmsworth,Harmsworth,65.0,1961.0,Male,United Kingdom,publishing,Media & Entertainment,,,2016
jonathan_kwok,Jonathan Kwok,Kwok,34.0,1992.0,Male,Hong Kong,Real Estate,Real Estate,,no-pic,2026
jonathan_nelson,Jonathan Nelson,Nelson,69.0,1957.0,Male,United States,Private equity,Finance & Investments,"Executive Chairman, Providence Equity Partners",,2026
jonathan_oringer,Jonathan Oringer,Oringer,53.0,1973.0,Male,United States,Stock photos,Technology,,,2024
jonathan_tisch,Jonathan Tisch,Tisch,72.0,1954.0,Male,United States,"Loews, New York Giants",Diversified,,no-pic,2026
joop_van_den_ende,Joop van den Ende,van den Ende,84.0,1942.0,Male,Netherlands,TV shows,Media & Entertainment,,,2026
jordi_rubiralta,Jordi Rubiralta,Rubiralta,52.0,1974.0,Male,Spain,Diagnostics,Healthcare,,no-pic,2026
jorg_uwe_goldbeck,Jörg-Uwe Goldbeck,Goldbeck,58.0,1968.0,Male,Germany,construction,Construction & Engineering,,no-pic,2026
jorge_feffer,Jorge Feffer,Feffer,61.0,1965.0,Male,Brazil,pulp and paper,Manufacturing,,no-pic,2026
jorge_gallardo_ballart,Jorge Gallardo Ballart,Gallardo Ballart,84.0,1942.0,Male,Spain,pharmaceuticals,Healthcare,,no-pic,2026
jorge_horacio_brito,Jorge Horacio Brito,Brito,78.0,1948.0,Male,Argentina,banking,Finance & Investments,,no-pic,2018
jorge_mas,Jorge Mas,Mas,63.0,1963.0,Male,United States,Construction,Construction & Engineering,,no-pic,2026
jorge_moll_filho,Jorge Moll Filho,Moll Filho,81.0,1945.0,Male,Brazil,Hospitals,Healthcare,,no-pic,2026
jorge_paulo_lemann,Jorge Paulo Lemann,Lemann,86.0,1940.0,Male,Brazil,Beer,Food & Beverage,,,2026
jorge_perez,Jorge Perez,Perez,76.0,1950.0,Male,United States,Real estate,Real Estate,,,2026
jorge_pinheiro_koren_de_lima,Jorge Pinheiro Koren de Lima,Pinheiro Koren de Lima,54.0,1972.0,Male,Brazil,"hospitals, health insurance",Healthcare,,no-pic,2022
jorge_rodriguez_rodriguez,Jorge Rodriguez Rodriguez,Rodriguez Rodriguez,82.0,1944.0,Male,Peru,processed milk,Diversified,,no-pic,2021
jorn_rausing,Jorn Rausing,Rausing,66.0,1960.0,Male,Sweden,Packaging,Food & Beverage,,no-pic,2026
jose_and_francisco_jose_calderon_rojas,Jose and Francisco Jose Calderon Rojas,Calderon Rojas,,,Male,Mexico,beverages,Food and Beverage,,no-pic,2019
jose_coppel_luken,José Coppel Luken,Coppel Luken,67.0,1959.0,Male,Mexico,Diversified,Fashion & Retail,,no-pic,2026
jose_e_feliciano,José E. Feliciano,Feliciano,52.0,1974.0,Male,United States,Private equity,Finance & Investments,,no-pic,2026
jose_elias,Jose Elias,Elias,51.0,1975.0,Male,Spain,wind power,Energy,,no-pic,2021
jose_ermirio_de_moraes_neto,Jose Ermirio de Moraes Neto,Ermirio de Moraes Neto,73.0,1953.0,Male,Brazil,Diversified,Diversified,,no-pic,2026
jose_ignacio_comenge,Jose Ignacio Comenge,Comenge,75.0,1951.0,Male,Spain,Beverages,Food & Beverage,,no-pic,2026
jose_isaac_peres,Jose Isaac Peres,Peres,85.0,1941.0,Male,Brazil,Shopping malls,Real Estate,,,2026
jose_joao_abdalla_filho,Jose Joao Abdalla Filho,Abdalla Filho,80.0,1946.0,Male,Brazil,Investments,Finance & Investments,,no-pic,2026
jose_llado_fernandez_urrutia,Jose Llado Fernandez-Urrutia,Llado Fernandez-Urrutia,94.0,1932.0,Male,Spain,construction,Construction & Engineering,,,2021
jose_llorens_torra,Jose Llorens Torra,Torra,82.0,1944.0,Male,Spain,Investments,Finance & Investments,,no-pic,2026
jose_luis_cutrale,Jose Luis Cutrale,Cutrale,80.0,1946.0,Male,Brazil,orange juice,Food & Beverage,,,2022
jose_luis_rubiralta,Jose Luis Rubiralta,Rubiralta,51.0,1975.0,Male,Spain,Diagnostics,Healthcare,,no-pic,2026
jose_maria_aristrain,Jose Maria Aristrain,Aristrain,63.0,1963.0,Male,Spain,Steel,Metals & Mining,,no-pic,2026
jose_mendes_nogueira,Jose Mendes Nogueira,Mendes Nogueira,107.0,1919.0,Male,Brazil,iron ore mining,Metals & Mining,,no-pic,2014
jose_neves,José Neves,Neves,53.0,1973.0,Male,Portugal,luxury fashion,Fashion & Retail,,no-pic,2021
jose_roberto_ermirio_de_moraes,Jose Roberto Ermirio de Moraes,Ermirio de Moraes,68.0,1958.0,Male,Brazil,Diversified,Diversified,,no-pic,2026
jose_roberto_marinho,Jose Roberto Marinho,Marinho,70.0,1956.0,Male,Brazil,Media,Media & Entertainment,,,2026
josef_boquoi,Josef Boquoi,Boquoi,92.0,1934.0,Male,Germany,Frozen foods,Food & Beverage,,no-pic,2026
joseph_bae,Joseph Bae,Bae,54.0,1972.0,Male,United States,Private equity,Finance & Investments,,no-pic,2026
joseph_craft,"Joseph Craft, III.",Craft,86.0,1940.0,Male,United States,coal,Energy,,,2012
joseph_edelman,Joseph Edelman,Edelman,70.0,1956.0,Male,United States,Hedge funds,Finance & Investments,"Founder & CEO, Perceptive Advisors",no-pic,2026
joseph_grendys,Joseph Grendys,Grendys,64.0,1962.0,Male,United States,Poultry processing,Food & Beverage,,,2026
joseph_lau,Joseph Lau,Lau,74.0,1952.0,Male,Hong Kong,Real estate,Real Estate,,,2026
joseph_liemandt,Joseph Liemandt,Liemandt,57.0,1969.0,Male,United States,Software,Technology,,no-pic,2026
joseph_nahmad_1,Joseph Nahmad,Nahmad,37.0,1989.0,Male,Italy,Art,Finance & Investments,,no-pic,2026
joseph_pitt_reeves_hyde_iii,Joseph 'Pitt'  Reeves Hyde III,Hyde III,83.0,1943.0,Male,United States,Auto Parts,Automotive,,no-pic,2026
joseph_safra,Joseph Safra,Safra,90.0,1936.0,Male,Brazil,banking,Finance & Investments,,,2020
joseph_steinberg,Joseph Steinberg,Steinberg,82.0,1944.0,Male,United States,Investments,Finance & Investments,,no-pic,2026
joseph_tsai,Joseph Tsai,Tsai,62.0,1964.0,Male,Canada,E-commerce,Technology,,,2026
josephine_louis,Josephine Louis,Louis,104.0,1922.0,Female,United States,cleaning products,Manufacturing,,no-pic-female,2015
josh_harris,Josh Harris,Harris,61.0,1965.0,Male,United States,Private equity,Finance & Investments,,no-pic,2026
josh_kushner,Josh Kushner,Kushner,40.0,1986.0,Male,United States,Venture capital,Finance & Investments,"Managing Partner, Thrive Capital",no-pic,2026
jost_hellmann,Jost Hellmann,Hellmann,79.0,1947.0,Male,Germany,logistics,Logistics,,,2017
joy_alukkas,Joy Alukkas,Alukkas,69.0,1957.0,Male,India,Jewelry,Fashion & Retail,,,2026
juan_abello,Juan Abello,Abello,84.0,1942.0,Male,Spain,Investments,Finance & Investments,,,2026
juan_carlos_escotet,Juan Carlos Escotet,Escotet,66.0,1960.0,Male,Venezuela,Banking,Finance & Investments,,,2026
juan_cuneo_solari_family,Juan Cuneo Solari,Cuneo Solari & family,,,Male,Chile,retail,Fashion and Retail,,no-pic,2013
juan_domingo_beckmann_legorreta,Juan Domingo Beckmann Legorreta,Beckmann Legorreta,58.0,1968.0,Male,Mexico,Tequila,Food & Beverage,,no-pic,2026
juan_fernando_belmont_anderson,Juan Fernando Belmont Anderson,Belmont Anderson,91.0,1935.0,Male,Peru,cosmetics,Fashion and Retail,,no-pic,2014
juan_francisco_beckmann_vidal,Juan Francisco Beckmann Vidal,Beckmann Vidal,88.0,1938.0,Male,Mexico,tequila,Food & Beverage,,no-pic,2021
juan_gallardo_thurlow,Juan Gallardo Thurlow,Gallardo Thurlow,88.0,1938.0,Male,Mexico,beverages,Food and Beverage,,,2013
juan_lopez_belmonte_lopez,Juan Lopez-Belmonte Lopez,Lopez-Belmonte Lopez,,,Male,Spain,pharmacueticals,Healthcare,,no-pic,2021
juan_march_delgado,Juan March Delgado,March Delgado,86.0,1940.0,Male,Spain,Banking,Finance & Investments,,no-pic,2026
juan_maria_riberas_mera,Juan Maria Riberas Mera,Riberas Mera,57.0,1969.0,Male,Spain,"Steel, investments",Metals & Mining,,no-pic,2026
juan_miguel_villar_mir,Juan-Miguel Villar Mir,Villar Mir,99.0,1927.0,Male,Spain,construction,Construction & Engineering,,,2018
juan_roig,Juan Roig,Roig,76.0,1950.0,Male,Spain,Supermarkets,Fashion & Retail,,,2026
jude_reyes,Jude Reyes,Reyes,70.0,1956.0,Male,United States,Food distribution,Food & Beverage,"Co-Chairman, Reyes Holdings",no-pic,2026
judith_neilson,Judith Neilson,Neilson,82.0,1944.0,Female,Australia,investments,Finance & Investments,,,2021
judy_faulkner,Judy Faulkner,Faulkner,82.0,1944.0,Female,United States,Healthcare software,Technology,"Founder & CEO, Epic Systems",,2026
judy_love,Judy Love,Love,89.0,1937.0,Female,United States,Gas stations,Fashion & Retail,Love's Travel Stops and Country Stores,,2025
judy_love_1,Judy Love,Love,,,Female,United States,Gas stations,Fashion & Retail,"Chairman and CEO, Love's Travel Stops and Country Stores",no-pic-female,2023
juergen_blickle,Juergen Blickle,Blickle,79.0,1947.0,Male,Germany,Auto parts,Manufacturing,,,2026
julia_koch,Julia Koch,Koch,64.0,1962.0,Female,United States,"Koch, Inc.",Diversified,,no-pic-female,2026
julia_oetker,Julia Oetker,Oetker,47.0,1979.0,Female,Germany,Consumer goods,Fashion & Retail,,,2026
julia_stoschek,Julia Stoschek,Stoschek,55.0,1971.0,Female,Germany,auto parts,Automotive,,no-pic-female,2018
julia_thiele_schuerhoff,Julia Thiele-Schuerhoff,Thiele-Schuerhoff,54.0,1972.0,Female,Germany,"Brakes, investments",Manufacturing,,no-pic-female,2026
julian_baker,Julian Baker,Baker,59.0,1967.0,Male,United States,Biotech investing,Finance & Investments,,no-pic,2026
julian_robertson_jr,"Julian Robertson, Jr.",Robertson,94.0,1932.0,Male,United States,hedge funds,Finance & Investments,,,2022
julio_bozano,Julio Bozano,Bozano,90.0,1936.0,Male,Brazil,Banking,Finance & Investments,,,2026
julio_mario_santo_domingo,Julio Mario Santo Domingo,Santo Domingo,114.0,1912.0,Male,Colombia,"beer, diversified",Food and Beverage,,,2011
julio_mario_santo_domingo_iii,"Julio Mario Santo Domingo, III.",Santo Domingo,44.0,1982.0,Male,United States,beer,Food & Beverage,,,2020
julio_patricio_supervielle,Julio Patricio Supervielle,Supervielle,74.0,1952.0,Male,Argentina,banking,Finance and Investments,,no-pic,2018
julio_ponce_lerou,Julio Ponce Lerou,Ponce Lerou,80.0,1946.0,Male,Chile,Fertilizer,Metals & Mining,,no-pic,2026
junjin_wang,Junjin Wang,Wang,57.0,1969.0,Male,China,Airline,Service,,no-pic,2023
junliang_han,Han Junliang,Han,73.0,1953.0,Male,China,manufacturing,Manufacturing,,no-pic,2011
junro_ito,Junro Ito,Ito,67.0,1959.0,Male,Japan,Retail,Fashion & Retail,,no-pic,2026
jupally_rameshwar_rao,Jupally Rameshwar Rao,Rameshwar Rao,70.0,1956.0,Male,India,Real estate,Real Estate,,no-pic,2026
jurgen_wirtgen,Jurgen Wirtgen,Wirtgen,60.0,1966.0,Male,Germany,Construction Vehicles,Construction & Engineering,,no-pic,2026
justin_ishbia,Justin Ishbia,Ishbia,48.0,1978.0,Male,United States,Private equity,Finance & Investments,,no-pic,2026
justin_sun,Justin Sun,Sun,35.0,1991.0,Male,St. Kitts and Nevis,Cryptocurrency,Finance & Investments,,no-pic,2026
justin_yuan,Justin Yuan,Yuan,45.0,1981.0,Male,China,Online games,Media & Entertainment,,no-pic,2026
justus_dreyer,Justus Dreyer,Dreyer,55.0,1971.0,Male,Germany,Agricultural Machinery,Manufacturing,,no-pic,2026
jyoti_bansal,Jyoti Bansal,Bansal,48.0,1978.0,Male,United States,AI software,Technology,,no-pic,2026
k_anji_reddy,K. Anji Reddy,Reddy,94.0,1932.0,Male,India,pharmaceuticals,Health care,,,2013
k_dinesh,K. Dinesh,Dinesh,71.0,1955.0,Male,India,Software services,Technology,,,2026
k_rai_sahi,K. Rai Sahi,Sahi,80.0,1946.0,Male,Canada,real estate,Real Estate,,,2026
kabir_mulchandani,Kabir Mulchandani,Mulchandani,53.0,1973.0,Male,India,Real estate,Real Estate,,no-pic,2026
kagemasa_kozuki,Kagemasa Kozuki,Kozuki,85.0,1941.0,Male,Japan,Video games,Media & Entertainment,,,2026
kai_uwe_hollweg,Kai-Uwe Hollweg,Hollweg,60.0,1966.0,Male,Germany,Plumbing and heating supplies,Manufacturing,,no-pic,2026
kai_wu,Kai Wu,Wu,58.0,1968.0,Male,China,Batteries,Energy,,no-pic,2023
kailashchandra_nuwal,Kailashchandra Nuwal,Nuwal,68.0,1958.0,Male,India,Industrial explosives,Manufacturing,,no-pic,2026
kalanithi_maran,Kalanithi Maran,Maran,60.0,1966.0,Male,India,Media,Media & Entertainment,,,2026
kalen_jackson,Kalen Jackson,Jackson,38.0,1988.0,Female,United States,Indianapolis Colts,Sports,,no-pic-female,2026
kalpana_parekh,Kalpana Parekh,Parekh,73.0,1953.0,Female,India,Adhesives,Manufacturing,,no-pic-female,2026
kam_lok_choy,Choy Kam Lok,Choy,96.0,1930.0,Male,Hong Kong,pharmaceuticals,Health care,,,2011
kamal_ghaffarian,Kamal Ghaffarian,Ghaffarian,68.0,1958.0,Male,United States,"Space, energy",Energy,,no-pic,2026
kamil_yazici,Kamil Yazici,Yazici,107.0,1919.0,Male,Turkey,"beverages, diversified",Food and Beverage,,,2013
kamlesh_jain,Kamlesh Jain,Jain,57.0,1969.0,Male,India,Recycling,Metals & Mining,,no-pic,2026
kang_an,Kang An,An,77.0,1949.0,Male,China,Pharmaceuticals,Healthcare,,,2023
kangbao_ke,Kangbao Ke,Ke,63.0,1963.0,Male,China,Retailing,Healthcare,,no-pic,2023
kanjibhai_virani,Kanjibhai Virani,Virani,64.0,1962.0,Male,India,Snacks,Food & Beverage,,no-pic,2026
kanye_west,Kanye West,West,49.0,1977.0,Male,United States,"music, sneakers",Fashion & Retail,Musician,,2022
kapeng_zhang,Kapeng Zhang,Zhang,61.0,1965.0,Male,China,Building materials,Construction & Engineering,,no-pic,2023
kapil_bhatia,Kapil Bhatia,Bhatia,93.0,1933.0,Male,India,Aviation,Service,,no-pic,2026
kapil_rahul_bhatia,Kapil & Rahul Bhatia,Bhatia,,,Male,India,airlines,Service,,,2022
karel_komarek,Karel Komarek,Komarek,57.0,1969.0,Male,Czech Republic,"Oil and gas, IT, lotteries",Gambling & Casinos,,,2026
karen_johnson_boyd,Karen Johnson Boyd,Boyd,109.0,1917.0,Female,United States,cleaning products,Manufacturing,,no-pic-female,2015
karen_pritzker,Karen Pritzker,Pritzker,68.0,1958.0,Female,United States,"Hotels, investments",Finance & Investments,,,2026
karen_virginia_beckmann_legoretta,Karen Virginia Beckmann Legoretta,Beckmann Legoretta,,,Female,Mexico,Tequila,Food & Beverage,,no-pic-female,2026
karim_atiyeh,Karim Atiyeh,Atiyeh,36.0,1990.0,Male,United States,Fintech,Finance & Investments,,no-pic,2026
karin_sartorius_herbst,Karin Sartorius-Herbst,Sartorius-Herbst,83.0,1943.0,Female,Germany,Biopharmaceuticals,Healthcare,,no-pic-female,2026
karin_schick,Karin Schick,Schick,55.0,1971.0,Female,Germany,Information technology,Technology,,no-pic-female,2026
karl_albrecht,Karl Albrecht,Albrecht,115.0,1911.0,Male,Germany,retail,Fashion and Retail,,no-pic,2014
karl_albrecht_jr,Karl Albrecht Jr.,Albrecht Jr.,78.0,1948.0,Male,Germany,Supermarkets,Fashion & Retail,,no-pic,2026
karl_friedrich_braun,Karl Friedrich Braun,Braun,43.0,1983.0,Male,Germany,Medical technology,Healthcare,,no-pic,2026
karl_hedin,Karl Hedin,Hedin,76.0,1950.0,Male,Sweden,Lumber,Construction & Engineering,,no-pic,2026
karl_heinz_kipp,Karl-Heinz Kipp,Kipp,108.0,1918.0,Male,Germany,retail,Fashion & Retail,,no-pic,2017
karl_johan_persson,Karl-Johan Persson,Persson,51.0,1975.0,Male,Sweden,H&M,Fashion & Retail,,,2026
karl_knauf,Karl Knauf,Knauf,69.0,1957.0,Male,Germany,Building materials,Manufacturing,,no-pic,2026
karl_scheufele_iii,"Karl Scheufele, III.",Scheufele,87.0,1939.0,Male,Switzerland,Jewelry,Fashion & Retail,,,2026
karl_wlaschek,Karl Wlaschek,Wlaschek,116.0,1910.0,Male,Austria,retail,Fashion and Retail,,,2015
karsanbhai_patel,Karsanbhai Patel,Patel,82.0,1944.0,Male,India,"Consumer goods, cement",Diversified,,,2026
karthik_sarma,Karthik Sarma,Sarma,51.0,1975.0,Male,India,Hedge fund,Finance & Investments,,no-pic,2026
katarina_martinson,Katarina Martinson,Martinson,44.0,1982.0,Female,Sweden,Investments,Diversified,,no-pic-female,2026
kate_macmillan_reed,Kate MacMillan Reed,MacMillan Reed,68.0,1958.0,Female,United States,Cargill,Food & Beverage,,no-pic-female,2026
kate_wang,Kate Wang,Wang,46.0,1980.0,Female,China,e-cigarettes,Manufacturing,,no-pic-female,2021
katharina_andresen,Katharina Andresen,Andresen,30.0,1996.0,Female,Norway,Investments,Diversified,,no-pic-female,2026
katharina_otto_bernstein,Katharina Otto-Bernstein,Otto-Bernstein,62.0,1964.0,Female,Germany,Real estate,Real Estate,,no-pic-female,2026
katharina_von_baumbach,Katharina von Baumbach,von Baumbach,26.0,2000.0,Female,Germany,Pharma,Healthcare,,no-pic-female,2026
katharine_rayner,Katharine Rayner,Rayner,81.0,1945.0,Female,United States,"Media, automotive",Media & Entertainment,,no-pic-female,2026
katherine_tanner,Katherine Tanner,Tanner,74.0,1952.0,Female,United States,Cargill,Food and Beverage,,no-pic-female,2019
kathy_britton,Kathy Britton,Britton,56.0,1970.0,Female,United States,Homebuilding,Real Estate,,no-pic-female,2026
kathy_fields,Kathy Fields,Fields,70.0,1956.0,Female,United States,skin care,Fashion & Retail,,,2020
katie_rodan,Katie Rodan,Rodan,73.0,1953.0,Female,United States,skin care,Fashion & Retail,,,2020
katsumi_tada,Katsumi Tada,Tada,80.0,1946.0,Male,Japan,Real estate,Real Estate,,,2026
kavita_singhania,Kavita Singhania,Singhania,65.0,1961.0,Female,India,cement,Manufacturing,,no-pic-female,2022
kavitark_ram_shriram,Kavitark Ram Shriram,Shriram,69.0,1957.0,Male,United States,"Google, venture capital",Technology,"Managing Partner, Sherpalo Ventures",,2026
kazim_turker,Kazim Turker,Turker,72.0,1954.0,Male,Turkey,"Energy, diversified",Energy,,no-pic,2026
kazuo_inamori,Kazuo Inamori,Inamori,106.0,1920.0,Male,Japan,electronics,Manufacturing,,,2011
kazuo_okada,Kazuo Okada,Okada,84.0,1942.0,Male,Japan,Casinos,Gambling & Casinos,,,2024
kazutoshi_kobayashi,Kazutoshi Kobayashi,Kobayashi,65.0,1961.0,Male,Japan,cosmetics,Fashion & Retail,,no-pic,2021
kc_liu,K.C. Liu,Liu,72.0,1954.0,Male,Taiwan,Manufacturing,Technology,,no-pic,2026
ke_guihua,Ke Guihua,Ke,60.0,1966.0,Male,China,Auto parts,Manufacturing,,no-pic,2026
ke_jinlong,Ke Jinlong,Ke,58.0,1968.0,Male,China,retailing,Healthcare,,no-pic,2021
ke_xiping,Ke Xiping,Ke,65.0,1961.0,Male,China,Investments,Diversified,,,2026
ke_yunfeng,Ke Yunfeng,Ke,59.0,1967.0,Male,China,Retailing,Healthcare,,no-pic,2023
ke_zunhong,Ke Zunhong,Ke,71.0,1955.0,Male,China,Pharmaceuticals,Healthcare,,no-pic,2026
keeree_kanjanapas,Keeree Kanjanapas,Kanjanapas,75.0,1951.0,Male,Thailand,Transportation,Automotive,,,2025
kei_hoi_pang,Kei Hoi Pang,Kei,60.0,1966.0,Male,China,Real estate,Real Estate,,,2026
kei_perenna,Kei Hoi Pang,Kei,69.0,1957.0,Female,Hong Kong,real estate,Real Estate,,no-pic-female,2014
keiichi_shibahara,Keiichi Shibahara,Shibahara,62.0,1964.0,Male,Japan,Healthcare,Healthcare,,no-pic,2024
keiichiro_takahara,Keiichiro Takahara,Takahara,100.0,1926.0,Male,Japan,diapers,Manufacturing,,,2018
keiko_erikawa,Keiko Erikawa,Erikawa,77.0,1949.0,Female,Japan,Video games,Media & Entertainment,,no-pic-female,2026
keith_bentley,Keith Bentley,Bentley,67.0,1959.0,Male,United States,Software,Technology,,no-pic,2026
keith_dunleavy,Keith Dunleavy,Dunleavy,56.0,1970.0,Male,United States,"Health IT, Investments",Healthcare,,no-pic,2026
kelcy_warren,Kelcy Warren,Warren,70.0,1956.0,Male,United States,Pipelines,Energy,,,2026
ken_fisher,Ken Fisher,Fisher,75.0,1951.0,Male,United States,Money management,Finance & Investments,,,2026
ken_griffin,Ken Griffin,Griffin,57.0,1969.0,Male,United States,Hedge funds,Finance & Investments,"Founder & CEO, Citadel LLC",,2026
ken_grossman,Ken Grossman,Grossman,77.0,1949.0,Male,United States,beer,Food and Beverage,,,2017
ken_kendrick,Ken Kendrick,Kendrick,82.0,1944.0,Male,United States,"Banking, sports team",Sports,,no-pic,2026
ken_langone,Ken Langone,Langone,90.0,1936.0,Male,United States,Investments,Finance & Investments,,no-pic,2026
ken_xie,Ken Xie,Xie,63.0,1963.0,Male,United States,Cybersecurity,Technology,,no-pic,2026
kenji_kasahara,Kenji Kasahara,Kasahara,50.0,1976.0,Male,Japan,social network,Media & Entertainment,,,2025
kenneth_adams_jr,"Kenneth Adams, Jr.",Adams,113.0,1913.0,Male,United States,oil,Sports,,,2013
kenneth_dart,Kenneth Dart,Dart,71.0,1955.0,Male,Belize,Investments,Finance & Investments,,no-pic,2026
kenneth_feld,Kenneth Feld,Feld,77.0,1949.0,Male,United States,Live entertainment,Media & Entertainment,"Chairman, Feld Entertainment",,2026
kenneth_hao,Kenneth Hao,Hao,57.0,1969.0,Male,United States,Private equity,Finance & Investments,,no-pic,2026
kenneth_lo,Kenneth Lo,Lo,88.0,1938.0,Male,United Kingdom,textiles,Fashion & Retail,,,2024
kenneth_lo_1,Kenneth Lo,Lo,87.0,1939.0,Male,United Kingdom,Textile,Fashion & Retail,,no-pic,2026
kenneth_morrison,Kenneth Morrison,Morrison,106.0,1920.0,Male,United Kingdom,retail,Fashion and Retail,,,2011
kenneth_tuchman,Kenneth Tuchman,Tuchman,66.0,1960.0,Male,United States,Call centers,Service,,no-pic,2025
kenny_park,Kenny Park,Park,75.0,1951.0,Male,South Korea,handbag manufacturing,Manufacturing,,no-pic,2019
kenny_troutt,Kenny Troutt,Troutt,78.0,1948.0,Male,United States,Telecom,Telecom,,,2026
kentaro_ogawa,Kentaro Ogawa,Ogawa,77.0,1949.0,Male,Japan,Restaurants,Food & Beverage,,,2026
kenzo_tsujimoto,Kenzo Tsujimoto,Tsujimoto,85.0,1941.0,Male,Japan,Video games,Media & Entertainment,,no-pic,2026
kerr_neilson,Kerr Neilson,Neilson,77.0,1949.0,Male,Australia,Investments,Finance & Investments,,,2022
kerry_stokes,Kerry Stokes,Stokes,85.0,1941.0,Male,Australia,"Construction equipment, media",Diversified,,,2026
keshub_mahindra,Keshub Mahindra,Mahindra,102.0,1924.0,Male,India,Diversified,Diversified,,,2023
kevin_david_lehmann,Kevin David Lehmann,Lehmann,23.0,2003.0,Male,Germany,Drugstores,Fashion & Retail,,no-pic,2026
kevin_glazer,Kevin Glazer,Glazer,64.0,1962.0,Male,United States,"Manchester United, Tampa Bay Buccaneers",Sports,,no-pic,2026
kevin_marchetti,Kevin Marchetti,Marchetti,48.0,1978.0,Male,United States,Diversified,Diversified,,no-pic,2026
kevin_plank,Kevin Plank,Plank,53.0,1973.0,Male,United States,Under Armour,Fashion & Retail,"Founder and CEO, Under Armour",,2026
kevin_systrom,Kevin Systrom,Systrom,42.0,1984.0,Male,United States,Instagram,Technology,"Cofounder, Instagram",no-pic,2026
khalid_abdul_rahman_saleh_al_rajhi,Khalid Abdul Rahman Saleh Al Rajhi,Al Rajhi,54.0,1972.0,Male,Saudi Arabia,"Banking, investments",Finance & Investments,,no-pic,2025
khalifa_bin_butti_al_muhairi,Khalifa Bin Butti Al Muhairi,Al Muhairi,51.0,1975.0,Male,United Arab Emirates,"hospitals, investments",Diversified,,no-pic,2019
kiat_chiaravanont,Kiat Chiaravanont,Chiaravanont,,,Male,Thailand,diversified,Diversified,,no-pic,2021
kie_chie_wong,Kie Chie Wong,Wong,78.0,1948.0,Male,Malaysia,Investments,Metals & Mining,,no-pic,2026
kieu_hoang,Kieu Hoang,Hoang,86.0,1940.0,Male,United States,medical products,Healthcare,,,2018
kiki_barki,Kiki Barki,Barki,87.0,1939.0,Male,Indonesia,Coal,Energy,,,2024
kim_beom_su,Kim Beom-su,Kim,60.0,1966.0,Male,South Korea,Online services,Technology,,,2026
kim_chang_soo,Kim Chang-soo,Kim,65.0,1961.0,Male,South Korea,Apparel,Fashion & Retail,,no-pic,2023
kim_dae_il,Kim Dae-il,Kim,47.0,1979.0,Male,South Korea,mobile gaming,Technology,,no-pic,2022
kim_hyoung_nyon,Kim Hyoung-nyon,Kim,50.0,1976.0,Male,South Korea,Fintech,Finance & Investments,,no-pic,2026
kim_jae_young,Kim Jae-young,Kim,53.0,1973.0,Male,South Korea,Online games,Media & Entertainment,,no-pic,2024
kim_jun_ki,Kim Jun-ki,Kim,81.0,1945.0,Male,South Korea,Diversified,Diversified,,,2026
kim_jung_ju,Kim Jung-ju,Kim,60.0,1966.0,Male,South Korea,online games,Technology,Nexon,,2021
kim_jung_min,Kim Jung-min,Kim,24.0,2002.0,Female,South Korea,Online gaming,Media & Entertainment,,no-pic-female,2026
kim_jung_woong,Kim Jung-woong,Kim,52.0,1974.0,Male,South Korea,Cosmetics,Fashion & Retail,,no-pic,2024
kim_jung_youn,Kim Jung-youn,Kim,22.0,2004.0,Female,South Korea,Online gaming,Media & Entertainment,,no-pic-female,2026
kim_kardashian,Kim Kardashian,Kardashian,45.0,1981.0,Female,United States,"Shapewear, skincare",Fashion & Retail,"Cofounder, Skims",,2026
kim_nam_goo,Kim Nam-goo,Kim,62.0,1964.0,Male,South Korea,Korea Investment Holdings,Finance & Investments,,,2026
kim_nam_jung,Kim Nam-jung,Kim,54.0,1972.0,Male,South Korea,food,Food & Beverage,,,2022
kim_sang_beom,Kim Sang-beom,Kim,65.0,1961.0,Male,South Korea,Semiconductors,Technology,,no-pic,2026
kim_sang_yeol,Kim Sang-yeol,Kim,66.0,1960.0,Male,South Korea,construction,Construction & Engineering,,no-pic,2022
kim_taek_jin,Kim Taek-jin,Kim,59.0,1967.0,Male,South Korea,Online games,Media & Entertainment,,,2026
kimbal_musk,Kimbal Musk,Musk,53.0,1973.0,Male,United States,"Tesla, SpaceX",Automotive,,no-pic,2026
king_bhumibol_adulyadej,King Bhumibol Adulyadej,Adulyadej,123.0,1903.0,Male,Thailand,"investments, real estate",,,no-pic,1997
king_pak_fu,King Pak Fu,King,61.0,1965.0,Male,Hong Kong,real estate,Real Estate,,,2018
kiran_mazumdar_shaw,Kiran Mazumdar-Shaw,Mazumdar-Shaw,73.0,1953.0,Female,India,Biopharmaceuticals,Healthcare,"Founder, Chair And Managing Director, Biocon",,2026
kiril_domuschiev,Kiril Domuschiev,Domuschiev,57.0,1969.0,Male,Bulgaria,"Animal health, investments",Diversified,,no-pic,2026
kirill_minovalov,Kirill Minovalov,Minovalov,55.0,1971.0,Male,Russia,"Agriculture, finance",Diversified,,no-pic,2026
kirill_shamalov,Kirill Shamalov,Shamalov,49.0,1977.0,Male,Russia,petrochemicals,Energy,,,2018
kirit_doshi,Kirit Doshi,Doshi,61.0,1965.0,Male,India,Solar modules,Energy,,no-pic,2026
kirk_kerkorian,Kirk Kerkorian,Kerkorian,116.0,1910.0,Male,United States,"casinos, investments",Gaming,,,2015
kirsten_rausing,Kirsten Rausing,Rausing,73.0,1953.0,Female,Sweden,Packaging,Food & Beverage,,,2026
kishin_rk,Kishin RK,RK,42.0,1984.0,Male,Singapore,"Real estate, hotels",Real Estate,,no-pic,2026
kishore_jain,Kishore Jain,Jain,62.0,1964.0,Male,India,Jewellery,Fashion & Retail,,no-pic,2026
kishore_mariwala,Kishore Mariwala,Mariwala,92.0,1934.0,Male,India,Consumer goods,Food & Beverage,,no-pic,2024
kjeld_kirk_kristiansen,Kjeld Kirk Kristiansen,Kristiansen,78.0,1948.0,Male,Denmark,Lego,Manufacturing,,,2026
kjell_inge_rokke,Kjell Inge Rokke,Rokke,67.0,1959.0,Male,Norway,"Shipping, seafood",Logistics,,,2026
klaus_hellmann,Klaus Hellmann,Hellmann,83.0,1943.0,Male,Germany,logistics,Logistics,,no-pic,2017
klaus_michael_kuehne,Klaus-Michael Kuehne,Kuehne,88.0,1938.0,Male,Germany,Shipping,Logistics,,,2026
klaus_peter_schulenberg,Klaus-Peter Schulenberg,Schulenberg,74.0,1952.0,Male,Germany,Ticketing service,Service,,,2026
klaus_tschira,Klaus Tschira,Tschira,93.0,1933.0,Male,Germany,software,Technology,,,2015
kochouseph_chittilappilly,Kochouseph Chittilappilly,Chittilappilly,75.0,1951.0,Male,India,Electrical appliances,Manufacturing,,no-pic,2026
koh_wee_meng,Koh Wee Meng,Koh,62.0,1964.0,Male,Singapore,"Real estate, hotels",Real Estate,,,2026
kokuei_yuan,Kokuei Yuan,Yuan,52.0,1974.0,Male,Japan,Crypto exchange,Finance & Investments,,no-pic,2026
kommer_damen,Kommer Damen,Damen,82.0,1944.0,Male,Netherlands,Shipbuilding,Manufacturing,,,2026
kong_jian_min,Kong Jian Min,Kong,58.0,1968.0,Male,China,Real estate,Real Estate,,,2023
konstantin_diehl,Konstantin Diehl,Diehl,33.0,1993.0,Male,Germany,"Defense, aviation",Manufacturing,,no-pic,2026
konstantin_goncharov,Konstantin Goncharov,Goncharov,54.0,1972.0,Male,Russia,transportation,Logistics,,no-pic,2026
konstantin_grigorishin,Konstantin Grigorishin,Grigorishin,68.0,1958.0,Male,Russia,power engineering,Energy,,,2015
konstantin_nikolaev,Konstantin Nikolaev,Nikolaev,55.0,1971.0,Male,Russia,"ports, railway transport",Logistics,,,2026
konstantin_sixt,Konstantin Sixt,Sixt,43.0,1983.0,Male,Germany,Car rentals,Automotive,,no-pic,2026
konstantin_strukov,Konstantin Strukov,Strukov,67.0,1959.0,Male,Russia,"Gold, coal mining",Metals & Mining,,no-pic,2025
koo_bon_joon,Koo Bon-joon,Koo,76.0,1950.0,Male,South Korea,"electronics, household products",Technology,LG Electronics,,2021
koo_bon_moo,Koo Bon-Moo,Koo,86.0,1940.0,Male,South Korea,Diversified,Diversified,LG Corp,,2018
koo_bon_neung,Koo Bon-neung,Koo,77.0,1949.0,Male,South Korea,Electronics,Technology,Heesung Electronics,,2026
koo_bon_sik,Koo Bon-sik,Koo,67.0,1959.0,Male,South Korea,LG,Technology,Heesung,,2026
koo_kwang_mo,Koo Kwang-mo,Koo,48.0,1978.0,Male,South Korea,LG,Diversified,,,2026
koon_poh_keong,Koon Poh Keong,Koon,65.0,1961.0,Male,Malaysia,Aluminum,Manufacturing,,no-pic,2026
koon_poh_ming,Koon Poh Ming,Koon,69.0,1957.0,Male,Malaysia,aluminum,Metals & Mining,,no-pic,2026
koos_bekker,Koos Bekker,Bekker,73.0,1953.0,Male,South Africa,"Media, investments",Media & Entertainment,,,2026
kostyantin_zhevago,Kostyantin Zhevago,Zhevago,52.0,1974.0,Male,Ukraine,Mining,Metals & Mining,,,2026
krishna_kumar_bangur,Krishna Kumar Bangur,Bangur,65.0,1961.0,Male,India,Graphite electrodes,Manufacturing,,no-pic,2026
kristina_hollweg,Kristina Hollweg,Hollweg,57.0,1969.0,Female,Germany,Plumbing and heating supplies,Manufacturing,,no-pic-female,2026
kristo_kaarmann,Kristo Käärmann,Käärmann,45.0,1981.0,Male,Estonia,"Payments, banking",Finance & Investments,"Cofounder, Wise",no-pic,2026
krit_ratanarak,Krit Ratanarak,Ratanarak,80.0,1946.0,Male,Thailand,"Media, real estate",Media & Entertainment,,,2025
kuan_kam_hon,Kuan Kam Hon,Kuan,79.0,1947.0,Male,Malaysia,rubber gloves,Manufacturing,,,2022
kuldip_singh_dhingra,Kuldip Singh Dhingra,Dhingra,78.0,1948.0,Male,India,Paints,Manufacturing,,no-pic,2026
kuldip_singh_gurbachan_singh_dhingra,Kuldip Singh & Gurbachan Singh Dhingra,Dhingra,,,Male,India,paints,Manufacturing,,,2021
kumar_birla,Kumar Birla,Birla,58.0,1968.0,Male,India,Diversified,Diversified,,,2026
kumud_bajaj,Kumud Bajaj,Bajaj,71.0,1955.0,Female,India,Diversified,Diversified,,no-pic-female,2026
kunio_busujima,Kunio Busujima,Busujima,108.0,1918.0,Male,Japan,pachinko machines,Gambling & Casinos,,,2016
kuok_khoon_hong,Kuok Khoon Hong,Kuok,76.0,1950.0,Male,Singapore,Palm oil,Manufacturing,,,2026
kurt_krieger,Kurt Krieger,Krieger,78.0,1948.0,Male,Germany,furniture retailing,Fashion & Retail,,no-pic,2026
kushal_desai,Kushal Desai,Desai,59.0,1967.0,Male,India,Electrical cables,Manufacturing,,no-pic,2026
kushal_pal_singh,Kushal Pal Singh,Singh,94.0,1932.0,Male,India,Real estate,Real Estate,,,2026
kutayba_alghanim,Kutayba Alghanim,Alghanim,83.0,1943.0,Male,Kuwait,diversified,Diversified,,,2020
kwak_dong_shin,Kwak Dong Shin,Kwak,51.0,1975.0,Male,South Korea,Semiconductors,Technology,,no-pic,2026
kwee,Kwee brothers,Kwee,,,Male,Singapore,Real Estate,Real Estate,,,2022
kwee_liong_keng,Kwee Liong Keng,Kwee,80.0,1946.0,Male,Singapore,Real estate,Real Estate,,no-pic,2026
kwee_liong_phing,Kwee Liong Phing,Kwee,68.0,1958.0,Male,Singapore,Real estate,Real Estate,,no-pic,2026
kwee_liong_seen,Kwee Liong Seen,Kwee,73.0,1953.0,Male,Singapore,Real estate,Real Estate,,no-pic,2026
kwee_liong_tek,Kwee Liong Tek,Kwee,79.0,1947.0,Male,Singapore,Real estate,Real Estate,,no-pic,2026
kwek_leng_beng,Kwek Leng Beng,Kwek,85.0,1941.0,Male,Singapore,Diversified,Diversified,,,2026
kwek_leng_kee,Kwek Leng Kee,Kwek,71.0,1955.0,Male,Singapore,Diversified,Diversified,,no-pic,2026
kwek_leng_keow,Kwek Leng Keow,Kwek,74.0,1952.0,Male,Singapore,Diversified,Diversified,,no-pic,2026
kwek_leng_peck,Kwek Leng Peck,Kwek,70.0,1956.0,Male,Singapore,Diversified,Diversified,,no-pic,2026
kwon_hyuk_bin,Kwon Hyuk-bin,Kwon,52.0,1974.0,Male,South Korea,Online games,Media & Entertainment,Smilegate Holdings,,2026
kwong_siu_hing,Kwong Siu-hing,Kwong,96.0,1930.0,Female,Hong Kong,Real estate,Real Estate,,no-pic-female,2026
kylie_jenner,Kylie Jenner,Jenner,31.0,1995.0,Female,United States,cosmetics,Fashion & Retail,"Founder, Kylie Cosmetics",no-pic-female,2020
lachhman_das_mittal,Lachhman Das Mittal,Mittal,95.0,1931.0,Male,India,Tractors,Automotive,,,2026
lai_baosheng,Lai Baosheng,Lai,,,Male,China,consumer technology,Technology,,no-pic,2021
lai_guogui,Lai Guogui,Lai,62.0,1964.0,Male,China,machinery,Manufacturing,,no-pic,2026
lai_jianfa,Lai Jianfa,Lai,,,Male,China,Express delivery,Logistics,,no-pic,2026
lai_jianping,Lai Jianping,Lai,,,Male,China,Soy sauce,Food & Beverage,,no-pic,2026
lai_meisong,Lai Meisong,Lai,55.0,1971.0,Male,China,Package delivery,Logistics,,no-pic,2026
lai_shixian,Lai Shixian,Lai,51.0,1975.0,Male,China,Sports apparel,Fashion & Retail,,no-pic,2026
lakshmi_mittal,Lakshmi Mittal,Mittal,75.0,1951.0,Male,India,Steel,Metals & Mining,,,2026
lalit_keshre,Lalit Keshre,Keshre,44.0,1982.0,Male,India,Financial Services,Finance & Investments,,no-pic,2026
lalit_khaitan,Lalit Khaitan,Khaitan,82.0,1944.0,Male,India,alcohol,Food & Beverage,,no-pic,2026
lam_fong_ngo,Lam Fong Ngo,Lam,,,Female,Macau,casinos,Gaming,,,2014
lam_kong,Lam Kong,Lam,61.0,1965.0,Male,China,Pharmaceuticals,Healthcare,,,2026
lam_lung_on,Lam Lung On,Lam,63.0,1963.0,Male,China,real estate,Real Estate,,no-pic,2021
lam_wai_ying,Lam Wai-ying,Lam,68.0,1958.0,Female,Hong Kong,Smartphone screens,Manufacturing,"Chairman, Biel Crystal",no-pic-female,2026
lamar_hunt_jr,"Lamar Hunt, Jr.",Hunt,69.0,1957.0,Male,United States,Kansas City Chiefs,Sports,,no-pic,2026
lance_gokongwei,Lance Gokongwei,Gokongwei,59.0,1967.0,Male,Philippines,Diversified,Diversified,,no-pic,2024
lang_walker,Lang Walker,Walker,80.0,1946.0,Male,Australia,Real estate,Real Estate,,,2023
larry_connor,Larry Connor,Connor,76.0,1950.0,Male,United States,Real estate,Real Estate,,no-pic,2026
larry_culp,Larry Culp,Culp,63.0,1963.0,Male,United States,"General Electric, manufacturing",Manufacturing,,no-pic,2026
larry_ellison,Larry Ellison,Ellison,81.0,1945.0,Male,United States,Oracle,Technology,"CTO and Founder, Oracle",,2026
larry_fink,Larry Fink,Fink,73.0,1953.0,Male,United States,money management,Finance & Investments,"Founder, CEO, BlackRock",,2026
larry_page,Larry Page,Page,53.0,1973.0,Male,United States,Google,Technology,"Cofounder and board member, Alphabet",,2026
larry_robbins,Larry Robbins,Robbins,56.0,1970.0,Male,United States,Hedge funds,Finance & Investments,"Founder, Glenview Capital Management",,2026
larry_silverstein,Larry Silverstein,Silverstein,94.0,1932.0,Male,United States,Real estate,Real Estate,,no-pic,2026
larry_tanenbaum,Larry Tanenbaum,Tanenbaum,80.0,1946.0,Male,Canada,Sports,Sports,,no-pic,2026
larry_xiangdong_chen,Larry Xiangdong Chen,Chen,56.0,1970.0,Male,China,education,Service,,no-pic,2021
larry_yung,Larry Yung,Yung,94.0,1932.0,Male,China,diversified,Diversified,,,2013
lars_larsen,Lars Larsen,Larsen,81.0,1945.0,Male,Denmark,retail,Fashion & Retail,,,2019
lars_wingefors,Lars Wingefors,Wingefors,49.0,1977.0,Male,Sweden,Video games,Media & Entertainment,,no-pic,2023
laszlo_szijj,Laszlo Szijj,Szijj,67.0,1959.0,Male,Hungary,Construction,Construction & Engineering,,no-pic,2026
lau_cho_kun,Lau Cho Kun,Lau,90.0,1936.0,Male,Malaysia,"Palm oil, property",Diversified,,,2026
laura_diehl,Laura Diehl,Diehl,37.0,1989.0,Female,Germany,"Defense, aviation",Manufacturing,,no-pic-female,2026
laura_love,Laura Love,Love,63.0,1963.0,Female,United States,gas stations,Fashion & Retail,,no-pic-female,2026
laurans_mendelson,Laurans Mendelson,Mendelson,88.0,1938.0,Male,United States,Aerospace,Construction & Engineering,,no-pic,2025
lauren_leichtman,Lauren Leichtman,Leichtman,76.0,1950.0,Female,United States,Private equity,Finance & Investments,,no-pic-female,2026
laurence_escalante,Laurence Escalante,Escalante,44.0,1982.0,Male,Australia,gaming,Gambling & Casinos,,no-pic,2026
laurence_graff,Laurence Graff,Graff,87.0,1939.0,Male,United Kingdom,Diamond jewelry,Fashion & Retail,,,2026
laurene_powell_jobs,Laurene Powell Jobs,Powell Jobs,62.0,1964.0,Female,United States,"Apple, Disney",Technology,"Founder, Emerson Collective",,2026
laurent_burelle,Laurent Burelle,Burelle,83.0,1943.0,Male,France,automotive systems,Automotive,,,2016
laurent_dassault,Laurent Dassault,Dassault,72.0,1954.0,Male,France,Diversified,Diversified,,no-pic,2026
laurent_junique,Laurent Junique,Junique,60.0,1966.0,Male,France,Call centers,Technology,,no-pic,2026
laurie_tisch,Laurie Tisch,Tisch,75.0,1951.0,Female,United States,"Loews, New York Giants",Diversified,,no-pic-female,2026
law_kar_po,Law Kar Po,Law,77.0,1949.0,Male,Hong Kong,Real estate,Real Estate,,,2026
lawrence_golub,Lawrence Golub,Golub,66.0,1960.0,Male,United States,Private equity,Finance & Investments,"Chief Executive Officer, Golub Capital",no-pic,2026
lawrence_ho,Lawrence Ho,Ho,49.0,1977.0,Male,Hong Kong,Casinos,Gambling & Casinos,,,2023
lawrence_rossy,Lawrence Rossy,Rossy,88.0,1938.0,Male,Canada,dollar stores,Fashion & Retail,,no-pic,2018
lawrence_stroll,Lawrence Stroll,Stroll,66.0,1960.0,Male,Canada,Fashion investments,Fashion & Retail,,,2026
leandro_rizzuto,Leandro Rizzuto,Rizzuto,94.0,1932.0,Male,United States,consumer products,Manufacturing,,no-pic,2017
lebron_james,LeBron James,James,41.0,1985.0,Male,United States,Basketball,Sports,"Athlete, NBA",,2026
lee_bass,Lee Bass,Bass,69.0,1957.0,Male,United States,"Oil, investments",Energy,,,2026
lee_boo_jin,Lee Boo-jin,Lee,55.0,1971.0,Female,South Korea,Samsung,Technology,"President and CEO, Hotel Shilla",,2026
lee_chae_yoon,Lee Chae-yoon,Lee,75.0,1951.0,Male,South Korea,Semiconductors,Technology,,no-pic,2026
lee_dong_chae,Lee Dong-chae,Lee,66.0,1960.0,Male,South Korea,Chemicals,Manufacturing,,no-pic,2026
lee_family,Lee family,Lee,,,Male,Hong Kong,,,,,2001
lee_hae_jin,Lee Hae-jin,Lee,58.0,1968.0,Male,South Korea,Internet,Technology,NAVER Corp.,,2026
lee_ho_jin,Lee Ho-jin,Lee,63.0,1963.0,Male,South Korea,Diversified,Diversified,Taekwang Industrial,,2026
lee_hwa_kyung,Lee Hwa-kyung,Lee,70.0,1956.0,Female,South Korea,Confectionery,Food & Beverage,Orion,,2026
lee_jay_hyun,Lee Jay-hyun,Lee,66.0,1960.0,Male,South Korea,"food products, entertainment",Diversified,CJ Corporation,,2026
lee_joon_ho,Lee Joon-ho,Lee,61.0,1965.0,Male,South Korea,Online games,Media & Entertainment,NHN Entertainment,,2026
lee_joong_keun,Lee Joong-keun,Lee,85.0,1941.0,Male,South Korea,"Construction, real estate",Construction & Engineering,Booyoung Group,,2023
lee_kar_whatt,Lee Kar Whatt,Lee,52.0,1974.0,Male,Malaysia,Dollar store,Fashion & Retail,,no-pic,2026
lee_kun_hee,Lee Kun-hee,Lee,87.0,1939.0,Male,South Korea,Samsung,Diversified,"Chairman, Samsung Electronics Co. Ltd.",,2020
lee_man_tat,Lee Man Tat,Lee,98.0,1928.0,Male,Hong Kong,food,Food & Beverage,,,2021
lee_myung_hee,Lee Myung-hee,Lee,86.0,1940.0,Female,South Korea,retail,Fashion & Retail,Shinsegae,,2019
lee_sang_hoon,Lee Sang-hoon,Lee,63.0,1963.0,Male,United States,Biotech,Healthcare,,no-pic,2026
lee_sang_hyuk,Lee Sang-hyuk,Lee,57.0,1969.0,Male,South Korea,investments,Technology,Yello Mobile,,2020
lee_sang_ryul,Lee Sang-ryul,Lee,65.0,1961.0,Male,South Korea,chemicals,Manufacturing,"Co-CEO, Chunbo",no-pic,2022
lee_seng_wee,Lee Seng Wee,Lee,113.0,1913.0,Male,Singapore,,Finance and Investments,,,2006
lee_seo_hyun,Lee Seo-hyun,Lee,52.0,1974.0,Female,South Korea,Samsung,Technology,,,2026
lee_seung_gun,Lee Seung-gun,Lee,45.0,1981.0,Male,South Korea,fintech,Technology,,no-pic,2022
lee_shau_kee,Lee Shau Kee,Lee,99.0,1927.0,Male,Hong Kong,Real estate,Real Estate,,,2024
lee_shin_cheng,Lee Shin Cheng,Lee,91.0,1935.0,Male,Malaysia,"palm oil, property",Manufacturing,,,2019
lee_su_jin,Lee Su-jin,Lee,48.0,1978.0,Male,South Korea,Hospitality,Technology,,no-pic,2026
lee_thiam_wah,Lee Thiam Wah,Lee,62.0,1964.0,Male,Malaysia,Retailing,Fashion & Retail,,no-pic,2026
lee_yeow_chor,Lee Yeow Chor,Lee,59.0,1967.0,Male,Malaysia,"Palm oil, property",Real Estate,,no-pic,2026
lee_yeow_chor_yeow_seng,Lee Yeow Chor & Yeow Seng,Lee,,,Male,Malaysia,"palm oil, property",Food & Beverage,,no-pic,2022
lee_yeow_seng,Lee Yeow Seng,Lee,48.0,1978.0,Male,Malaysia,"Palm oil, property",Real Estate,,no-pic,2026
leena_tewari,Leena Tewari,Tewari,68.0,1958.0,Female,India,Pharmaceuticals,Healthcare,,,2026
lei_jin,Lei Jin,Jin,60.0,1966.0,Male,China,Pharmaceuticals,Healthcare,,no-pic,2023
lei_jufang,Lei Jufang,Lei,73.0,1953.0,Female,China,Pharmaceuticals,Healthcare,,,2026
lei_jun,Lei Jun,Lei,56.0,1970.0,Male,China,"Smartphones, automobiles",Technology,"Founder and CEO, Xiaomi",,2026
lei_zhang,Lei Zhang,Zhang,53.0,1973.0,Male,China,Investments,Finance & Investments,,no-pic,2023
len_ainsworth,Len Ainsworth,Ainsworth,107.0,1919.0,Male,Australia,betting machines,Gambling & Casinos,,,2018
len_blavatnik,Len Blavatnik,Blavatnik,68.0,1958.0,Male,United States,"Music, chemicals",Diversified,,,2026
len_buckeridge,Len Buckeridge,Buckeridge,99.0,1927.0,Male,Australia,construction,Construction & Engineering,,,2014
leng_youbin,Leng Youbin,Leng,57.0,1969.0,Male,China,Infant formula,Food & Beverage,,no-pic,2026
lennart_blecher,Lennart Blecher,Blecher,72.0,1954.0,Male,Sweden,financial services,Finance & Investments,,no-pic,2024
leo_huang,Leo Huang,Huang,75.0,1951.0,Male,Taiwan,Testing equipment,Manufacturing,,no-pic,2026
leo_koguan,Leo KoGuan,Leo,71.0,1955.0,Male,United States,IT provider,Technology,,no-pic,2026
leon_black,Leon Black,Black,74.0,1952.0,Male,United States,Private equity,Finance & Investments,,,2026
leon_charney,Leon Charney,Charney,94.0,1932.0,Male,United States,real estate,Real Estate,,,2016
leon_g_cooperman,Leon G. Cooperman,Cooperman,83.0,1943.0,Male,United States,Hedge funds,Finance & Investments,"Founder, Omega Advisors, Inc.",,2026
leonard_abess,Leonard Abess,Abess,77.0,1949.0,Male,United States,Banking,Finance & Investments,,no-pic,2026
leonard_lauder,Leonard Lauder,Lauder,93.0,1933.0,Male,United States,Estee Lauder,Fashion & Retail,,,2025
leonard_schleifer,Leonard Schleifer,Schleifer,73.0,1953.0,Male,United States,Pharmaceuticals,Healthcare,"CEO and Founder, Regeneron Pharmaceuticals",,2026
leonard_stern,Leonard Stern,Stern,88.0,1938.0,Male,United States,Real estate,Real Estate,"Chairman and CEO, Hartz Mountain Industries, Inc.",,2026
leonardo_del_vecchio,Leonardo Del Vecchio,Del Vecchio,91.0,1935.0,Male,Italy,eyeglasses,Fashion & Retail,,,2022
leonardo_maria_del_vecchio,Leonardo Maria Del Vecchio,Del Vecchio,30.0,1996.0,Male,Italy,Eyeglasses,Fashion & Retail,,no-pic,2026
leone_benetton,Leone Benetton,Benetton,41.0,1985.0,Male,Italy,"fashion retail, investments",Fashion & Retail,,no-pic,2026
leonid_boguslavsky,Leonid Boguslavsky,Boguslavsky,74.0,1952.0,Male,Canada,Venture capital,Finance & Investments,,,2026
leonid_fedun,Leonid Fedun,Fedun,70.0,1956.0,Male,Russia,Oil,Energy,,,2026
leonid_mikhelson,Leonid Mikhelson,Mikhelson,70.0,1956.0,Male,Russia,"Gas, chemicals",Energy,,,2026
leonid_radvinsky,Leonid Radvinsky,Radvinsky,43.0,1983.0,Male,United States,OnlyFans,Technology,,no-pic,2026
leonid_simanovsky,Leonid Simanovsky,Simanovsky,76.0,1950.0,Male,Russia,Investments,Finance & Investments,,,2026
leonie_baldock,Leonie Baldock,Baldock,54.0,1972.0,Female,Australia,Mining,Metals & Mining,,no-pic-female,2026
leopoldo_espinosa_abdala,Leopoldo Espinosa Abdalá,Espinosa Abdalá,,,Male,Mexico,Pharmaceutical,Healthcare,,no-pic,2026
les_wexner,Les Wexner,Wexner,88.0,1938.0,Male,United States,Retail,Fashion & Retail,,,2026
lesley_bamberger,Lesley Bamberger,Bamberger,60.0,1966.0,Male,Netherlands,Real estate,Real Estate,,no-pic,2026
leslie_alexander,Leslie Alexander,Alexander,82.0,1944.0,Male,United States,Sports team,Sports,,,2026
leslie_lampton,Leslie Lampton,Lampton,115.0,1911.0,Male,United States,,Energy,,no-pic,2009
leszek_czarnecki,Leszek Czarnecki,Czarnecki,72.0,1954.0,Male,Poland,finance,Finance,,,2015
lev_kvetnoi,Lev Kvetnoi,Kvetnoi,60.0,1966.0,Male,Russia,Cement,Finance & Investments,,,2026
lev_leviev,Lev Leviev,Leviev,75.0,1951.0,Male,Israel,diamonds,Metals & Mining,,,2018
leyla_tara_suyabatmaz,Leyla Tara Suyabatmaz,Tara Suyabatmaz,59.0,1967.0,Female,Turkey,Construction,Construction & Engineering,,no-pic-female,2026
li_chunan,Li Chunan,Li,57.0,1969.0,Male,China,Solar wafers and modules,Manufacturing,,no-pic,2026
li_denghai,Li Denghai,Li,76.0,1950.0,Male,China,Seed production,Food & Beverage,,,2023
li_dongjun,Li Dongjun,Li,73.0,1953.0,Male,China,logistics,Logistics,,no-pic,2017
li_fuchao,Li Fuchao,Li,75.0,1951.0,Male,China,auto parts,Automotive,,no-pic,2016
li_fucheng,Li Fucheng,Li,86.0,1940.0,Male,China,agribusiness,Food and Beverage,,no-pic,2017
li_gaiteng,Li Gaiteng,Li,54.0,1972.0,Male,China,Hair dryers,Manufacturing,,no-pic,2026
li_ge,Li Ge,Li,59.0,1967.0,Male,United States,Pharmaceuticals,Healthcare,,no-pic,2026
li_guangyu,Li Guangyu,Li,64.0,1962.0,Male,China,education,Service,,no-pic,2021
li_guoqiang,Li Guoqiang,Li,62.0,1964.0,Male,China,Auto dealerships,Automotive,,no-pic,2026
li_guoqing,Li Guoqing,Li,56.0,1970.0,Male,China,Petro Fibre,Manufacturing,,no-pic,2023
li_haiyan,Li Haiyan,Li,54.0,1972.0,Female,China,Restaurants,Food & Beverage,,no-pic-female,2026
li_haizhou,Li Haizhou,Li,,,Male,China,machinery,Manufacturing,,no-pic,2026
li_hejun,Li Hejun,Li,64.0,1962.0,Male,China,renewable energy,Energy,,,2017
li_hongjing,Li Hongjing,Li,58.0,1968.0,Male,China,auto parts,Automotive,,no-pic,2026
li_hongxin,Li Hongxin,Li,73.0,1953.0,Male,China,Paper & related products,Manufacturing,,no-pic,2026
li_hua,Li Hua,Li,48.0,1978.0,Male,China,Financial services,Finance & Investments,,no-pic,2026
li_jianguo,Li Jianguo,Li,61.0,1965.0,Male,China,Telecom,Telecom,,no-pic,2026
li_jianli,Li Jianli,Li,53.0,1973.0,Male,China,Battery parts,Manufacturing,,no-pic,2026
li_jianquan,Li Jianquan,Li,69.0,1957.0,Male,Hong Kong,Consumer products,Healthcare,,no-pic,2026
li_jiaquan,Li Jiaquan,Li,62.0,1964.0,Male,China,Chemicals,Manufacturing,,no-pic,2026
li_jinyang,Li Jinyang,Li,43.0,1983.0,Female,China,Mining,Metals & Mining,,no-pic-female,2026
li_jun,Li Jun,Li,66.0,1960.0,Male,China,electronics,Manufacturing,,no-pic,2018
li_ka_shing,Li Ka-shing,Li,97.0,1929.0,Male,Hong Kong,Diversified,Diversified,"Senior Advisor, CK Hutchison Holdings",,2026
li_li_2,Li Li,Li,62.0,1964.0,Male,China,Pharmaceuticals,Healthcare,,,2023
li_li_3,Li Li,Li,60.0,1966.0,Male,China,Healthcare,Healthcare,,no-pic,2026
li_liangbin,Li Liangbin,Li,58.0,1968.0,Male,China,Lithium,Manufacturing,,no-pic,2026
li_liufa,Li Liufa,Li,70.0,1956.0,Male,China,"steel, diversified",Diversified,,,2024
li_min,Li Min,Li,60.0,1966.0,Male,China,Semiconductor,Technology,,no-pic,2026
li_ming,Li Ming,Li,58.0,1968.0,Male,Hong Kong,investments,Finance & Investments,,no-pic,2026
li_ping_1,Li Ping,Li,58.0,1968.0,Male,Hong Kong,Batteries,Energy,,no-pic,2026
li_qiong,Li Qiong,Li,48.0,1978.0,Female,China,online games,Media & Entertainment,,no-pic-female,2026
li_rucheng,Li Rucheng,Li,74.0,1952.0,Male,China,Apparel,Fashion & Retail,,,2026
li_ruiqiang,Li Ruiqiang,Li,46.0,1980.0,Male,China,Medical services,Healthcare,,no-pic,2023
li_san_yim,Li San Yim,Li,76.0,1950.0,Male,China,construction equipment,Manufacturing,,,2026
li_shufu,Li Shufu,Li,62.0,1964.0,Male,China,Automobiles,Automotive,,,2023
li_shui_po,Li Shui-po,Li,69.0,1957.0,Male,Taiwan,Stainless steel products,Manufacturing,,no-pic,2026
li_shuirong,Li Shuirong,Li,69.0,1957.0,Male,China,Petrochemicals,Manufacturing,,,2026
li_sze_lim,Li Sze Lim,Li,70.0,1956.0,Male,Hong Kong,Real estate,Real Estate,,,2024
li_tan,Li Tan,Li,62.0,1964.0,Female,China,pharmaceuticals,Healthcare,,no-pic-female,2022
li_wa,Li Wa,Li,60.0,1966.0,Male,Hong Kong,Real estate,Real Estate,,,2023
li_wanqiang,Li Wanqiang,Li,48.0,1978.0,Male,China,Smartphones,Technology,,no-pic,2026
li_weiguo,Li Weiguo,Li,61.0,1965.0,Male,China,Construction materials,Manufacturing,,no-pic,2026
li_weiwei,Li Weiwei,Li,49.0,1977.0,Male,China,Online games,Technology,,no-pic,2026
li_wenmei,Li Wenmei,Li,64.0,1962.0,Male,China,medical equipment,Healthcare,,no-pic,2022
li_xiang,Li Xiang,Li,44.0,1982.0,Male,China,Electric vehicles,Automotive,,no-pic,2026
li_xiang_1,Li Xiang,Li,44.0,1982.0,Male,China,Electric vehicles,Automotive,,no-pic,2023
li_xianyu,Li Xianyu,Li,75.0,1951.0,Male,China,pharmaceuticals,Healthcare,,no-pic,2020
li_xiaohua,Li Xiaohua,Li,64.0,1962.0,Male,China,Packaging,Manufacturing,,no-pic,2026
li_xiting,Li Xiting,Li,75.0,1951.0,Male,Singapore,Medical devices,Healthcare,,no-pic,2026
li_xuechun_1,Li Xuechun,Li,75.0,1951.0,Male,China,Chemicals,Manufacturing,,no-pic,2026
li_xuhui,Li Xuhui,Li,57.0,1969.0,Female,China,Soy sauce,Food & Beverage,,no-pic-female,2026
li_yihai,Li Yihai,Li,68.0,1958.0,Male,China,pharmaceuticals,Healthcare,,no-pic,2018
li_yinan,Li Yinan,Li,58.0,1968.0,Male,China,Investments,Finance & Investments,,no-pic,2021
li_yong_1,Li Yong,Li,54.0,1972.0,Male,China,chemicals,Manufacturing,,no-pic,2018
li_yong_4,Li Yong,Li,54.0,1972.0,Male,China,education,Media & Entertainment,,no-pic,2021
li_yongjun,Li Yongjun,Li,67.0,1959.0,Male,China,food,Food and Beverage,,no-pic,2015
li_yongqing,Li Yongqing,Li,61.0,1965.0,Male,China,Petro Firbe,Manufacturing,,no-pic,2023
li_yongxin,Li Yongxin,Li,50.0,1976.0,Male,China,Education,Service,,no-pic,2023
li_zhen,Li Zhen,Li,62.0,1964.0,Male,China,Lithium batteries,Manufacturing,,no-pic,2026
li_zhenguo_1,Li Zhenguo,Li,58.0,1968.0,Male,China,Solar wafers and modules,Manufacturing,,no-pic,2026
li_zhenjiang,Li Zhenjiang,Li,79.0,1947.0,Male,China,pharmaceuticals,Healthcare,,,2013
li_zhigang,Li Zhigang,Li,49.0,1977.0,Male,China,Machinery,Manufacturing,,no-pic,2026
li_zhiyuan,Li Zhiyuan,Li,71.0,1955.0,Male,China,Electrical components,Manufacturing,,no-pic,2026
li_zhongchu,Li Zhongchu,Li,62.0,1964.0,Male,China,Software,Technology,,no-pic,2026
li_zongsong,Li Zongsong,Li,63.0,1963.0,Male,China,pharmaceuticals,Healthcare,,no-pic,2018
lia_maria_aguiar,Lia Maria Aguiar,Aguiar,88.0,1938.0,Female,Brazil,banking,Finance & Investments,,no-pic-female,2026
liang_feng,Liang Feng,Liang,57.0,1969.0,Male,China,Manufacturing,Manufacturing,,no-pic,2026
liang_guangwei,Liang Guangwei,Liang,62.0,1964.0,Male,China,Conglomerate,Manufacturing,,no-pic,2026
liang_jiankun,Liang Jiankun,Liang,65.0,1961.0,Male,China,cobalt mining,Metals & Mining,,no-pic,2022
liang_qin,Liang Qin,Liang,54.0,1972.0,Female,China,Semiconductor devices,Technology,,no-pic-female,2026
liang_rubo_1,Liang Rubo,Liang,43.0,1983.0,Male,China,TikTok,Technology,,no-pic,2026
liang_shezeng,Liang Shezeng,Liang,99.0,1927.0,Male,China,real estate,Real Estate,,no-pic,2018
liang_wenfeng,Liang Wenfeng,Liang,41.0,1985.0,Male,China,"AI, hedge fund",Technology,,no-pic,2026
liang_wengen,Liang Wengen,Liang,69.0,1957.0,Male,China,Construction equipment,Manufacturing,,,2026
liang_xinjun,Liang Xinjun,Liang,57.0,1969.0,Male,Singapore,Investments,Finance & Investments,,,2026
liang_yanfeng,Liang Yanfeng,Liang,63.0,1963.0,Male,China,real estate,Real Estate,,no-pic,2021
liang_yaoming,Liang Yaoming,Liang,64.0,1962.0,Male,China,diagnostics,Healthcare,,no-pic,2021
liang_yunchao,Liang Yunchao,Liang,57.0,1969.0,Male,China,Nutritional supplements,Food & Beverage,,,2026
liang_zhaoxian,Liang Zhaoxian,Liang,63.0,1963.0,Male,China,Appliances,Manufacturing,,,2026
liangzhi_xie,Liangzhi Xie,Xie,60.0,1966.0,Male,China,Biotech,Healthcare,,no-pic,2023
liao_chang,Liao Chang,Liao,64.0,1962.0,Male,China,wine,Food and Beverage,,no-pic,2018
liao_long_shing,Liao Long-shing,Liao,78.0,1948.0,Male,Taiwan,petrochemicals,Manufacturing,,,2018
lidiya_mikhailova_family,Lidiya Mikhailova,Mikhailova & family,70.0,1956.0,Female,Russia,agribusiness,Food & Beverage,,no-pic-female,2021
liesel_pritzker_simmons,Liesel Pritzker Simmons,Pritzker Simmons,42.0,1984.0,Female,United States,"Hotels, investments",Diversified,,no-pic-female,2026
lilian_werninghaus,Lilian Werninghaus,Werninghaus,100.0,1926.0,Female,Brazil,industrial machinery,Manufacturing,,no-pic-female,2014
liliane_bettencourt,Liliane Bettencourt,Bettencourt,109.0,1917.0,Female,France,L'Oreal,Fashion & Retail,,,2017
lillian_teh_li_ming,Lillian Teh Li Ming,Lillian Teh,,,Female,Malaysia,Banking,Finance & Investments,,no-pic-female,2026
lillyn_teh_li_hua,Lillyn Teh Li Hua,Lillyn Teh,,,Female,Malaysia,Finance,Finance & Investments,,no-pic-female,2026
lily_safra,Lily Safra,Safra,92.0,1934.0,Female,Monaco,banking,Finance & Investments,,,2022
lim_chai_hock,Lim Chai Hock,Lim,66.0,1960.0,Male,Malaysia,Coal,Energy,,no-pic,2026
lim_chap_huat,Lim Chap Huat,Lim,71.0,1955.0,Male,Singapore,Property,Real Estate,,,2026
lim_hariyanto_wijaya_sarwono,Lim Hariyanto Wijaya Sarwono,Lim,97.0,1929.0,Male,Indonesia,"Palm oil, nickel mining",Metals & Mining,,,2026
lim_kaling,Lim Kaling,Lim,62.0,1964.0,Male,Singapore,Gaming hardware,Media & Entertainment,,no-pic,2026
lim_kok_thay,Lim Kok Thay,Lim,74.0,1952.0,Male,Malaysia,Casinos,Gambling & Casinos,,,2026
lim_oon_kuin,Lim Oon Kuin,Lim,85.0,1941.0,Male,Singapore,oil trading,Energy,,no-pic,2020
lim_sung_ki,Lim Sung-ki,Lim,90.0,1936.0,Male,South Korea,pharmaceuticals,Healthcare,Hanmi Holdings,,2019
lim_wee_chai,Lim Wee Chai,Lim,68.0,1958.0,Male,Malaysia,Rubber gloves,Manufacturing,,,2026
lin_bin,Lin Bin,Lin,58.0,1968.0,Male,United States,Smartphones,Technology,,,2026
lin_chang_su_o,Lin Chang Su-O,Lin,85.0,1941.0,Female,Taiwan,Real estate,Real Estate,,no-pic-female,2026
lin_chen_hai,Lin Chen-hai,Lin,79.0,1947.0,Male,Taiwan,Real estate,Real Estate,,no-pic,2026
lin_dingqiang,Lin Dingqiang,Lin,59.0,1967.0,Male,Hong Kong,Real estate,Real Estate,,no-pic,2025
lin_fanlian,Lin Fanlian,Lin,64.0,1962.0,Male,China,"Energy, real estate",Energy,,no-pic,2026
lin_jianhua,Lin Jianhua,Lin,63.0,1963.0,Male,China,Solar panel components,Manufacturing,,,2026
lin_jie,Lin Jie,Lin,58.0,1968.0,Female,China,pharmaceuticals,Healthcare,,no-pic-female,2022
lin_lairong,Lin Lairong,Lin,57.0,1969.0,Male,China,Iron ore mining,Metals & Mining,,no-pic,2026
lin_li,Lin Li,Lin,63.0,1963.0,Male,China,Investments,Finance & Investments,,no-pic,2026
lin_ming_cheng,Lin Ming-Cheng,Lin,95.0,1931.0,Male,Taiwan,finance,Finance and Investments,,,2011
lin_ming_hsiung,Lin Ming-hsiung,Lin,76.0,1950.0,Male,Taiwan,Supermarkets,Fashion & Retail,,,2026
lin_muqin,Lin Muqin,Lin,62.0,1964.0,Male,China,Beverages,Food & Beverage,,no-pic,2026
lin_por_chun,Lin Por-Chun,Lin,77.0,1949.0,Male,Taiwan,Glass,Manufacturing,,no-pic,2026
lin_por_fong,Lin Por-Fong,Lin,83.0,1943.0,Male,Taiwan,Glass,Manufacturing,,no-pic,2026
lin_por_shih,Lin Por-Shih,Lin,81.0,1945.0,Male,Taiwan,Glass,Manufacturing,,no-pic,2026
lin_rong_san,Lin Rong San,Lin,94.0,1932.0,Male,Taiwan,real estate,Real Estate,,,2015
lin_shu_hong,Lin Shu-hong,Lin,97.0,1929.0,Male,Taiwan,Petrochemicals,Manufacturing,,no-pic,2026
lin_tianfu,Lin Tianfu,Lin,68.0,1958.0,Male,Hong Kong,"footwear, apparel",Fashion & Retail,,,2018
lin_tsung_chi,Lin Tsung-Chi,Lin,85.0,1941.0,Male,Taiwan,Furniture rails,Manufacturing,,no-pic,2026
lin_xiucheng,Lin Xiucheng,Lin,70.0,1956.0,Male,China,Electronics,Technology,,,2026
lin_yi,Lin Yi,Lin,,,Male,China,real estate,Real Estate,,no-pic,2017
lin_yinsun,Lin Yinsun,Lin,64.0,1962.0,Male,China,agribusiness,Food & Beverage,,no-pic,2021
lin_yu_ling,Lin Yu-Ling,Lin,94.0,1932.0,Male,Taiwan,real estate,Real Estate,,no-pic,2018
lin_zhijun,Lin Zhijun,Lin,50.0,1976.0,Male,China,Medical devices,Healthcare,,no-pic,2026
lin_zhixiong,Lin Zhixiong,Lin,52.0,1974.0,Male,China,Medical devices,Healthcare,,no-pic,2026
lina_maria_aguiar,Lina Maria Aguiar,Aguiar,94.0,1932.0,Female,Brazil,banking,Finance and Investments,,,2017
lina_tombolato,Lina Tombolato,Tombolato,78.0,1948.0,Female,Italy,Financial services,Finance & Investments,,no-pic-female,2026
linda_campbell,Linda Campbell,Campbell,76.0,1950.0,Female,Canada,Thomson Reuters,Media & Entertainment,,no-pic-female,2026
linda_pritzker,Linda Pritzker,Pritzker,72.0,1954.0,Female,United States,"Hotels, investments",Service,,,2026
linden_blue,Linden Blue,Blue,92.0,1934.0,Male,United States,defense,Manufacturing,,no-pic,2020
lindsay_fox,Lindsay Fox,Fox,89.0,1937.0,Male,Australia,"Logistics, real estate",Logistics,,,2026
ling_bin,Ling Bin,Ling,59.0,1967.0,Male,China,Electronics,Manufacturing,,no-pic,2024
ling_tang,Ling Tang,Tang,,,Female,Canada,advertising technology,Technology,,no-pic-female,2026
liora_ofer,Liora Ofer,Ofer,72.0,1954.0,Female,Israel,Investments,Finance & Investments,,no-pic-female,2026
lirio_parisotto,Lirio Parisotto,Parisotto,72.0,1954.0,Male,Brazil,Investments,Finance & Investments,,,2026
lisa_draexlmaier,Lisa Draexlmaier,Draexlmaier,37.0,1989.0,Female,Germany,auto parts,Automotive,,no-pic-female,2021
lisa_su,Lisa Su,Su,56.0,1970.0,Female,United States,Semiconductors,Technology,"CEO, AMD",no-pic-female,2026
liu_aisen,Liu Aisen,Liu,54.0,1972.0,Male,China,building materials,Construction & Engineering,,no-pic,2022
liu_baolin,Liu Baolin,Liu,72.0,1954.0,Male,China,Pharmacies,Fashion & Retail,,,2023
liu_bing,Liu Bing,Liu,63.0,1963.0,Male,China,retail,Fashion & Retail,,no-pic,2017
liu_canglong_1,Liu Canglong,Liu,77.0,1949.0,Male,China,conglomerate,Diversified,,,2017
liu_changqing,Liu Changqing,Liu,80.0,1946.0,Male,China,banking equipment,Manufacturing,,,2016
liu_chengyu,Liu Chengyu,Liu,63.0,1963.0,Male,China,Power supply equipment,Manufacturing,,no-pic,2026
liu_debing,Liu Debing,Liu,50.0,1976.0,Male,China,AI,Technology,,no-pic,2026
liu_dianbo,Liu Dianbo,Liu,69.0,1957.0,Male,China,pharmaceuticals,Healthcare,,no-pic,2015
liu_fangyi,Liu Fangyi,Liu,,,Male,China,Medical equipment,Healthcare,,no-pic,2026
liu_fuhai,Liu Fuhai,Liu,76.0,1950.0,Male,China,"textiles, energy",Diversified,,no-pic,2018
liu_gexin,Liu Gexin,Liu,74.0,1952.0,Male,China,Pharmaceuticals,Healthcare,,,2026
liu_hanyuan,Liu Hanyuan,Liu,62.0,1964.0,Male,China,"Agribusiness, new energy",Energy,,no-pic,2026
liu_hua,Liu Hua,Liu,55.0,1971.0,Male,China,infant formula,Food & Beverage,,no-pic,2021
liu_jiang_1,Liu Jiang,Liu,63.0,1963.0,Male,China,gas,Energy,,no-pic,2018
liu_jianjun,Liu Jianjun,Liu,71.0,1955.0,Male,China,mining,Metals & Mining,,no-pic,2017
liu_jianwei,Liu Jianwei,Liu,61.0,1965.0,Male,China,Electronic control systems,Manufacturing,,no-pic,2026
liu_jilu,Liu Jilu,Liu,81.0,1945.0,Male,China,Logistics,Logistics,,no-pic,2021
liu_jincheng,Liu Jincheng,Liu,61.0,1965.0,Male,China,Lithium batteries,Manufacturing,,no-pic,2026
liu_jingkang,Liu Jingkang,Liu,34.0,1992.0,Male,China,Cameras,Manufacturing,"CEO, Shenzhen Arashi Vision",no-pic,2026
liu_ming_chung,Liu Ming Chung,Liu,63.0,1963.0,Male,Brazil,Paper,Manufacturing,,,2026
liu_ming_hui,Liu Ming Hui,Liu,63.0,1963.0,Male,China,Natural gas distribution,Energy,,,2026
liu_qingfeng,Liu Qingfeng,Liu,55.0,1971.0,Male,China,software,Technology,,no-pic,2021
liu_quan,Liu Quan,Liu,50.0,1976.0,Male,China,IT,Technology,,no-pic,2022
liu_ruopeng,Liu Ruopeng,Liu,49.0,1977.0,Male,China,technology,Technology,,no-pic,2017
liu_shaoxi,Liu Shaoxi,Liu,67.0,1959.0,Male,China,real estate,Real Estate,,,2018
liu_sheng,Liu Sheng,Liu,55.0,1971.0,Male,China,Optical communication,Manufacturing,,no-pic,2026
liu_shenghui,Liu Shenghui,Liu,58.0,1968.0,Male,China,infant formula,Food & Beverage,,no-pic,2021
liu_shengjun,Liu Shengjun,Liu,57.0,1969.0,Male,China,Mechanical equipment,Manufacturing,,no-pic,2026
liu_wei_2,Liu Wei,Liu,39.0,1987.0,Male,China,Mobile gaming,Technology,,no-pic,2026
liu_weiping,Liu Weiping,Liu,47.0,1979.0,Male,China,packaged food,Food & Beverage,,no-pic,2026
liu_xiaodong,Liu Xiaodong,Liu,58.0,1968.0,Male,China,Flavorings,Manufacturing,,no-pic,2026
liu_xiaomeng,Liu Xiaomeng,Liu,80.0,1946.0,Female,China,appliance retailer,Retail,,no-pic-female,2014
liu_xiucai,Liu Xiucai,Liu,69.0,1957.0,Male,United States,Chemicals,Manufacturing,,no-pic,2026
liu_yachao,Liu Yachao,Liu,47.0,1979.0,Male,China,education,Service,,no-pic,2021
liu_yanjun,Liu Yanjun,Liu,61.0,1965.0,Male,China,Pharmaceuticals,Healthcare,,no-pic,2026
liu_yingqi,Liu Yingqi,Liu,51.0,1975.0,Male,China,technology,Technology,,no-pic,2021
liu_yiqian,Liu Yiqian,Liu,69.0,1957.0,Male,China,investments,Finance and Investments,,,2016
liu_yonghao,Liu Yonghao,Liu,74.0,1952.0,Male,China,Agribusiness,Service,,,2026
liu_yongxing,Liu Yongxing,Liu,77.0,1949.0,Male,China,Diversified,Service,,,2026
liu_zaiwang,Liu Zaiwang,Liu,64.0,1962.0,Male,China,decoration,Food and Beverage,,no-pic,2013
liu_zhendong,Liu Zhendong,Liu,59.0,1967.0,Male,China,industrial parks,Service,,no-pic,2019
liu_zhenfeng,Liu Zhenfeng,Liu,64.0,1962.0,Male,China,oilfield equipment,Manufacturing,,no-pic,2026
liu_zhenguo,Liu Zhenguo,Liu,66.0,1960.0,Male,China,sewage treatment,Service,,no-pic,2018
liu_zhiqiang,Liu Zhiqiang,Liu,66.0,1960.0,Male,China,conglomerate,Diversified,,,2018
liu_zhongtian,Liu Zhongtian,Liu,63.0,1963.0,Male,China,aluminum products,Manufacturing,,,2022
liufa_li,Liufa Li,Li,69.0,1957.0,Male,China,"steel, diversified",Diversified,,no-pic,2022
livia_voigt_de_assis,Lívia Voigt de Assis,Voigt de Assis,21.0,2005.0,Female,Brazil,Industrial Machinery,Manufacturing,,no-pic-female,2026
liying_chen,Liying Chen,Chen,50.0,1976.0,Female,China,Package delivery,Logistics,,no-pic-female,2023
lloyd_blankfein,Lloyd Blankfein,Blankfein,71.0,1955.0,Male,United States,Banking,Finance & Investments,,,2026
lloyd_dorfman,Lloyd Dorfman,Dorfman,86.0,1940.0,Male,United Kingdom,finance,,,,2010
lloyd_frink,Lloyd Frink,Frink,63.0,1963.0,Male,United States,Zillow,Real Estate,,no-pic,2021
lo_ka_shui,Lo Ka Shui,Lo,83.0,1943.0,Male,Hong Kong,real estate,Real Estate,,,2019
lo_siu_tong,Lo Siu-tong,Lo,99.0,1927.0,Male,Hong Kong,"real estate, hotels",Real Estate,,,2019
lo_siu_yu,Lo Siu Yu,Lo,62.0,1964.0,Male,Hong Kong,conglomerate,Diversified,,no-pic,2017
long_jiang,Long Jiang,Jiang,52.0,1974.0,Male,China,Manufacturing,Technology,,no-pic,2023
long_wan,Long Wan,Wan,85.0,1941.0,Male,China,Food,Food & Beverage,,no-pic,2026
loo_choon_yong,Loo Choon Yong,Loo,77.0,1949.0,Male,Singapore,Healthcare,Healthcare,,,2023
lorenzo_fertitta,Lorenzo Fertitta,Fertitta,57.0,1969.0,Male,United States,"Casinos, mixed martial arts",Sports,,,2026
lorenzo_mendoza,Lorenzo Mendoza,Mendoza,67.0,1959.0,Male,Venezuela,beverages,Food and Beverage,,,2016
loretta_robinson,Loretta Robinson,Robinson,95.0,1931.0,Female,Canada,cable tv,Media,,no-pic-female,2015
lorinc_meszaros,Lorinc Meszaros,Meszaros,60.0,1966.0,Male,Hungary,Diversified,Diversified,,no-pic,2026
lottie_tham,Lottie Tham,Tham,77.0,1949.0,Female,Sweden,H&M,Fashion & Retail,,no-pic-female,2026
lou_boliang,Lou Boliang,Lou,63.0,1963.0,Male,United States,pharmaceuticals,Healthcare,,no-pic,2022
lou_guoqiang,Lou Guoqiang,Lou,69.0,1957.0,Male,China,copper,Manufacturing,,no-pic,2026
lou_jing,Lou Jing,Lou,63.0,1963.0,Male,China,biotechnology,Healthcare,,no-pic,2026
lou_zhongfu,Lou Zhongfu,Lou,75.0,1951.0,Male,China,real estate,Real Estate,,,2020
louis_bacon,Louis Bacon,Bacon,69.0,1957.0,Male,United States,Hedge funds,Finance & Investments,"Founder, Moore Capital Management, LP",,2026
louis_le_duff,Louis Le Duff,Le Duff,79.0,1947.0,Male,France,Bakeries,Food & Beverage,,,2026
louise_lindh,Louise Lindh,Lindh,46.0,1980.0,Female,Sweden,Investments,Diversified,,no-pic-female,2026
low_tuck_kwong,Low Tuck Kwong,Low Tuck,78.0,1948.0,Male,Indonesia,Coal,Energy,,,2026
lowell_milken,Lowell Milken,Milken,80.0,1946.0,Male,United States,investments,Finance & Investments,,no-pic,2020
lu_bin,Lu Bin,Lu,65.0,1961.0,Male,China,Industrial valves,Manufacturing,,no-pic,2026
lu_di,Lu Di,Lu,,,Male,China,Drones,Technology,,no-pic,2026
lu_feng,Lu Feng,Lu,,,Male,China,financial data,Media & Entertainment,,,2016
lu_guanqiu,Lu Guanqiu,Lu,87.0,1939.0,Male,China,conglomerate,Diversified,,,2017
lu_hongyan,Lu Hongyan,Lu,48.0,1978.0,Male,China,Online games,Media & Entertainment,,no-pic,2026
lu_lili,Lu Lili,Lu,,,Female,China,Financial information,Technology,,no-pic-female,2026
lu_rongfu,Lu Rongfu,Lu,55.0,1971.0,Male,China,Telecommunication,Telecom,,no-pic,2023
lu_ruibo,Lu Ruibo,Lu,62.0,1964.0,Male,China,High-precision components,Manufacturing,,no-pic,2026
lu_shenglin,Lu Shenglin,Lu,47.0,1979.0,Male,China,machinery,Manufacturing,,no-pic,2021
lu_weiding,Lu Weiding,Lu,55.0,1971.0,Male,China,Diversified,Diversified,,no-pic,2026
lu_xiangyang,Lu Xiangyang,Lu,63.0,1963.0,Male,China,"Automobiles, batteries",Automotive,,,2026
lu_yiwen,Lu Yiwen,Lu,38.0,1988.0,Female,China,Jewelry,Fashion & Retail,,no-pic-female,2026
lu_yonghua,Lu Yonghua,Lu,62.0,1964.0,Male,China,Electronics,Technology,,,2023
lu_zhilin,Lu Zhilin,Lu,45.0,1981.0,Male,China,machinery,Manufacturing,,no-pic,2021
lu_zhiqiang,Lu Zhiqiang,Lu,75.0,1951.0,Male,China,real estate,Real Estate,,,2021
lu_zhongfang,Lu Zhongfang,Lu,83.0,1943.0,Female,China,Education,Automotive,,no-pic-female,2026
lu_zongjun,Lu Zongjun,Lu,62.0,1964.0,Male,China,Logistics,Logistics,,no-pic,2026
luana_lopes_lara,Luana Lopes Lara,Lopes Lara,29.0,1997.0,Female,Brazil,Prediction markets,Finance & Investments,"Cofounder, Kalshi",no-pic-female,2026
luc_tack,Luc Tack,Tack,64.0,1962.0,Male,Belgium,"Textile, chemicals",Manufacturing,,no-pic,2026
luca_barilla,Luca Barilla,Barilla,71.0,1955.0,Male,Italy,Barilla pasta,Food and Beverage,,,2018
luca_del_vecchio,Luca Del Vecchio,Del Vecchio,24.0,2002.0,Male,Italy,Eyeglasses,Fashion & Retail,,no-pic,2026
luca_ferrari,Luca Ferrari,Ferrari,41.0,1985.0,Male,Italy,Software investment,Technology,,no-pic,2026
luca_garavoglia,Luca Garavoglia,Garavoglia,57.0,1969.0,Male,Italy,Spirits,Food & Beverage,,no-pic,2026
luca_querella,Luca Querella,Querella,38.0,1988.0,Male,Italy,Software investment,Technology,,no-pic,2026
lucia_maggi,Lucia Maggi,Maggi,94.0,1932.0,Female,Brazil,Agribusiness,Diversified,,no-pic-female,2025
luciano_benetton,Luciano Benetton,Benetton,90.0,1936.0,Male,Italy,"Fashion retail, investments",Fashion & Retail,,,2026
luciano_hang,Luciano Hang,Hang,63.0,1963.0,Male,Brazil,Department stores,Fashion & Retail,,no-pic,2026
lucio_co,Lucio Co,Co,71.0,1955.0,Male,Philippines,Retail,Fashion & Retail,,,2026
lucio_susan_co,Lucio and Susan Co,Co,78.0,1948.0,,Philippines,retail,Fashion & Retail,,,2016
lucio_tan,Lucio Tan,Tan,91.0,1935.0,Male,Philippines,Diversified,Diversified,,,2026
lucy_guo,Lucy Guo,Guo,31.0,1995.0,Female,United States,Artificial intelligence,Technology,,no-pic-female,2026
lucy_peng,Lucy Peng,Peng,55.0,1971.0,Female,China,e-commerce,Technology,"Ant Group, Alibaba Group",,2021
lucy_stitzer,Lucy Stitzer,Stitzer,66.0,1960.0,Female,United States,Cargill,Food & Beverage,,no-pic-female,2026
ludwig_merckle,Ludwig Merckle,Merckle,61.0,1965.0,Male,Germany,Pharmaceuticals,Finance & Investments,,,2026
ludwig_theodor_braun,Ludwig Theodor Braun,Braun,36.0,1990.0,Male,Germany,Medical technology,Healthcare,,no-pic,2026
lui_che_woo,Lui Che Woo,Lui,98.0,1928.0,Male,Hong Kong,"Casinos, hotels",Gambling & Casinos,,,2024
luigi_berlusconi,Luigi Berlusconi,Berlusconi,37.0,1989.0,Male,Italy,Media,Media & Entertainment,,no-pic,2026
luigi_cremonini,Luigi Cremonini,Cremonini,87.0,1939.0,Male,Italy,meat processing,Food & Beverage,,,2026
luigi_rovati,Luigi Rovati,Rovati,101.0,1925.0,Male,Italy,pharmaceuticals,Healthcare,,no-pic,2019
luis_carlos_sarmiento,Luis Carlos Sarmiento,Sarmiento,93.0,1933.0,Male,Colombia,Banking,Finance & Investments,,,2026
luis_enrique_yarur_rey,Luis Enrique Yarur Rey,Yarur Rey,75.0,1951.0,Male,Chile,banking,Finance & Investments,,no-pic,2026
luis_riu,Luis Riu,Riu,66.0,1960.0,Male,Spain,Hotels,Real Estate,,no-pic,2026
luis_von_ahn,Luis von Ahn,von Ahn,47.0,1979.0,Male,United States,Education technology,Technology,,no-pic,2025
luiz_frias,Luiz Frias,Frias,63.0,1963.0,Male,Brazil,Media,Media & Entertainment,,no-pic,2026
luiza_helena_trajano,Luiza Helena Trajano,Trajano,75.0,1951.0,Female,Brazil,retail chain,Fashion & Retail,,no-pic-female,2022
lukas_walton,Lukas Walton,Walton,39.0,1987.0,Male,United States,Walmart,Fashion & Retail,,no-pic,2026
lun_ruixiang,Lun Ruixiang,Lun,59.0,1967.0,Male,China,real estate,Real Estate,,no-pic,2022
luo_fei,Luo Fei,Luo,,,Male,China,infant formula,Food and Beverage,,,2014
luo_jye,Luo Jye,Luo,104.0,1922.0,Male,Taiwan,tires,Automotive,,,2019
luo_liguo,Luo Liguo,Luo,70.0,1956.0,Male,China,Chemicals,Manufacturing,,no-pic,2026
luo_yangyong_1,Luo Yangyong,Luo,50.0,1976.0,Male,China,Mining,Metals & Mining,,no-pic,2026
luo_yuhao,Luo Yuhao,Luo,36.0,1990.0,Male,China,Mobile gaming,Technology,,no-pic,2026
lutz_mario_helmig,Lutz Mario Helmig,Helmig,79.0,1947.0,Male,Germany,Hospitals,Healthcare,,,2026
lv_jianming,Lv Jianming,Lv,61.0,1965.0,Male,Hong Kong,Medical equipment,Healthcare,,no-pic,2023
lv_yongxiang,Lv Yongxiang,Lv,77.0,1949.0,Male,China,magnetic switches,Manufacturing,,no-pic,2022
lynda_resnick,Lynda Resnick,Resnick,83.0,1943.0,Female,United States,Agriculture,Food & Beverage,"Founder, Wonderful Company",,2026
lyndal_stephens_greth,Lyndal Stephens Greth,Greth,51.0,1975.0,Female,United States,Oil & gas,Energy,,no-pic-female,2026
lynn_schusterman,Lynn Schusterman,Schusterman,87.0,1939.0,Female,United States,"Oil & gas, investments",Energy,,,2026
lynsi_snyder,Lynsi Snyder,Snyder,43.0,1983.0,Female,United States,In-N-Out Burger,Food & Beverage,,no-pic-female,2026
lyu_yixiong,Lyu Yixiong,Lyu,63.0,1963.0,Male,China,Cosmetics,Fashion & Retail,,no-pic,2026
lyudmila_kogan,Lyudmila Kogan,Kogan,60.0,1966.0,Female,Russia,banking,Finance & Investments,,no-pic-female,2026
ma_bin,Ma Bin,Ma,55.0,1971.0,Male,China,manufacturing,Manufacturing,,no-pic,2026
ma_fei,Ma Fei,Ma,58.0,1968.0,Male,China,electronics components,Technology,,no-pic,2026
ma_hong,Ma Hong,Ma,63.0,1963.0,Male,China,fashion retail,Fashion & Retail,,no-pic,2018
ma_hong_1,Ma Hong,Ma,55.0,1971.0,Male,China,machinery,Manufacturing,,no-pic,2026
ma_huateng,Ma Huateng,Ma,54.0,1972.0,Male,China,Online games,Technology,,,2026
ma_jianrong,Ma Jianrong,Ma,62.0,1964.0,Male,China,"Textiles, apparel",Fashion & Retail,,,2026
ma_renhe,Ma Renhe,Ma,68.0,1958.0,Male,China,"textiles, apparel",Fashion & Retail,,no-pic,2021
ma_xingtian,Ma Xingtian,Ma,61.0,1965.0,Male,China,pharmaceuticals,Healthcare,,,2018
ma_xiuhui,Ma Xiuhui,Ma,55.0,1971.0,Female,China,LED lighting,Manufacturing,,,2026
ma_yunsheng,Ma Yunsheng,Ma,63.0,1963.0,Male,China,energy,Diversified,,no-pic,2026
ma_yusuff_ali,M.A. Yusuff Ali,Yusuff Ali,70.0,1956.0,Male,India,Retail,Fashion & Retail,,,2026
mackenzie_scott,MacKenzie Scott,Scott,56.0,1970.0,Female,United States,Amazon,Technology,"Philanthropist, Yield Giving",no-pic-female,2026
madan_mohanka,Madan Mohanka,Mohanka,82.0,1944.0,Male,India,Manufacturing,Manufacturing,,no-pic,2026
madeleine_grogg,Madeleine Grogg,Grogg,,,Female,Switzerland,Pharmaceuticals,Healthcare,,no-pic-female,2026
madeleine_olsson_ericksson,Madeleine Olsson Ericksson,Olsson Ericksson,83.0,1943.0,Female,Sweden,diversified,Diversified,,,2021
madeleine_olsson_eriksson,Madeleine Olsson Eriksson,Olsson Eriksson,81.0,1945.0,Female,Sweden,diversified,Diversified,,no-pic-female,2026
madhu_kapur,Madhu Kapur,Kapur,,,Female,India,banking,Finance and Investments,,no-pic-female,2018
madhukar_parekh_1,Madhukar Parekh,Parekh,79.0,1947.0,Male,India,Adhesives,Manufacturing,,no-pic,2026
madhur_bajaj,Madhur Bajaj,Bajaj,73.0,1953.0,Male,India,Diversified,Diversified,,no-pic,2025
madhusudan_agarwal,Madhusudan Agarwal,Agarwal,70.0,1956.0,Male,India,Indian sweets and snacks,Food & Beverage,,no-pic,2026
magdalena_martullo_blocher,Magdalena Martullo-Blocher,Martullo-Blocher,57.0,1969.0,Female,Switzerland,Chemicals,Manufacturing,,,2026
maggie_gu,Maggie Gu,Gu,44.0,1982.0,Female,China,Shein,Fashion & Retail,,no-pic-female,2026
maggie_hardy,Maggie Hardy,Hardy,60.0,1966.0,Female,United States,Building materials,Service,"CEO, Owner, 84 Lumber",no-pic-female,2026
maggie_hardy_knox,Maggie Hardy Knox,Hardy Knox,60.0,1966.0,Female,United States,Building materials,Service,,no-pic-female,2023
magic_johnson,Magic Johnson,Johnson,66.0,1960.0,Male,United States,"Basketball, investments",Diversified,,no-pic,2026
mahaveer_prasad_taparia,Mahaveer Prasad Taparia,Taparia,89.0,1937.0,Male,India,Plastics,Manufacturing,,no-pic,2024
mahendra_choksi,Mahendra Choksi,Choksi,85.0,1941.0,Male,India,Paints,Manufacturing,,no-pic,2026
mahendra_prasad,Mahendra Prasad,Prasad,88.0,1938.0,Male,India,pharmaceuticals,Healthcare,,no-pic,2021
mahima_datla,Mahima Datla,Datla,48.0,1978.0,Female,India,Vaccines,Healthcare,,no-pic-female,2026
maike_oberwelland_height,Maike Oberwelland-Height,Oberwelland-Height,63.0,1963.0,Female,Germany,Candy,Food & Beverage,,no-pic-female,2026
maja_oeri,Maja Oeri,Oeri,71.0,1955.0,Female,Switzerland,Pharmaceuticals,Healthcare,,,2026
majid_al_futtaim,Majid Al Futtaim,Al Futtaim,,,Male,United Arab Emirates,"real estate, retail",Real Estate,,,2021
malone_mitchell,Malone Mitchell,Mitchell,76.0,1950.0,Male,United States,oil & gas,Energy,,,2011
malvinder_shivinder_singh,Malvinder & Shivinder Singh,Singh,,,Male,India,healthcare,Healthcare,,,2015
manas_chiaravanond,Manas Chiaravanond,Chiaravanond,70.0,1956.0,Male,Thailand,Diversified,Diversified,,no-pic,2026
manfredi_lefebvre_dovidio,Manfredi Lefebvre d'Ovidio,Lefebvre d'Ovidio,73.0,1953.0,Male,Italy,Cruises,Service,,no-pic,2026
mang_yee_chu,Mang Yee Chu,Chu,66.0,1960.0,Male,China,Real estate,Real Estate,,no-pic,2023
mangal_prabhat_lodha,Mangal Prabhat Lodha,Lodha,70.0,1956.0,Male,India,Real estate,Real Estate,,,2026
manny_stul,Manny Stul,Stul,76.0,1950.0,Male,Australia,Toys,Manufacturing,,no-pic,2026
manohar_lal_agarwal,Manohar Lal Agarwal,Agarwal,71.0,1955.0,Male,India,Snacks,Food & Beverage,,no-pic,2026
manoj_bhargava,Manoj Bhargava,Bhargava,83.0,1943.0,Male,United States,5-Hour Energy,Food and Beverage,,,2013
manoj_punjabi,Manoj Punjabi,Punjabi,53.0,1973.0,Male,Indonesia,Movies,Media & Entertainment,,no-pic,2026
manoj_upadhyay,Manoj Upadhyay,Upadhyay,55.0,1971.0,Male,India,solar energy,Energy,,no-pic,2026
manuel_arango_arias,Manuel Arango Arias,Arango Arias,90.0,1936.0,Male,Mexico,Walmart Mexico,Fashion & Retail,,no-pic,2026
manuel_jove,Manuel Jove,Jove,87.0,1939.0,Male,Spain,real estate,Real Estate,,,2020
manuel_lao_hernandez,Manuel Lao Hernández,Lao Hernández,81.0,1945.0,Male,Spain,Casinos,Gambling & Casinos,,no-pic,2026
manuel_moroun,Manuel Moroun,Moroun,101.0,1925.0,Male,United States,transportation,Logistics,,,2020
manuel_puig_rocha,Manuel Puig Rocha,Puig Rocha,64.0,1962.0,Male,Spain,Beauty retail,Fashion & Retail,,no-pic,2026
manuel_villar,Manuel Villar,Villar,76.0,1950.0,Male,Philippines,Real estate,Real Estate,,,2026
mao_geping,Mao Geping,Mao,62.0,1964.0,Male,China,Cosmetics,Fashion & Retail,,no-pic,2026
mao_huihua,Mao Huihua,Mao,66.0,1960.0,Female,Canada,pharmaceuticals,Healthcare,,no-pic-female,2021
mao_lixiang,Mao Lixiang,Mao,86.0,1940.0,Male,China,Cooking appliances,Technology,,no-pic,2024
mao_zhongwu,Mao Zhongwu,Mao,63.0,1963.0,Male,China,Manufacturing,Manufacturing,,,2026
marc_andreessen,Marc Andreessen,Andreessen,54.0,1972.0,Male,United States,Venture capital investing,Finance & Investments,"Founder and General Partner, Andreessen Horowitz",,2026
marc_benioff,Marc Benioff,Benioff,61.0,1965.0,Male,United States,Business software,Technology,"Chairman and CEO, Salesforce",,2026
marc_coucke,Marc Coucke,Coucke,68.0,1958.0,Male,Belgium,pharmaceuticals,Healthcare,,,2016
marc_fielmann,Marc Fielmann,Fielmann,36.0,1990.0,Male,Germany,Optometry,Manufacturing,,no-pic,2026
marc_ladreit_de_lacharriere,Marc Ladreit de Lacharriere,Ladreit de Lacharriere,85.0,1941.0,Male,France,Finance,Finance & Investments,,,2026
marc_lasry,Marc Lasry,Lasry,65.0,1961.0,Male,United States,Hedge funds,Finance & Investments,"Founder, Avenue Capital Group",,2026
marc_lipschultz,Marc Lipschultz,Lipschultz,57.0,1969.0,Male,United States,Private equity,Finance & Investments,,no-pic,2026
marc_lore,Marc Lore,Lore,54.0,1972.0,Male,United States,Jet.com,Technology,,no-pic,2026
marc_rich,Marc Rich,Rich,104.0,1922.0,Male,United States,commodities,Investments,,,2010
marc_rowan,Marc Rowan,Rowan,63.0,1963.0,Male,United States,Private equity,Finance & Investments,,,2026
marc_rubiralta,Marc Rubiralta,Rubiralta,42.0,1984.0,Male,Spain,Diagnostics,Healthcare,,no-pic,2026
marc_samwer,Marc Samwer,Samwer,55.0,1971.0,Male,Germany,tech investments,Technology,"Cofounder, Rocket Internet",,2026
marc_zahr,Marc Zahr,Zahr,46.0,1980.0,Male,United States,Private equity,Real Estate,,no-pic,2025
marcel_adams,Marcel Adams,Adams,108.0,1918.0,Male,Canada,real estate,Real Estate,"Founder, Iberville Development Limited",,2020
marcel_erni,Marcel Erni,Erni,61.0,1965.0,Male,Switzerland,Private equity,Finance & Investments,,no-pic,2026
marcel_herrmann_telles,Marcel Herrmann Telles,Telles,76.0,1950.0,Male,Brazil,Beer,Food & Beverage,,,2026
marcelo_claure,Marcelo Claure,Claure,55.0,1971.0,Male,United States,Cell phone distribution,Telecom,,no-pic,2026
marcelo_kalim,Marcelo Kalim,Kalim,56.0,1970.0,Male,Brazil,Banking,Finance & Investments,,no-pic,2023
marciano_testa,Marciano Testa,Testa,49.0,1977.0,Male,Brazil,financial products,Finance & Investments,,no-pic,2026
marco_degeorge,Marco DeGeorge,DeGeorge,52.0,1974.0,Male,United States,Alo Yoga,Fashion & Retail,,no-pic,2026
marco_squinzi,Marco Squinzi,Squinzi,54.0,1972.0,Male,Italy,Chemical products,Construction & Engineering,,no-pic,2026
marcos_antonio_molina_dos_santos,Marcos Antonio Molina dos Santos,Molina dos Santos,66.0,1960.0,Male,Brazil,food processing,Food and Beverage,,no-pic,2013
marcos_galperin,Marcos Galperin,Galperin,54.0,1972.0,Male,Argentina,E-commerce,Technology,,no-pic,2026
marcus_purner,Marcus Pürner,Pürner,59.0,1967.0,Male,Germany,Bicycles,Manufacturing,,no-pic,2026
marek_dospiva,Marek Dospiva,Dospiva,56.0,1970.0,Male,Czech Republic,Investments,Finance & Investments,,no-pic,2026
maren_otto,Maren Otto,Otto,84.0,1942.0,Female,Germany,"Retail, real estate",Diversified,,no-pic-female,2026
margaret_baker,Margaret Baker,Baker,60.0,1966.0,Female,United States,Medical supplies,Healthcare,,no-pic-female,2026
margaretta_taylor,Margaretta Taylor,Taylor,84.0,1942.0,Female,United States,"Media, automotive",Media & Entertainment,,no-pic-female,2026
margarita_latsis_catsiapis,Margarita Latsis Catsiapis,Latsis Catsiapis,64.0,1962.0,Female,Greece,"banking, shipping",Diversified,,no-pic-female,2026
margarita_louis_dreyfus,Margarita Louis-Dreyfus,Louis-Dreyfus,63.0,1963.0,Female,Switzerland,Commodities,Food & Beverage,"President, Louis Dreyfus SAS",,2026
margot_birmingham_perot,Margot Birmingham Perot,Birmingham Perot,92.0,1934.0,Female,United States,"Computer services, real estate",Technology,,no-pic-female,2026
marguerite_harbert,Marguerite Harbert,Harbert,114.0,1912.0,Female,United States,inheritance,Energy,,no-pic-female,2011
maria_angela_aguiar_bellizia,Maria Angela Aguiar Bellizia,Aguiar Bellizia,66.0,1960.0,Female,Brazil,banking,Finance and Investments,,no-pic-female,2019
maria_angelicoussis,Maria Angelicoussis,Angelicoussis,44.0,1982.0,Female,Greece,Shipping,Logistics,,no-pic-female,2026
maria_asuncion_aramburuzabala,Maria Asuncion Aramburuzabala,Aramburuzabala,62.0,1964.0,Female,Mexico,"Beer, investments",Food & Beverage,,,2026
maria_consuelo_dias_branco,Maria Consuelo Dias Branco,Dias Branco,92.0,1934.0,Female,Brazil,"pasta, biscuits",Food & Beverage,,no-pic-female,2024
maria_de_lourdes_egydio_villela,Maria de Lourdes Egydio Villela,Egydio Villela,,,Female,Brazil,banking,Finance,,,2015
maria_del_pino,Maria Del Pino,Del Pino,70.0,1956.0,Female,Spain,Construction,Construction & Engineering,,no-pic-female,2026
maria_elisabeth_schaeffler_thumann,Maria-Elisabeth Schaeffler-Thumann,Schaeffler-Thumann,84.0,1942.0,Female,Germany,Auto parts,Automotive,,no-pic-female,2026
maria_fernanda_amorim,Maria Fernanda Amorim,Amorim,91.0,1935.0,Female,Portugal,"Energy, investments",Diversified,,no-pic-female,2026
maria_franca_fissolo,Maria Franca Fissolo,Fissolo,91.0,1935.0,Female,Italy,"Nutella, chocolates",Food & Beverage,,,2025
maria_frias,Maria Frias,Frias,65.0,1961.0,Female,Brazil,Media,Media & Entertainment,,no-pic-female,2026
maria_grace_uy,Maria Grace Uy,Uy,59.0,1967.0,Female,Philippines,telecom,Telecom,,no-pic-female,2022
maria_helena_moraes_scripilliti,Maria Helena Moraes Scripilliti,Moraes Scripilliti,96.0,1930.0,Female,Brazil,diversified,Diversified,,no-pic-female,2022
maria_ines_de_lafuente_lacroze,Maria Ines de Lafuente Lacroze,de Lafuente Lacroze,89.0,1937.0,Female,Argentina,cement firm,Construction & Engineering,,no-pic-female,2015
maria_luisa_solari_falabella_family,Maria Luisa Solari Falabella,Solari Falabella & family,93.0,1933.0,Female,Chile,retail,Retail,,no-pic-female,2015
maria_pinheiro,Maria Pinheiro,Pinheiro,,,Female,Brazil,supermarkets,Fashion & Retail,,no-pic-female,2021
marian_ilitch,Marian Ilitch,Ilitch,93.0,1933.0,Female,United States,Little Caesars Pizza,Food & Beverage,,,2026
mariana_voigt_schwartz_gomes,Mariana Voigt Schwartz Gomes,Voigt Schwartz Gomes,40.0,1986.0,Female,Brazil,Industrial Machinery,Manufacturing,,no-pic-female,2026
marianna_latsis,Marianna Latsis,Latsis,73.0,1953.0,Female,Greece,"Banking, shipping",Diversified,,no-pic-female,2026
marianne_liebmann,Marianne Liebmann,Liebmann,72.0,1954.0,Female,United States,Cargill,Food & Beverage,,no-pic-female,2026
mariarosa_lavelli,Mariarosa Lavelli,Lavelli,82.0,1944.0,Female,Italy,Microchip testing,Manufacturing,,no-pic-female,2026
marie_besnier_beauvalot,Marie Besnier Beauvalot,Besnier Beauvalot,45.0,1981.0,Female,France,Cheese,Food & Beverage,,no-pic-female,2026
marie_helene_habert_dassault,Marie-Hélène Habert-Dassault,Habert-Dassault,61.0,1965.0,Female,France,Diversified,Diversified,,no-pic-female,2026
marie_helene_peugeot_roncoroni,Marie-Hélène Peugeot-Roncoroni,Peugeot-Roncoroni,66.0,1960.0,Female,France,"Peugeot, investments",Finance & Investments,,no-pic-female,2024
marie_jeanne_meyer,Marie-Jeanne Meyer,Meyer,92.0,1934.0,Female,France,commodities,Food and Beverage,"President of PE firm Florac, Louis Dreyfus SAS",no-pic-female,2015
marijke_mars,Marijke Mars,Mars,61.0,1965.0,Female,United States,"Candy, pet food",Food & Beverage,,no-pic-female,2026
marilyn_carlson_nelson,Marilyn Carlson Nelson,Nelson,95.0,1931.0,Female,United States,"hotels, travel",Service,"Chairman, Carlson Companies Inc.",,2015
marilyn_simons,Marilyn Simons,Simons,75.0,1951.0,Female,United States,Hedge funds,Finance & Investments,,no-pic-female,2026
marina_berlusconi,Marina Berlusconi,Berlusconi,59.0,1967.0,Female,Italy,Media,Media & Entertainment,,,2026
marina_budiman,Marina Budiman,Budiman,64.0,1962.0,Female,Indonesia,Data centers,Technology,,no-pic-female,2026
marina_caprotti,Marina Caprotti,Caprotti,48.0,1978.0,Female,Italy,Supermarkets,Food & Beverage,,no-pic-female,2026
marina_prada,Marina Prada,Prada,80.0,1946.0,Female,Italy,Luxury goods,Fashion & Retail,,,2026
mario_araripe,Mário Araripe,Araripe,71.0,1955.0,Male,Brazil,Energy,Energy,,no-pic,2026
mario_brescia_cafferata,Mario Brescia Cafferata,Brescia Cafferata,107.0,1919.0,Male,Peru,mining,Diversified,,,2013
mario_gabelli,Mario Gabelli,Gabelli,84.0,1942.0,Male,United States,Money management,Finance & Investments,,,2026
mario_germano_giuliani,Mario Germano Giuliani,Giuliani,54.0,1972.0,Male,Switzerland,Pharmaceuticals,Healthcare,,no-pic,2026
mario_lopez_estrada,Mario Lopez Estrada,Lopez Estrada,,,Male,Guatemala,telecom,Telecom,,no-pic,2015
mario_moretti_polegato,Mario Moretti Polegato,Moretti Polegato,73.0,1953.0,Male,Italy,Shoes,Fashion & Retail,,,2026
mario_verrocchi,Mario Verrocchi,Verrocchi,68.0,1958.0,Male,Australia,Pharmacies,Fashion & Retail,,no-pic,2026
marion_macmillan_pictet,Marion MacMillan Pictet,Pictet,,,Female,United States,Cargill Inc.,Food and Beverage,,no-pic-female,2011
marisa_del_vecchio,Marisa Del Vecchio,Del Vecchio,67.0,1959.0,Female,Italy,Eyeglasses,Fashion & Retail,,no-pic-female,2026
marissa_mayer,Marissa Mayer,Mayer,50.0,1976.0,Female,United States,"Google, Yahoo",Technology,,,2026
maritsa_lazari,Maritsa Lazari,Lazari,81.0,1945.0,Female,United Kingdom,Real estate,Real Estate,,no-pic-female,2026
marius_nacht,Marius Nacht,Nacht,60.0,1966.0,Male,Israel,Software,Technology,,,2026
mark_attanasio,Mark Attanasio,Attanasio,68.0,1958.0,Male,United States,Finance,Finance & Investments,,no-pic,2026
mark_coombs,Mark Coombs,Coombs,65.0,1961.0,Male,United Kingdom,Finance,Finance & Investments,,no-pic,2026
mark_cuban,Mark Cuban,Cuban,67.0,1959.0,Male,United States,"Online media, Dallas Mavericks",Media & Entertainment,,,2026
mark_davis_1,Mark Davis,Davis,70.0,1956.0,Male,United States,Las Vegas Raiders,Sports,,no-pic,2026
mark_dixon,Mark Dixon,Dixon,66.0,1960.0,Male,United Kingdom,Office real estate,Real Estate,,,2026
mark_hancock,Mark Hancock,Hancock,51.0,1975.0,Male,United States,Nursing facilities,Healthcare,,no-pic,2026
mark_haoyong_yang,Mark Haoyong Yang,Yang,52.0,1974.0,Male,China,e-commerce,Technology,,no-pic,2022
mark_jones,Mark Jones,Jones,64.0,1962.0,Male,United States,Insurance,Finance & Investments,,no-pic,2026
mark_kurtser,Mark Kurtser,Kurtser,68.0,1958.0,Male,Russia,Healthcare,Healthcare,,no-pic,2026
mark_leonard,Mark Leonard,Leonard,69.0,1957.0,Male,Canada,Software,Technology,,no-pic,2026
mark_mateschitz,Mark Mateschitz,Mateschitz,33.0,1993.0,Male,Austria,Red Bull,Food & Beverage,,no-pic,2026
mark_meijer,Mark Meijer,Meijer,68.0,1958.0,Male,United States,Supermarkets,Fashion & Retail,,no-pic,2026
mark_miller_3,Mark Miller,Miller,63.0,1963.0,Male,Canada,Software,Technology,,no-pic,2025
mark_pincus,Mark Pincus,Pincus,60.0,1966.0,Male,United States,Online games,Technology,"Chairman, Zynga Inc",,2026
mark_rein,Mark Rein,Rein,64.0,1962.0,Male,United States,video games,Media & Entertainment,,no-pic,2022
mark_robyn_jones,Mark & Robyn Jones,Jones,,,,United States,insurance,Finance & Investments,,no-pic,2022
mark_scheinberg,Mark Scheinberg,Scheinberg,52.0,1974.0,Male,Canada,Online gambling,Gambling & Casinos,,,2026
mark_shoen,Mark Shoen,Shoen,75.0,1951.0,Male,United States,U-Haul,Automotive,,no-pic,2026
mark_stevens,Mark Stevens,Stevens,66.0,1960.0,Male,United States,Venture capital,Finance & Investments,,,2026
mark_vadon_1,Mark Vadon,Vadon,64.0,1962.0,Male,United States,online retail,Retail,,,2014
mark_walter,Mark Walter,Walter,65.0,1961.0,Male,United States,"Finance, asset management",Finance & Investments,"CEO, Guggenheim Partners LLC",,2026
mark_zuckerberg,Mark Zuckerberg,Zuckerberg,41.0,1985.0,Male,United States,Facebook,Technology,"Cofounder, Meta Platforms",,2026
markus_blocher,Markus Blocher,Blocher,55.0,1971.0,Male,Switzerland,Chemicals,Manufacturing,,no-pic,2026
markus_diehl,Markus Diehl,Diehl,42.0,1984.0,Male,Germany,"Defense, aviation",Manufacturing,,no-pic,2026
markus_hannebauer,Markus Hannebauer,Hannebauer,50.0,1976.0,Male,Germany,Software,Technology,,no-pic,2026
markus_persson,Markus Persson,Persson,46.0,1980.0,Male,Sweden,Computer games,Media & Entertainment,,,2026
marli_pissollo,Marli Pissollo,Pissollo,80.0,1946.0,Female,Brazil,agribusiness,Food and Beverage,,no-pic-female,2015
marta_schorling_andreen,Märta Schörling Andreen,Schörling Andreen,41.0,1985.0,Female,Sweden,Investments,Diversified,,no-pic-female,2026
martha_ford,Martha Ford,Ford,104.0,1922.0,Female,United States,Ford Motor,Automotive,,,2019
martha_ingram,Martha Ingram,Ingram,90.0,1936.0,Female,United States,"Book distribution, transportation",Media & Entertainment,"Former Chairman, Ingram Industries",,2026
martha_macmillan,Martha MacMillan,MacMillan,74.0,1952.0,Female,United States,Cargill,Food & Beverage,,no-pic-female,2026
martha_stewart,Martha Stewart,,,,,United States,,Media,,no-pic,2005
martin_bouygues_1,Martin Bouygues,Bouygues,73.0,1953.0,Male,France,"Construction, media",Construction & Engineering,,no-pic,2026
martin_ebner,Martin Ebner,Ebner,80.0,1946.0,Male,Switzerland,Investments,Finance & Investments,,,2026
martin_haefner,Martin Haefner,Haefner,72.0,1954.0,Male,Switzerland,"Software, investments",Technology,,no-pic,2026
martin_herrenknecht,Martin Herrenknecht,Herrenknecht,83.0,1943.0,Male,Germany,Construction Equipment,Manufacturing,,no-pic,2026
martin_hetzner,Martin Hetzner,Hetzner,54.0,1972.0,Male,Germany,Information Technology,Technology,,no-pic,2026
martin_klenk,Martin Klenk,Klenk,39.0,1987.0,Male,Germany,Enterprise software,Technology,,no-pic,2026
martin_knauf,Martin Knauf,Knauf,45.0,1981.0,Male,Germany,building materials,Manufacturing,,no-pic,2026
martin_lau,Martin Lau,Lau,53.0,1973.0,Male,Hong Kong,Internet,Technology,,no-pic,2026
martin_lavoo,Martin Lavoo,Lavoo,39.0,1987.0,Male,Netherlands,Paints,Manufacturing,,no-pic,2026
martin_lorentzon,Martin Lorentzon,Lorentzon,57.0,1969.0,Male,Sweden,Spotify,Technology,,no-pic,2026
martin_moller_nielsen,Martin Moller Nielsen,Moller Nielsen,61.0,1965.0,Male,Denmark,Aircraft leasing,Logistics,,no-pic,2026
martin_naughton,Martin Naughton,Naughton,92.0,1934.0,Male,Ireland,heating equipment,Manufacturing,,,2018
martin_olivier_bouygues,Martin &#38; Olivier Bouygues,,,,,France,,Construction &#38; Engineering,,no-pic,2001
martin_selig,Martin Selig,Selig,88.0,1938.0,Male,United States,Real estate,Real Estate,,no-pic,2023
martin_viessmann,Martin Viessmann,Viessmann,72.0,1954.0,Male,Germany,Heating and cooling equipment,Manufacturing,,,2026
martine_rothblatt,Martine Rothblatt,Rothblatt,71.0,1955.0,Female,United States,Pharmaceuticals,Healthcare,"Founder & CEO, United Therapeutics",,2026
martua_sitorus,Martua Sitorus,Sitorus,66.0,1960.0,Male,Indonesia,Palm oil,Manufacturing,,,2026
marty_horton,Marty Horton,Horton,74.0,1952.0,Female,United States,Homebuilding,Real Estate,,no-pic-female,2026
marvy_finger,Marvy Finger,Finger,90.0,1936.0,Male,United States,Real estate,Real Estate,,no-pic,2023
mary_alice_dorrance_malone,Mary Alice Dorrance Malone,Malone,76.0,1950.0,Female,United States,Campbell Soup,Food & Beverage,,no-pic-female,2025
mary_alice_malone_jr,"Mary Alice Malone, Jr.",Malone,43.0,1983.0,Female,United States,Campbell's Soup,Food & Beverage,,no-pic-female,2026
mary_douglas_perkins,Mary & Douglas Perkins,Perkins,,,,United Kingdom,retail,Retail,,,2015
mary_janet_cargill,Mary Janet Cargill,Cargill,115.0,1911.0,Female,United States,Cargill Inc.,Service,,no-pic-female,2010
mary_west,Mary West,West,95.0,1931.0,Female,United States,,Telecom,,,2008
masaaki_arai,Masaaki Arai,Arai,60.0,1966.0,Male,Japan,Real estate,Real Estate,,no-pic,2026
masahiro_miki,Masahiro Miki,Miki,70.0,1956.0,Male,Japan,Shoes,Fashion & Retail,,,2026
masahiro_noda,Masahiro Noda,Noda,87.0,1939.0,Male,Japan,Software,Technology,,,2026
masanori_kobayashi,Masanori Kobayashi,Kobayashi,55.0,1971.0,Male,Japan,cosmetics,Fashion & Retail,,no-pic,2021
masaru_tange,Masaru Tange,Tange,52.0,1974.0,Male,Japan,software,Technology,,no-pic,2022
masaru_wasami,Masaru Wasami,Wasami,80.0,1946.0,Male,Japan,Logistics,Logistics,,no-pic,2023
masateru_uno,Masateru Uno,Uno,79.0,1947.0,Male,Japan,Drugstores,Fashion & Retail,,no-pic,2026
masatoshi_ito,Masatoshi Ito,Ito,103.0,1923.0,Male,Japan,retail,Fashion & Retail,,,2022
masatoshi_kumagai,Masatoshi Kumagai,Kumagai,64.0,1962.0,Male,Japan,internet services,Technology,,,2021
masayoshi_son,Masayoshi Son,Son,68.0,1958.0,Male,Japan,"Telecom, Investments",Finance & Investments,"CEO, Softbank",,2026
masayuki_ishihara,Masayuki Ishihara,Ishihara,77.0,1949.0,Male,Japan,Pachinko machines,Gambling & Casinos,,no-pic,2023
massimiliana_landini_aleotti,Massimiliana Landini Aleotti,Landini Aleotti,83.0,1943.0,Female,Italy,Pharmaceuticals,Healthcare,,no-pic-female,2026
massimo_doris,Massimo Doris,Doris,58.0,1968.0,Male,Italy,Financial services,Finance & Investments,,no-pic,2026
massimo_moratti,Massimo Moratti,Moratti,80.0,1946.0,Male,Italy,Oil refinery,Energy,,,2026
mat_ishbia,Mat Ishbia,Ishbia,46.0,1980.0,Male,United States,Mortgage lender,Finance & Investments,,no-pic,2026
matei_zaharia,Matei Zaharia,Zaharia,41.0,1985.0,Male,Romania,Data analytics,Technology,,no-pic,2026
mathias_boehringer,Mathias Boehringer,Boehringer,57.0,1969.0,Male,Germany,Pharmaceuticals,Healthcare,,no-pic,2026
mathias_doepfner,Mathias Doepfner,Doepfner,63.0,1963.0,Male,Germany,Media,Media & Entertainment,,no-pic,2026
mathias_kamprad,Mathias Kamprad,Kamprad,56.0,1970.0,Male,Sweden,IKEA,Finance & Investments,,no-pic,2026
mati_staniszewski,Mati Staniszewski,Staniszewski,31.0,1995.0,Male,Poland,AI voice cloning,Technology,"Founder, ElevenLabs",no-pic,2026
mats_paulsson,Mats Paulsson,Paulsson,84.0,1942.0,Male,Sweden,construction,Construction & Engineering,,no-pic,2021
matt_dan_walsh,Matt & Dan Walsh,Walsh,,,Male,United States,construction,Construction & Engineering,,no-pic,2014
matt_hulsizer,Matt Hulsizer,Hulsizer,57.0,1969.0,Male,United States,fintech,Finance & Investments,,no-pic,2022
matt_moulding,Matt Moulding,Moulding,56.0,1970.0,Male,United Kingdom,e-commerce,Fashion & Retail,,no-pic,2021
matteo_danieli,Matteo Danieli,Danieli,41.0,1985.0,Male,Italy,Software investment,Technology,,no-pic,2026
matthew_bucksbaum,Matthew Bucksbaum,Bucksbaum,112.0,1914.0,Male,United States,real estate,Real Estate,,,2011
matthew_calkins,Matthew Calkins,Calkins,55.0,1971.0,Male,United States,software,Technology,,no-pic,2021
matthew_prince,Matthew Prince,Prince,51.0,1975.0,Male,United States,Cybersecurity,Technology,,no-pic,2026
matthew_pritzker,Matthew Pritzker,Pritzker,43.0,1983.0,Male,United States,"Hotels, investments",Diversified,,no-pic,2026
matthew_roszak,Matthew Roszak,Roszak,53.0,1973.0,Male,United States,Cryptocurrency,Finance & Investments,,no-pic,2026
matthias_reimann_andersen,Matthias Reimann-Andersen,Reimann-Andersen,61.0,1965.0,Male,Germany,Consumer goods,Fashion & Retail,,no-pic,2026
matthias_reinhart,Matthias Reinhart,Reinhart,66.0,1960.0,Male,Switzerland,Financial services,Finance & Investments,,,2026
maurice_alter,Maurice Alter,Alter,105.0,1921.0,Male,Australia,real estate,Real Estate,,,2019
maurizio_billi,Maurizio Billi,Billi,68.0,1958.0,Male,Brazil,Generic drugs,Healthcare,,no-pic,2026
max_levchin,Max Levchin,Levchin,50.0,1976.0,Male,United States,fintech,Finance & Investments,,no-pic,2026
max_lytvyn,Max Lytvyn,Lytvyn,46.0,1980.0,Male,Canada,Software,Technology,,no-pic,2026
max_michel_suberville,Max Michel Suberville,Michel Suberville,101.0,1925.0,Male,Mexico,"beverages, retail",Food and Beverage,,no-pic,2015
max_turnauer,Max Turnauer,Turnauer,99.0,1927.0,Male,Austria,manufacturing,Manufacturing,,no-pic,2014
max_van_hoegaerden_herrmann_telles,Max Van Hoegaerden Herrmann Telles,Telles,30.0,1996.0,Male,Brazil,Beer,Food & Beverage,,no-pic,2026
maxim_nogotkov,Maxim Nogotkov,Nogotkov,59.0,1967.0,Male,Russia,"retail, banking",Retail,,,2013
maxim_shubarev,Maxim Shubarev,Shubarev,57.0,1969.0,Male,Russia,Real Estate,Real Estate,,no-pic,2026
maxim_tebar,Maxim Tebar,Tebar,25.0,2001.0,Male,Germany,Chainsaws,Manufacturing,,no-pic,2026
maximilian_stoschek,Maximilian Stoschek,Stoschek,,,Male,Germany,auto parts,Automotive,,no-pic,2018
maximilian_viessmann,Maximilian Viessmann,Viessmann,37.0,1989.0,Male,Germany,"Heating, cooling equipment",Manufacturing,,no-pic,2026
maximilian_von_baumbach,Maximilian von Baumbach,von Baumbach,28.0,1998.0,Male,Germany,Pharma,Healthcare,,no-pic,2026
mazen_soliman_fakeeh,Mazen Soliman Fakeeh,Fakeeh,62.0,1964.0,Male,Saudi Arabia,Hospitals,Healthcare,,no-pic,2025
meg_whitman,Meg Whitman,Whitman,69.0,1957.0,Female,United States,EBay,Technology,,,2026
megdet_rahimkulov_family,Megdet Rahimkulov,Rahimkulov & family,81.0,1945.0,Male,Russia,investments,Finance & Investments,,no-pic,2022
mehmet_ali_aydinlar,Mehmet Ali Aydinlar,Aydinlar,69.0,1957.0,Male,Turkey,Hospitals,Healthcare,,,2026
mehmet_aydinlar,Mehmet Aydinlar,Aydinlar,69.0,1957.0,Male,Turkey,Hospitals,Healthcare,,,2023
mehmet_emin_karamehmet,Mehmet Emin Karamehmet,Karamehmet,90.0,1936.0,Male,Turkey,"telecom, diversified",Telecom,,,2015
mehmet_hattat,Mehmet Hattat,Hattat,85.0,1941.0,Male,Turkey,diversified,Diversified,,,2018
mehmet_kazanci,Mehmet Kazanci,Kazanci,70.0,1956.0,Male,Turkey,Diversified,Diversified,,no-pic,2026
mehmet_nazif_gunal,Mehmet Nazif Gunal,Gunal,80.0,1946.0,Male,Turkey,"tourism, construction",Diversified,,,2021
mehmet_omer_koc,Mehmet Omer Koc,Koc,74.0,1952.0,Male,Turkey,diversified,Diversified,,,2013
mehmet_rustu_basaran,Mehmet Rustu Basaran,Basaran,84.0,1942.0,Male,Turkey,"banking, gas",Energy,,,2018
mehmet_sepil,Mehmet Sepil,Sepil,85.0,1941.0,Male,Turkey,oil,Energy,,,2011
mehmet_sinan_family_tara,Mehmet Sinan & Family Tara,Tara,67.0,1959.0,Male,Turkey,Construction,Construction & Engineering,,no-pic,2026
mehmet_sinan_tara,Mehmet Sinan Tara,Tara,67.0,1959.0,Male,Turkey,Construction,Construction & Engineering,,,2023
melanie_perkins,Melanie Perkins,Perkins,38.0,1988.0,Female,Australia,Software,Technology,"Co-Founder & CEO, Canva",,2026
melchior_oeri,Melchior Oeri,Oeri,32.0,1994.0,Male,Switzerland,Pharmaceuticals,Healthcare,,no-pic,2026
melih_abdulhayoglu,Melih Abdulhayoglu,Abdulhayoglu,62.0,1964.0,Male,Turkey,internet security,Technology,,no-pic,2019
melinda_french_gates,Melinda French Gates,French Gates,61.0,1965.0,Female,United States,Microsoft,Technology,"Founder, Pivotal Philanthropies Foundation",no-pic-female,2026
melissa_ma_1,Melissa Ma,Ma,,,Female,China,Internet search,Technology,,no-pic-female,2026
melker_schorling,Melker Schorling,Schorling,78.0,1948.0,Male,Sweden,Investments,Finance & Investments,,,2023
meng_qingshan,Meng Qingshan,Meng,77.0,1949.0,Male,China,Chemicals,Manufacturing,,no-pic,2026
mi_enhua,Mi Enhua,Mi,68.0,1958.0,Male,China,Retail,Fashion & Retail,,no-pic,2026
mian_mohammad_mansha,Mian Mohammad Mansha,Mansha,91.0,1935.0,,Pakistan,diversified,,,no-pic,2010
miao_hangen,Miao Hangen,Miao,60.0,1966.0,Male,China,"Textiles, petrochemicals",Diversified,,,2026
miao_shouliang,Miao Shouliang,Miao,71.0,1955.0,Male,China,Real estate,Real Estate,,,2023
miao_yongjun,Miao Yongjun,Miao,58.0,1968.0,Male,China,Clinical diagnostics,Healthcare,,no-pic,2025
michael_andlauer,Michael Andlauer,Andlauer,61.0,1965.0,Male,Canada,"Logistics, sports",Logistics,,no-pic,2026
michael_arougheti,Michael Arougheti,Arougheti,53.0,1973.0,Male,United States,Finance,Finance & Investments,,no-pic,2026
michael_ashcroft,Michael Ashcroft,Ashcroft,80.0,1946.0,Male,United Kingdom,Security,Finance & Investments,,,2026
michael_ashley,Michael Ashley,Ashley,61.0,1965.0,Male,United Kingdom,Sports retailing,Fashion & Retail,,,2026
michael_bloomberg,Michael Bloomberg,Bloomberg,84.0,1942.0,Male,United States,Bloomberg LP,Finance & Investments,,,2026
michael_cagney,Michael Cagney,Cagney,55.0,1971.0,Male,United States,Blockchain technology,Technology,,no-pic,2026
michael_chae,Michael Chae,Chae,57.0,1969.0,Male,United States,Private Equity,Finance & Investments,,no-pic,2025
michael_chiang,Michael Chiang,Chiang,83.0,1943.0,Male,Taiwan,electronics,Technology,,,2013
michael_dell,Michael Dell,Dell,61.0,1965.0,Male,United States,Dell Technologies,Technology,"Chairman and CEO, Dell Technologies",,2026
michael_dorrell,Michael Dorrell,Dorrell,52.0,1974.0,Male,United States,Investing,Finance & Investments,,no-pic,2026
michael_dunlap,Michael Dunlap,Dunlap,62.0,1964.0,Male,United States,loan servicing,Finance & Investments,,no-pic,2026
michael_eisner,Michael Eisner,Eisner,99.0,1927.0,Male,United States,,,,no-pic,2008
michael_federmann,Michael Federmann,Federmann,82.0,1944.0,Male,Israel,"Defense, hotels",Technology,,,2026
michael_gans,Michael Gans,Gans,62.0,1964.0,Male,Luxembourg,Supply chain services,Diversified,,no-pic,2026
michael_hartono,Michael Hartono,Hartono,86.0,1940.0,Male,Indonesia,"Banking, tobacco",Manufacturing,,no-pic,2026
michael_heine,Michael Heine,Heine,76.0,1950.0,Male,Australia,Financial services,Finance & Investments,,no-pic,2026
michael_heisley,"Michael Heisley, Sr.",Heisley,100.0,1926.0,Male,United States,manufacturing,Manufacturing,,,2012
michael_herz,Michael Herz,Herz,82.0,1944.0,Male,Germany,Coffee,Fashion & Retail,,,2026
michael_hintze,Michael Hintze,Hintze,72.0,1954.0,Male,Australia,Investment,Finance & Investments,"Founder, CQS LLP",,2026
michael_hsing,Michael Hsing,Hsing,65.0,1961.0,Male,United States,Semiconductors,Technology,,no-pic,2026
michael_intrator,Michael Intrator,Intrator,57.0,1969.0,Male,United States,Technology,Technology,,no-pic,2026
michael_jaharis,Michael Jaharis,Jaharis,105.0,1921.0,Male,United States,pharmaceuticals,Healthcare,,,2015
michael_jordan,Michael Jordan,Jordan,63.0,1963.0,Male,United States,"Charlotte Hornets, endorsements",Sports,,,2026
michael_kadoorie,Michael Kadoorie,Kadoorie,84.0,1942.0,Male,Hong Kong,"Hotels, energy",Energy,,,2026
michael_kim,Michael Kim,Kim,62.0,1964.0,Male,United States,Private equity,Finance & Investments,MBK Partners,no-pic,2026
michael_klein_5,Michael Klein,Klein,83.0,1943.0,Male,Brazil,retail,Retail,,,2015
michael_kors,Michael Kors,Kors,75.0,1951.0,Male,United States,Retail,Retail,,,2014
michael_krasny,Michael Krasny,Krasny,72.0,1954.0,Male,United States,Retail,Technology,"President, Sawdust Investment Management Corp.",,2026
michael_kum,Michael Kum,Kum,81.0,1945.0,Male,Singapore,Hotels,Real Estate,,,2026
michael_latifi,Michael Latifi,Latifi,63.0,1963.0,Male,Canada,Meat processing,Food & Beverage,,no-pic,2026
michael_lee_chin,Michael Lee-Chin,Lee-Chin,75.0,1951.0,Male,Canada,Mutual funds,Finance & Investments,,,2025
michael_lynch_3,Michael Lynch,Lynch,69.0,1957.0,Male,United Kingdom,software,Technology,,no-pic,2015
michael_mccain_1,Michael McCain,McCain,,,Male,Canada,packaged meats,Food & Beverage,,no-pic,2022
michael_milken,Michael Milken,Milken,79.0,1947.0,Male,United States,Investments,Finance & Investments,,,2026
michael_minhong_yu,Michael Minhong Yu,Yu,64.0,1962.0,Male,China,Education,Service,,no-pic,2026
michael_moritz,Michael Moritz,Moritz,71.0,1955.0,Male,United States,Venture capital,Finance & Investments,"Partner, Sequoia",,2026
michael_novogratz,Michael Novogratz,Novogratz,61.0,1965.0,Male,United States,"Investments, cryptocurrency",Finance & Investments,,no-pic,2026
michael_oleary,Michael O'Leary,O'Leary,70.0,1956.0,Male,Ireland,Ryanair,Service,,no-pic,2018
michael_otto,Michael Otto,Otto,83.0,1943.0,Male,Germany,"Retail, real estate",Fashion & Retail,,,2026
michael_patterson,Michael Patterson,Patterson,51.0,1975.0,Male,United States,Private equity,Finance & Investments,,no-pic,2026
michael_pieper,Michael Pieper,Pieper,80.0,1946.0,Male,Switzerland,Kitchen appliances,Manufacturing,"CEO of Artemis Group, Artemis Real Estate Partners",,2026
michael_platt,Michael Platt,Platt,58.0,1968.0,Male,United Kingdom,Hedge funds,Finance & Investments,"Founder, BlueCrest Capital Management",,2026
michael_polsky,Michael Polsky,Polsky,77.0,1949.0,Male,United States,Electric power,Energy,,no-pic,2026
michael_price,Michael Price,Price,74.0,1952.0,Male,United States,investments,Finance & Investments,"President, MFP Investors Inc.",,2022
michael_rees,Michael Rees,Rees,51.0,1975.0,Male,United States,Private equity,Finance & Investments,,no-pic,2026
michael_reiner_schmidt_ruthenbeck,Michael & Reiner Schmidt-Ruthenbeck,Schmidt-Ruthenbeck,87.0,1939.0,Male,Germany,retail,Fashion & Retail,,no-pic,2019
michael_rubin,Michael Rubin,Rubin,53.0,1973.0,Male,United States,Online retail,Fashion & Retail,,,2026
michael_s_smith,Michael S. Smith,Smith,70.0,1956.0,Male,United States,Liquefied natural gas,Energy,,no-pic,2026
michael_sabel,Michael Sabel,Sabel,59.0,1967.0,Male,United States,oil & gas,Energy,,no-pic,2026
michael_saylor,Michael Saylor,Saylor,61.0,1965.0,Male,United States,Cryptocurrency,Technology,,no-pic,2026
michael_spencer,Michael Spencer,Spencer,70.0,1956.0,Male,United Kingdom,Stock exchange,Finance & Investments,,no-pic,2026
michael_steinhardt,Michael Steinhardt,Steinhardt,85.0,1941.0,Male,United States,Hedge funds,Finance & Investments,,,2026
michael_stoschek,Michael Stoschek,Stoschek,85.0,1941.0,Male,Germany,autoparts,Automotive,,,2016
michael_strauss,Michael Strauss,Strauss,104.0,1922.0,Male,Israel,"food, beverages",Food and Beverage,,,2011
michael_teel,Michael Teel,Teel,74.0,1952.0,Male,United States,supermarkets,Fashion & Retail,,no-pic,2026
michael_tojner,Michael Tojner,Tojner,60.0,1966.0,Male,Austria,"Batteries, investments",Manufacturing,,no-pic,2026
michael_truell,Michael Truell,Truell,25.0,2001.0,Male,United States,AI software,Technology,"Cofounder, Anysphere",no-pic,2026
michael_wisser,Michael Wisser,Wisser,53.0,1973.0,Male,Germany,Logistics,Logistics,,no-pic,2026
michael_xie,Michael Xie,Xie,57.0,1969.0,Male,United States,Cybersecurity,Technology,,no-pic,2026
michael_ying,Michael Ying,Ying,76.0,1950.0,Male,Hong Kong,Retail,Fashion & Retail,,,2026
michaela_herz,Michaela Herz,Herz,51.0,1975.0,Female,Germany,Coffee,Finance & Investments,,no-pic-female,2026
michal_solowow,Michal Solowow,Solowow,63.0,1963.0,Male,Poland,Investments,Finance & Investments,,,2026
michal_strnad,Michal Strnad,Strnad,33.0,1993.0,Male,Czech Republic,Defense Contracting,Manufacturing,,no-pic,2026
michel_chalhoub,Michel Chalhoub,Chalhoub,98.0,1928.0,Male,France,retail,Fashion & Retail,,no-pic,2019
michel_leclercq,Michel Leclercq,Leclercq,86.0,1940.0,Male,France,Sporting goods,Fashion & Retail,,no-pic,2026
michel_litvak_2,Michel Litvak,Litvak,74.0,1952.0,Male,Russia,Seaport,Logistics,,no-pic,2026
michele_ferrero,Michele Ferrero,Ferrero,110.0,1916.0,Male,Italy,chocolates,Food and Beverage,,,2014
michele_kang,Michele Kang,Kang,66.0,1960.0,Female,United States,Healthcare IT,Technology,,no-pic-female,2026
michelle_xia,Michelle Xia,Xia,59.0,1967.0,Female,United States,Biotech,Healthcare,,no-pic-female,2026
michelle_zatlyn,Michelle Zatlyn,Zatlyn,46.0,1980.0,Female,Canada,Cybersecurity,Technology,,no-pic-female,2026
michiel_le_roux,Michiel Le Roux,Le Roux,76.0,1950.0,Male,South Africa,Banking,Finance & Investments,,no-pic,2026
micky_arison,Micky Arison,Arison,76.0,1950.0,Male,United States,Carnival Cruises,Service,,,2026
micky_jagtiani,Micky Jagtiani,Jagtiani,74.0,1952.0,Male,India,Retail,Fashion & Retail,,,2023
miguel_fluxa_rossello,Miguel Fluxa Rossello,Fluxa Rossello,87.0,1939.0,Male,Spain,Hotels,Service,,no-pic,2026
miguel_krigsner,Miguel Krigsner,Krigsner,76.0,1950.0,Male,Brazil,Cosmetics,Fashion & Retail,,,2026
miguel_mckelvey,Miguel McKelvey,McKelvey,55.0,1971.0,Male,United States,WeWork,Real Estate,"Cofounder, WeWork",no-pic,2019
miguel_tomas_arrufat_pujol,Miguel Tomás Arrufat Pujol,Arrufat Pujol,65.0,1961.0,Male,Spain,Education technology,Technology,,no-pic,2026
mika_anttonen,Mika Anttonen,Anttonen,59.0,1967.0,Male,Finland,Oil & gas,Energy,,no-pic,2026
mikail_shishkhanov,Mikail Shishkhanov,Shishkhanov,59.0,1967.0,Male,Russia,"oil, banking, real estate",Diversified,,,2017
mike_adenuga,Mike Adenuga,Adenuga,73.0,1953.0,Male,Nigeria,"Telecom, oil",Diversified,,,2026
mike_bingle,Mike Bingle,Bingle,57.0,1969.0,Male,United States,private equity,Finance & Investments,,no-pic,2020
mike_brown_1,Mike Brown,Brown,90.0,1936.0,Male,United States,Cincinnati Bengals,Sports,,no-pic,2026
mike_cannon_brookes,Mike Cannon-Brookes,Cannon-Brookes,46.0,1980.0,Male,Australia,Software,Technology,,,2026
mike_danson,Mike Danson,Danson,63.0,1963.0,Male,United Kingdom,data services,Finance & Investments,,no-pic,2025
mike_lazaridis,Mike Lazaridis,Lazaridis,77.0,1949.0,Male,Canada,Research in Motion,Technology,,,2011
mike_repole,Mike Repole,Repole,57.0,1969.0,Male,United States,Sports drink,Food & Beverage,,no-pic,2026
mike_sabel,Mike Sabel,Sabel,59.0,1967.0,Male,United States,oil & gas,Energy,,no-pic,2025
mike_speiser,Mike Speiser,Speiser,55.0,1971.0,Male,United States,Software,Technology,Sutter Hill Ventures,no-pic,2026
mikhail_abyzov,Mikhail Abyzov,Abyzov,62.0,1964.0,Male,Russia,"power, power engineering",Energy,,,2014
mikhail_balakin,Mikhail Balakin,Balakin,73.0,1953.0,Male,Russia,construction,Construction & Engineering,,,2015
mikhail_fedyaev,Mikhail Fedyaev,Fedyaev,63.0,1963.0,Male,Russia,"coal, railway transport, machinery",Diversified,,,2026
mikhail_fridman,Mikhail Fridman,Fridman,62.0,1964.0,Male,Russia,"Oil, banking, telecom",Energy,,,2026
mikhail_gutseriev,Mikhail Gutseriev,Gutseriev,68.0,1958.0,Male,Russia,"Oil, coal, real estate",Energy,,,2026
mikhail_lomtadze,Mikhail Lomtadze,Lomtadze,50.0,1976.0,Male,Georgia,Fintech,Finance & Investments,,no-pic,2026
mikhail_prokhorov,Mikhail Prokhorov,Prokhorov,60.0,1966.0,Male,Russia,Investments,Finance & Investments,,,2026
mikhail_shelkov,Mikhail Shelkov,Shelkov,57.0,1969.0,Male,Russia,Titanium,Metals & Mining,,no-pic,2026
milane_frantz,Milane Frantz,Frantz,56.0,1970.0,Female,United States,Pipelines,Energy,,,2026
miloud_chaabi,Miloud Chaabi,Chaabi,105.0,1921.0,Male,Morocco,diversified,Real Estate,,,2015
mimi_haas,Mimi Haas,Haas,81.0,1945.0,Female,United States,Levi's jeans,Fashion & Retail,,no-pic-female,2021
min_kao,Min Kao,Kao,77.0,1949.0,Male,United States,Navigation equipment,Technology,,,2026
min_liang_tan,Min-Liang Tan,Tan,48.0,1978.0,Male,Singapore,Gaming hardware,Media & Entertainment,,,2026
ming_hsieh,Ming Hsieh,Hsieh,72.0,1954.0,Male,United States,Fulgent Genetics,Healthcare,,no-pic,2021
minoru_mori,Minoru Mori,Mori,102.0,1924.0,Male,Japan,real estate,Real Estate,,,2012
miranda_qu,Miranda Qu,Qu,41.0,1985.0,Female,China,E-commerce,Fashion & Retail,,no-pic-female,2026
miriam_adelson,Miriam Adelson,Adelson,80.0,1946.0,Female,United States,Casinos,Gambling & Casinos,,no-pic-female,2026
miriam_baumann_blocher,Miriam Baumann-Blocher,Baumann-Blocher,51.0,1975.0,Female,Switzerland,Chemicals,Manufacturing,,,2026
mirwais_azizi,Mirwais Azizi,Azizi,63.0,1963.0,Male,Afghanistan,Real estate,Real Estate,,no-pic,2026
mitchell_goldhar,Mitchell Goldhar,Goldhar,64.0,1962.0,Male,Canada,Real estate,Real Estate,"Owner, SmartCentres",,2026
mitchell_jacobson,Mitchell Jacobson,Jacobson,75.0,1951.0,Male,United States,Industrial equipment,Service,,,2026
mitchell_morgan,Mitchell Morgan,Morgan,71.0,1955.0,Male,United States,Real estate,Real Estate,,no-pic,2026
mitchell_rales,Mitchell Rales,Rales,69.0,1957.0,Male,United States,"Manufacturing, investments",Manufacturing,,,2026
miuccia_prada,Miuccia Prada,Prada,76.0,1950.0,Female,Italy,Luxury goods,Fashion & Retail,,,2026
mo_tianquan,Mo Tianquan,Mo,71.0,1955.0,Male,China,internet information provider,Service,,,2014
mochtar_riady,Mochtar Riady,Riady,96.0,1930.0,Male,Indonesia,Diversified,Diversified,,,2026
mofatraj_munot,Mofatraj Munot,Munot,81.0,1945.0,Male,India,Real estate,Real Estate,,,2026
mohamed_al_fayed,Mohamed Al Fayed,Al Fayed,97.0,1929.0,Male,Egypt,"Retail, investments",Fashion & Retail,,,2023
mohamed_alabbar,Mohamed Alabbar,Alabbar,69.0,1957.0,Male,United Arab Emirates,"Real estate, restaurants",Diversified,,no-pic,2026
mohamed_bin_issa_al_jaber,Mohamed Bin Issa Al Jaber,Al Jaber,77.0,1949.0,Male,Saudi Arabia,"real estate, hotels",Real Estate,,,2013
mohamed_mansour,Mohamed Mansour,Mansour,78.0,1948.0,Male,Egypt,Diversified,Diversified,,,2026
mohammad_abunayyan,Mohammad Abunayyan,Abunayyan,63.0,1963.0,Male,Saudi Arabia,Diversified,Diversified,,no-pic,2026
mohammed_al_amoudi,Mohammed Al Amoudi,Al Amoudi,85.0,1941.0,Male,Saudi Arabia,"oil, diversified",Energy,,,2017
mohammed_al_barwani,Mohammed Al Barwani,Al Barwani,82.0,1944.0,Male,Oman,oil,Oil,,,2015
mohammed_al_issa,Mohammed Al Issa,Al Issa,107.0,1919.0,Male,Saudi Arabia,investments,Finance and Investments,,no-pic,2017
mohammed_al_rajhi,Mohammed Al Rajhi,Al Rajhi,,,Male,Saudi Arabia,banking,Finance,,no-pic,2012
mohammed_bahwan,Mohammed Bahwan,Bahwan,,,Male,Oman,auto dealerships,Automotive,,no-pic,2017
mohammed_dewji,Mohammed Dewji,Dewji,50.0,1976.0,Male,Tanzania,Diversified,Diversified,,,2026
mohammed_ibrahim,Mohammed Ibrahim,Ibrahim,79.0,1947.0,Male,United Kingdom,Communications,Telecom,"Founder, Mo Ibrahim Foundation",,2026
mohammed_saleh_serafi,Mohammed Saleh Serafi,Serafi,100.0,1926.0,Male,Saudi Arabia,investments,Finance and Investments,,no-pic,2017
mohannad_al_kharafi,Mohannad Al-Kharafi,Al-Kharafi,,,Male,Kuwait,diversified,Diversified,,no-pic,2018
mohed_altrad,Mohed Altrad,Altrad,78.0,1948.0,Male,France,"Scaffolding, cement mixers",Construction & Engineering,,,2026
moise_safra,Moise Safra,Safra,100.0,1926.0,Male,Brazil,banking,Finance,,,2014
mokhzani_mahathir,Mokhzani Mahathir,Mahathir,74.0,1952.0,Male,Malaysia,oil & gas services,Energy,,,2014
molly_miao,Molly Miao,Miao,40.0,1986.0,Female,China,Shein,Fashion & Retail,,no-pic-female,2026
mong_koo_chung,Mong-Koo Chung,Chung,88.0,1938.0,Male,South Korea,Hyundai,Automotive,,,2026
monica_crippa_1,Monica Crippa,Crippa,61.0,1965.0,Female,Italy,Microchip testing,Manufacturing,,no-pic-female,2026
monika_schoeller,Monika Schoeller,Schoeller,91.0,1935.0,Female,Germany,publishing,Media & Entertainment,,,2019
monique_roosmale_nepveu,Monique Roosmale Nepveu,Roosmale Nepveu,94.0,1932.0,Female,France,commodities,Food and Beverage,,no-pic-female,2015
montri_jiaravanont,Montri Jiaravanont,Jiaravanont,96.0,1930.0,Male,Thailand,diversified,Diversified,,no-pic,2022
mori_arkin,Mori Arkin,Arkin,73.0,1953.0,Male,Israel,Pharmaceuticals,Healthcare,,,2026
morris_chang,Morris Chang,Chang,94.0,1932.0,Male,Taiwan,Semiconductors,Technology,,no-pic,2026
morris_kahn,Morris Kahn,Kahn,96.0,1930.0,Male,Israel,Software,Technology,,,2025
mortimer_zuckerman,Mortimer Zuckerman,Zuckerman,88.0,1938.0,Male,United States,"Real estate, media",Real Estate,"Chairman and CEO, BXP",,2026
motilal_oswal,Motilal Oswal,Oswal,63.0,1963.0,Male,India,Financial services,Finance & Investments,,no-pic,2026
mou_jinxiang,Mou Jinxiang,Mou,74.0,1952.0,Female,China,chemicals,Manufacturing,,no-pic-female,2021
mp_ahammad,M.P. Ahammad,Ahammad,63.0,1963.0,Male,India,Gold jewellery,Fashion & Retail,,no-pic,2026
mrudula_parekh,Mrudula Parekh,Parekh,78.0,1948.0,Female,India,Adhesives,Manufacturing,,no-pic-female,2026
msatyanarayana_reddy,M.Satyanarayana Reddy,Reddy,69.0,1957.0,Male,India,Pharmaceuticals,Healthcare,,no-pic,2026
mu_rongjun,Mu Rongjun,Mu,46.0,1980.0,Male,China,E-commerce,Technology,,no-pic,2026
mubariz_gurbanoglu,Mubariz Gurbanoglu,Gurbanoglu,66.0,1960.0,Male,Turkey,shipping,Logistics,,,2015
muhammed_aziz_khan,Muhammed Aziz Khan,Khan,71.0,1955.0,Male,Singapore,Power,Energy,,no-pic,2026
mukand_lal_dua,Mukand Lal Dua,Dua,78.0,1948.0,Male,India,footwear,Fashion & Retail,,no-pic,2022
mukesh_ambani,Mukesh Ambani,Ambani,69.0,1957.0,Male,India,Diversified,Diversified,"Chairman and managing director, Reliance Industries",,2026
muneaki_masuda,Muneaki Masuda,Masuda,77.0,1949.0,Male,Japan,retail,Fashion & Retail,,,2021
murali_divi,Murali Divi,Divi,75.0,1951.0,Male,India,Pharmaceuticals,Healthcare,,,2026
murat_ulker,Murat Ulker,Ulker,67.0,1959.0,Male,Turkey,Food,Food & Beverage,,,2026
murat_vargi,Murat Vargi,Vargi,78.0,1948.0,Male,Turkey,Telecom,Telecom,,,2026
murdaya_poo,Murdaya Poo,Poo,85.0,1941.0,Male,Indonesia,Diversified,Diversified,,,2025
murli_dhar_bimal_kumar_gyanchandani,Murli Dhar & Bimal Kumar Gyanchandani,Gyanchandani,,,Male,India,Detergents,Manufacturing,,no-pic,2018
mustafa_hamied,Mustafa Hamied,Hamied,85.0,1941.0,Male,India,Pharmaceuticals,Healthcare,,no-pic,2026
mustafa_kucuk,Mustafa Kucuk,Kucuk,62.0,1964.0,Male,Turkey,Fashion retail,Fashion & Retail,,no-pic,2026
mustafa_latif_topbas,Mustafa Latif Topbas,Topbas,82.0,1944.0,Male,Turkey,"food, retail",Fashion & Retail,,no-pic,2026
mustafa_rahmi_koc,Mustafa Rahmi Koc,Koc,95.0,1931.0,Male,Turkey,Diversified,Diversified,,,2026
mustafa_vehbi_koc,Mustafa Vehbi Koc,Koc,73.0,1953.0,Male,Turkey,diversified,Diversified,,,2015
myron_wentz,Myron Wentz,Wentz,85.0,1941.0,Male,St. Kitts and Nevis,Health products,Fashion & Retail,,no-pic,2026
n_murray_edwards,N. Murray Edwards,Edwards,66.0,1960.0,Male,Canada,Oil & gas,Energy,,,2026
nadhmi_auchi,Nadhmi Auchi,Auchi,97.0,1929.0,Male,United Kingdom,real estate,Real Estate,,,2014
nadia_thiele,Nadia Thiele,Thiele,50.0,1976.0,Female,Germany,Investments,Finance & Investments,,no-pic-female,2026
nadir_godrej,Nadir Godrej,Godrej,75.0,1951.0,Male,India,"Consumer goods, real estate",Diversified,,,2026
naguib_sawiris,Naguib Sawiris,Sawiris,71.0,1955.0,Male,Egypt,Telecom,Telecom,,,2026
najib_mikati,Najib Mikati,Mikati,70.0,1956.0,Male,Lebanon,Telecom,Telecom,,,2026
nan_cunhui,Nan Cunhui,Nan,62.0,1964.0,Male,China,Power equipment,Manufacturing,,,2026
nancy_lerner,Nancy Lerner,Lerner,65.0,1961.0,Female,United States,"Banking, credit cards",Finance & Investments,,,2026
nancy_mills_barnett,Nancy Mills Barnett,Mills Barnett,62.0,1964.0,Female,United States,Medical supplies,Healthcare,,no-pic-female,2026
nancy_walton_laurie,Nancy Walton Laurie,Laurie,74.0,1952.0,Female,United States,Walmart,Fashion & Retail,,,2026
nandan_nilekani,Nandan Nilekani,Nilekani,70.0,1956.0,Male,India,Software services,Technology,,,2026
nanu_gupta,Nanu Gupta,Gupta,83.0,1943.0,Male,India,Retail,Fashion & Retail,,no-pic,2026
naomi_azrieli,Naomi Azrieli,Azrieli,60.0,1966.0,Female,Canada,Real estate,Real Estate,,no-pic-female,2026
narendrakumar_parekh,Narendrakumar Parekh,Parekh,88.0,1938.0,Male,India,Adhesives,Manufacturing,,no-pic,2026
naresh_jain,Naresh Jain,Jain,91.0,1935.0,Male,India,Auto components,Automotive,,no-pic,2026
naresh_trehan,Naresh Trehan,Trehan,79.0,1947.0,Male,India,Hospitals,Healthcare,,no-pic,2026
nari_genomal,Nari Genomal,Genomal,87.0,1939.0,Male,Cyprus,apparel,Fashion & Retail,,no-pic,2022
naruatsu_baba,Naruatsu Baba,Baba,55.0,1971.0,Male,Japan,smartphone games,Technology,,,2016
nassef_sawiris,Nassef Sawiris,Sawiris,65.0,1961.0,Male,Egypt,"Construction, investments",Construction & Engineering,,,2026
nasser_al_kharafi,Nasser Al-Kharafi,Al-Kharafi,94.0,1932.0,Male,Kuwait,construction,Diversified,,,2011
nasser_khalili,Nasser Khalili,Khalili,90.0,1936.0,Male,United Kingdom,"art, real estate",Investments,,,2013
natacha_nikolajevic,Natacha Nikolajevic,Nikolajevic,59.0,1967.0,Female,France,Inherited,Diversified,,no-pic-female,2026
nathan_blecharczyk,Nathan Blecharczyk,Blecharczyk,42.0,1984.0,Male,United States,Airbnb,Technology,,,2026
nathan_kirsh,Nathan Kirsh,Kirsh,94.0,1932.0,Male,Eswatini (Swaziland),"Retail, real estate",Fashion & Retail,,,2026
nathaniel_rothschild,Nathaniel Rothschild,Rothschild,65.0,1961.0,Male,Canada,Banking,Investments,,,2012
neal_aronson,Neal Aronson,Aronson,61.0,1965.0,Male,United States,Private equity,Finance & Investments,,no-pic,2026
neal_blue,Neal Blue,Blue,91.0,1935.0,Male,United States,Defense,Manufacturing,,no-pic,2026
neal_patterson,Neal Patterson,Patterson,82.0,1944.0,Male,United States,health IT,Technology,"Chairman, CEO and President, Cerner",,2017
neerja_sethi,Neerja Sethi,Sethi,71.0,1955.0,Female,United States,IT consulting,Technology,,no-pic-female,2026
neide_helena_de_moraes,Neide Helena de Moraes,Moraes,71.0,1955.0,Female,Brazil,Diversified,Diversified,,no-pic-female,2026
neil_bluhm,Neil Bluhm,Bluhm,88.0,1938.0,Male,United States,Real estate,Real Estate,,,2026
neil_shen,Neil Shen,Shen,58.0,1968.0,Male,China,Venture capital,Finance & Investments,"Founding and Managing Partner, HongShan",,2026
nelson_peltz,Nelson Peltz,Peltz,83.0,1943.0,Male,United States,Investments,Finance & Investments,"Founder, Trian Fund Management",,2026
nerijus_numavicius,Nerijus Numavicius,Numavicius,66.0,1960.0,Male,Lithuania,"retail, pharmacy",Retail,,no-pic,2015
nerio_alessandri,Nerio Alessandri,Alessandri,65.0,1961.0,Male,Italy,Gym equipment,Manufacturing,,no-pic,2026
nevaldo_rocha,Nevaldo Rocha,Rocha,101.0,1925.0,Male,Brazil,retail,Fashion & Retail,,,2019
nezih_barut,Nezih Barut,Barut,83.0,1943.0,Male,Turkey,pharmaceutical,Health care,,no-pic,2013
ngo_chi_dung,Ngo Chi Dung,Ngo,58.0,1968.0,Male,Vietnam,Banking,Finance & Investments,,no-pic,2026
nguyen_dang_quang,Nguyen Dang Quang,Nguyen,62.0,1964.0,Male,Vietnam,"Consumer products, banking",Food & Beverage,,no-pic,2026
nguyen_thi_phuong_thao,Nguyen Thi Phuong Thao,Nguyen,55.0,1971.0,Female,Vietnam,Airlines,Diversified,,no-pic-female,2026
ni_yongpei,Ni Yongpei,Ni,74.0,1952.0,Male,China,Beverages,Food & Beverage,,,2026
ni_zhaoxing,Ni Zhaoxing,Ni,74.0,1952.0,Male,China,real estate,Real Estate,,,2019
ni_zugen,Ni Zugen,Ni,69.0,1957.0,Male,China,Appliances,Manufacturing,,no-pic,2026
nicholas_howley,Nicholas Howley,Howley,64.0,1962.0,Male,United States,Aerospace,Manufacturing,,no-pic,2026
nicholas_pritzker,Nicholas Pritzker,Pritzker,82.0,1944.0,Male,United States,"Hotels, investments",Finance & Investments,,,2026
nicholas_woodman,Nicholas Woodman,Woodman,50.0,1976.0,Male,United States,GoPro,Technology,"Founder, CEO and Chairman, GoPro",,2026
nick_caporella,Nick Caporella,Caporella,90.0,1936.0,Male,United States,Beverages,Food & Beverage,,no-pic,2026
nick_molnar,Nick Molnar,Molnar,37.0,1989.0,Male,Australia,fintech,Finance & Investments,"CEO, Afterpay",no-pic,2021
nicky_oppenheimer,Nicky Oppenheimer,Oppenheimer,80.0,1946.0,Male,South Africa,Diamonds,Metals & Mining,,,2026
nicola_bulgari,Nicola Bulgari,Bulgari,85.0,1941.0,Male,Italy,Luxury goods,Fashion & Retail,,,2026
nicola_leibinger_kammueller,Nicola Leibinger-Kammueller,Leibinger-Kammueller,66.0,1960.0,Female,Germany,Manufacturing,Manufacturing,,,2026
nicolas_berggruen,Nicolas Berggruen,Berggruen,64.0,1962.0,Male,United States,"Real estate, investments",Real Estate,,,2026
nicolas_dieteren,Nicolas D'Ieteren,D'Ieteren,51.0,1975.0,Male,Belgium,"Auto parts, distribution",Automotive,,no-pic,2026
nicolas_hayek,Nicolas Hayek,Hayek,110.0,1916.0,Male,Switzerland,Swatch,,,no-pic,2010
nicolas_puech,Nicolas Puech,Puech,84.0,1942.0,Male,France,Hermes,Fashion & Retail,,,2024
nicole_grogg_hotzer,Nicole Grogg-Hotzer,Grogg-Hotzer,53.0,1973.0,Female,Switzerland,Pharmaceuticals,Healthcare,,no-pic-female,2026
nicole_shanahan,Nicole Shanahan,Shanahan,40.0,1986.0,Female,United States,Google,Technology,,no-pic-female,2026
nicoletta_zampillo,Nicoletta Zampillo,Zampillo,68.0,1958.0,Female,Italy,Eyeglasses,Fashion & Retail,,no-pic-female,2026
nie_tengyun,Nie Tengyun,Nie,50.0,1976.0,Male,China,Logistics,Service,,no-pic,2026
niels_peter_louis_hansen,Niels Peter Louis-Hansen,Louis-Hansen,78.0,1948.0,Male,Denmark,Medical devices,Healthcare,,,2026
nigel_austin,Nigel Austin,Austin,55.0,1971.0,Male,Australia,Retail,Fashion & Retail,,no-pic,2026
nihat_ozdemir,Nihat Ozdemir,Ozdemir,76.0,1950.0,Male,Turkey,Diversified,Diversified,,,2026
nik_storonsky,Nik Storonsky,Storonsky,41.0,1985.0,Male,United Kingdom,Fintech,Finance & Investments,,no-pic,2026
nikesh_arora,Nikesh Arora,Arora,58.0,1968.0,Male,United States,"Cybersecurity, SoftBank, Google",Technology,,,2026
nikhil_kamath,Nikhil Kamath,Kamath,39.0,1987.0,Male,India,Financial services,Finance & Investments,,no-pic,2026
nikhil_merchant,Nikhil Merchant,Merchant,67.0,1959.0,Male,India,Energy,Energy,,no-pic,2024
nikil_viswanathan_1,Nikil Viswanathan,Viswanathan,38.0,1988.0,Male,United States,Blockchain technology,Technology,,no-pic,2025
nikita_mishin,Nikita Mishin,Mishin,54.0,1972.0,Male,Russia,"ports, railway transport",Logistics,,,2026
niklas_herlin,Niklas Herlin,Herlin,68.0,1958.0,Male,Finland,"elevators, escalators",Manufacturing,,no-pic,2017
niklas_kohler,Niklas Köhler,Köhler,34.0,1992.0,Male,Germany,Defense tech,Technology,,no-pic,2026
nikolai_buinov,Nikolai Buinov,Buinov,58.0,1968.0,Male,Russia,"Oil, gas",Energy,,no-pic,2026
nikolai_maximov,Nikolai Maximov,Maximov,76.0,1950.0,Male,Russia,investments,Investments,,,2015
nikolai_sarkisov,Nikolai Sarkisov,Sarkisov,66.0,1960.0,Male,Russia,"insurance, real estate",Finance,,,2014
nikolai_tsvetkov,Nikolai Tsvetkov,Tsvetkov,73.0,1953.0,Male,Russia,banking,Finance,,,2015
nikolay_fartushnyak,Nikolay Fartushnyak,Fartushnyak,60.0,1966.0,Male,Russia,retail,Fashion & Retail,,no-pic,2026
nimesh_kampani,Nimesh Kampani,Kampani,84.0,1942.0,Male,India,investment banking,Finance and Investments,,no-pic,2018
ning_tang,Ning Tang,Tang,57.0,1969.0,Male,China,online lending,Finance and Investments,,no-pic,2018
ning_wang_1,Ning Wang,Wang,39.0,1987.0,Male,China,Toys,Media & Entertainment,,no-pic,2023
ning_zhao,Ning Zhao,Zhao,59.0,1967.0,Female,United States,Pharmaceuticals,Healthcare,,no-pic-female,2023
ninian_mogan_lourdenadin,Ninian Mogan Lourdenadin,Lourdenadin,72.0,1954.0,Male,Malaysia,"Property, retail, financial services",Real Estate,,,2026
nir_zuk,Nir Zuk,Zuk,55.0,1971.0,Male,United States,software,Technology,,no-pic,2026
niraj_bajaj_1,Niraj Bajaj,Bajaj,71.0,1955.0,Male,India,Diversified,Diversified,,no-pic,2026
niraj_shah,Niraj Shah,Shah,52.0,1974.0,Male,United States,online retail,Technology,,no-pic,2026
niranjan_hiranandani,Niranjan Hiranandani,Hiranandani,77.0,1949.0,Male,India,Real estate,Real Estate,,,2024
nirav_modi,Nirav Modi,Modi,61.0,1965.0,Male,India,diamond jewelry,Fashion & Retail,,,2017
nirmal_minda,Nirmal Minda,Minda,68.0,1958.0,Male,India,Auto parts,Automotive,,no-pic,2026
nithin_kamath,Nithin Kamath,Kamath,46.0,1980.0,Male,India,Financial services,Finance & Investments,,no-pic,2026
niti_osathanugrah,Niti Osathanugrah,Osathanugrah,52.0,1974.0,Male,Thailand,"Energy drinks,investments",Finance & Investments,,no-pic,2026
niu_yishun,Niu Yishun,Niu,82.0,1944.0,Male,China,tires,Manufacturing,,no-pic,2012
niva_gurevitch,Niva Gurevitch,Gurevitch,54.0,1972.0,Female,Israel,FInancial Services,Finance & Investments,,no-pic-female,2026
noam_gottesman,Noam Gottesman,Gottesman,64.0,1962.0,Male,United States,Hedge funds,Finance & Investments,"Chief Executive Officer, TOMS Capital",,2026
noaman_razack,Noaman Razack,Razack,68.0,1958.0,Male,India,Real estate,Real Estate,,no-pic,2026
nobutada_saji,Nobutada Saji,Saji,80.0,1946.0,Male,Japan,Beverages,Food & Beverage,,,2026
nobutoshi_shimamura,Nobutoshi Shimamura,Shimamura,100.0,1926.0,Male,Japan,Retail,Fashion & Retail,,no-pic,2025
nochi_dankner,Nochi Dankner,Dankner,83.0,1943.0,Male,Israel,diversified,Diversified,,,2011
norbert_dentressangle,Norbert Dentressangle,Dentressangle,71.0,1955.0,Male,France,"Transport, logistics",Logistics,,,2026
norma_lerner,Norma Lerner,Lerner,90.0,1936.0,Female,United States,Banking,Finance & Investments,,,2026
norman_asbjornson,Norman Asbjornson,Asbjornson,90.0,1936.0,Male,United States,HVAC,Manufacturing,,no-pic,2026
norman_braman,Norman Braman,Braman,93.0,1933.0,Male,United States,"Art, car dealerships",Automotive,,,2026
noubar_afeyan,Noubar Afeyan,Afeyan,63.0,1963.0,Male,United States,Biotech,Healthcare,,no-pic,2026
nr_narayana_murthy,N.R. Narayana Murthy,Murthy,79.0,1947.0,Male,India,Software services,Technology,,,2026
nurit_manor,Nurit Manor,Manor,73.0,1953.0,Female,Israel,Financial Services,Finance & Investments,,no-pic-female,2026
nurzhan_subkhanberdin,Nurzhan Subkhanberdin,Subkhanberdin,72.0,1954.0,Male,Kazakhstan,banking,Finance,,,2011
nusli_wadia,Nusli Wadia,Wadia,82.0,1944.0,Male,India,Consumer goods,Food & Beverage,,no-pic,2026
nutchamai_thanombooncharoen,Nutchamai Thanombooncharoen,Thanombooncharoen,64.0,1962.0,Female,Thailand,Energy drinks,Food & Beverage,,no-pic-female,2026
o_bruton_smith,O. Bruton Smith,Smith,105.0,1921.0,Male,United States,Nascar racetracks,Automotive,,no-pic,2017
o_francis_biondi,O. Francis Biondi,Biondi,61.0,1965.0,Male,United States,Hedge funds,Finance & Investments,,no-pic,2026
odd_reitan,Odd Reitan,Reitan,74.0,1952.0,Male,Norway,"Retail, real estate",Fashion & Retail,,,2026
oei_hong_leong,Oei Hong Leong,Oei,78.0,1948.0,Male,Singapore,Investments,Finance & Investments,,,2026
oguz_tezmen,Oguz Tezmen,Tezmen,78.0,1948.0,Male,Turkey,Finance,Finance & Investments,,no-pic,2026
olav_thon,Olav Thon,Thon,112.0,1914.0,Male,Norway,real estate,Real Estate,,,2013
oleg_bakhmatyuk,Oleg Bakhmatyuk,Bakhmatyuk,63.0,1963.0,Male,Ukraine,eggs,Food and Beverage,,,2011
oleg_boyko,Oleg Boyko,Boyko,61.0,1965.0,Male,Russia,Diversified,Diversified,,,2026
oleg_deripaska,Oleg Deripaska,Deripaska,58.0,1968.0,Male,Russia,"Aluminum, utilities",Metals & Mining,,,2026
oleg_misevra,Oleg Misevra,Misevra,58.0,1968.0,Male,Russia,Coal,Metals & Mining,,no-pic,2026
oleg_misrevra,Oleg Misrevra,Misrevra,58.0,1968.0,Male,Russia,Coal,Metals & Mining,,no-pic,2025
oleg_tinkov,Oleg Tinkov,Tinkov,60.0,1966.0,Male,Russia,banking,Finance & Investments,,,2021
olgun_zorlu,Olgun Zorlu,Zorlu,67.0,1959.0,Male,Turkey,diversified,Diversified,,no-pic,2018
oliver_samwer,Oliver Samwer,Samwer,52.0,1974.0,Male,Germany,tech investments,Technology,"Cofounder and CEO, Rocket Internet",,2026
olivia_holding_1,Olivia Holding,Holding,61.0,1965.0,Female,United States,Banking,Finance & Investments,,no-pic-female,2026
olivier_bouygues,Olivier Bouygues,Bouygues,75.0,1951.0,Male,France,"Construction, media",Construction & Engineering,,no-pic,2026
olivier_courtin_clarins,Christian & Olivier Courtin-Clarins,Courtin-Clarins,82.0,1944.0,Male,France,Clarins,Fashion and Retail,,,2013
olivier_dassault,Olivier Dassault,Dassault,77.0,1949.0,Male,France,diversified,Diversified,,no-pic,2020
olivier_pomel,Olivier Pomel,Pomel,49.0,1977.0,Male,France,Cloud computing,Technology,"Cofounder, Datadog",no-pic,2026
omani_carson,Omani Carson,Carson,61.0,1965.0,Male,United States,Wealth planning,Finance & Investments,"Wealth Advisor, Carson Wealth Management Group",no-pic,2026
ong_beng_seng_and_christina_ong,Ong Beng Seng and Christina Ong,Ong Beng Seng,86.0,1940.0,,Singapore,diversified,Diversified,,,2018
ong_leong_huat,Ong Leong Huat,Ong,82.0,1944.0,Male,Malaysia,"Property, construction, financial services",Finance & Investments,,,2026
onkar_kanwar,Onkar Kanwar,Kanwar,83.0,1943.0,Male,India,Tires,Automotive,,,2026
onsi_sawiris,Onsi Sawiris,Sawiris,102.0,1924.0,Male,Egypt,"construction, telecom",Construction & Engineering,,,2017
oprah_winfrey,Oprah Winfrey,Winfrey,72.0,1954.0,Female,United States,TV shows,Media & Entertainment,,,2026
or_wai_sheun,Or Wai Sheun,Or,74.0,1952.0,Male,Hong Kong,Real estate,Real Estate,,,2026
oran_holtzman,Oran Holtzman,Holtzman,42.0,1984.0,Male,Israel,Beauty and Technology,Fashion & Retail,,no-pic,2025
oren_zeev,Oren Zeev,Zeev,61.0,1965.0,Male,Israel,Investments,Finance & Investments,,no-pic,2026
orion_hindawi,Orion Hindawi,Hindawi,46.0,1980.0,Male,United States,Software,Technology,"CEO, Tanium",,2026
orlando_bravo,Orlando Bravo,Bravo,55.0,1971.0,Male,United States,Private equity,Finance & Investments,,no-pic,2026
oscar_baeza_fares,Oscar Baeza Fares,Baeza Fares,65.0,1961.0,Male,Mexico,Food products,Food & Beverage,,no-pic,2026
osman_kibar,Osman Kibar,Kibar,55.0,1971.0,Male,United States,Biotech,Healthcare,"Founder, CEO, Samumed",,2023
othman_benjelloun,Othman Benjelloun,Benjelloun,93.0,1933.0,Male,Morocco,"Banking, insurance",Finance & Investments,,,2026
otto_beisheim,Otto Beisheim,Beisheim,113.0,1913.0,Male,Germany,retail,Fashion and Retail,,,2012
otto_boehringer,Otto Boehringer,Boehringer,95.0,1931.0,Male,Germany,Pharmaceuticals,Healthcare,,no-pic,2026
otto_happel,Otto Happel,Happel,78.0,1948.0,Male,Germany,Engineering,Construction & Engineering,,,2026
otto_philipp_braun,Otto Philipp Braun,Braun,48.0,1978.0,Male,Germany,Medical technology,Healthcare,,,2026
otto_toto_sugiri,Otto Toto Sugiri,Sugiri,72.0,1954.0,Male,Indonesia,Data centers,Technology,,no-pic,2026
ou_xueming,Ou Xueming,Ou,79.0,1947.0,Male,China,real estate,Real Estate,,no-pic,2021
ou_zonghong,Ou Zonghong,Ou,60.0,1966.0,Male,China,real estate,Real Estate,,no-pic,2019
ou_zongrong,Ou Zongrong,Ou,64.0,1962.0,Male,China,real estate,Real Estate,,,2021
pablo_legorreta,Pablo Legorreta,Legorreta,62.0,1964.0,Male,United States,Investments,Finance & Investments,,no-pic,2026
pacal_vanhalst,Pacal Vanhalst,Vanhalst,56.0,1970.0,Male,Belgium,Industrial and agricultural equipment parts,Finance & Investments,,no-pic,2026
pallonji_mistry,Pallonji Mistry,Mistry,97.0,1929.0,Male,Ireland,construction,Construction & Engineering,,,2022
palmer_luckey,Palmer Luckey,Luckey,33.0,1993.0,Male,United States,"Virtual reality, defense technology",Technology,,,2026
pamela_mars,Pamela Mars,Mars,65.0,1961.0,Female,United States,"Candy, pet food",Food & Beverage,,no-pic-female,2026
pan_dong_1,Pan Dong,Pan,61.0,1965.0,Female,Canada,Consumer goods,Fashion & Retail,,no-pic-female,2026
pan_gang,Pan Gang,Pan,56.0,1970.0,Male,China,dairy,Food & Beverage,,no-pic,2022
pan_laican,Pan Laican,Pan,,,Male,China,Soy sauce,Food & Beverage,,no-pic,2026
pan_longquan,Pan Longquan,Pan,61.0,1965.0,Male,China,Manufacturing,Manufacturing,,no-pic,2023
pan_shiyi,Pan Shiyi,Pan,63.0,1963.0,Male,China,Real estate,Real Estate,,no-pic,2026
pan_sutong,Pan Sutong,Pan,66.0,1960.0,Male,Hong Kong,"real estate, finance",Real Estate,,,2020
pan_weiming,Pan Weiming,Pan,65.0,1961.0,Male,China,real estate,Real Estate,,,2020
panagiotis_tsakos,Panagiotis Tsakos,Tsakos,90.0,1936.0,Male,Greece,Shipping,Logistics,,no-pic,2026
pang_kang,Pang Kang,Pang,70.0,1956.0,Male,China,Soy sauce,Food & Beverage,,no-pic,2026
pankaj_doshi,Pankaj Doshi,Doshi,63.0,1963.0,Male,India,Solar panels,Energy,,no-pic,2026
pankaj_patel,Pankaj Patel,Patel,73.0,1953.0,Male,India,Pharmaceuticals,Healthcare,,,2026
pansy_ho,Pansy Ho,Ho,63.0,1963.0,Female,Hong Kong,Casinos,Gambling & Casinos,,,2026
pantaleo_dellorco,Pantaleo Dell'Orco,Dell'Orco,73.0,1953.0,Male,Italy,Luxury goods,Fashion & Retail,,no-pic,2026
pantas_sutardja,Pantas Sutardja,Sutardja,63.0,1963.0,Male,United States,Semiconductors,Technology,,no-pic,2026
paola_del_vecchio,Paola Del Vecchio,Del Vecchio,64.0,1962.0,Female,Italy,Eyeglasses,Fashion & Retail,,no-pic-female,2026
paolo_ardoino,Paolo Ardoino,Ardoino,41.0,1985.0,Male,Italy,Cryptocurrency,Finance & Investments,,no-pic,2026
paolo_barilla,Paolo Barilla,Barilla,70.0,1956.0,Male,Italy,Barilla pasta,Food and Beverage,,,2018
paolo_bulgari,Paolo Bulgari,Bulgari,88.0,1938.0,Male,Italy,Luxury goods,Fashion & Retail,,,2026
paolo_gianfelice_mario_rocca,Paolo & Gianfelice Mario Rocca,Rocca,,,Male,Italy,pipe manufacturing,Metals & Mining,,,2022
paolo_rocca,Paolo Rocca,Rocca,73.0,1953.0,Male,Italy,Pipe Manufacturing,Metals & Mining,,,2026
parakramsinh_jadeja,Parakramsinh Jadeja,Jadeja,57.0,1969.0,Male,India,Manufacturing,Manufacturing,,no-pic,2025
paritosh_garg,Paritosh Garg,Garg,70.0,1956.0,Male,India,Manufacturing,Manufacturing,,no-pic,2026
park_dong_suk,Park Dong-suk,Park,64.0,1962.0,Male,South Korea,Electrical equipment,Manufacturing,,no-pic,2026
park_hyeon_joo,Park Hyeon-joo,Park,67.0,1959.0,Male,South Korea,mutual funds,Finance & Investments,Mirae Asset,,2026
park_kwan_ho,Park Kwan-ho,Park,55.0,1971.0,Male,South Korea,online games,Media & Entertainment,,no-pic,2022
park_soon_jae,Park Soon-jae,Park,71.0,1955.0,Male,South Korea,Biopharmaceuticals,Healthcare,,no-pic,2026
park_yeon_cha,Park Yeon-cha,Park,83.0,1943.0,Male,South Korea,sneakers,Manufacturing,,no-pic,2020
parker_conrad,Parker Conrad,Conrad,46.0,1980.0,Male,United States,Software,Technology,,,2026
pat_neal,Pat Neal,Neal,77.0,1949.0,Male,United States,Homebuilding,Real Estate,,no-pic,2026
pat_stryker,Pat Stryker,Stryker,70.0,1956.0,Female,United States,Medical equipment,Healthcare,,,2026
patokh_chodiev,Patokh Chodiev,Chodiev,77.0,1949.0,Male,Belgium,"mining, metals",Metals & Mining,,,2019
patrice_motsepe,Patrice Motsepe,Motsepe,64.0,1962.0,Male,South Africa,Mining,Metals & Mining,,,2026
patricia_angelini_rossi,Patricia Angelini Rossi,Angelini Rossi,72.0,1954.0,Female,Chile,"Forestry, mining",Diversified,,,2026
patricia_matte,Patricia Matte,Matte,88.0,1938.0,Female,Chile,paper,Manufacturing,,no-pic-female,2017
patrick_bowlen,Patrick Bowlen,Bowlen,95.0,1931.0,,United States,Denver Broncos,,,no-pic,2010
patrick_collison,Patrick Collison,Collison,37.0,1989.0,Male,Ireland,Payment software,Technology,"Cofounder, Stripe",,2026
patrick_drahi,Patrick Drahi,Drahi,62.0,1964.0,Male,France,Telecom,Telecom,,,2026
patrick_hanrahan,Patrick Hanrahan,Hanrahan,70.0,1956.0,Male,United States,Software,Technology,,no-pic,2026
patrick_lee,Patrick Lee,Lee,84.0,1942.0,Male,Hong Kong,Paper,Manufacturing,,,2026
patrick_mcgovern,Patrick McGovern,McGovern,97.0,1929.0,Male,United States,media,Media,"Founder and Chairman, International Data Group",,2014
patrick_ryan,Patrick Ryan,Ryan,88.0,1938.0,Male,United States,Insurance,Finance & Investments,,,2026
patrick_soon_shiong,Patrick Soon-Shiong,Soon-Shiong,73.0,1953.0,Male,United States,Pharmaceuticals,Healthcare,,,2026
patrick_wang,Patrick Wang,Wang,92.0,1934.0,Male,Hong Kong,,Manufacturing,,,2006
patrick_zalupski,Patrick Zalupski,Zalupski,45.0,1981.0,Male,United States,homebuilding,Real Estate,,no-pic,2026
patrizio_bertelli,Patrizio Bertelli,Bertelli,80.0,1946.0,Male,Italy,Luxury goods,Fashion & Retail,,,2026
patrizio_vinciarelli,Patrizio Vinciarelli,Vinciarelli,79.0,1947.0,Male,United States,electronic components,Technology,,no-pic,2026
paul_allen,Paul Allen,Allen,78.0,1948.0,Male,United States,"Microsoft, investments",Technology,,,2018
paul_desmarais,Paul Desmarais,Desmarais,109.0,1917.0,Male,Canada,finance,Finance,,,2013
paul_fireman,Paul Fireman,Fireman,82.0,1944.0,Male,United States,Reebok,Fashion & Retail,,no-pic,2026
paul_foster,Paul Foster,Foster,68.0,1958.0,Male,United States,Oil refining,Energy,"Chairman, Western Refining",,2026
paul_gauselmann,Paul Gauselmann,Gauselmann,91.0,1935.0,Male,Germany,Gambling,Gambling & Casinos,,no-pic,2026
paul_heinz_wesjohann,Paul-Heinz Wesjohann,Wesjohann,82.0,1944.0,Male,Germany,Chicken processing,Food & Beverage,,no-pic,2026
paul_lee_1,Paul Lee,Lee,68.0,1958.0,Male,United States,Battery separators,Manufacturing,,no-pic,2026
paul_little,Paul Little,Little,83.0,1943.0,Male,Australia,"logistics, real estate",Real Estate,,,2018
paul_milstein,Paul Milstein,Milstein,116.0,1910.0,Male,United States,"Emigrant, real estate",Real Estate,,,2010
paul_novelly,Paul Novelly,Novelly,83.0,1943.0,Male,United States,Oil,Energy,,no-pic,2024
paul_ramsay,Paul Ramsay,Ramsay,99.0,1927.0,Male,Australia,health care,Healthcare,,,2014
paul_saville,Paul Saville,Saville,70.0,1956.0,Male,United States,Homebuilder,Real Estate,,no-pic,2026
paul_sciarra,Paul Sciarra,Sciarra,45.0,1981.0,Male,United States,Pinterest,Technology,,,2026
paul_singer,Paul Singer,Singer,81.0,1945.0,Male,United States,Hedge funds,Finance & Investments,"Founder, Elliott Management",,2026
paul_taubman,Paul Taubman,Taubman,65.0,1961.0,Male,United States,Investment banking,Finance & Investments,,no-pic,2026
paul_tudor_jones_ii,"Paul Tudor Jones, II.",Jones,71.0,1955.0,Male,United States,Hedge funds,Finance & Investments,"Founder, Tudor Investment Corporation",,2026
paul_van_zuydam,Paul Van Zuydam,Van Zuydam,88.0,1938.0,Male,South Africa,Le Creuset,Manufacturing,,no-pic,2026
pauline_macmillan_keinath,Pauline MacMillan Keinath,Keinath,92.0,1934.0,Female,United States,Cargill,Food & Beverage,,no-pic-female,2026
paulo_setubal_neto,Paulo Setubal Neto,Setubal Neto,81.0,1945.0,Male,Brazil,banking,Finance and Investments,,no-pic,2019
pavan_jain,Pavan Jain,Jain,74.0,1952.0,Male,India,Chemicals,Manufacturing,,no-pic,2026
pavan_vivek_jain,Devendra Jain,Jain,99.0,1927.0,Male,India,chemicals,Manufacturing,,no-pic,2021
pavel_baudis,Pavel Baudis,Baudis,65.0,1961.0,Male,Czech Republic,Software,Technology,,no-pic,2026
pavel_demidov,Pavel Demidov,Demidov,57.0,1969.0,Male,Russia,Agriculture,Food & Beverage,,no-pic,2026
pavel_durov,Pavel Durov,Durov,41.0,1985.0,Male,United Arab Emirates,Messaging app,Technology,,no-pic,2026
pavel_golubkov,Pavel Golubkov,Golubkov,51.0,1975.0,Male,Russia,"Building, development",Real Estate,,no-pic,2024
pavel_tykac,Pavel Tykac,Tykac,61.0,1965.0,Male,Czech Republic,Coal mines,Metals & Mining,,,2026
pawan_munjal,Pawan Munjal,Munjal,73.0,1953.0,Male,India,motorcycles,Automotive,,,2022
pawan_munjal_1,Pawan Munjal,Munjal,71.0,1955.0,Male,India,Motorcycles,Automotive,,no-pic,2026
pawel_marchewka,Pawel Marchewka,Marchewka,53.0,1973.0,Male,Poland,Videogames,Technology,,no-pic,2026
pedro_de_godoy_bueno,Pedro de Godoy Bueno,de Godoy Bueno,37.0,1989.0,Male,Brazil,health insurance,Healthcare,,no-pic,2022
pedro_franceschi,Pedro Franceschi,Franceschi,30.0,1996.0,Male,Brazil,fintech,Finance & Investments,"Cofounder, Brex",no-pic,2022
pedro_grendene_bartelle,Pedro Grendene Bartelle,Grendene Bartelle,76.0,1950.0,Male,Brazil,shoes,Fashion & Retail,,no-pic,2026
pedro_moreira_salles,Pedro Moreira Salles,Moreira Salles,66.0,1960.0,Male,Brazil,"Banking, minerals",Diversified,,,2026
pedro_voigt_trejes,Pedro Voigt Trejes,Voigt Trejes,23.0,2003.0,Male,Brazil,Industrial machinery,Manufacturing,,no-pic,2026
peggy_cherng,Peggy Cherng,Cherng,78.0,1948.0,Female,United States,Fast food,Food & Beverage,,,2026
pei_zhenhua_1,Pei Zhenhua,Pei,67.0,1959.0,Male,China,Batteries,Energy,,no-pic,2026
peng_hao,Peng Hao,Peng,58.0,1968.0,Male,China,electronics,Manufacturing,,no-pic,2026
peng_jianhu,Peng Jianhu,Peng,74.0,1952.0,Male,China,tourism,Media & Entertainment,,no-pic,2018
peng_qian,Peng Qian,Peng,51.0,1975.0,Male,China,Testing equipment,Manufacturing,,no-pic,2026
peng_yongdong,Peng Yongdong,Peng,48.0,1978.0,Male,China,real estate,Real Estate,,no-pic,2021
peng_zhao,Peng Zhao,Zhao,55.0,1971.0,Male,China,Online recruitment,Service,,no-pic,2026
penny_pritzker,Penny Pritzker,Pritzker,66.0,1960.0,Female,United States,"Hotels, investments",Finance & Investments,,,2026
penny_sanford,Penny Sanford,Sanford,62.0,1964.0,Female,United States,real estate brokerage,Real Estate,,no-pic-female,2021
per_franzen,Per Franzén,Franzén,50.0,1976.0,Male,Sweden,Private equity,Finance & Investments,,no-pic,2026
per_sandberg,Per Sandberg,Sandberg,64.0,1962.0,Male,Sweden,Pharmaceuticals,Healthcare,,no-pic,2026
pete_bodharamik,Pete Bodharamik,Bodharamik,58.0,1968.0,Male,Thailand,telecom,Telecom,,,2018
peter_alexander_wacker,Peter-Alexander Wacker,Wacker,74.0,1952.0,Male,Germany,Chemicals,Manufacturing,,no-pic,2026
peter_alfond,Peter Alfond,Alfond,79.0,1947.0,Male,United States,shoes,Fashion & Retail,,no-pic,2017
peter_beck,Peter Beck,Beck,49.0,1977.0,Male,New Zealand,Spacecrafts,Technology,,no-pic,2026
peter_buck,Peter Buck,Buck,97.0,1929.0,Male,United States,Subway sandwich shops,Food & Beverage,"Co-Founder, Doctor's Associates (Subway)",,2021
peter_cancro,Peter Cancro,Cancro,69.0,1957.0,Male,United States,Jersey Mike's Subs,Food & Beverage,,no-pic,2026
peter_cruddas,Peter Cruddas,Cruddas,83.0,1943.0,Male,United Kingdom,financial services,Finance,,,2012
peter_gassner,Peter Gassner,Gassner,61.0,1965.0,Male,United States,Software,Technology,,no-pic,2026
peter_gilgan,Peter Gilgan,Gilgan,75.0,1951.0,Male,Canada,Homebuilding,Construction & Engineering,,,2026
peter_grogg,Peter Grogg,Grogg,84.0,1942.0,Male,Switzerland,Biochemicals,Healthcare,,no-pic,2025
peter_guber,Peter Guber,Guber,84.0,1942.0,Male,United States,"Sports teams, movies",Sports,,no-pic,2026
peter_hager,Peter Hager,Hager,65.0,1961.0,Male,Germany,Electrical products,Construction & Engineering,,no-pic,2026
peter_hargreaves,Peter Hargreaves,Hargreaves,79.0,1947.0,Male,United Kingdom,Financial services,Finance & Investments,,,2026
peter_jackson,Peter Jackson,Jackson,64.0,1962.0,Male,New Zealand,"Movies, digital effects",Media & Entertainment,"Director, Film",,2026
peter_kamprad,Peter Kamprad,Kamprad,62.0,1964.0,Male,Sweden,IKEA,Finance & Investments,,no-pic,2026
peter_kellogg,Peter Kellogg,Kellogg,83.0,1943.0,Male,United States,Investments,Finance & Investments,,no-pic,2026
peter_kelly,Peter Kelly,Kelly,68.0,1958.0,Male,United Kingdom,I.T.,Technology,,no-pic,2026
peter_leibinger,Peter Leibinger,Leibinger,59.0,1967.0,Male,Germany,Machine tools,Manufacturing,,,2026
peter_lewis,Peter Lewis,Lewis,102.0,1924.0,Male,United States,insurance,Logistics,,,2013
peter_lim,Peter Lim,Lim,72.0,1954.0,Male,Singapore,Investments,Finance & Investments,,,2026
peter_ludwig,Peter Ludwig,Ludwig,41.0,1985.0,Male,United States,AI software,Technology,"CTO and Co-founder, Applied Intuition",no-pic,2026
peter_mallouk,Peter Mallouk,Mallouk,56.0,1970.0,Male,United States,Wealth planning,Finance & Investments,"Wealth Advisor, Creative Planning",no-pic,2026
peter_peterson,Peter Peterson,Peterson,104.0,1922.0,Male,United States,investments,Finance and Investments,,,2018
peter_preben_wilhelmsen,Peter Preben Wilhelmsen,Wilhelmsen,64.0,1962.0,Male,Norway,cruise ships,Diversified,,no-pic,2026
peter_sondakh,Peter Sondakh,Sondakh,76.0,1950.0,Male,Indonesia,Investments,Finance & Investments,,,2026
peter_sperling,Peter Sperling,Sperling,66.0,1960.0,Male,United States,Education,Service,,,2026
peter_spuhler,Peter Spuhler,Spuhler,66.0,1960.0,Male,Switzerland,Train cars,Manufacturing,,,2026
peter_szulczewski,Peter Szulczewski,Szulczewski,46.0,1980.0,Male,Canada,e-commerce,Technology,"CEO and Chairman, ContextLogic",,2021
peter_thiel,Peter Thiel,Thiel,58.0,1968.0,Male,United States,"Facebook, investments",Finance & Investments,"Investor, Founders Fund",,2026
peter_thomson,Peter Thomson,Thomson,61.0,1965.0,Male,Canada,Thomson Reuters,Media & Entertainment,,no-pic,2026
peter_unger,Peter Unger,Unger,81.0,1945.0,Male,Germany,Auto repair,Automotive,,no-pic,2026
peter_woo,Peter Woo,Woo,79.0,1947.0,Male,Hong Kong,Real estate,Real Estate,,,2026
petr_bely,Petr Bely,Bely,53.0,1973.0,Male,Russia,Pharmacy,Healthcare,,no-pic,2026
petr_kellner,Petr Kellner,Kellner,63.0,1963.0,Male,Czechia,"finance, telecommunications",Finance & Investments,,,2021
petro_poroshenko,Petro Poroshenko,Poroshenko,60.0,1966.0,Male,Ukraine,confectionery,Food & Beverage,,,2026
petter_stordalen,Petter Stordalen,Stordalen,63.0,1963.0,Male,Norway,Hotels,Service,,,2026
pham_nhat_vuong,Pham Nhat Vuong,Pham,57.0,1969.0,Male,Vietnam,Diversified,Diversified,,,2026
pham_thu_huong,Pham Thu Huong,Pham,56.0,1970.0,Female,Vietnam,Diversified,Diversified,,no-pic-female,2026
pham_thuy_hang,Pham Thuy Hang,Pham,51.0,1975.0,Female,Vietnam,Diversified,Diversified,,no-pic-female,2026
phil_knight,Phil Knight,Knight,88.0,1938.0,Male,United States,Nike,Fashion & Retail,"Cofounder, Nike",,2026
phil_ruffin,Phil Ruffin,Ruffin,91.0,1935.0,Male,United States,"Casinos, real estate",Diversified,,no-pic,2026
phil_shawe,Phil Shawe,Shawe,56.0,1970.0,Male,United States,Translation services,Technology,,no-pic,2026
philip_anschutz,Philip Anschutz,Anschutz,86.0,1940.0,Male,United States,"Energy, sports, entertainment",Finance & Investments,,,2026
philip_cristina_green,Philip & Cristina Green,Green,75.0,1951.0,,United Kingdom,fashion retail,Fashion & Retail,,,2022
philip_day,Philip Day,Day,65.0,1961.0,Male,United Kingdom,clothing retail,Fashion & Retail,,no-pic,2018
philip_falcone,Philip Falcone,Falcone,72.0,1954.0,Male,United States,hedge funds,Investments,Harbinger Capital Partners,,2014
philip_family_hager,Philip & family Hager,Hager,55.0,1971.0,Male,Germany,Electrical products,Construction & Engineering,,no-pic,2026
philip_fayer,Philip Fayer,Fayer,48.0,1978.0,Male,Canada,Fintech,Technology,,no-pic,2026
philip_green,Philip Green,Green,74.0,1952.0,Male,United Kingdom,Fashion retail,Fashion & Retail,,no-pic,2026
philip_ng,Philip Ng,Ng,67.0,1959.0,Male,Singapore,Real Estate,Real Estate,,no-pic,2026
philip_niarchos,Philip Niarchos,Niarchos,72.0,1954.0,Male,Greece,Art collection,Diversified,,,2026
philip_odoherty,Philip O'Doherty,O'Doherty,65.0,1961.0,Male,Ireland,Information technology,Technology,,no-pic,2026
philipp_boehringer,Philipp Boehringer,Boehringer,47.0,1979.0,Male,Germany,Pharmaceuticals,Healthcare,,no-pic,2026
philippe_benacin,Philippe Benacin,Benacin,67.0,1959.0,Male,France,Fragrances,Fashion & Retail,,no-pic,2025
philippe_foriel_destezet,Philippe Foriel-Destezet,Foriel-Destezet,91.0,1935.0,Male,France,employment agency,Service,,,2022
philippe_ginestet,Philippe Ginestet,Ginestet,72.0,1954.0,Male,France,Retail stores,Fashion & Retail,,no-pic,2026
philippe_laffont,Philippe Laffont,Laffont,58.0,1968.0,Male,United States,Hedge fund,Finance & Investments,"Founder, Coatue Management",no-pic,2026
phillip_frost,Phillip Frost,Frost,89.0,1937.0,Male,United States,Pharmaceuticals,Healthcare,,,2026
phillip_t_terry_ragon,Phillip T. (Terry) Ragon,Ragon,76.0,1950.0,Male,United States,Health IT,Technology,,no-pic,2026
phillippe_van_de_vyvere,Phillippe Van de Vyvere,Van de Vyvere,72.0,1954.0,Male,Belgium,Shipping Terminals,Logistics,,no-pic,2026
phoebe_hearst_cooke,Phoebe Hearst Cooke,Cooke,110.0,1916.0,Female,United States,Hearst Corp,Media,,,2012
phongthep_chiaravanont,Phongthep Chiaravanont,Chiaravanont,74.0,1952.0,Male,Thailand,Diversified,Diversified,,no-pic,2026
pia_hollweg_vajen,Pia Hollweg-Vajen,Hollweg-Vajen,51.0,1975.0,Female,Germany,Plumbing and heating supplies,Manufacturing,,no-pic-female,2026
pier_luigi_loro_piana,Pier Luigi Loro Piana,Loro Piana,79.0,1947.0,Male,Italy,fashion,Fashion & Retail,,,2018
pier_silvio_berlusconi,Pier Silvio Berlusconi,Berlusconi,57.0,1969.0,Male,Italy,Media,Media & Entertainment,,no-pic,2026
piero_ferrari,Piero Ferrari,Ferrari,80.0,1946.0,Male,Italy,Automobiles,Automotive,,,2026
piero_solari_donaggio,Piero Solari Donaggio,Solari Donaggio,,,Male,Chile,retail,Retail,,no-pic,2013
pierre_bellon,Pierre Bellon,Bellon,98.0,1928.0,Male,France,food services,Service,,,2021
pierre_castel,Pierre Castel,Castel,107.0,1919.0,Male,France,wine,Food and Beverage,,,2015
pierre_chen,Pierre Chen,Chen,69.0,1957.0,Male,Taiwan,Electronics,Technology,,,2026
pierre_karl_peladeau,Pierre Karl Péladeau,Péladeau,64.0,1962.0,Male,Canada,Media,Media & Entertainment,,no-pic,2026
pierre_omidyar,Pierre Omidyar,Omidyar,58.0,1968.0,Male,United States,"EBay, PayPal",Technology,"Founder, eBay",,2026
pierre_papillaud,Pierre Papillaud,Papillaud,97.0,1929.0,Male,France,water,Food and Beverage,,,2016
pierre_van_der_mersch,Pierre van der Mersch,van der Mersch,91.0,1935.0,Male,Belgium,Investing,Finance & Investments,,no-pic,2026
pieter_van_der_does,Pieter van der Does,van der Does,57.0,1969.0,Male,Netherlands,Payments software,Technology,,no-pic,2026
piotr_dabkowski,Piotr Dabkowski,Dabkowski,31.0,1995.0,Male,Poland,AI voice cloning,Technology,"Founder, ElevenLabs",no-pic,2026
pnc_menon,P.N.C. Menon,Menon,77.0,1949.0,Male,Oman,Real estate,Real Estate,,,2026
pollyanna_chu,Pollyanna Chu,Chu,67.0,1959.0,Female,Hong Kong,"Financial services, property",Finance & Investments,,,2023
polys_haji_ioannou,Polys Haji-Ioannou,Haji-Ioannou,66.0,1960.0,Male,Cyprus,EasyJet,Service,,no-pic,2026
pongsak_viddayakorn,Pongsak Viddayakorn,Viddayakorn,92.0,1934.0,Male,Thailand,Hospitals,Healthcare,,,2025
pp_reddy,P.P. Reddy,Reddy,68.0,1958.0,Male,India,Infrastructure,Construction & Engineering,,no-pic,2026
prachak_tangkaravakoon,Prachak Tangkaravakoon,Tangkaravakoon,82.0,1944.0,Male,Thailand,Paints,Manufacturing,,no-pic,2026
pradeep_rathod,Pradeep Rathod,Rathod,62.0,1964.0,Male,India,Plastic products,Manufacturing,,no-pic,2024
pradip_burman,Pradip Burman,Burman,84.0,1942.0,Male,India,Consumer goods,Food & Beverage,,no-pic,2024
prajogo_pangestu,Prajogo Pangestu,Pangestu,81.0,1945.0,Male,Indonesia,"Petrochemicals, energy",Diversified,,,2026
prasanna_sankar,Prasanna Sankar,Sankar,37.0,1989.0,Male,India,software,Technology,,no-pic,2026
prasert_prasarttong_osoth,Prasert Prasarttong-Osoth,Prasarttong-Osoth,93.0,1933.0,Male,Thailand,"Hospitals, airline",Healthcare,,,2026
prateek_boob,Prateek Boob,Boob,38.0,1988.0,Male,India,Edtech,Technology,,no-pic,2026
prathap_reddy,Prathap Reddy,Reddy,94.0,1932.0,Male,India,Healthcare,Healthcare,,,2026
prathip_chiravanond,Prathip Chiravanond,Chiravanond,77.0,1949.0,Male,Thailand,Diversified,Diversified,,no-pic,2026
prayudh_mahagitsiri,Prayudh Mahagitsiri,Mahagitsiri,80.0,1946.0,Male,Thailand,"Coffee, shipping",Food & Beverage,,,2026
prem_kumar_arora,Prem Kumar Arora,Arora,87.0,1939.0,Male,India,Pharmaceuticals,Healthcare,,no-pic,2026
premchand_godha,Premchand Godha,Godha,79.0,1947.0,Male,India,Pharmaceuticals,Healthcare,,no-pic,2026
prince_alwaleed_bin_talal_alsaud,Prince Alwaleed Bin Talal Alsaud,Alsaud,71.0,1955.0,Male,Saudi Arabia,investments,Finance & Investments,,,2026
prince_sultan_bin_mohammed_bin_saud_al_kabeer,Prince Sultan bin Mohammed bin Saud Al Kabeer,Al Kabeer,78.0,1948.0,Male,Saudi Arabia,dairy farms,Food and Beverage,,,2017
pu_shulin,Pu Shulin,Pu,72.0,1954.0,Male,China,TV shows,Media & Entertainment,,no-pic,2021
pu_zhongjie,Pu Zhongjie,Pu,63.0,1963.0,Male,China,Medical equipment,Healthcare,,no-pic,2023
purnomo_prawiro,Purnomo Prawiro,Prawiro,87.0,1939.0,Male,Indonesia,taxis,Service,,,2015
pv_krishna_reddy,P.V. Krishna Reddy,Reddy,56.0,1970.0,Male,India,Infrastructure,Construction & Engineering,,no-pic,2026
pv_ramprasad_reddy,P.V. Ramprasad Reddy,Reddy,68.0,1958.0,Male,India,Pharmaceuticals,Healthcare,,,2026
pyotr_aven,Pyotr Aven,Aven,71.0,1955.0,Male,Russia,"Oil, banking, telecom",Finance & Investments,,,2026
pyotr_kondrashev,Pyotr Kondrashev,Kondrashev,76.0,1950.0,Male,Russia,Investments,Manufacturing,,,2023
qasar_younis,Qasar Younis,Younis,44.0,1982.0,Male,United States,AI software,Technology,,no-pic,2026
qi_jinxing,Qi Jinxing,Qi,64.0,1962.0,Male,China,Real estate,Real Estate,,,2026
qi_shi,Qi Shi,Qi,56.0,1970.0,Male,China,Financial information,Technology,,,2026
qi_xiangdong,Qi Xiangdong,Qi,55.0,1971.0,Male,China,Software,Technology,,,2026
qian_dongqi,Qian Dongqi,Qian,68.0,1958.0,Male,China,Home-cleaning robots,Manufacturing,,no-pic,2026
qian_jinghong,Qian Jinghong,Qian,53.0,1973.0,Female,China,Electric scooters,Automotive,,no-pic-female,2026
qian_xiaojun,Qian Xiaojun,Qian,52.0,1974.0,Male,China,IT,Technology,,no-pic,2022
qian_ying,Qian Ying,Qian,60.0,1966.0,Female,China,Pig breeding,Food & Beverage,,no-pic-female,2026
qiao_zhiyong_1,Qiao Zhiyong,Qiao,62.0,1964.0,Male,China,industrial gas,Manufacturing,,no-pic,2026
qin_hua,Qin Hua,Qin,58.0,1968.0,Male,China,Pet Food,Food & Beverage,,no-pic,2026
qin_hui,Qin Hui,Qin,63.0,1963.0,Male,China,movie theaters,Media & Entertainment,,no-pic,2018
qin_long,Qin Long,Qin,60.0,1966.0,Male,China,Tire,Manufacturing,,no-pic,2026
qin_qingping,Qin Qingping,Qin,65.0,1961.0,Male,China,coal & coke,Energy,,no-pic,2021
qin_yinglin,Qin Yinglin,Qin,61.0,1965.0,Male,China,Pig breeding,Food & Beverage,,,2026
qinghua_pang,Pang Qinghua,Pang,82.0,1944.0,Male,China,auto Distribution,Automotive,,,2011
qinxiang_shao,Qinxiang Shao,Shao,71.0,1955.0,Male,China,Diversified,Manufacturing,,no-pic,2023
qiu_dongxu,Qiu Dongxu,Qiu,68.0,1958.0,Male,Canada,pharmaceutical,Healthcare,,no-pic,2021
qiu_guanghe,Qiu Guanghe,Qiu,74.0,1952.0,Male,China,Fashion retail,Fashion & Retail,,,2026
qiu_jianping,Qiu Jianping,Qiu,64.0,1962.0,Male,China,Hand tools,Manufacturing,,,2026
qiu_lingyun,Qiu Lingyun,Qiu,52.0,1974.0,Male,China,consumer technology,Technology,,no-pic,2021
qiu_minxiu,Qiu Minxiu,Qiu,80.0,1946.0,Female,China,Semiconductors,Technology,,no-pic-female,2026
qiu_wensheng,Qiu Wensheng,Qiu,53.0,1973.0,Male,China,Manufacturing,Manufacturing,,no-pic,2026
qiu_zixin,Qiu Zixin,Qiu,63.0,1963.0,Male,China,biological,Healthcare,,no-pic,2022
qu_miranda,Qu Miranda,Qu,41.0,1985.0,Female,China,E-commerce,Fashion & Retail,,no-pic-female,2023
que_wenbin,Que Wenbin,Que,67.0,1959.0,Male,China,pharmaceuticals,Healthcare,,no-pic,2018
quek_leng_chan,Quek Leng Chan,Quek,84.0,1942.0,Male,Malaysia,"Banking, property",Diversified,,,2026
quek_leng_chye,Quek Leng Chye,Quek,82.0,1944.0,Male,Singapore,Diversified,Diversified,,no-pic,2026
r_budi_hartono,R. Budi Hartono,Hartono,86.0,1940.0,Male,Indonesia,"Banking, tobacco",Finance & Investments,,,2026
r_marcelo_claure,R. Marcelo Claure,Claure,55.0,1971.0,Male,United States,Cell phone distribution,Telecom,,no-pic,2023
raamdeo_agrawal,Raamdeo Agrawal,Agrawal,69.0,1957.0,Male,India,Financial services,Finance & Investments,,no-pic,2026
radha_vembu,Radha Vembu,Vembu,53.0,1973.0,Female,India,Business software,Technology,,no-pic-female,2026
radhakishan_damani,Radhakishan Damani,Damani,74.0,1952.0,Male,India,"retail, investments",Fashion & Retail,,no-pic,2020
radhakishan_damani_1,Radhakishan Damani,Damani,71.0,1955.0,Male,India,"Retail, investments",Fashion & Retail,,no-pic,2026
radhe_shyam_agarwal,Radhe Shyam Agarwal,Agarwal,81.0,1945.0,Male,India,consumer goods,Fashion & Retail,,,2026
radhe_shyam_goenka,Radhe Shyam Goenka,Goenka,81.0,1945.0,Male,India,consumer goods,Fashion & Retail,,,2022
radik_shaimiev,Radik Shaimiev,Shaimiev,61.0,1965.0,Male,Russia,"Refinery, chemicals",Energy,,,2026
radovan_vitek,Radovan Vitek,Vitek,55.0,1971.0,Male,Czech Republic,Real estate,Real Estate,,,2026
rafael_del_pino_1,Rafael Del Pino,Del Pino,67.0,1959.0,Male,Spain,Construction,Construction & Engineering,,no-pic,2026
rafaela_aponte_diamant,Rafaela Aponte-Diamant,Aponte-Diamant,81.0,1945.0,Female,Switzerland,Shipping,Logistics,,no-pic-female,2026
rafal_brzoska,Rafal Brzoska,Brzoska,48.0,1978.0,Male,Poland,parcel lockers,Logistics,,no-pic,2026
rafique_malik,Rafique Malik,Malik,75.0,1951.0,Male,India,Footwear,Fashion & Retail,,no-pic,2026
raghuvinder_kataria,Raghuvinder Kataria,Kataria,81.0,1945.0,Male,United Kingdom,diversified,Finance and Investments,,,2019
rahel_blocher,Rahel Blocher,Blocher,50.0,1976.0,Female,Switzerland,Chemicals,Manufacturing,,no-pic-female,2026
rahul_bajaj,Rahul Bajaj,Bajaj,89.0,1937.0,Male,India,diversified,Diversified,,,2021
rahul_bhatia_1,Rahul Bhatia,Bhatia,66.0,1960.0,Male,India,Aviation,Service,,no-pic,2026
rahul_gautam,Rahul Gautam,Gautam,74.0,1952.0,Male,India,Mattresses,Fashion & Retail,,no-pic,2024
rainer_blickle,Rainer Blickle,Blickle,79.0,1947.0,Male,Germany,auto parts,Manufacturing,,,2022
raj_kumar,Raj Kumar,Kumar,71.0,1955.0,Male,Singapore,"Real estate, hotels",Real Estate,,,2026
raj_kumar_kishin_rk,Raj Kumar & Kishin RK,Kumar & Kishin RK,72.0,1954.0,Male,Singapore,real estate,Real Estate,,,2022
raj_sardana,Raj Sardana,Sardana,66.0,1960.0,Male,United States,Technology services,Technology,,no-pic,2026
rajan_mittal,Rajan Mittal,Mittal,66.0,1960.0,Male,India,Telecom,Telecom,,no-pic,2026
rajan_raheja,Rajan Raheja,Raheja,71.0,1955.0,Male,India,Diversified,Diversified,,,2026
rajeev_gulati,Rajeev Gulati,Gulati,61.0,1965.0,Male,India,Food,Food & Beverage,,no-pic,2026
rajeev_juneja,Rajeev Juneja,Juneja,60.0,1966.0,Male,India,Phamaceuticals,Healthcare,,no-pic,2026
rajendra_agarwal,Rajendra Agarwal,Agarwal,67.0,1959.0,Male,India,Pharmaceuticals,Healthcare,,,2025
rajesh_sharma,Rajesh Sharma,Sharma,56.0,1970.0,Male,India,Finance,Finance & Investments,,no-pic,2025
rajinder_gupta,Rajinder Gupta,Gupta,67.0,1959.0,Male,India,"Textiles, paper",Manufacturing,,no-pic,2026
rajiv_bajaj,Rajiv Bajaj,Bajaj,59.0,1967.0,Male,India,Diversified,Diversified,,no-pic,2026
rajiv_jain,Rajiv Jain,Jain,58.0,1968.0,Male,United States,Finance,Finance & Investments,,no-pic,2026
rajju_shroff,Rajju Shroff,Shroff,92.0,1934.0,Male,India,Agrochemicals,Manufacturing,,no-pic,2026
rakesh_gangwal,Rakesh Gangwal,Gangwal,72.0,1954.0,Male,United States,Airline,Service,,,2026
rakesh_jhunjhunwala,Rakesh Jhunjhunwala,Jhunjhunwala,66.0,1960.0,Male,India,investments,Finance & Investments,,,2022
rakesh_mittal,Rakesh Mittal,Mittal,70.0,1956.0,Male,India,Telecom,Telecom,,no-pic,2026
rakesh_wadhawan,Rakesh Wadhawan,Wadhawan,86.0,1940.0,Male,India,real estate,,,no-pic,2010
ralph_dommermuth,Ralph Dommermuth,Dommermuth,62.0,1964.0,Male,Germany,Internet service provider,Technology,,,2026
ralph_lauren,Ralph Lauren,Lauren,86.0,1940.0,Male,United States,Apparel,Fashion & Retail,"Chairman, Ralph Lauren",,2025
ralph_lauren_family,Ralph Lauren & Family,Lauren & Family,86.0,1940.0,Male,United States,Apparel,Fashion & Retail,,no-pic,2026
ralph_sonnenberg,Ralph Sonnenberg,Sonnenberg,96.0,1930.0,Male,Netherlands,blinds,Manufacturing,"Chairman and CEO, Hunter Douglas N.V.",no-pic,2018
ralph_winterhalter,Ralph Winterhalter,Winterhalter,48.0,1978.0,Male,Germany,Appliances,Manufacturing,,no-pic,2026
rama_prasad_goenka,Rama Prasad Goenka,Goenka,108.0,1918.0,Male,India,diversified,Diversified,,,2011
ramesh_chandra,Ramesh Chandra,Chandra,98.0,1928.0,Male,India,real estate,Real Estate,,,2011
ramesh_chandra_sharma,Ramesh Chandra Sharma,Sharma,82.0,1944.0,Male,India,financial services,Finance & Investments,,no-pic,2022
ramesh_genomal,Ramesh Genomal,Genomal,76.0,1950.0,Male,Cyprus,apparel,Fashion & Retail,,no-pic,2022
ramesh_jaisinghani,Ramesh Jaisinghani,Jaisinghani,69.0,1957.0,Male,India,Cables and wires,Manufacturing,,no-pic,2026
ramesh_juneja,Ramesh Juneja,Juneja,70.0,1956.0,Male,India,Pharmaceuticals,Healthcare,,,2026
ramesh_juneja_1,Ramesh Juneja,Juneja,71.0,1955.0,Male,India,Pharmaceuticals,Healthcare,,no-pic,2025
ramesh_kumar_dua,Ramesh Kumar Dua,Dua,73.0,1953.0,Male,India,footwear,Fashion & Retail,,no-pic,2022
ramesh_kunhikannan,Ramesh Kunhikannan,Kunhikannan,62.0,1964.0,Male,India,Electronics,Manufacturing,,no-pic,2026
rameshchandra_jain,Rameshchandra Jain,Jain,77.0,1949.0,Male,India,Textiles,Manufacturing,,no-pic,2026
ramon_ang,Ramon Ang,Ang,72.0,1954.0,Male,Philippines,Diversified,Food & Beverage,,,2026
ramzi_musallam,Ramzi Musallam,Musallam,57.0,1969.0,Male,United States,Private equity,Finance & Investments,,no-pic,2026
rana_kapoor,Rana Kapoor,Kapoor,73.0,1953.0,Male,India,banking,Finance and Investments,,no-pic,2018
randa_duncan_williams,Randa Duncan Williams,Williams,64.0,1962.0,Female,United States,Pipelines,Energy,"Non-Executive Chairman of the Board, Enterprise GP Holdings",no-pic-female,2026
randal_j_kirk,Randal J. Kirk,Kirk,72.0,1954.0,Male,United States,Pharmaceuticals,Healthcare,,no-pic,2026
randal_nardone,Randal Nardone,Nardone,72.0,1954.0,Male,United States,"Investments, energy",Finance & Investments,,no-pic,2024
randall_rollins,Randall Rollins,Rollins,97.0,1929.0,Male,United States,pest control,Service,,,2020
randolph_lerner,Randolph Lerner,Lerner,64.0,1962.0,Male,United States,"Banking, credit cards",Finance & Investments,,,2026
ranjan_pai,Ranjan Pai,Pai,53.0,1973.0,Male,India,"Education, healthcare",Healthcare,,,2026
rao_wei,Rao Wei,Rao,61.0,1965.0,Male,China,Pharmaceuticals,Healthcare,,no-pic,2026
raveendran_byju,Raveendran Byju,Raveendran,44.0,1982.0,Male,India,Education technology,Technology,,no-pic,2023
ravi_jaipuria,Ravi Jaipuria,Jaipuria,71.0,1955.0,Male,India,"Soft drinks, fast food",Food & Beverage,,,2026
ravi_modi,Ravi Modi,Modi,49.0,1977.0,Male,India,Readymade garments,Fashion & Retail,,no-pic,2026
ravi_pillai,Ravi Pillai,Pillai,72.0,1954.0,Male,India,Construction,Construction & Engineering,,,2026
ravindra_kishore_sinha,Ravindra Kishore Sinha,Sinha,79.0,1947.0,Male,India,security services,Service,,no-pic,2018
ray_dalio,Ray Dalio,Dalio,76.0,1950.0,Male,United States,Hedge funds,Finance & Investments,"Founder & CIO Mentor, Bridgewater Associates",,2026
ray_davis,Ray Davis,Davis,84.0,1942.0,Male,United States,Pipelines,Energy,,,2026
ray_dolby,Ray Dolby,Dolby,103.0,1923.0,Male,United States,Dolby Laboratories,Technology,"Founder and director emeritus, Dolby Laboratories Inc.  (Cl A)",,2013
ray_irani,Ray Irani,Irani,99.0,1927.0,Male,United States,Oil,Energy,,,2015
ray_lee_hunt,Ray Lee Hunt,Hunt,83.0,1943.0,Male,United States,"Oil, real estate",Energy,,,2026
raymond_kwok,Raymond Kwok,Kwok,73.0,1953.0,Male,Hong Kong,Real estate,Real Estate,,no-pic,2026
reagan_horton,Reagan Horton,Horton,51.0,1975.0,Male,United States,Homebuilding,Real Estate,,no-pic,2026
real_plourde,Réal Plourde,Plourde,75.0,1951.0,Male,Canada,Convenience stores,Fashion & Retail,,no-pic,2026
reed_hastings,Reed Hastings,Hastings,65.0,1961.0,Male,United States,Netflix,Technology,"Chairman, Netflix",,2026
regina_de_camargo_pires_oliveira_dias,Regina de Camargo Pires Oliveira Dias,Pires Oliveira Dias,78.0,1948.0,Female,Brazil,construction,Construction & Engineering,,,2017
regina_helena_s_velloso,Regina Helena S. Velloso,Velloso,,,Male,Brazil,Diversified,Diversified,,no-pic,2024
regine_leibinger,Regine Leibinger,Leibinger,63.0,1963.0,Female,Germany,Machine tools,Manufacturing,,,2026
reid_hoffman,Reid Hoffman,Hoffman,58.0,1968.0,Male,United States,LinkedIn,Technology,Greylock Partners,,2026
reinfried_pohl,Reinfried Pohl,Pohl,107.0,1919.0,Male,Germany,mutual funds,Finance,,,2014
reinfried_pohl_jr,"Reinfried Pohl, Jr.",Pohl,66.0,1960.0,Male,Germany,Mutual funds,Finance & Investments,,no-pic,2026
reinhold_schmieding,Reinhold Schmieding,Schmieding,71.0,1955.0,Male,United States,Medical devices,Healthcare,,,2026
reinhold_wuerth,Reinhold Wuerth,Wuerth,91.0,1935.0,Male,Germany,Fasteners,Manufacturing,,,2026
reinold_geiger,Reinold Geiger,Geiger,78.0,1948.0,Male,Austria,Beauty products,Fashion & Retail,,,2026
rekha_jhunjhunwala,Rekha Jhunjhunwala,Jhunjhunwala,62.0,1964.0,Female,India,Investments,Finance & Investments,,no-pic-female,2026
remi_dassault,Remi Dassault,Dassault,25.0,2001.0,Male,France,Diversified,Diversified,,no-pic,2026
remo_ruffini,Remo Ruffini,Ruffini,64.0,1962.0,Male,Italy,Winter jackets,Fashion & Retail,,,2026
remon_vos,Remon Vos,Vos,55.0,1971.0,Male,Netherlands,Logistics real estate,Real Estate,,no-pic,2026
ren_jianhua,Ren Jianhua,Ren,69.0,1957.0,Male,China,Kitchen appliances,Manufacturing,,,2026
ren_jinsheng,Ren Jinsheng,Ren,63.0,1963.0,Male,China,Pharmaceutical,Healthcare,,no-pic,2026
ren_xiaoqing,Ren Xiaoqing,Ren,45.0,1981.0,Male,China,Shein,Fashion & Retail,,no-pic,2026
ren_yuanlin,Ren Yuanlin,Ren,73.0,1953.0,Male,China,Shipbuilding,Logistics,,no-pic,2026
ren_zhengfei,Ren Zhengfei,Ren,83.0,1943.0,Male,China,telecom equipment,Telecom,,,2022
renata_de_camargo_nascimento,Renata de Camargo Nascimento,Nascimento,81.0,1945.0,Female,Brazil,construction,Construction & Engineering,,,2017
renata_kellnerova,Renata Kellnerova,Kellnerova,58.0,1968.0,Female,Czech Republic,"Finance, telecommunications",Finance & Investments,,no-pic-female,2026
renate_reimann_haas,Renate Reimann-Haas,Reimann-Haas,74.0,1952.0,Female,Germany,Consumer goods,Fashion & Retail,,no-pic-female,2026
renate_sick_glaser,Renate Sick-Glaser,Sick-Glaser,,,Female,Germany,sensor technology,Technology,,no-pic-female,2022
renato_dos_santos,Renato dos Santos,dos Santos,48.0,1978.0,Male,Brazil,Banking,Finance & Investments,,no-pic,2026
rene_benko,Rene Benko,Benko,49.0,1977.0,Male,Austria,"Real estate, retail",Real Estate,,no-pic,2023
rene_holecek,René Holecek,Holecek,59.0,1967.0,Male,Czech Republic,Firearms,Manufacturing,,no-pic,2026
renjun_lu,Renjun Lu,Lu,75.0,1951.0,Male,China,concrete pipe,Manufacturing,,no-pic,2026
renu_munjal,Renu Munjal,Munjal,71.0,1955.0,Female,India,Motorcycles,Automotive,,no-pic-female,2026
renuka_jagtiani_1,Renuka Jagtiani,Jagtiani,72.0,1954.0,Female,India,Retail,Fashion & Retail,,no-pic-female,2026
renzo_rosso,Renzo Rosso,Rosso,70.0,1956.0,Male,Italy,Fashion,Fashion & Retail,,,2026
rezwan_razack,Rezwan Razack,Razack,71.0,1955.0,Male,India,Real estate,Real Estate,,no-pic,2026
rg_chandramogan,R.G. Chandramogan,Chandramogan,77.0,1949.0,Male,India,Dairy,Food & Beverage,,no-pic,2026
riaz_valani,Riaz Valani,Valani,49.0,1977.0,Male,United States,E-cigarettes,Finance & Investments,,no-pic,2026
ric_elias,Ric Elias,Elias,58.0,1968.0,Male,United States,Media,Media & Entertainment,,no-pic,2026
ricardo_po_sr,Ricardo Po Sr.,Po,97.0,1929.0,Male,Philippines,canned food,Food & Beverage,,no-pic,2021
ricardo_salinas_pliego,Ricardo Salinas Pliego,Salinas Pliego,70.0,1956.0,Male,Mexico,"Retail, media",Fashion & Retail,,,2026
ricardo_villela_marino,Ricardo Villela Marino,Villela Marino,52.0,1974.0,Male,Brazil,Banking,Finance & Investments,,no-pic,2026
richard_barton,Richard Barton,Barton,59.0,1967.0,Male,United States,Zillow,Real Estate,,no-pic,2025
richard_branson,Richard Branson,Branson,75.0,1951.0,Male,United Kingdom,Virgin,Diversified,,,2026
richard_chandler,Richard Chandler,Chandler,67.0,1959.0,Male,New Zealand,Investments,Finance & Investments,,,2026
richard_chang,Richard Chang,Chang,79.0,1947.0,Male,Hong Kong,Semiconductors,Manufacturing,,,2026
richard_chilton_jr,Richard Chilton Jr,Chilton Jr,75.0,1951.0,Male,United States,hedge funds,Investments,"Founder, Chilton Investment Company, LLC",,2015
richard_desmond,Richard Desmond,Desmond,74.0,1952.0,Male,United Kingdom,Publishing,Media & Entertainment,,,2026
richard_devos,Richard DeVos,DeVos,105.0,1921.0,Male,United States,Amway,Service,,,2018
richard_elman,Richard Elman,Elman,94.0,1932.0,Male,United Kingdom,commodities,Finance and Investments,,,2015
richard_fairbank,Richard Fairbank,Fairbank,75.0,1951.0,Male,United States,banking,Finance & Investments,,no-pic,2026
richard_farmer,Richard Farmer,Farmer,106.0,1920.0,Male,United States,Cintas Corp,,,no-pic,2008
richard_fortin,Richard Fortin,Fortin,77.0,1949.0,Male,Canada,Convinience stores,Fashion & Retail,,no-pic,2026
richard_hayne,Richard Hayne,Hayne,78.0,1948.0,Male,United States,Urban Outfitters,Fashion & Retail,"Chairman, President & Chief Executive Officer, Urban Outfitters",,2026
richard_kayne,Richard Kayne,Kayne,80.0,1946.0,Male,United States,Investments,Finance & Investments,,no-pic,2026
richard_kinder,Richard Kinder,Kinder,81.0,1945.0,Male,United States,Pipelines,Energy,,,2026
richard_kurtz,Richard Kurtz,Kurtz,85.0,1941.0,Male,United States,Real estate,Real Estate,,no-pic,2026
richard_lefrak,Richard LeFrak,LeFrak,80.0,1946.0,Male,United States,Real estate,Real Estate,,,2026
richard_li,Richard Li,Li,59.0,1967.0,Male,Hong Kong,"Insurance, telecom",Finance & Investments,,,2026
richard_liu_1,Richard Liu,Liu,52.0,1974.0,Male,China,E-commerce,Technology,,,2026
richard_livingstone,Richard Livingstone,Livingstone,61.0,1965.0,Male,United Kingdom,Real estate,Real Estate,,no-pic,2026
richard_marriott,Richard Marriott,Marriott,96.0,1930.0,Male,United States,hotels,Service,,,2014
richard_oetker,Richard Oetker,Oetker,77.0,1949.0,Male,Germany,consumer goods,Fashion & Retail,,,2021
richard_peery,Richard Peery,Peery,87.0,1939.0,Male,United States,Real estate,Real Estate,,no-pic,2026
richard_rainwater,Richard Rainwater,Rainwater,89.0,1937.0,Male,United States,"real estate, energy, insurance",Finance and Investments,,,2015
richard_saghian,Richard Saghian,Saghian,44.0,1982.0,Male,United States,Fast fashion,Fashion & Retail,,no-pic,2026
richard_sands,Richard Sands,Sands,75.0,1951.0,Male,United States,Liquor,Food & Beverage,,no-pic,2026
richard_scaife,Richard Scaife,Scaife,102.0,1924.0,Male,United States,investments,Investments,,,2014
richard_schulze,Richard Schulze,Schulze,85.0,1941.0,Male,United States,Best Buy,Fashion & Retail,,,2026
richard_teets_jr,"Richard Teets, Jr.",Teets,70.0,1956.0,Male,United States,steel,Metals & Mining,,no-pic,2026
richard_tsai,Richard Tsai,Tsai,68.0,1958.0,Male,Taiwan,Finance,Finance & Investments,,,2026
richard_uihlein,Richard Uihlein,Uihlein,80.0,1946.0,Male,United States,Packaging materials,Manufacturing,,no-pic,2026
richard_warke,Richard Warke,Warke,66.0,1960.0,Male,Canada,Mining,Metals & Mining,,no-pic,2026
richard_white,Richard White,White,71.0,1955.0,Male,Australia,Software,Technology,,no-pic,2026
richard_yuengling_jr,"Richard Yuengling, Jr.",Yuengling,83.0,1943.0,Male,United States,Beer,Food & Beverage,,,2026
rick_caruso,Rick Caruso,Caruso,67.0,1959.0,Male,United States,Real estate,Real Estate,,,2026
rick_cohen,Rick Cohen,Cohen,73.0,1953.0,Male,United States,Warehouse automation,Technology,,no-pic,2026
rick_cohen_family,Rick Cohen,Cohen & family,73.0,1953.0,Male,United States,Warehouse automation,Technology,"Executive chairman, C&S Wholesale Grocers",no-pic,2023
rick_smith,Rick Smith,Smith,55.0,1971.0,Male,United States,Tasers,Technology,,no-pic,2026
rick_workman,Rick Workman,Workman,71.0,1955.0,Male,United States,Dentistry,Healthcare,,no-pic,2026
rihanna,Rihanna,Rihanna,38.0,1988.0,Female,Barbados,"Music, cosmetics",Fashion & Retail,,,2026
riju_raveendran,Riju Raveendran,Raveendran,44.0,1982.0,Male,India,edtech,Technology,,no-pic,2022
riley_bechtel,Riley Bechtel,Bechtel,74.0,1952.0,Male,United States,"Engineering, construction",Construction & Engineering,"former Chairman and CEO, Bechtel Corp.",,2026
rinat_akhmetov,Rinat Akhmetov,Akhmetov,59.0,1967.0,Male,Ukraine,"Steel, coal",Metals & Mining,,,2026
rishad_naoroji,Rishad Naoroji,Naoroji,74.0,1952.0,Male,India,"Consumer goods, real estate",Diversified,,,2026
rit_thirakomen_1,Rit Thirakomen,Thirakomen,76.0,1950.0,Male,Thailand,restaurants,Food & Beverage,,no-pic,2021
rita_tong_liu,Rita Tong Liu,Tong Liu,77.0,1949.0,Female,Hong Kong,Real estate,Real Estate,,no-pic-female,2026
rj_scaringe,RJ Scaringe,Scaringe,45.0,1981.0,Male,United States,electric vehicles,Automotive,,no-pic,2021
rob_walton,Rob Walton,Walton,81.0,1945.0,Male,United States,Walmart,Fashion & Retail,,,2026
robert_agostinelli,Robert Agostinelli,Agostinelli,83.0,1943.0,Male,United States,private equity,Finance,"Founder and Managing Director, Rhone Group",,2012
robert_bass,Robert Bass,Bass,78.0,1948.0,Male,United States,"Oil, investments",Energy,,,2026
robert_brockman,Robert Brockman,Brockman,85.0,1941.0,Male,United States,software,Technology,,no-pic,2022
robert_citrone,Robert Citrone,Citrone,67.0,1959.0,Male,United States,hedge fund,Finance and Investments,"Co-founder, Discovery Capital Management",,2017
robert_clark,Robert Clark,Clark,67.0,1959.0,Male,United States,Construction,Construction & Engineering,,no-pic,2026
robert_coyiuto_jr,"Robert Coyiuto, Jr.",Coyiuto,76.0,1950.0,Male,Philippines,power,Energy,,,2020
robert_defares,Robert Defares,Defares,69.0,1957.0,Male,Netherlands,electronic trading,Finance and Investments,,no-pic,2018
robert_duggan,Robert Duggan,Duggan,82.0,1944.0,Male,United States,Pharmaceuticals,Healthcare,,,2026
robert_f_smith,Robert F. Smith,Smith,63.0,1963.0,Male,United States,Private equity,Finance & Investments,,no-pic,2026
robert_faith,Robert Faith,Faith,62.0,1964.0,Male,United States,Real estate management,Real Estate,,no-pic,2026
robert_fisher,Robert Fisher,Fisher,72.0,1954.0,Male,United States,Gap,Fashion & Retail,,,2026
robert_friedland,Robert Friedland,Friedland,75.0,1951.0,Male,United States,Mining,Metals & Mining,,,2026
robert_g_miller,Robert G. Miller,Miller,80.0,1946.0,Male,Canada,Electronics components,Technology,"Founder, Future Electronics",no-pic,2026
robert_galvin,Robert Galvin,Galvin,119.0,1907.0,Male,United States,Motorola,,,no-pic,2007
robert_hale_jr,"Robert Hale, Jr.",Hale,59.0,1967.0,Male,United States,Telecom,Telecom,,no-pic,2026
robert_holding,Robert Holding,Holding,,,Male,United States,"oil, resorts",Energy,,no-pic,2013
robert_ingham,Robert Ingham,Ingham,103.0,1923.0,Male,Australia,agribusiness,Food and Beverage,,,2014
robert_johnson,Robert Johnson,Johnson,80.0,1946.0,Male,United States,Black Entertainment Television,Media & Entertainment,,no-pic,2026
robert_johnson_3,Robert Johnson,Johnson,79.0,1947.0,Male,United States,"Johnson & Johnson, New York Jets",Sports,,no-pic,2026
robert_knauf,Robert Knauf,Knauf,48.0,1978.0,Male,Germany,building materials,Manufacturing,,no-pic,2026
robert_kraft,Robert Kraft,Kraft,84.0,1942.0,Male,United States,"Manufacturing, New England Patriots",Sports,"Chairman & CEO, The Kraft Group",,2026
robert_kuok,Robert Kuok,Kuok,102.0,1924.0,Male,Malaysia,"Palm oil, shipping, property",Diversified,,,2026
robert_langer,Robert Langer,Langer,78.0,1948.0,Male,United States,Biotech,Healthcare,,no-pic,2024
robert_mcnair,Robert McNair,McNair,94.0,1932.0,Male,United States,"energy, sports",Sports,,,2018
robert_miller,Robert Miller,Miller,92.0,1934.0,Male,United Kingdom,Retail,Fashion & Retail,,,2026
robert_miller_1,Robert Miller,Miller,95.0,1931.0,Male,United Kingdom,retail,Fashion & Retail,,no-pic,2020
robert_mouawad,Robert Mouawad,Mouawad,81.0,1945.0,Male,Lebanon,Fine jewelry,Service,,no-pic,2026
robert_ng,Robert Ng,Ng,74.0,1952.0,Male,Singapore,Real estate,Real Estate,,no-pic,2026
robert_oatley,Robert Oatley,Oatley,118.0,1908.0,Male,Australia,,Real Estate,,,2002
robert_pender,Robert Pender,Pender,72.0,1954.0,Male,United States,oil & gas,Energy,,no-pic,2026
robert_pera,Robert Pera,Pera,48.0,1978.0,Male,United States,Wireless networking,Technology,"Chief Executive Officer, Ubiquiti",,2026
robert_peugeot,Robert Peugeot,Peugeot,77.0,1949.0,Male,France,"Peugeot, investments",Finance & Investments,,no-pic,2024
robert_philip_ng,Robert & Philip Ng,Ng,,,Male,Singapore,real estate,Real Estate,,,2022
robert_piccinini,Robert Piccinini,Piccinini,92.0,1934.0,Male,United States,supermarkets,Fashion and Retail,"Chairman & CEO, Save Mart Supermarkets",,2015
robert_rich_jr,"Robert Rich, Jr.",Rich,85.0,1941.0,Male,United States,Frozen foods,Food & Beverage,,,2026
robert_rowling,Robert Rowling,Rowling,72.0,1954.0,Male,United States,"Hotels, investments",Service,,,2026
robert_sands,Robert Sands,Sands,67.0,1959.0,Male,United States,Liquor,Food & Beverage,,no-pic,2026
robert_steers,Robert Steers,Steers,73.0,1953.0,Male,United States,Cohen & Steers,Finance & Investments,,no-pic,2025
robert_stiller,Robert Stiller,Stiller,90.0,1936.0,Male,United States,coffee,Food and Beverage,,,2015
robert_toennies,Robert Toennies,Toennies,47.0,1979.0,Male,Germany,Meat processing,Food & Beverage,,,2026
robert_toll,Robert Toll,Toll,86.0,1940.0,Male,United States,home building,Real Estate,,no-pic,2022
robert_woody_johnson,"Robert ""Woody"" Johnson",Johnson,79.0,1947.0,Male,United States,"Johnson & Johnson, sports",Sports,,no-pic,2023
robert_ziff,Robert Ziff,Ziff,59.0,1967.0,Male,United States,Investments,Finance & Investments,,,2026
roberta_anamaria_civita,Roberta Anamaria Civita,Civita,,,Female,Brazil,media,Media,,no-pic-female,2014
roberto_angelini_rossi,Roberto Angelini Rossi,Angelini Rossi,77.0,1949.0,Male,Chile,"Forestry, mining",Diversified,,,2026
roberto_civita,Roberto Civita,Civita,99.0,1927.0,Male,Brazil,"publishing, TV",Media,"President of the Management Board and Editorial Director, Abril Group",no-pic,2013
roberto_crippa,Roberto Crippa,Crippa,46.0,1980.0,Male,Italy,Microchip testing,Manufacturing,,no-pic,2026
roberto_gonzalez_barrera,Roberto Gonzalez Barrera,Gonzalez Barrera,106.0,1920.0,Male,Mexico,"banking, tortillas",Finance,,,2012
roberto_hernandez_ramirez,Roberto Hernandez Ramirez,Hernandez Ramirez,84.0,1942.0,Male,Mexico,"Banking, investments",Finance & Investments,,,2026
roberto_irineu_marinho,Roberto Irineu Marinho,Marinho,78.0,1948.0,Male,Brazil,Media,Media & Entertainment,,,2026
roberto_ongpin,Roberto Ongpin,Ongpin,90.0,1936.0,Male,Philippines,diversified,Diversified,,,2022
roberto_sallouti,Roberto Sallouti,Sallouti,54.0,1972.0,Male,Brazil,banking,Finance & Investments,,no-pic,2026
robin_khuda,Robin Khuda,Khuda,46.0,1980.0,Male,Australia,data centers,Technology,,no-pic,2026
robin_li,Robin Li,Li,57.0,1969.0,Male,China,Internet search,Technology,,,2026
robin_zeng,Robin Zeng,Zeng,57.0,1969.0,Male,Hong Kong,Batteries,Energy,,no-pic,2026
robyn_jones,Robyn Jones,Jones,63.0,1963.0,Female,United States,Insurance,Finance & Investments,"Cofounder, Goosehead Insurance",no-pic-female,2026
rocco_basilico_1,Rocco Basilico,Basilico,36.0,1990.0,Male,Italy,Eyeglasses,Fashion & Retail,,no-pic,2026
rocco_commisso,Rocco Commisso,Commisso,76.0,1950.0,Male,United States,Telecom,Telecom,,no-pic,2025
rodger_riney,Rodger Riney,Riney,80.0,1946.0,Male,United States,Discount brokerage,Finance & Investments,"Cofounder, Scottrade",,2026
rodney_lewis,Rodney Lewis,Lewis,76.0,1950.0,Male,United States,natural gas,Energy,,,2018
rodney_sacks,Rodney Sacks,Sacks,76.0,1950.0,Male,United States,Energy drinks,Food & Beverage,,,2026
rodolfo_villela_marino,Rodolfo Villela Marino,Villela Marino,50.0,1976.0,Male,Brazil,banking,Finance & Investments,,no-pic,2026
rodolphe_saade,Rodolphe Saadé,Saadé,56.0,1970.0,Male,France,Shipping,Logistics,"Chairman and CEO, CMA CGM",no-pic,2026
roger_federer,Roger Federer,Federer,44.0,1982.0,Male,Switzerland,Tennis,Sports,"Athlete, Tennis",,2026
roger_penske,Roger Penske,Penske,89.0,1937.0,Male,United States,Cars,Automotive,,,2026
roger_samuelsson,Roger Samuelsson,Samuelsson,62.0,1964.0,Male,Sweden,Drug delivery devices,Healthcare,,no-pic,2026
roger_wang,Roger Wang,Wang,77.0,1949.0,Male,United States,Retail,Fashion & Retail,,,2026
rohiqa_cyrus_mistry,Rohiqa Cyrus Mistry,Mistry,58.0,1968.0,Female,India,Diversified,Diversified,,no-pic-female,2023
roland_duchatelet,Roland Duchatelet,Duchatelet,79.0,1947.0,Male,Belgium,Semiconductors,Technology,,no-pic,2026
rolf_gerling,Rolf Gerling,Gerling,71.0,1955.0,Male,Germany,Insurance,Finance & Investments,,,2026
rolly_van_rappard,Rolly van Rappard,van Rappard,65.0,1961.0,Male,Netherlands,Private Equity,Finance & Investments,,no-pic,2026
roman_abramovich,Roman Abramovich,Abramovich,59.0,1967.0,Male,Russia,"Steel, investments",Diversified,,,2026
roman_avdeev,Roman Avdeev,Avdeev,58.0,1968.0,Male,Russia,"Banking, development",Finance & Investments,,,2026
roman_trotsenko,Roman Trotsenko,Trotsenko,55.0,1971.0,Male,Russia,"Transport, engineering, real estate",Logistics,,no-pic,2026
romano_minozzi,Romano Minozzi,Minozzi,91.0,1935.0,Male,Italy,"Utilities, diversified",Diversified,,no-pic,2026
romesh_t_wadhwani,Romesh T. Wadhwani,Wadhwani,78.0,1948.0,Male,United States,Software,Technology,"Founder and Chairman, Symphony AI Group",,2026
ron_baron,Ron Baron,Baron,82.0,1944.0,Male,United States,Money management,Finance & Investments,,,2026
ron_burkle,Ron Burkle,Burkle,73.0,1953.0,Male,United States,"Supermarkets, investments",Finance & Investments,"Founder, The Yucaipa Companies, LLC",,2026
ron_corio,Ron Corio,Corio,64.0,1962.0,Male,United States,Solar,Energy,,no-pic,2026
ron_shaich,Ron Shaich,Shaich,72.0,1954.0,Male,United States,Restaurants,Food & Beverage,,no-pic,2026
ron_sim,Ron Sim,Sim,67.0,1959.0,Male,Singapore,Retail,Fashion & Retail,,,2026
ronald_clarke,Ronald Clarke,Clarke,70.0,1956.0,Male,United States,payments technology,Technology,,no-pic,2026
ronald_joyce,Ronald Joyce,Joyce,100.0,1926.0,Male,Canada,coffee chain,Food and Beverage,,,2018
ronald_lauder,Ronald Lauder,Lauder,82.0,1944.0,Male,United States,Estee Lauder,Fashion & Retail,,,2026
ronald_mcaulay,Ronald McAulay,McAulay,90.0,1936.0,Male,Hong Kong,Energy,Energy,,no-pic,2026
ronald_perelman,Ronald Perelman,Perelman,83.0,1943.0,Male,United States,Leveraged buyouts,Finance & Investments,,,2026
ronald_slabke,Ronald Slabke,Slabke,,,Male,Germany,fintech,Technology,,no-pic,2021
ronald_southern,Ronald Southern,Southern,103.0,1923.0,Male,Canada,"structures, utilities",Energy,,,2015
ronald_wanek,Ronald Wanek,Wanek,84.0,1942.0,Male,United States,Furniture,Manufacturing,,,2026
ronda_stryker,Ronda Stryker,Stryker,72.0,1954.0,Female,United States,Medical equipment,Healthcare,,,2026
ronnen_harary,Ronnen Harary,Harary,55.0,1971.0,Male,Canada,toys,Manufacturing,,no-pic,2022
ronnie_screwvala,Ronnie Screwvala,Screwvala,69.0,1957.0,Male,India,"edtech, entertainment",Media & Entertainment,,no-pic,2026
rosa_anna_magno_garavoglia,Rosa Anna Magno Garavoglia,Garavoglia,,,Female,Italy,spirits,Food and Beverage,,no-pic-female,2016
rosa_brescia_cafferata,Rosa Brescia Cafferata,Brescia Cafferata,107.0,1919.0,Female,Peru,"mining, fisheries",Diversified,,no-pic-female,2015
rosa_evangelina_marcondes_penido_dalla_vecchia,Rosa Evangelina Marcondes Penido Dalla Vecchia,Marcondes Penido Dalla Vecchia,86.0,1940.0,Female,Brazil,toll roads,Construction & Engineering,,no-pic-female,2013
rosalia_mera,Rosalia Mera,Mera,92.0,1934.0,Female,Spain,Zara,Fashion and Retail,,,2013
rosanna_armani,Rosanna Armani,Armani,86.0,1940.0,Female,Italy,Luxury goods,Fashion & Retail,,no-pic-female,2026
rosely_schweizer,Rosely Schweizer,Schweizer,87.0,1939.0,Female,Germany,consumer goods,Fashion & Retail,,,2021
rossana_camargo_de_arruda_botelho,Rossana Camargo de Arruda Botelho,Camargo de Arruda Botelho,82.0,1944.0,Female,Brazil,construction,Construction & Engineering,,,2017
rostam_azizi,Rostam Azizi,Azizi,69.0,1957.0,Male,Tanzania,"telecom, investments",Diversified,,,2015
roustam_tariko,Roustam Tariko,Tariko,72.0,1954.0,Male,Russia,banking,Finance,,,2015
roy_carroll_ii,"Roy Carroll, II.",Carroll,63.0,1963.0,Male,United States,Real estate,Real Estate,,no-pic,2026
roy_chi_ping_chung,Roy Chi Ping Chung,Chung,73.0,1953.0,Male,Hong Kong,manufacturing,Manufacturing,,no-pic,2026
roy_mann,Roy Mann,Mann,48.0,1978.0,Male,Israel,software,Technology,,no-pic,2025
roy_reznik,Roy Reznik,Reznik,37.0,1989.0,Male,Israel,Security startup,Technology,,no-pic,2026
roy_vagelos,Roy Vagelos,Vagelos,97.0,1929.0,Male,United States,pharmacueticals,Healthcare,,no-pic,2024
ru_jiyong,Ru Jiyong,Ru,60.0,1966.0,Male,China,"home, office products",Fashion & Retail,,no-pic,2016
ruan_hongliang,Ruan Hongliang,Ruan,65.0,1961.0,Male,China,Glass,Manufacturing,,no-pic,2026
ruan_hongxian,Ruan Hongxian,Ruan,61.0,1965.0,Male,China,pharmaceuticals,Healthcare,,,2021
ruan_liping,Ruan Liping,Ruan,61.0,1965.0,Male,Hong Kong,Power strips,Manufacturing,,no-pic,2026
ruan_shuilong,Ruan Shuilong,Ruan,90.0,1936.0,Male,China,Chemicals,Manufacturing,,no-pic,2026
ruan_xueping,Ruan Xueping,Ruan,54.0,1972.0,Male,Hong Kong,Power strip,Manufacturing,,no-pic,2026
ruben_coppel_luken,Rubén Coppel Luken,Coppel Luken,76.0,1950.0,Male,Mexico,Diversified,Fashion & Retail,,no-pic,2026
ruben_feffer,Ruben Feffer,Feffer,,,Male,Brazil,Pulp and paper,Manufacturing,,no-pic,2026
ruben_vardanyan,Ruben Vardanyan,Vardanyan,57.0,1969.0,Male,Armenia,Investment banking,Finance & Investments,,no-pic,2026
rubens_menin_teixeira_de_souza,Rubens Menin Teixeira de Souza,Menin Teixeira de Souza,70.0,1956.0,Male,Brazil,"home building, banking",Diversified,,no-pic,2026
rubens_ometto_silveira_mello,Rubens Ometto Silveira Mello,Ometto Silveira Mello,76.0,1950.0,Male,Brazil,"Sugar, ethanol",Energy,,,2026
rudolf_maag,Rudolf Maag,Maag,80.0,1946.0,Male,Switzerland,Medical devices,Healthcare,,no-pic,2026
rudy_ma,Rudy Ma,Ma,86.0,1940.0,Male,Taiwan,finance,Finance & Investments,,,2022
rufino_vigil_gonzalez,Rufino Vigil Gonzalez,Vigil Gonzalez,77.0,1949.0,Male,Mexico,Steel,Metals & Mining,,,2026
rui_chen,Rui Chen,Chen,48.0,1978.0,Male,China,Online entertainment,Media & Entertainment,,no-pic,2026
rui_song,Rui Song,Song,50.0,1976.0,Male,China,Fertilizer,Manufacturing,,no-pic,2026
ruiqing_tan,Ruiqing Tan,Tan,60.0,1966.0,Male,China,chemicals,Manufacturing,,no-pic,2022
rupert_johnson_jr,"Rupert Johnson, Jr.",Johnson,85.0,1941.0,Male,United States,Franklin Templeton,Finance & Investments,"Vice Chairman and Director, Franklin Resources",no-pic,2026
rupert_murdoch,Rupert Murdoch,Murdoch,95.0,1931.0,Male,United States,"Newspapers, TV network",Media & Entertainment,,,2026
ruslan_rahimkulov,Ruslan Rahimkulov,Rahimkulov,47.0,1979.0,Male,Russia,diversified,Diversified,,no-pic,2026
russ_weiner,Russ Weiner,Weiner,56.0,1970.0,Male,United States,Energy drinks,Food & Beverage,,,2025
russell_savage,Russell Savage,Savage,55.0,1971.0,Male,United States,Energy drinks,Food & Beverage,,no-pic,2026
rustem_sulteev,Rustem Sulteev,Sulteev,72.0,1954.0,Male,Russia,"Refinery, chemicals",Energy,,,2026
rutger_arnhult,Rutger Arnhult,Arnhult,59.0,1967.0,Male,Sweden,real estate,Real Estate,,no-pic,2022
ryan_breslow,Ryan Breslow,Breslow,31.0,1995.0,Male,United States,E-commerce software,Technology,"Cofounder, Bolt",no-pic,2023
ryan_cohen,Ryan Cohen,Cohen,40.0,1986.0,Male,Canada,Investments,Finance & Investments,,no-pic,2026
ryan_graves,Ryan Graves,Graves,42.0,1984.0,Male,United States,Uber,Technology,,,2026
ryan_horton,Ryan Horton,Horton,53.0,1973.0,Male,United States,Homebuilding,Real Estate,,no-pic,2026
ryan_israel,Ryan Israel,Israel,41.0,1985.0,Male,United States,Hedge funds,Finance & Investments,"Partner, Pershing Square Capital Management",no-pic,2026
ryan_kavanaugh,Ryan Kavanaugh,Kavanaugh,59.0,1967.0,Male,United States,movies,Media,,,2015
ryan_smith,Ryan Smith,Smith,47.0,1979.0,Male,United States,Cloud computing,Technology,"Co-Founder & CEO, Qualtrics",,2026
ryoichi_jinnai,Ryoichi Jinnai,Jinnai,108.0,1918.0,Male,Japan,"finance, agriculture",Finance and Investments,,,2014
ryu_kwang_ji,Ryu Kwang-ji,Ryu,61.0,1965.0,Male,South Korea,chemicals,Manufacturing,,no-pic,2024
ryuji_arai,Ryuji Arai,Arai,79.0,1947.0,Male,Japan,Electronics Retail,Fashion & Retail,,no-pic,2026
s_curtis_johnson,S. Curtis Johnson,Johnson,70.0,1956.0,Male,United States,Cleaning products,Manufacturing,,,2026
s_daniel_abraham,S. Daniel Abraham,Abraham,101.0,1925.0,Male,United States,Slim-Fast,Food & Beverage,,,2025
s_truett_cathy,S. Truett Cathy,Cathy,114.0,1912.0,Male,United States,Chick-fil-A,Food and Beverage,,,2014
saad_hariri,Saad Hariri,Hariri,61.0,1965.0,Male,Lebanon,"construction, investments",Construction & Engineering,,,2018
saban_cemil_kazanci,Saban Cemil Kazanci,Kazanci,65.0,1961.0,Male,Turkey,Energy,Energy,,no-pic,2026
sabrina_benetton,Sabrina Benetton,Benetton,52.0,1974.0,Female,Italy,"Fashion retail, investments",Fashion & Retail,,no-pic-female,2026
sachin_agarwal,Sachin Agarwal,Agarwal,54.0,1972.0,Male,India,Metal castings,Manufacturing,,no-pic,2026
sachin_bansal,Sachin Bansal,Bansal,44.0,1982.0,Male,India,Flipkart,Fashion & Retail,,,2026
saeed_bin_butti_al_qebaisi,Saeed Bin Butti Al Qebaisi,Bin Butti Al Qebaisi,,,Male,United Arab Emirates,"hospitals, investments",Diversified,,no-pic,2019
safra,Safra siblings,Safra,,,,Brazil,banking,Finance & Investments,,no-pic,2022
safra_catz,Safra Catz,Catz,64.0,1962.0,Female,United States,Software,Technology,,,2026
said_gutseriev,Said Gutseriev,Gutseriev,38.0,1988.0,Male,Russia,"Retail, investments",Energy,,no-pic,2026
saif_al_ghurair,Saif Al Ghurair,Al Ghurair,106.0,1920.0,Male,United Arab Emirates,diversified,Diversified,,,2019
sait_salam_gutseriev,Sait-Salam Gutseriev,Gutseriev,72.0,1954.0,Male,Russia,"oil, banking, real estate",Diversified,,no-pic,2017
saket_burman,Saket Burman,Burman,49.0,1977.0,Male,United Kingdom,Consumer goods,Food & Beverage,,no-pic,2026
saleh_al_rajhi,Saleh Al Rajhi,Al Rajhi,127.0,1899.0,Male,Saudi Arabia,banking,Finance,,no-pic,2010
saleh_kamel,Saleh Kamel,Kamel,91.0,1935.0,Male,Saudi Arabia,"banking, healthcare",Diversified,,,2017
salil_singhal_1,Salil Singhal,Singhal,78.0,1948.0,Male,India,Agrochemicals,Manufacturing,,no-pic,2026
salman_alhokair,Salman Alhokair,Alhokair,65.0,1961.0,Male,Saudi Arabia,"retail, shopping malls",Fashion & Retail,,no-pic,2017
sam_altman,Sam Altman,Altman,41.0,1985.0,Male,United States,Investments,Finance & Investments,,no-pic,2026
sam_bankman_fried,Sam Bankman-Fried,Bankman-Fried,35.0,1991.0,Male,United States,cryptocurrency exchange,Finance & Investments,"Founder, FTX",no-pic,2022
sam_chong,Sam Chong,Chong,83.0,1943.0,Male,Australia,Mining,Metals & Mining,,no-pic,2026
sam_gance,Sam Gance,Gance,76.0,1950.0,Male,Australia,pharmacies,Healthcare,,no-pic,2026
sam_goi,Sam Goi,Goi,79.0,1947.0,Male,Singapore,Frozen foods,Food & Beverage,,,2026
sam_hupert,Sam Hupert,Hupert,71.0,1955.0,Male,Australia,Technology,Technology,,no-pic,2026
sam_mccandlish,Sam McCandlish,McCandlish,35.0,1991.0,Male,United States,Artificial intelligence,Technology,,no-pic,2026
sam_pollock,Sam Pollock,Pollock,59.0,1967.0,Male,Canada,Private equity,Finance & Investments,,no-pic,2026
sam_tarascio,Sam Tarascio,Tarascio,81.0,1945.0,Male,Australia,Real estate,Real Estate,,,2026
sam_zell,Sam Zell,Zell,84.0,1942.0,Male,United States,"Real estate, private equity",Real Estate,,,2023
sameer_gehlaut,Sameer Gehlaut,Gehlaut,56.0,1970.0,Male,India,finance,Finance and Investments,,,2019
sami_mnaymneh,Sami Mnaymneh,Mnaymneh,64.0,1962.0,Male,United States,Private equity,Finance & Investments,,no-pic,2026
samih_sawiris,Samih Sawiris,Sawiris,69.0,1957.0,Male,Egypt,"real estate, hotels",Service,,,2026
samir_mane,Samir Mane,Mane,58.0,1968.0,Male,Albania,Diversified,Diversified,,no-pic,2026
samir_mehta,Samir Mehta,Mehta,62.0,1964.0,Male,India,"Pharmaceuticals, power",Healthcare,,no-pic,2026
sammy_ofer,Sammy Ofer,Ofer,116.0,1910.0,Male,Israel,shipping,Logistics,,,2011
samprada_singh_1,Samprada Singh,Singh,105.0,1921.0,Male,India,pharmaceuticals,Healthcare,,no-pic,2018
samuel_barata,Samuel Barata,Barata,90.0,1936.0,Male,Brazil,drugstores,Fashion & Retail,,no-pic,2021
samuel_chen,Samuel Chen,Chen,76.0,1950.0,Male,Taiwan,Investments,Finance & Investments,,no-pic,2026
samuel_irving_newhouse_jr,"Samuel Irving Newhouse, Jr.",Newhouse,104.0,1922.0,Male,United States,media,Media & Entertainment,,no-pic,2017
samuel_tak_lee,Samuel Tak Lee,Lee,87.0,1939.0,Male,Hong Kong,Real estate,Real Estate,,no-pic,2026
samuel_wyly,Samuel Wyly,Wyly,104.0,1922.0,Male,United States,investments,Investments,,,2010
samuel_yin,Samuel Yin,Yin,75.0,1951.0,Male,Taiwan,Retail,Diversified,,,2026
samvel_karapetyan,Samvel Karapetyan,Karapetyan,60.0,1966.0,Male,Russia,Real estate,Construction & Engineering,,,2026
sandeep_engineer,Sandeep Engineer,Engineer,64.0,1962.0,Male,India,Plastic pipes,Manufacturing,,no-pic,2026
sandor_csanyi,Sandor Csanyi,Csanyi,73.0,1953.0,Male,Hungary,"Finance, real estate",Diversified,,no-pic,2026
sandra_macmillan_kirkpatrick,Sandra MacMillan Kirkpatrick,MacMillan Kirkpatrick,54.0,1972.0,Female,United States,Cargill,Food & Beverage,,no-pic-female,2026
sandra_ortega_mera,Sandra Ortega Mera,Ortega Mera,57.0,1969.0,Female,Spain,Zara,Fashion & Retail,,,2026
sandro_veronesi,Sandro Veronesi,Veronesi,66.0,1960.0,Male,Italy,Fashion,Fashion & Retail,,,2026
sandy_weill,Sandy Weill,Weill,95.0,1931.0,Male,United States,Citigroup,Finance & Investments,,no-pic,2021
sanford_diller,Sanford Diller,Diller,104.0,1922.0,Male,United States,real estate,Real Estate,,no-pic,2017
sanjay_agarwal,Sanjay Agarwal,Agarwal,55.0,1971.0,Male,India,Banking,Finance & Investments,,no-pic,2026
sanjay_gajendra,Sanjay Gajendra,Gajendra,51.0,1975.0,Male,United States,Semiconductors,Technology,,no-pic,2026
sanjay_singal,Sanjay Singal,Singal,74.0,1952.0,Male,India,steel,Manufacturing,,,2015
sanjeev_bikhchandani,Sanjeev Bikhchandani,Bikhchandani,62.0,1964.0,Male,India,Internet,Technology,,no-pic,2026
sanjeev_shah,Sanjeev Shah,Shah,62.0,1964.0,Male,India,Foods,Food & Beverage,,no-pic,2026
sanjit_biswas,Sanjit Biswas,Biswas,44.0,1982.0,Male,United States,Sensor systems,Technology,,no-pic,2026
sanjiv_bajaj,Sanjiv Bajaj,Bajaj,56.0,1970.0,Male,India,Diversified,Diversified,,no-pic,2026
sanjiv_goenka,Sanjiv Goenka,Goenka,65.0,1961.0,Male,India,Diversified,Diversified,,,2026
sara_blakely,Sara Blakely,Blakely,55.0,1971.0,Female,United States,Spanx,Fashion & Retail,"Founder, Spanx",,2026
sara_george_muthoot,Sara George Muthoot,Muthoot,66.0,1960.0,Female,India,Financial services,Finance & Investments,,no-pic-female,2026
sara_liu,Sara Liu,Liu,65.0,1961.0,Female,United States,Computer hardware,Technology,,no-pic-female,2024
sarah_humphreys_atkins,Sarah Humphreys Atkins,Humphreys Atkins,68.0,1958.0,Female,United States,Residential roofing,Manufacturing,,no-pic-female,2026
sarah_macmillan,Sarah MacMillan,MacMillan,72.0,1954.0,Female,United States,Cargill,Food & Beverage,,no-pic-female,2026
sarath_ratanavadi,Sarath Ratanavadi,Ratanavadi,60.0,1966.0,Male,Thailand,Energy,Energy,,no-pic,2026
sarik_tara,Sarik Tara,Tara,101.0,1925.0,Male,Turkey,construction,Construction & Engineering,,,2018
saroj_rani_gupta,Saroj Rani Gupta,Gupta,75.0,1951.0,Female,India,Steel tubes,Manufacturing,,no-pic-female,2026
sasson_dayan,Sasson Dayan,Dayan,86.0,1940.0,Male,Brazil,Banking,Finance & Investments,,no-pic,2026
sathien_sathientham,Sathien Sathientham,Sathientham,72.0,1954.0,Male,Thailand,Energy drinks,Food & Beverage,,no-pic,2026
sathien_setthasit,Sathien Setthasit,Setthasit,72.0,1954.0,Male,Thailand,Energy drinks,Food & Beverage,,,2023
satish_mehta,Satish Mehta,Mehta,75.0,1951.0,Male,India,Pharmaceuticals,Healthcare,,,2026
satish_reddy,Satish Reddy,Reddy,58.0,1968.0,Male,India,Pharmaceuticals,Healthcare,,no-pic,2026
satoshi_suzuki,Satoshi Suzuki,Suzuki,74.0,1952.0,Male,Japan,cosmetics,Fashion & Retail,,,2021
satya_nadella,Satya Nadella,Nadella,58.0,1968.0,Male,United States,Microsoft,Technology,"CEO, Microsoft",,2026
satyanarayan_nuwal_1,Satyanarayan Nuwal,Nuwal,73.0,1953.0,Male,India,Industrial explosives,Manufacturing,,no-pic,2026
satyanarayana_chava,Satyanarayana Chava,Chava,65.0,1961.0,Male,India,pharmaceuticals,Healthcare,,no-pic,2026
savitri_jindal,Savitri Jindal,Jindal,76.0,1950.0,Female,India,Steel,Metals & Mining,,,2026
schutz_udo,Schütz Udo,Udo,89.0,1937.0,Male,Germany,packaging,Manufacturing,,no-pic,2025
scot_french,Scot French,French,55.0,1971.0,Male,United States,Private equity,Finance & Investments,,no-pic,2026
scott_cook,Scott Cook,Cook,73.0,1953.0,Male,United States,Software,Technology,,,2026
scott_crabill,Scott Crabill,Crabill,56.0,1970.0,Male,United States,Private equity,Finance & Investments,,no-pic,2026
scott_duncan,Scott Duncan,Duncan,43.0,1983.0,Male,United States,Pipelines,Energy,,no-pic,2026
scott_farquhar,Scott Farquhar,Farquhar,46.0,1980.0,Male,Australia,Software,Technology,,,2026
scott_kapnick,Scott Kapnick,Kapnick,67.0,1959.0,Male,United States,Private equity,Finance & Investments,,no-pic,2026
scott_lin,Scott Lin,Lin,93.0,1933.0,Male,Taiwan,Optical components,Technology,,,2026
scott_nuttall,Scott Nuttall,Nuttall,53.0,1973.0,Male,United States,Private equity,Finance & Investments,,no-pic,2026
scott_shleifer,Scott Shleifer,Shleifer,48.0,1978.0,Male,United States,Private equity,Finance & Investments,"Partner, Tiger Global Management",,2026
scott_simplot,Scott Simplot,Simplot,86.0,1940.0,Male,United States,fertilizer,Manufacturing,,no-pic,2016
scott_smith_1,Scott Smith,Smith,77.0,1949.0,Male,United States,Cloud computing,Technology,,no-pic,2026
scott_watterson,Scott Watterson,Watterson,70.0,1956.0,Male,United States,Fitness equipment,Technology,,no-pic,2026
sd_shibulal,S.D. Shibulal,Shibulal,71.0,1955.0,Male,India,Software services,Technology,,,2026
sean_parker,Sean Parker,Parker,46.0,1980.0,Male,United States,Facebook,Technology,,,2026
sean_quinn,Sean Quinn,Quinn,92.0,1934.0,Male,Ireland,"real estate, insurance, cement, glassmaking, hotel",,,no-pic,2010
sebastian_glaser,Sebastian Glaser,Glaser,47.0,1979.0,Male,Germany,Sensor technology,Technology,,no-pic,2026
sebastian_kulczyk,Sebastian Kulczyk,Kulczyk,45.0,1981.0,Male,Poland,Diversified,Finance & Investments,,no-pic,2026
sebastian_pinera,Sebastian Piñera,Piñera,76.0,1950.0,Male,Chile,Investments,Finance & Investments,"President, Chile",,2023
sebastian_siemiatkowski,Sebastian Siemiatkowski,Siemiatkowski,45.0,1981.0,Male,Sweden,fintech,Finance & Investments,,no-pic,2022
sefik_yilmaz_dizdar,Sefik Yilmaz Dizdar,Dizdar,88.0,1938.0,Male,Turkey,Fashion retail,Fashion & Retail,,no-pic,2026
segolene_gallienne,Segolene Gallienne,Gallienne,48.0,1978.0,Female,Belgium,"Steel, Investments",Manufacturing,,no-pic-female,2026
sehat_sutardja,Sehat Sutardja,Sutardja,66.0,1960.0,Male,United States,Semiconductors,Technology,,no-pic,2024
seifeddin_rustamov,Seifeddin Rustamov,Rustamov,63.0,1963.0,Male,Russia,Chemicals,Manufacturing,,no-pic,2023
sekar_vembu,Sekar Vembu,Vembu,54.0,1972.0,Male,India,Business software,Technology,,no-pic,2026
selcuk_bayraktar,Selçuk Bayraktar,Bayraktar,46.0,1980.0,Male,Turkey,Military drones,Technology,,no-pic,2026
selina_stihl,Selina Stihl,Stihl,48.0,1978.0,Female,Germany,chainsaws,Manufacturing,,no-pic-female,2026
semahat_sevim_arsel,Semahat Sevim Arsel,Arsel,97.0,1929.0,Female,Turkey,Diversified,Diversified,,,2026
senapathy_gopalakrishnan,Senapathy Gopalakrishnan,Gopalakrishnan,71.0,1955.0,Male,India,Software services,Technology,,,2026
seo_jung_jin,Seo Jung-jin,Seo,68.0,1958.0,Male,South Korea,Biotech,Healthcare,Celltrion Inc.,,2026
serge_dassault,Serge Dassault,Dassault,106.0,1920.0,Male,France,diversified,Diversified,,,2018
serge_godin,Serge Godin,Godin,76.0,1950.0,Male,Canada,Information technology,Technology,,,2026
serge_kampf,Serge Kampf,Kampf,114.0,1912.0,Male,France,computer services,,,no-pic,2000
sergei_galitsky,Sergei Galitsky,Galitsky,58.0,1968.0,Male,Russia,Retail,Fashion & Retail,,,2026
sergei_gordeev,Sergei Gordeev,Gordeev,53.0,1973.0,Male,Russia,Real estate,Real Estate,,no-pic,2026
sergei_katsiev,Sergei Katsiev,Katsiev,68.0,1958.0,Male,Russia,"Retail, wholesale",Fashion & Retail,,,2026
sergei_kislov,Sergei Kislov,Kislov,74.0,1952.0,Male,Russia,"agriculture, refinery",Diversified,,,2014
sergei_kolesnikov,Sergei Kolesnikov,Kolesnikov,54.0,1972.0,Male,Russia,Building materials,Manufacturing,,no-pic,2026
sergei_makhlai,Sergei Makhlai,Makhlai,59.0,1967.0,Male,Russia,fertilizers,Manufacturing,,no-pic,2021
sergei_petrov,Sergei Petrov,Petrov,76.0,1950.0,Male,Russia,auto import and dealerships,Automotive,,no-pic,2018
sergei_popov,Sergei Popov,Popov,54.0,1972.0,Male,Russia,Banking,Finance & Investments,,,2026
sergei_sarkisov,Sergei Sarkisov,Sarkisov,75.0,1951.0,Male,Russia,insurance & real estate,Finance,,,2014
sergei_studennikov,Sergei Studennikov,Studennikov,59.0,1967.0,Male,Russia,"Liquor stores, supermarkets",Fashion & Retail,,no-pic,2026
sergei_sudarikov,Sergei Sudarikov,Sudarikov,54.0,1972.0,Male,Russia,"Finance, development",Finance & Investments,,no-pic,2026
sergei_tsikalyuk,Sergei Tsikalyuk,Tsikalyuk,76.0,1950.0,Male,Russia,insurance,Finance,,,2014
sergey_brin,Sergey Brin,Brin,52.0,1974.0,Male,United States,Google,Technology,"Cofounder and board member, Alphabet",,2026
sergey_dmitriev,Sergey Dmitriev,Dmitriev,60.0,1966.0,Male,Cyprus,Software,Technology,,no-pic,2026
sergey_kasyanenko,Sergey Kasyanenko,Kasyanenko,68.0,1958.0,Male,Russia,Tea and coffee,Food & Beverage,,no-pic,2026
sergey_lomakin,Sergey Lomakin,Lomakin,53.0,1973.0,Male,Russia,Retail,Fashion & Retail,,no-pic,2025
sergey_mikhaylov,Sergey Mikhaylov,Mikhaylov,47.0,1979.0,Male,Russia,agribusiness,Food & Beverage,,no-pic,2026
sergey_shishkarev,Sergey Shishkarev,Shishkarev,58.0,1968.0,Male,Russia,Transport,Logistics,,no-pic,2026
sergey_shnayder,Sergey Shnayder,Shnayder,60.0,1966.0,Male,Russia,Retail,Fashion & Retail,,no-pic,2025
sergio_fogel,Sergio Fogel,Fogel,63.0,1963.0,Male,Uruguay,fintech,Finance & Investments,,no-pic,2024
sergio_lins_andrade,Sergio Lins Andrade,Andrade,86.0,1940.0,Male,Brazil,construction,Construction & Engineering,,no-pic,2015
sergio_mantegazza,Sergio Mantegazza,Mantegazza,98.0,1928.0,Male,Switzerland,Travel,Service,,no-pic,2023
sergio_stevanato,Sergio Stevanato,Stevanato,83.0,1943.0,Male,Italy,Medical packaging,Healthcare,,no-pic,2026
serhiy_tihipko,Serhiy Tihipko,Tihipko,75.0,1951.0,Male,Ukraine,"banking, agriculture",Diversified,,no-pic,2014
serra_sabanci,Serra Sabanci,Sabanci,58.0,1968.0,Female,Turkey,diversified,Diversified,,,2015
seth_boro,Seth Boro,Boro,50.0,1976.0,Male,United States,Private equity,Finance & Investments,,no-pic,2026
seth_klarman,Seth Klarman,Klarman,69.0,1957.0,Male,United States,Investments,Finance & Investments,"CEO & President, Baupost Group",,2026
severin_hacker,Severin Hacker,Hacker,42.0,1984.0,Male,Switzerland,Education technology,Technology,,no-pic,2025
sevil_sabanci_sabanci,Sevil Sabanci Sabanci,Sabanci,63.0,1963.0,Female,Turkey,haci Omer sabanci Holding,Diversified,,no-pic-female,2013
sevket_sabanci,Sevket Sabanci,Sabanci,96.0,1930.0,Male,Turkey,diversified,Diversified,,,2016
sezai_bacaksiz,Sezai Bacaksiz,Bacaksiz,76.0,1950.0,Male,Turkey,Diversified,Diversified,,no-pic,2026
shahid_balwa,Shahid Balwa,Balwa,65.0,1961.0,Male,India,real estate,,,no-pic,2010
shahid_khan,Shahid Khan,Khan,75.0,1951.0,Male,United States,"Sports teams, auto parts",Automotive,,,2026
shalom_meckenzie,Shalom Meckenzie,Meckenzie,49.0,1977.0,Male,Israel,sports betting,Gambling & Casinos,,no-pic,2026
shamsheer_vayalil,Shamsheer Vayalil,Vayalil,49.0,1977.0,Male,India,Healthcare,Healthcare,,,2026
shanbing_huang,Shanbing Huang,Huang,70.0,1956.0,Male,China,semiconductors,Technology,,no-pic,2022
shang_jiyong,Shang Jiyong,Shang,63.0,1963.0,Male,China,"tires, chemicals",Diversified,,no-pic,2018
shang_xiaobo,Shang Xiaobo,Shang,52.0,1974.0,Male,China,Manufacturing,Manufacturing,,no-pic,2026
shao_genhuo,Shao Genhuo,Shao,60.0,1966.0,Male,China,Agribusiness,Food & Beverage,,,2025
shao_jianxiong,Shao Jianxiong,Shao,,,Male,China,Photovoltaics,Energy,,no-pic,2023
shao_qinxiang,Shao Qinxiang,Shao,71.0,1955.0,Male,China,Diversified,Manufacturing,,no-pic,2026
shao_xiaofeng,Shao Xiaofeng,Shao,62.0,1964.0,Male,China,e-commerce,Technology,,no-pic,2021
shao_zengming,Shao Zengming,Shao,,,Male,China,diamonds,Manufacturing,,no-pic,2022
shao_zhongyi,Shao Zhongyi,Shao,63.0,1963.0,Male,China,soybean trading,Food and Beverage,,no-pic,2017
shapoor_mistry_1,Shapoor Mistry,Mistry,61.0,1965.0,Male,Ireland,Diversified,Diversified,,no-pic,2026
shari_arison,Shari Arison,Arison,68.0,1958.0,Female,Israel,Carnival Cruises,Service,,,2026
sharon_azrieli,Sharon Azrieli,Azrieli,65.0,1961.0,Female,Canada,Real estate,Real Estate,,no-pic-female,2026
sharron_hunt,Sharron Hunt,Hunt,68.0,1958.0,Female,United States,Kansas City Chiefs,Sports,,no-pic-female,2026
shashank_kumar,Shashank Kumar,Kumar,35.0,1991.0,Male,India,Fintech,Finance & Investments,,no-pic,2026
shashi_ravi_ruia,Shashi & Ravi Ruia,Ruia,,,Male,India,diversified,Diversified,,,2021
shashishekar_pandit,Shashishekar Pandit,Pandit,77.0,1949.0,Male,India,Software,Technology,,no-pic,2024
shaul_shani,Shaul Shani,Shani,71.0,1955.0,Male,Israel,Telecom,Telecom,,no-pic,2026
shay_banon,Shay Banon,Banon,48.0,1978.0,Male,Israel,search engine,Technology,,no-pic,2025
shayne_coplan,Shayne Coplan,Coplan,27.0,1999.0,Male,United States,Polymarket,Technology,"Founder, Polymarket",no-pic,2026
she_yingjie,She Yingjie,She,68.0,1958.0,Male,Hong Kong,printed circuit board,Manufacturing,,no-pic,2026
sheela_gautam,Sheela Gautam,Gautam,99.0,1927.0,Female,India,mattresses,Fashion & Retail,,no-pic-female,2018
sheila_johnson,Sheila Johnson,Johnson,77.0,1949.0,Female,United States,"Cable TV, hotels",Media & Entertainment,"CEO, Salamander Hotel and Resorts",,2026
shekhar_bajaj,Shekhar Bajaj,Bajaj,77.0,1949.0,Male,India,Diversified,Diversified,,no-pic,2026
sheldon_adelson,Sheldon Adelson,Adelson,95.0,1931.0,Male,United States,casinos,Gambling & Casinos,"Chairman and CEO, Las Vegas Sands Corp.",,2020
sheldon_lavin,Sheldon Lavin,Lavin,93.0,1933.0,Male,United States,Meat processing,Food & Beverage,,no-pic,2023
sheldon_solow,Sheldon Solow,Solow,100.0,1926.0,Male,United States,real estate,Real Estate,,,2020
shen_dongri,Shen Dongri,Shen,60.0,1966.0,Male,China,apparel,Fashion and Retail,,,2016
shen_guojun,Shen Guojun,Shen,63.0,1963.0,Male,China,Retail,Fashion & Retail,,,2026
shen_jinhua,Shen Jinhua,Shen,59.0,1967.0,Male,China,E-Commerce,Fashion & Retail,,no-pic,2026
shen_xiqiang,Shen Xiqiang,Shen,78.0,1948.0,Male,China,Chemical,Energy,,no-pic,2026
shen_yuxing,Shen Yuxing,Shen,71.0,1955.0,Male,China,real estate,Real Estate,,no-pic,2019
sheng_baijiao,Sheng Baijiao,Sheng,84.0,1942.0,Male,China,retail-apparel/shoe,Fashion and Retail,,,2013
sherry_brydson,Sherry Brydson,Brydson,80.0,1946.0,Female,Canada,Thomson Reuters,Media & Entertainment,,no-pic-female,2026
sheryl_sandberg,Sheryl Sandberg,Sandberg,56.0,1970.0,Female,United States,Facebook,Technology,,,2026
shi_wen_long,Shi Wen-long,Shi,98.0,1928.0,Male,Taiwan,Plastics,Manufacturing,,,2023
shi_xu,Shi Xu,Shi,64.0,1962.0,Male,Singapore,technology,Technology,,no-pic,2021
shi_yifeng,Shi Yifeng,Shi,52.0,1974.0,Male,China,Medical cosmetics,Healthcare,,no-pic,2025
shi_yonghong,Shi Yonghong,Shi,57.0,1969.0,Male,China,Restaurants,Food & Beverage,,no-pic,2026
shi_yuzhu,Shi Yuzhu,Shi,63.0,1963.0,Male,China,"Online games, investments",Diversified,,,2026
shigefumi_wada,Shigefumi Wada,Wada,73.0,1953.0,Male,Japan,Software,Technology,,no-pic,2026
shigenobu_nagamori,Shigenobu Nagamori,Nagamori,81.0,1945.0,Male,Japan,Motors,Manufacturing,,,2026
shilong_zhang,Shilong Zhang,Zhang,60.0,1966.0,Male,China,Semiconductor,Technology,,no-pic,2023
shin_chang_jae,Shin Chang-jae,Shin,72.0,1954.0,Male,South Korea,Insurance,Finance & Investments,Kyobo Life Insurance,,2026
shin_dong_bin,Shin Dong-bin,Shin,75.0,1951.0,Male,South Korea,retail,Fashion & Retail,Lotte Shopping,,2019
shin_dong_guk,Shin Dong-guk,Shin,78.0,1948.0,Male,South Korea,Pharmaceuticals,Healthcare,Hanyang Precision,,2021
shin_dong_joo,Shin Dong-joo,Shin,72.0,1954.0,Male,South Korea,Retail,Fashion & Retail,,,2026
shintaro_tsuji,Shintaro Tsuji,Tsuji,98.0,1928.0,Male,Japan,Hello Kitty,Fashion & Retail,,,2026
shintaro_yamada,Shintaro Yamada,Yamada,49.0,1977.0,Male,Japan,mobile apps,Technology,,no-pic,2022
shirley_kao,Shirley Kao,Kao,69.0,1957.0,Female,Taiwan,Food & beverage retailing,Food & Beverage,,no-pic-female,2026
shirou_terashita,Shirou Terashita,Terashita,69.0,1957.0,Male,Japan,investor relations consulting,Service,,no-pic,2021
shishir_bajaj,Shishir Bajaj,Bajaj,84.0,1942.0,Male,India,consumer goods,Food and Beverage,,,2017
shiv_kishan_agrawal,Shiv Kishan Agrawal,Agrawal,85.0,1941.0,Male,India,Snacks,Food & Beverage,,no-pic,2026
shiv_nadar,Shiv Nadar,Nadar,80.0,1946.0,Male,India,Software services,Technology,,,2026
shiv_ratan_agarwal,Shiv Ratan Agarwal,Agarwal,74.0,1952.0,Male,India,Indian snacks,Food & Beverage,,no-pic,2026
shivratan_agarwal,Shivratan Agarwal,Agarwal,75.0,1951.0,Male,India,Indian snacks,Food & Beverage,,no-pic,2025
shivratan_taparia,Shivratan Taparia,Taparia,81.0,1945.0,Male,India,Plastics,Manufacturing,,no-pic,2024
shlomo_eliahu,Shlomo Eliahu,Eliahu,90.0,1936.0,Male,Israel,Insurance,Finance & Investments,,,2026
shlomo_kramer,Shlomo Kramer,Kramer,60.0,1966.0,Male,Israel,"Software, investments",Technology,,no-pic,2026
shmuel_harlap,Shmuel Harlap,Harlap,81.0,1945.0,Male,Israel,Automotive,Automotive,,no-pic,2026
shoji_uehara,Shoji Uehara,Uehara,102.0,1924.0,Male,Japan,pharmaceuticals,Healthcare,,,2019
shrikant_badve,Shrikant Badve,Badve,60.0,1966.0,Male,India,auto parts,Automotive,,no-pic,2026
shu_ping,Shu Ping,Shu,,,Female,Singapore,Restaurants,Food & Beverage,,no-pic-female,2026
shuai_fangwen,Shuai Fangwen,Shuai,65.0,1961.0,Male,China,pharmaceuticals,Healthcare,,no-pic,2017
shuifu_wang,Shuifu Wang,Wang,71.0,1955.0,Male,China,Manufacturing,Manufacturing,,no-pic,2023
shum_chiu_hung,Shum Chiu Hung,Shum,,,Male,China,real estate,Real Estate,,no-pic,2022
shunsaku_sagami,Shunsaku Sagami,Sagami,36.0,1990.0,Male,Japan,M&A brokerage,Finance & Investments,,no-pic,2024
shuo_wang,Shuo Wang,Wang,37.0,1989.0,Female,United States,HR software,Technology,,no-pic-female,2026
shusheng_zheng_1,Shusheng Zheng,Zheng,60.0,1966.0,Male,China,telecom,Telecom,,no-pic,2025
shyam_bhartia,Shyam Bhartia,Bhartia,73.0,1953.0,Male,India,"Pharmaceuticals, food",Healthcare,,no-pic,2026
shyam_hari_bhartia,Shyam & Hari Bhartia,Bhartia,75.0,1951.0,Male,India,diversified,Diversified,,,2021
shyam_sankar,Shyam Sankar,Sankar,44.0,1982.0,Male,United States,Palantir,Technology,,no-pic,2026
sid_bass,Sid Bass,Bass,84.0,1942.0,Male,United States,"Oil, investments",Energy,,,2026
sidharth_burman,Sidharth Burman,Burman,89.0,1937.0,Male,India,consumer goods,Food and Beverage,,no-pic,2015
sidney_kimmel,Sidney Kimmel,Kimmel,98.0,1928.0,Male,United States,Retail,Fashion & Retail,,,2026
siegfried_meister,Siegfried Meister,Meister,93.0,1933.0,Male,Germany,appliances,Manufacturing,,no-pic,2017
silas_chou,Silas Chou,Chou,86.0,1940.0,Male,Hong Kong,fashion investments,Fashion & Retail,,,2016
silvana_armani,Silvana Armani,Armani,70.0,1956.0,Female,Italy,Luxury goods,Fashion & Retail,,no-pic-female,2026
silvio_berlusconi,Silvio Berlusconi,Berlusconi,89.0,1937.0,Male,Italy,Media,Diversified,,,2023
silvio_santos,Silvio Santos,Santos,105.0,1921.0,Male,Brazil,television,Media,,,2013
silvio_scaglia,Silvio Scaglia,Scaglia,80.0,1946.0,Male,Italy,telecom,,,no-pic,2010
simon_nixon,Simon Nixon,Nixon,58.0,1968.0,Male,United Kingdom,Price comparison website,Technology,,no-pic,2026
simon_pedro_barcelo_vadell,Simón Pedro Barceló Vadell,Barceló Vadell,60.0,1966.0,Male,Spain,Hotels,Real Estate,,no-pic,2026
simon_reuben,Simon Reuben,Reuben,85.0,1941.0,Male,United Kingdom,"Real estate, investments",Diversified,,,2026
simon_xie,Simon Xie,Xie,61.0,1965.0,Male,China,online payment service,Technology,,,2018
simona_giorgetta,Simona Giorgetta,Giorgetta,49.0,1977.0,Female,Italy,Chemical products,Construction & Engineering,,no-pic-female,2026
simone_maag_de_moura_cunha,Simone Maag de Moura Cunha,Maag de Moura Cunha,,,Female,Switzerland,Medical Devices,Healthcare,,no-pic-female,2026
simonpietro_salini,Simonpietro Salini,Salini,102.0,1924.0,Male,Italy,construction,Construction & Engineering,,no-pic,2014
sit_kwong_lam,Sit Kwong Lam,Sit,64.0,1962.0,Male,Hong Kong,"oil, transportation",Energy,,,2017
sjamsul_nursalim,Sjamsul Nursalim,Nursalim,84.0,1942.0,Male,Indonesia,"Tires, retail",Automotive,,,2025
sky_xu,Sky Xu,Xu,42.0,1984.0,Male,China,E-commerce,Fashion & Retail,,no-pic,2026
smagulov_nurlan,Smagulov Nurlan,Nurlan,60.0,1966.0,Male,Kazakhstan,Automotive,Automotive,,no-pic,2026
smita_crishna_godrej,Smita Crishna Godrej,Crishna Godrej,75.0,1951.0,Female,India,Consumer goods,Diversified,,no-pic-female,2026
soegiarto_adikoesoemo,Soegiarto Adikoesoemo,Adikoesoemo,88.0,1938.0,Male,Indonesia,Chemicals,Diversified,,,2026
sofia_hogberg_schorling,Sofia Högberg Schörling,Högberg Schörling,47.0,1979.0,Female,Sweden,Investments,Diversified,,no-pic-female,2026
sofie_kirk_kristiansen,Sofie Kirk Kristiansen,Kristiansen,50.0,1976.0,Female,Denmark,Lego,Manufacturing,,no-pic-female,2026
soichiro_fukutake,Soichiro Fukutake,Fukutake,81.0,1945.0,Male,Japan,education,Service,,,2022
soichiro_minami,Soichiro Minami,Minami,49.0,1977.0,Male,Japan,Internet and software,Technology,,no-pic,2023
sol_daurella,Sol Daurella,Daurella,60.0,1966.0,Female,Spain,Coca-Cola bottler,Food & Beverage,,no-pic-female,2026
solina_chau,Solina Chau,Chau,64.0,1962.0,Female,Hong Kong,Investments,Finance & Investments,"Director, Li Ka Shing Foundation",,2026
solomon_lew,Solomon Lew,Lew,81.0,1945.0,Male,Australia,Retail,Fashion & Retail,,,2026
somphote_ahunai,Somphote Ahunai,Ahunai,60.0,1966.0,Male,Thailand,Renewable energy,Energy,,,2024
somporn_juangroongruangkit,Somporn Juangroongruangkit,Juangroongruangkit,79.0,1947.0,Female,Thailand,auto parts,Automotive,,,2019
somsri_lamsam,Somsri Lamsam,Lamsam,70.0,1956.0,Female,Thailand,Diversified,Diversified,,no-pic-female,2026
somurai_jaruphnit,Somurai Jaruphnit,Jaruphnit,72.0,1954.0,Female,Thailand,Diversified,Diversified,,no-pic-female,2026
song_chi_hyung,Song Chi-hyung,Song,47.0,1979.0,Male,South Korea,Fintech,Finance & Investments,,no-pic,2026
song_fei,Song Fei,Song,59.0,1967.0,Male,China,Machinery,Manufacturing,,no-pic,2026
song_wenguang,Song Wenguang,Song,70.0,1956.0,Male,China,tires,Manufacturing,,no-pic,2019
song_zuowen,Song Zuowen,Song,79.0,1947.0,Male,China,"Aluminum, diversified",Diversified,,,2026
sophie_luise_fielmann,Sophie Luise Fielmann,Fielmann,31.0,1995.0,Female,Germany,Optometry,Manufacturing,,no-pic-female,2026
spiro_latsis,Spiro Latsis,Latsis,79.0,1947.0,Male,Greece,"Banking, shipping",Diversified,,,2026
sri_prakash_lohia,Sri Prakash Lohia,Lohia,73.0,1953.0,Male,Indonesia,Petrochemicals,Manufacturing,,,2026
stanley_druckenmiller,Stanley Druckenmiller,Druckenmiller,72.0,1954.0,Male,United States,Hedge funds,Finance & Investments,"Founder, Duquesne Family Office",,2026
stanley_ho,Stanley Ho,Ho,117.0,1909.0,Male,Hong Kong,gaming,,,,2010
stanley_hubbard,Stanley Hubbard,Hubbard,92.0,1934.0,Male,United States,DirecTV,Media & Entertainment,"Chairman and CEO, Hubbard Broadcasting, Inc.",,2026
stanley_kroenke,Stanley Kroenke,Kroenke,78.0,1948.0,Male,United States,"Sports, real estate",Sports,,,2026
stanley_motta,Stanley Motta,Motta,82.0,1944.0,Male,Panama,Finance,Finance & Investments,,no-pic,2024
stanley_perron,Stanley Perron,Perron,108.0,1918.0,Male,Australia,"real estate, retail",Real Estate,,,2018
stanley_tang,Stanley Tang,Tang,33.0,1993.0,Male,United States,food delivery app,Technology,"Cofounder, DoorDash",no-pic,2026
stef_wertheimer,Stef Wertheimer,Wertheimer,100.0,1926.0,Male,Israel,Metalworking tools,Manufacturing,,,2025
stefan_kaluzny,Stefan Kaluzny,Kaluzny,59.0,1967.0,Male,United States,private equity,Finance & Investments,"Founder/Managing Director, Sycamore Partners",no-pic,2026
stefan_olsson,Stefan Olsson,Olsson,77.0,1949.0,Male,Sweden,Diversified,Diversified,,,2026
stefan_persson,Stefan Persson,Persson,78.0,1948.0,Male,Sweden,H&M,Fashion & Retail,"Chairman, Hennes & Mauritz Unsponsored ADR",,2026
stefan_pierer,Stefan Pierer,Pierer,69.0,1957.0,Male,Austria,Automotive,Automotive,,,2023
stefan_quandt,Stefan Quandt,Quandt,59.0,1967.0,Male,Germany,BMW,Automotive,,,2026
stefan_reimann_andersen,Stefan Reimann-Andersen,Reimann-Andersen,62.0,1964.0,Male,Germany,Consumer goods,Fashion & Retail,,no-pic,2026
stefan_soloviev,Stefan Soloviev,Soloviev,50.0,1976.0,Male,United States,"Real estate, grains",Real Estate,,no-pic,2026
stefan_von_holtzbrinck,Stefan von Holtzbrinck,von Holtzbrinck,62.0,1964.0,Male,Germany,Publishing,Media & Entertainment,,,2026
stefan_wirtgen,Stefan Wirtgen,Wirtgen,55.0,1971.0,Male,Germany,Construction Vehicles,Construction & Engineering,,no-pic,2026
stefania_triva,Stefania Triva,Triva,62.0,1964.0,Female,Italy,microbiology,Healthcare,,no-pic-female,2022
stefanie_westphal_thompson,Stefanie Westphal Thompson,Thompson,63.0,1963.0,Female,United States,tax software,Technology,,no-pic-female,2025
stefano_gabbana,Stefano Gabbana,Gabbana,63.0,1963.0,Male,Italy,Luxury goods,Fashion & Retail,,,2026
stefano_pessina,Stefano Pessina,Pessina,84.0,1942.0,Male,Monaco,Drugstores,Fashion & Retail,,,2026
stein_erik_hagen,Stein Erik Hagen,Hagen,69.0,1957.0,Male,Norway,Consumer goods,Fashion & Retail,,,2026
stelios_haji_ioannou,Stelios Haji-Ioannou,Haji-Ioannou,59.0,1967.0,Male,Cyprus,EasyJet,Service,,,2026
stephan_cretier,Stephan Crétier,Crétier,62.0,1964.0,Male,Canada,Private security,Service,,no-pic,2026
stephan_schmidheiny,Stephan Schmidheiny,Schmidheiny,78.0,1948.0,Male,Switzerland,Investments,Finance & Investments,,,2026
stephan_schnabel,Stephan Schnabel,Schnabel,51.0,1975.0,Male,Germany,Chemicals,Manufacturing,,no-pic,2025
stephane_bancel,Stéphane Bancel,Bancel,53.0,1973.0,Male,France,"Biotech, vaccines",Healthcare,,no-pic,2026
stephane_bonvin,Stephane Bonvin,Bonvin,59.0,1967.0,Male,Switzerland,Real estate,Real Estate,,no-pic,2026
stephane_courbit,Stephane Courbit,Courbit,61.0,1965.0,Male,France,Entertainment,Media & Entertainment,,no-pic,2026
stephanie_haas,Stephanie Haas,Haas,44.0,1982.0,Female,Germany,"Defense, aviation",Manufacturing,,no-pic-female,2026
stephen_bechtel_jr,"Stephen Bechtel, Jr.",Bechtel,103.0,1923.0,Male,United States,"engineering, construction",Construction & Engineering,"Former Chairman, Bechtel",,2020
stephen_bisciotti,Stephen Bisciotti,Bisciotti,66.0,1960.0,Male,United States,"Staffing, Baltimore Ravens",Sports,"Owner, Baltimore Ravens",,2026
stephen_butt,Stephen Butt,Butt,70.0,1956.0,Male,United States,Supermarkets,Fashion & Retail,,no-pic,2026
stephen_cohen,Stephen Cohen,Cohen,43.0,1983.0,Male,United States,Software,Technology,,no-pic,2026
stephen_deckoff,Stephen Deckoff,Deckoff,60.0,1966.0,Male,United States,Private equity,Finance & Investments,,no-pic,2026
stephen_feinberg,Stephen Feinberg,Feinberg,66.0,1960.0,Male,United States,Private equity,Finance & Investments,"Co-founder and CEO, Cerberus Capital Management",no-pic,2026
stephen_fredette,Stephen Fredette,Fredette,42.0,1984.0,Male,United States,payments software,Technology,,no-pic,2025
stephen_jarislowsky,Stephen Jarislowsky,Jarislowsky,100.0,1926.0,Male,Canada,Money management,Finance & Investments,"Cofounder and Chairman, Jarislowsky & Fraser",,2026
stephen_ketchum,Stephen Ketchum,Ketchum,64.0,1962.0,Male,United States,Investments,Finance & Investments,,no-pic,2026
stephen_lansdown,Stephen Lansdown,Lansdown,73.0,1953.0,Male,Guernsey,Financial services,Finance & Investments,,,2026
stephen_mandel_jr,"Stephen Mandel, Jr.",Mandel,70.0,1956.0,Male,United States,Hedge funds,Finance & Investments,"Founder, Lone Pine Capital",no-pic,2026
stephen_orenstein,Stephen Orenstein,Orenstein,62.0,1964.0,Male,United States,Supply chain services,Diversified,,no-pic,2026
stephen_ross,Stephen Ross,Ross,85.0,1941.0,Male,United States,Real estate,Real Estate,,,2026
stephen_rubin,Stephen Rubin,Rubin,89.0,1937.0,Male,United Kingdom,Sports apparel,Fashion & Retail,,,2026
stephen_saad,Stephen Saad,Saad,66.0,1960.0,Male,South Africa,pharmaceuticals,Healthcare,,,2018
stephen_schwarzman,Stephen Schwarzman,Schwarzman,79.0,1947.0,Male,United States,Investments,Finance & Investments,,,2026
stephen_smith,Stephen Smith,Smith,74.0,1952.0,Male,Canada,Finance and investments,Finance & Investments,,no-pic,2026
stephen_winn,Stephen Winn,Winn,79.0,1947.0,Male,United States,Real estate services,Real Estate,,no-pic,2026
steve_ballmer,Steve Ballmer,Ballmer,70.0,1956.0,Male,United States,Microsoft,Technology,"Owner, Los Angeles Clippers",,2026
steve_case,Steve Case,Case,67.0,1959.0,Male,United States,AOL,Technology,,,2026
steve_cohen,Steve Cohen,Cohen,69.0,1957.0,Male,United States,Hedge funds,Finance & Investments,"Founder, Point72 Asset Management",,2026
steve_conine,Steve Conine,Conine,53.0,1973.0,Male,United States,online retail,Technology,,no-pic,2026
steve_ells,Steve Ells,Ells,60.0,1966.0,Male,United States,Chipotle,Food & Beverage,,,2026
steve_jobs,Steve Jobs,Jobs,83.0,1943.0,Male,United States,"Apple, Pixar",Technology,,,2011
steve_koltes,Steve Koltes,Koltes,70.0,1956.0,Male,United States,Private Equity,Finance & Investments,,no-pic,2025
steve_lavin,Steve Lavin,Lavin,70.0,1956.0,Male,United States,Meat processing,Food & Beverage,,no-pic,2026
steve_wynn,Steve Wynn,Wynn,84.0,1942.0,Male,United States,"Casinos, hotels",Gambling & Casinos,"Cofounder, Wynn Resorts",,2026
steven_hao,Steven Hao,Hao,30.0,1996.0,Male,United States,AI software,Technology,,no-pic,2026
steven_klinsky,Steven Klinsky,Klinsky,69.0,1957.0,Male,United States,Investments,Finance & Investments,"Founder & CEO, New Mountain Capital",no-pic,2026
steven_meng_yang,Steven Meng Yang,Yang,44.0,1982.0,Male,China,Electronics,Technology,,no-pic,2025
steven_rales,Steven Rales,Rales,75.0,1951.0,Male,United States,"Manufacturing, investments",Manufacturing,"Chairman, Danaher",,2026
steven_roth,Steven Roth,Roth,88.0,1938.0,Male,United States,real estate,Real Estate,,,2019
steven_sarowitz,Steven Sarowitz,Sarowitz,60.0,1966.0,Male,United States,Payroll software,Technology,,no-pic,2026
steven_schonfeld,Steven Schonfeld,Schonfeld,66.0,1960.0,Male,United States,Hedge funds,Finance & Investments,,,2026
steven_schuurman,Steven Schuurman,Schuurman,50.0,1976.0,Male,Netherlands,software,Technology,,no-pic,2026
steven_spielberg,Steven Spielberg,Spielberg,79.0,1947.0,Male,United States,Movies,Media & Entertainment,,,2026
steven_tisch,Steven Tisch,Tisch,77.0,1949.0,Male,United States,"Loews, New York Giants",Diversified,,no-pic,2026
steven_udvar_hazy,Steven Udvar-Hazy,Udvar-Hazy,80.0,1946.0,Male,United States,Aircraft leasing,Service,"CEO and Chairman, Air Lease",,2026
steven_witkoff,Steven Witkoff,Witkoff,69.0,1957.0,Male,United States,Real estate,Real Estate,,no-pic,2026
stewart_and_lynda_resnick,Stewart and Lynda Resnick,Resnick,,,,United States,"agriculture, water",Food & Beverage,,,2020
stewart_butterfield,Stewart Butterfield,Butterfield,53.0,1973.0,Male,Canada,Messaging software,Technology,,no-pic,2026
stewart_horejsi,Stewart Horejsi,Horejsi,88.0,1938.0,Male,United States,Berkshire Hathaway,Finance & Investments,,no-pic,2026
stewart_lynda_resnick,Stewart & Lynda Resnick,Resnick,,,,United States,"agriculture, water",Food & Beverage,,,2022
stewart_rahr,Stewart Rahr,Rahr,80.0,1946.0,Male,United States,Drug distribution,Healthcare,,,2026
stewart_resnick,Stewart Resnick,Resnick,89.0,1937.0,Male,United States,Agriculture,Food & Beverage,,no-pic,2026
strive_masiyiwa,Strive Masiyiwa,Masiyiwa,65.0,1961.0,Male,Zimbabwe,Telecom,Telecom,,,2026
stuart_hoegner,Stuart Hoegner,Hoegner,,,Male,Canada,Cryptocurrency,Finance & Investments,,no-pic,2026
stuart_miller,Stuart Miller,Miller,68.0,1958.0,Male,United States,Homebuilding,Real Estate,,no-pic,2026
su_hua,Su Hua,Su,44.0,1982.0,Male,China,Video streaming,Media & Entertainment,,no-pic,2026
su_qingcan,Su Qingcan,Su,57.0,1969.0,Male,China,Healthcare,Healthcare,,no-pic,2026
su_rubo,Su Rubo,Su,73.0,1953.0,Male,China,real estate,Real Estate,,no-pic,2021
su_suyu,Su Suyu,Su,77.0,1949.0,Female,China,"Utilities, real estate",Real Estate,,no-pic-female,2025
su_weizhong,Su Weizhong,Su,62.0,1964.0,Male,China,"oil, fertilizers",Energy,,no-pic,2018
sualeh_asif,Sualeh Asif,Asif,26.0,2000.0,Male,Pakistan,AI software,Technology,"Cofounder, Anysphere",no-pic,2026
suat_gunsel,Suat Gunsel,Gunsel,76.0,1950.0,Male,Cyprus,"real estate, education",Real Estate,,,2020
subba_rao_jasti,Subba Rao Jasti,Jasti,100.0,1926.0,Male,India,pharmaceuticals,Healthcare,,no-pic,2022
subbamma_jasti,Subbamma Jasti,Jasti,92.0,1934.0,Female,India,Pharmaceuticals,Healthcare,,no-pic-female,2026
subhash_chandra,Subhash Chandra,Chandra,79.0,1947.0,Male,India,media,Media & Entertainment,,,2019
subhash_runwal,Subhash Runwal,Runwal,82.0,1944.0,Male,India,Real estate,Real Estate,,,2023
sudhir_mehta,Sudhir Mehta,Mehta,72.0,1954.0,Male,India,"Pharmaceuticals, power",Healthcare,,,2026
sudhir_ruparelia,Sudhir Ruparelia,Ruparelia,78.0,1948.0,Male,Uganda,real estate,Diversified,,,2015
sudhir_samir_mehta,Sudhir & Samir Mehta,Mehta,,,Male,India,diversified,Diversified,,,2019
sudthida_ratanarak,Sudthida Ratanarak,Ratanarak,,,Female,Thailand,"media, real estate",Media & Entertainment,,no-pic-female,2016
sue_gross,Sue Gross,Gross,76.0,1950.0,Female,United States,Investments,Finance & Investments,,no-pic-female,2026
suh_kyung_bae,Suh Kyung-bae,Suh,63.0,1963.0,Male,South Korea,Cosmetics,Fashion & Retail,"Chairman, Amorepacific Corp. (New)",,2026
suhail_bahwan,Suhail Bahwan,Bahwan,87.0,1939.0,Male,Oman,Diversified,Diversified,,no-pic,2025
sukanto_tanoto,Sukanto Tanoto,Tanoto,76.0,1950.0,Male,Indonesia,Diversified,Diversified,,,2026
sulaiman_al_habib,Sulaiman Al Habib,Al Habib,74.0,1952.0,Male,Saudi Arabia,Hospital group,Healthcare,,no-pic,2026
sulaiman_al_muhaidib_1,Sulaiman Al Muhaidib,Al Muhaidib,71.0,1955.0,Male,Saudi Arabia,Diversified,Diversified,,no-pic,2026
sulaiman_al_rajhi,Sulaiman Al Rajhi,Al Rajhi,106.0,1920.0,Male,Saudi Arabia,banking,Finance,,,2015
suleiman_kerimov_family,Suleiman Kerimov,Kerimov & family,60.0,1966.0,Male,Russia,Gold,Finance & Investments,,no-pic,2026
suman_munjal,Suman Munjal,Munjal,73.0,1953.0,Male,India,Motorcycles,Automotive,,no-pic,2026
sumet_jiaravanon,Sumet Jiaravanon,Jiaravanon,91.0,1935.0,Male,Thailand,Diversified,Diversified,,no-pic,2026
summerfield_johnston_jr,"Summerfield Johnston, Jr.",Johnston,100.0,1926.0,Male,United States,Coca-Cola,Food and Beverage,,,2016
sumner_redstone,Sumner Redstone,Redstone,105.0,1921.0,Male,United States,media,Media & Entertainment,,,2020
sun_deliang,Sun Deliang,Sun,61.0,1965.0,Male,China,software,Technology,,no-pic,2015
sun_guangxin,Sun Guangxin,Sun,63.0,1963.0,Male,China,Diversified,Diversified,,,2026
sun_hongbin,Sun Hongbin,Sun,64.0,1962.0,Male,United States,real estate,Real Estate,,,2022
sun_hongjun,Sun Hongjun,Sun,52.0,1974.0,Male,China,Semiconductors,Technology,,no-pic,2026
sun_huaiqing,Sun Huaiqing,Sun,56.0,1970.0,Male,China,Cosmetics,Fashion & Retail,,no-pic,2026
sun_mengquan,Sun Mengquan,Sun,76.0,1950.0,Male,China,Edible oil,Food & Beverage,,no-pic,2026
sun_piaoyang,Sun Piaoyang,Sun,67.0,1959.0,Male,China,Pharmaceuticals,Healthcare,,,2026
sun_pingfan,Sun Pingfan,Sun,65.0,1961.0,Male,China,knitting machines,Manufacturing,,,2014
sun_qinghuan,Sun Qinghuan,Sun,53.0,1973.0,Male,China,lighting,Technology,,no-pic,2022
sun_shangchuan,Sun Shangchuan,Sun,67.0,1959.0,Male,China,electronics components,Technology,,no-pic,2018
sun_shoukuan,Sun Shoukuan,Sun,76.0,1950.0,Male,China,"Metals, coal",Manufacturing,,,2026
sun_weijie_1,Sun Weijie,Sun,62.0,1964.0,Male,China,Oilfield equipment,Manufacturing,,no-pic,2026
sun_xishuang,Sun Xishuang,Sun,74.0,1952.0,Male,China,real estate,Real Estate,,,2021
sun_yinhuan,Sun Yinhuan,Sun,80.0,1946.0,Male,China,real estate,Real Estate,,no-pic,2019
sun_yonghui,Sun Yonghui,Sun,57.0,1969.0,Male,China,LCD main board,Technology,,no-pic,2021
suna_kirac,Suna Kirac,Kirac,87.0,1939.0,Female,Turkey,diversified,Diversified,,,2020
sundar_pichai,Sundar Pichai,Pichai,53.0,1973.0,Male,United States,Alphabet,Technology,,no-pic,2026
sunder_genomal_1,Sunder Genomal,Genomal,73.0,1953.0,Male,United Kingdom,garments,Fashion & Retail,,no-pic,2022
sunil_mittal,Sunil Mittal,Mittal,69.0,1957.0,Male,India,telecom,Telecom,,,2022
sunil_mittal_1,Sunil Mittal,Mittal,68.0,1958.0,Male,India,Telecom,Telecom,,no-pic,2026
sunil_vachani,Sunil Vachani,Vachani,57.0,1969.0,Male,India,Electronics,Manufacturing,,no-pic,2026
sunil_vaswani,Sunil Vaswani,Vaswani,65.0,1961.0,Male,United Kingdom,diversified,Diversified,,,2020
sunjay_kapur,Sunjay Kapur,Kapur,54.0,1972.0,Male,United States,Auto parts,Automotive,,no-pic,2025
sunny_varkey,Sunny Varkey,Varkey,69.0,1957.0,Male,India,Education,Service,,,2026
surang_prempree,Surang Prempree,Prempree,91.0,1935.0,Female,Thailand,media,Media & Entertainment,,,2015
surender_saluja,Surender Saluja,Saluja,79.0,1947.0,Male,India,Solar energy,Energy,,no-pic,2026
surendra_hiranandani,Surendra Hiranandani,Hiranandani,76.0,1950.0,Male,Cyprus,real estate,Real Estate,,,2018
suresh_krishna,Suresh Krishna,Krishna,89.0,1937.0,Male,India,Auto parts,Automotive,,no-pic,2026
surin_upatkoon,Surin Upatkoon,Upatkoon,77.0,1949.0,Male,Thailand,"Telecom, lotteries, insurance",Diversified,,,2026
surjit_kumar_gupta,Surjit Kumar Gupta,Gupta,84.0,1942.0,Male,India,Electrical equipment,Manufacturing,,no-pic,2026
surya_midha,Surya Midha,Midha,22.0,2004.0,Male,United States,AI Software,Technology,"Cofounder, Mercor",no-pic,2026
susan_alfond,Susan Alfond,Alfond,80.0,1946.0,Female,United States,Shoes,Fashion & Retail,,,2026
susan_carol_holland,Susan Carol Holland,Holland,69.0,1957.0,Female,Italy,Hearing aids,Manufacturing,,no-pic-female,2026
susan_co,Susan Co,Co,68.0,1958.0,Female,Philippines,Retail,Fashion & Retail,,no-pic-female,2026
susan_hirt_hagen,Susan Hirt Hagen,Hirt Hagen,98.0,1928.0,Female,United States,insurance,Finance,,no-pic-female,2015
susan_ocampo,Susan Ocampo,Ocampo,68.0,1958.0,Female,United States,Semiconductors,Technology,,no-pic-female,2026
susanne_klatten,Susanne Klatten,Klatten,64.0,1962.0,Female,Germany,"BMW, pharmaceuticals",Automotive,,,2026
susanne_veltins,Susanne Veltins,Veltins,73.0,1953.0,Female,Germany,beer,Food and Beverage,,,2016
susanne_zimmermann_von_siefart,Susanne Zimmermann von Siefart ,Zimmermann von Siefart ,73.0,1953.0,Female,Germany,"vacuums, cleaning products",Manufacturing,,no-pic-female,2019
susanto_suwarto,Susanto Suwarto,Suwarto,71.0,1955.0,Male,Indonesia,media,Media & Entertainment,,no-pic,2022
sushilkumar_parekh,Sushilkumar Parekh,Parekh,95.0,1931.0,Male,India,adhesives,Manufacturing,,no-pic,2021
susumu_fujita,Susumu Fujita,Fujita,52.0,1974.0,Male,Japan,internet media,Media & Entertainment,,,2026
suzan_sabanci_dincer,Suzan Sabanci Dincer,Sabanci Dincer,69.0,1957.0,Female,Turkey,diversified,Diversified,,,2015
svein_stole,Svein Stole,Stole,67.0,1959.0,Male,Norway,investments,Finance and Investments,,no-pic,2019
sven_hagstromer,Sven Hagströmer,Hagströmer,82.0,1944.0,Male,Sweden,Financial services,Finance & Investments,,no-pic,2026
swift_xie,Swift Xie,Xie,46.0,1980.0,Male,China,Drones,Technology,"Chief Marketing Officer, DJI Technology Co.",no-pic,2026
sybill_storz,Sybill Storz,Storz,89.0,1937.0,Female,Germany,Medical devices,Healthcare,,no-pic-female,2026
syed_mokhtar_albukhary,Syed Mokhtar AlBukhary,AlBukhary,74.0,1952.0,Male,Malaysia,"Engineering, automotive",Construction & Engineering,,,2026
sylvan_adams,Sylvan Adams,Adams,67.0,1959.0,Male,Israel,Real Estate,Real Estate,,no-pic,2026
sylvia_stroeher,Sylvia Stroeher,Stroeher,70.0,1956.0,Female,Germany,Cosmetics,Fashion & Retail,,no-pic-female,2026
sylvia_wedemeyer,Sylvia Wedemeyer,Wedemeyer,58.0,1968.0,Female,Germany,Plumbing and heating supplies,Manufacturing,,no-pic-female,2026
sytse_sid_sijbrandij,Sytse 'Sid' Sijbrandij,Sijbrandij,46.0,1980.0,Male,Netherlands,Software,Technology,,no-pic,2025
sze_man_bok,Sze Man Bok,Sze,76.0,1950.0,Male,China,Hygiene products,Manufacturing,,,2026
t_boone_pickens,T. Boone Pickens,Pickens,107.0,1919.0,Male,United States,"oil & gas, investments",Energy,,,2013
t_denny_sanford,T. Denny Sanford,Sanford,90.0,1936.0,Male,United States,"Banking, credit cards",Finance & Investments,,,2026
taavet_hinrikus,Taavet Hinrikus,Hinrikus,43.0,1983.0,Male,Estonia,"payments, banking",Finance & Investments,"Cofounder, Wise",no-pic,2026
tadako_nakatani,Tadako Nakatani,Nakatani,,,Female,Japan,Medical diagnostic equipment,Healthcare,,no-pic-female,2024
tadashi_yanai,Tadashi Yanai,Yanai,77.0,1949.0,Male,Japan,Fashion retail,Fashion & Retail,,,2026
taha_mikati,Taha Mikati,Mikati,81.0,1945.0,Male,Lebanon,Telecom,Telecom,,no-pic,2026
tahir,Tahir,Tahir,74.0,1952.0,Male,Indonesia,Diversified,Diversified,,,2026
taichiro_motoe,Taichiro Motoe,Motoe,52.0,1974.0,Male,Japan,Internet services,Technology,,no-pic,2021
taizo_son,Taizo Son,Son,62.0,1964.0,Male,Japan,gaming,Technology,,,2014
takahisa_takahara,Takahisa Takahara,Takahara,64.0,1962.0,Male,Japan,Personal care goods,Fashion & Retail,,no-pic,2026
takanori_nakamura,Takanori Nakamura,Nakamura,55.0,1971.0,Male,Japan,cloud software,Technology,,no-pic,2021
takao_kobayashi,Takao Kobayashi,Kobayashi,63.0,1963.0,Male,Japan,cosmetics,Fashion & Retail,,no-pic,2021
takao_yasuda,Takao Yasuda,Yasuda,76.0,1950.0,Male,Japan,Retail,Fashion & Retail,,,2026
takaya_awata,Takaya Awata,Awata,64.0,1962.0,Male,Japan,Restaurants,Food & Beverage,,no-pic,2026
takemitsu_takizaki,Takemitsu Takizaki,Takizaki,80.0,1946.0,Male,Japan,Sensors,Manufacturing,,,2026
tali_griffel,Tali Griffel,Griffel,40.0,1986.0,Female,Israel,Financial Services,Finance & Investments,,no-pic-female,2026
tamara_gustavson,Tamara Gustavson,Gustavson,64.0,1962.0,Female,United States,Self storage,Service,,no-pic-female,2026
tamir_sapir,Tamir Sapir,Sapir,91.0,1935.0,Male,United States,real estate,Real Estate,,,2010
tan_eng_kee,Tan Eng Kee,Tan,58.0,1968.0,Male,Malaysia,factory equipment,Manufacturing,,no-pic,2021
tan_lili,Tan Lili,Tan,,,Female,China,Feed,Food & Beverage,,no-pic-female,2026
tan_yu_wei,Tan Yu Wei,Tan,55.0,1971.0,Male,Malaysia,retail,Fashion & Retail,,no-pic,2021
tan_yu_yeh,Tan Yu Yeh,Tan,55.0,1971.0,Male,Malaysia,Retail,Fashion & Retail,,no-pic,2026
tang_aoqi,Tang Aoqi,Tang,81.0,1945.0,Male,China,Auto parts,Automotive,,no-pic,2025
tang_binsen,Tang Binsen,Tang,43.0,1983.0,Male,China,Beverages,Food & Beverage,,no-pic,2023
tang_hsiang_chien,Tang Hsiang-chien,Tang,108.0,1918.0,Male,Hong Kong,"textiles, electronics",Manufacturing,,,2018
tang_jianfang,Tang Jianfang,Tang,,,Female,China,packaged foods,Food & Beverage,,no-pic-female,2021
tang_jie,Tang Jie,Tang,49.0,1977.0,Male,China,Artificial intelligence,Technology,,no-pic,2026
tang_jinkui,Tang Jinkui,Tang,70.0,1956.0,Male,China,"Textiles, petrochemicals",Manufacturing,,no-pic,2026
tang_rui,Tang Rui,Tang,,,Male,China,Semiconductors,Technology,,no-pic,2023
tang_shing_bor,Tang Shing-bor,Tang,94.0,1932.0,Male,Hong Kong,real estate,Real Estate,,no-pic,2021
tang_xiaoou,Tang Xiao'ou,Tang,58.0,1968.0,Male,Hong Kong,Software,Technology,,no-pic,2023
tang_xiuguo,Tang Xiuguo,Tang,62.0,1964.0,Male,China,Manufacturing,Manufacturing,,,2026
tang_yan,Tang Yan,Tang,50.0,1976.0,Male,China,social media,Technology,,no-pic,2020
tang_ye,Tang Ye,Tang,44.0,1982.0,Male,China,software,Technology,,no-pic,2026
tang_yiu,Tang Yiu,Tang,92.0,1934.0,Male,Hong Kong,Fashion retail,Fashion & Retail,,,2026
tang_zhuang_4,Tang Zhuang,Tang,55.0,1971.0,Male,United States,electronics,Technology,,no-pic,2021
tanya_saade_zeenny,Tanya Saadé Zeenny,Saadé Zeenny,58.0,1968.0,Female,France,Shipping,Logistics,,no-pic-female,2026
tarang_jain,Tarang Jain,Jain,69.0,1957.0,Male,India,auto components,Manufacturing,,no-pic,2018
tarek_mansour,Tarek Mansour,Mansour,29.0,1997.0,Male,United States,Prediction markets,Finance & Investments,"Cofounder, Kalshi",no-pic,2026
tatiana_casiraghi,Tatiana Casiraghi,Casiraghi,46.0,1980.0,Female,Monaco,beer,Food and Beverage,,,2019
tatiana_volodina,Tatiana Volodina,Volodina,56.0,1970.0,Female,Russia,retail,Fashion & Retail,,no-pic-female,2026
tatyana_bakalchuk,Tatyana Bakalchuk,Bakalchuk,50.0,1976.0,Female,Russia,Ecommerce,Fashion & Retail,,no-pic-female,2023
tatyana_kim,Tatyana Kim,Kim,50.0,1976.0,Female,Russia,E-commerce,Fashion & Retail,,no-pic-female,2026
taylor_swift,Taylor Swift,Swift,36.0,1990.0,Female,United States,Music,Media & Entertainment,Musician,,2026
taylor_thomson,Taylor Thomson,Thomson,66.0,1960.0,Female,Canada,Thomson Reuters,Media & Entertainment,,no-pic-female,2026
ted_alfond,Ted Alfond,Alfond,81.0,1945.0,Male,United States,Shoes,Fashion & Retail,,no-pic,2026
ted_forstmann,Ted Forstmann,Forstmann,98.0,1928.0,Male,United States,leveraged buyouts,Investments,,,2011
ted_lerner,Ted Lerner,Lerner,101.0,1925.0,Male,United States,real estate,Real Estate,,,2022
ted_turner,Ted Turner,Turner,87.0,1939.0,Male,United States,Cable television,Media & Entertainment,,,2026
teddy_sagi,Teddy Sagi,Sagi,54.0,1972.0,Male,Israel,Gambling software,Gambling & Casinos,,,2026
teel,Joyce Raley Teel,Teel,103.0,1923.0,Female,United States,supermarkets,Fashion and Retail,,,2015
teh_hong_piow,Teh Hong Piow,Teh,97.0,1929.0,Male,Malaysia,banking,Finance & Investments,,,2022
tench_coxe,Tench Coxe,Coxe,68.0,1958.0,Male,United States,Venture capital,Finance & Investments,,no-pic,2026
tengyun_nie,Tengyun Nie,Nie,50.0,1976.0,Male,China,Logistics,Service,,no-pic,2023
teo_swee_ann,Teo Swee Ann,Teo,50.0,1976.0,Male,Singapore,Semiconductors,Technology,,no-pic,2026
terence_terry_matthews,Terence (Terry) Matthews,Matthews,83.0,1943.0,Male,Canada,Telecom,Telecom,,no-pic,2026
teresa_matilde_solari_falabella,Teresa Matilde Solari Falabella,Solari Falabella,,,Female,Chile,retail,Fashion and Retail,,no-pic-female,2013
teresita_sy_coson,Teresita Sy-Coson,Sy-Coson,75.0,1951.0,Female,Philippines,Diversified,Diversified,,no-pic-female,2026
terrence_pegula,Terrence Pegula,Pegula,75.0,1951.0,Male,United States,Natural gas,Energy,"Owner, Buffalo Sabres",,2026
terry_gou,Terry Gou,Gou,75.0,1951.0,Male,Taiwan,Electronics,Technology,,,2026
terry_leprino,Terry Leprino,Leprino,66.0,1960.0,Female,United States,Mozzarella cheese,Food & Beverage,,no-pic-female,2026
terry_snow,Terry Snow,Snow,83.0,1943.0,Male,Australia,"Airports, real estate",Real Estate,,,2024
terry_taylor,Terry Taylor,Taylor,75.0,1951.0,Male,United States,Car dealerships,Automotive,,no-pic,2026
tetsuro_funai,Tetsuro Funai,Funai,110.0,1916.0,Male,Japan,electronics,Manufacturing,,,2012
thai_lee,Thai Lee,Lee,67.0,1959.0,Female,United States,IT provider,Technology,,,2026
thaksin_shinawatra,Thaksin Shinawatra,Shinawatra,76.0,1950.0,Male,Thailand,Investments,Finance & Investments,,,2026
theo_albrecht,Theo Albrecht,Albrecht,117.0,1909.0,Male,Germany,"Aldi, Trader  Joe's",,,no-pic,2010
theo_albrecht_jr,"Theo Albrecht, Jr.",Albrecht,75.0,1951.0,Male,Germany,"Aldi, Trader Joe's",Fashion & Retail,,no-pic,2026
theo_mueller,Theo Mueller,Mueller,86.0,1940.0,Male,Germany,Dairy,Food & Beverage,,,2026
theo_roussis,Theo Roussis,Roussis,72.0,1954.0,Male,Belgium,Plastic,Manufacturing,,no-pic,2026
theodore_leonsis,Theodore Leonsis,Leonsis,70.0,1956.0,Male,United States,Sports teams,Sports,,no-pic,2026
theodore_rachmat,Theodore Rachmat,Rachmat,82.0,1944.0,Male,Indonesia,Diversified,Diversified,,,2026
theresia_gouw,Theresia Gouw,Gouw,58.0,1968.0,Female,United States,Venture capital,Finance & Investments,"Founding Partner, Acrew Capital",,2026
thi_phuong_thao_nguyen,Thi Phuong Thao Nguyen,Nguyen,55.0,1971.0,Female,Vietnam,Airlines,Diversified,"Cofounder and Chairman, Sovico Holdings",no-pic-female,2023
thierry_cruanes,Thierry Cruanes,Cruanes,58.0,1968.0,Male,United States,software,Technology,,no-pic,2026
thierry_dassault,Thierry Dassault,Dassault,69.0,1957.0,Male,France,Diversified,Diversified,,no-pic,2026
thomas_bailey,Thomas Bailey,Bailey,89.0,1937.0,Male,United States,Money management,Finance & Investments,,no-pic,2026
thomas_barrack,Thomas Barrack,Barrack,89.0,1937.0,Male,United States,real estate investments,Investments,,,2013
thomas_bradbury,Thomas Bradbury,Bradbury,82.0,1944.0,Male,United States,Homebuilding,Real Estate,,no-pic,2025
thomas_bruch,Thomas Bruch,Bruch,76.0,1950.0,Male,Germany,Retail,Fashion & Retail,,,2026
thomas_crowley_jr,"Thomas Crowley, Jr.",Crowley,59.0,1967.0,Male,United States,Shipping,Logistics,,no-pic,2026
thomas_duff,Thomas Duff,Duff,69.0,1957.0,Male,United States,"Tires, diversified",Diversified,,no-pic,2026
thomas_dundon,Thomas Dundon,Dundon,54.0,1972.0,Male,United States,financial services,Sports,,,2026
thomas_eisert,Thomas Eisert,Eisert,33.0,1993.0,Male,Germany,Electrical Products,Manufacturing,,no-pic,2026
thomas_flohr,Thomas Flohr,Flohr,61.0,1965.0,Male,Switzerland,VistaJet,Logistics,,no-pic,2018
thomas_friedkin,Thomas Friedkin,Friedkin,100.0,1926.0,Male,United States,Toyota distribution,Automotive,,,2013
thomas_frist_jr,"Thomas Frist, Jr.",Frist,87.0,1939.0,Male,United States,Hospitals,Healthcare,,,2026
thomas_hagen,Thomas Hagen,Hagen,90.0,1936.0,Male,United States,Insurance,Finance & Investments,,no-pic,2026
thomas_james,Thomas James,James,83.0,1943.0,Male,United States,Finance,Finance & Investments,,no-pic,2026
thomas_kaeser_1,Thomas Kaeser,Kaeser,72.0,1954.0,Male,Germany,air systems,Manufacturing,,no-pic,2026
thomas_kaplan,Thomas Kaplan,Kaplan,69.0,1957.0,Male,United States,investments,Finance and Investments,,,2017
thomas_kirk_kristiansen,Thomas Kirk Kristiansen,Kristiansen,47.0,1979.0,Male,Denmark,Lego,Manufacturing,,no-pic,2026
thomas_kwok,Thomas Kwok,Kwok,74.0,1952.0,Male,Hong Kong,Real estate,Real Estate,,no-pic,2026
thomas_lau,Thomas Lau,Lau,75.0,1951.0,Male,Hong Kong,department stores,Fashion & Retail,,,2020
thomas_lee,Thomas Lee,Lee,83.0,1943.0,Male,United States,private equity,Finance & Investments,,,2022
thomas_meyer,Thomas Meyer,Meyer,70.0,1956.0,Male,Switzerland,apparel retailer,Fashion & Retail,,,2019
thomas_mueller,Thomas Mueller,Mueller,65.0,1961.0,Male,United States,Space,Technology,,no-pic,2026
thomas_peterffy,Thomas Peterffy,Peterffy,81.0,1945.0,Male,United States,Discount brokerage,Finance & Investments,,,2026
thomas_powell,Thomas Powell,Powell,85.0,1941.0,Male,United States,electrical products,Manufacturing,,no-pic,2026
thomas_prinzhorn,Thomas Prinzhorn,Prinzhorn,89.0,1937.0,Male,Austria,paper and packaging,Manufacturing,,no-pic,2017
thomas_pritzker,Thomas Pritzker,Pritzker,75.0,1951.0,Male,United States,"Hotels, investments",Finance & Investments,,,2026
thomas_raymond_kwok,Thomas & Raymond Kwok,Kwok,,,Male,Hong Kong,real estate,Real Estate,,,2018
thomas_sandell,Thomas Sandell,Sandell,65.0,1961.0,Male,Sweden,Hedge funds,Finance & Investments,"Founder, Sandell Asset Management",,2026
thomas_schmidheiny,Thomas Schmidheiny,Schmidheiny,80.0,1946.0,Male,Switzerland,Cement,Construction & Engineering,,,2026
thomas_secunda,Thomas Secunda,Secunda,71.0,1955.0,Male,United States,Bloomberg LP,Finance & Investments,,,2026
thomas_siebel,Thomas Siebel,Siebel,73.0,1953.0,Male,United States,Business software,Technology,,,2026
thomas_steyer,Thomas Steyer,Steyer,68.0,1958.0,Male,United States,Hedge funds,Finance & Investments,,,2026
thomas_straumann,Thomas Straumann,Straumann,62.0,1964.0,Male,Switzerland,Dental implants,Healthcare,,,2026
thomas_struengmann,Thomas Struengmann,Struengmann,76.0,1950.0,Male,Germany,Pharmaceuticals,Healthcare,,,2026
thomas_tull,Thomas Tull,Tull,55.0,1971.0,Male,United States,"Movies, investments",Media & Entertainment,,,2026
thomas_von_koch,Thomas von Koch,von Koch,60.0,1966.0,Male,Sweden,Asset management,Finance & Investments,,no-pic,2026
thomas_wu,Thomas Wu,Wu,76.0,1950.0,Male,Taiwan,Finance,Finance & Investments,,,2026
thongma_vijitpongpun,Thongma Vijitpongpun,Vijitpongpun,70.0,1956.0,Male,Thailand,Real estate,Real Estate,,,2024
thor_bjorgolfsson,Thor Bjorgolfsson,Bjorgolfsson,59.0,1967.0,Male,Iceland,Investments,Diversified,,,2026
tian_ming,Tian Ming,Tian,72.0,1954.0,Male,China,Measuring instruments,Technology,,no-pic,2026
tianjiang_jia,Tianjiang Jia,Jia,63.0,1963.0,Male,China,Non-ferrous metals,Metals & Mining,,no-pic,2023
tianqiao_chen,Tianqiao Chen,Chen,52.0,1974.0,Male,China,Online games,Technology,,,2026
tibor_veres,Tibor Veres,Veres,64.0,1962.0,Male,Hungary,"Real Estate, Investments",Diversified,,no-pic,2026
tiger_woods,Tiger Woods,Woods,50.0,1976.0,Male,United States,Golf,Sports,"Athlete, Golf",,2026
tilman_fertitta,Tilman Fertitta,Fertitta,68.0,1958.0,Male,United States,"Entertainment, Houston Rockets",Food & Beverage,"Chairman and CEO, Landry's Inc",,2026
tim_cook,Tim Cook,Cook,65.0,1961.0,Male,United States,Apple,Technology,"CEO, Apple",,2026
tim_draper,Tim Draper,Draper,67.0,1959.0,Male,United States,cryptocurrency,Finance & Investments,,no-pic,2026
tim_sweeney,Tim Sweeney,Sweeney,55.0,1971.0,Male,United States,Video games,Media & Entertainment,,no-pic,2026
timm_oberwelland,Timm Oberwelland,Oberwelland,56.0,1970.0,Male,Germany,Candy,Food & Beverage,,no-pic,2026
timothee_lacroix_1,Timothée Lacroix,Lacroix,34.0,1992.0,Male,France,Artificial intelligence,Technology,,no-pic,2026
timothy_boyle,Timothy Boyle,Boyle,76.0,1950.0,Male,United States,Columbia Sportswear,Fashion & Retail,,,2026
timothy_dunn,Timothy Dunn,Dunn,70.0,1956.0,Male,United States,Energy,Energy,,no-pic,2026
timothy_headington,Timothy Headington,Headington,76.0,1950.0,Male,United States,"Oil & gas, investments",Energy,,,2026
timothy_springer,Timothy Springer,Springer,78.0,1948.0,Male,United States,Biotech,Healthcare,,no-pic,2026
timur_kulibaev,Timur Kulibaev,Kulibaev,59.0,1967.0,Male,Kazakhstan,Banking,Finance & Investments,,,2023
timur_kulibayev,Timur Kulibayev,Kulibayev,59.0,1967.0,Male,Kazakhstan,Banking,Finance & Investments,,no-pic,2026
timur_rahimkulov,Timur Rahimkulov,Rahimkulov,49.0,1977.0,Male,Russia,diversified,Diversified,,no-pic,2026
timur_turlov,Timur Turlov,Turlov,38.0,1988.0,Male,Kazakhstan,Stock brokerage,Finance & Investments,,no-pic,2026
tingdong_yang,Tingdong Yang,Yang,65.0,1961.0,Male,China,Brewery,Food & Beverage,,no-pic,2023
tiong_hiew_king,Tiong Hiew King,Tiong,96.0,1930.0,Male,Malaysia,"timber, media",Diversified,,,2018
tobi_lutke,Tobi Lutke,Lutke,45.0,1981.0,Male,Canada,E-commerce,Technology,,no-pic,2026
toby_neugebauer,Toby Neugebauer,Neugebauer,54.0,1972.0,Male,United States,"Energy, data centers",Real Estate,,no-pic,2026
todd_boehly,Todd Boehly,Boehly,52.0,1974.0,Male,United States,Finance,Finance & Investments,,no-pic,2026
todd_christopher,Todd Christopher,Christopher,63.0,1963.0,Male,United States,Hair care products,Fashion & Retail,,no-pic,2026
todd_graves,Todd Graves,Graves,54.0,1972.0,Male,United States,Fast food,Food & Beverage,,no-pic,2026
todd_mckinnon,Todd McKinnon,McKinnon,55.0,1971.0,Male,United States,software,Technology,,no-pic,2022
todd_park,Todd Park,Park,53.0,1973.0,Male,United States,Health technology,Healthcare,,,2026
todd_wagner,Todd Wagner,Wagner,65.0,1961.0,Male,United States,Online media,Media & Entertainment,,,2026
todd_wanek,Todd Wanek,Wanek,62.0,1964.0,Male,United States,Furniture,Manufacturing,,no-pic,2026
tom_benson,Tom Benson,Benson,103.0,1923.0,Male,United States,New Orleans Saints,Sports,,,2018
tom_brown,Tom Brown,Brown,39.0,1987.0,Male,United States,Artificial intelligence,Technology,,no-pic,2026
tom_ford_1,Tom Ford,Ford,64.0,1962.0,Male,United States,Fashion,Fashion & Retail,,no-pic,2026
tom_golisano,Tom Golisano,Golisano,84.0,1942.0,Male,United States,Payroll services,Service,,,2026
tom_gores,Tom Gores,Gores,61.0,1965.0,Male,United States,Private equity,Finance & Investments,,,2026
tom_morris,Tom Morris,Morris,71.0,1955.0,Male,United Kingdom,Retail,Fashion & Retail,,no-pic,2026
tom_persson,Tom Persson,Persson,41.0,1985.0,Male,Sweden,H&M,Fashion & Retail,,,2026
tom_preston_werner,Tom Preston-Werner,Preston-Werner,46.0,1980.0,Male,United States,software,Technology,,,2026
tom_werner_1,Tom Werner,Werner,76.0,1950.0,Male,United States,Sports teams,Sports,,no-pic,2026
tomas_olivo_lopez,Tomas Olivo Lopez,Olivo Lopez,52.0,1974.0,Male,Spain,Shopping centers,Real Estate,,no-pic,2026
tomasz_biernacki,Tomasz Biernacki,Biernacki,53.0,1973.0,Male,Poland,Supermarkets,Fashion & Retail,,no-pic,2026
tong_jinquan,Tong Jinquan,Tong,72.0,1954.0,Male,China,real estate,Real Estate,,no-pic,2022
tong_judy_wenhong,Tong Judy Wenhong,Tong,58.0,1968.0,Female,China,e-commerce,Technology,,no-pic-female,2021
tong_yongsheng,Tong Yongsheng,Tong,61.0,1965.0,Male,China,electrical equipment,Manufacturing,,no-pic,2026
tony_chen,Tony Chen,Chen,76.0,1950.0,Male,Taiwan,Electronics,Technology,,,2026
tony_tamer,Tony Tamer,Tamer,68.0,1958.0,Male,United States,Private equity,Finance & Investments,,no-pic,2026
tony_tan_caktiong,Tony Tan Caktiong,Tan Caktiong,73.0,1953.0,Male,Philippines,Food,Food & Beverage,,,2026
tony_townley,Tony Townley,Townley,64.0,1962.0,Male,United States,Fast food,Food & Beverage,,no-pic,2026
tony_xu,Tony Xu,Xu,41.0,1985.0,Male,United States,food delivery service,Technology,,no-pic,2026
tony_zhao,Tony Zhao,Zhao,56.0,1970.0,Male,China,software,Technology,,no-pic,2021
tope_awotona,Tope Awotona,Awotona,45.0,1981.0,Male,United States,Software,Technology,Calendly,no-pic,2026
tor_peterson,Tor Peterson,Peterson,61.0,1965.0,Male,United States,Commodities,Metals & Mining,,no-pic,2026
torbjorn_tornqvist,Torbjorn Tornqvist,Tornqvist,72.0,1954.0,Male,Sweden,Oil trading,Energy,,,2026
torstein_hagen,Torstein Hagen,Hagen,83.0,1943.0,Male,Norway,Cruises,Service,,no-pic,2026
torsten_reil,Torsten Reil,Reil,52.0,1974.0,Male,Germany,Defense tech,Technology,,no-pic,2026
torsten_toeller,Torsten Toeller,Toeller,60.0,1966.0,Male,Germany,Pet food,Fashion & Retail,,,2026
tory_burch,Tory Burch,Burch,60.0,1966.0,Female,United States,Fashion,Fashion & Retail,"Executive Chairman & Chief Creative Officer, Tory Burch",,2025
toshio_motoya,Toshio Motoya,Motoya,83.0,1943.0,Male,Japan,Hotels,Service,,no-pic,2025
toto_wolff,Toto Wolff,Wolff,54.0,1972.0,Male,Austria,Sports,Sports,,no-pic,2026
trae_stephens,Trae Stephens,Stephens,42.0,1984.0,Male,United States,Defense technology,Technology,Founders Fund,no-pic,2026
tran_ba_duong,Tran Ba Duong,Tran,67.0,1959.0,Male,Vietnam,Automotive,Automotive,,no-pic,2024
tran_dinh_long,Tran Dinh Long,Tran Dinh,65.0,1961.0,Male,Vietnam,Steel,Manufacturing,,no-pic,2026
traudl_engelhorn,Traudl Engelhorn,Engelhorn,100.0,1926.0,Female,Germany,"pharmaceuticals, medical equipment",Healthcare,,no-pic-female,2022
travis_boersma,Travis Boersma,Boersma,55.0,1971.0,Male,United States,Coffee,Food & Beverage,,no-pic,2026
travis_kalanick,Travis Kalanick,Kalanick,49.0,1977.0,Male,United States,Uber,Technology,"Cofounder, Uber Technologies Inc.",,2026
trevor_burgess,Trevor Burgess,Burgess,53.0,1973.0,Male,United States,Insurance,Finance & Investments,,no-pic,2026
trevor_milton,Trevor Milton,Milton,46.0,1980.0,Male,United States,electric vehicles,Automotive,,no-pic,2021
trevor_rees_jones,Trevor Rees-Jones,Rees-Jones,74.0,1952.0,Male,United States,Oil & gas,Energy,,,2026
trond_mohn,Trond Mohn,Mohn,91.0,1935.0,Male,Norway,cargo pumps,Manufacturing,,no-pic,2015
trudy_cathy_white,Trudy Cathy White,Cathy White,70.0,1956.0,Female,United States,Chick-fil-A,Food & Beverage,,no-pic-female,2026
trudy_shan_dai,Trudy Shan Dai,Dai,52.0,1974.0,Female,China,e-commerce,Technology,,no-pic-female,2021
ts_kalyanaraman,T.S. Kalyanaraman,Kalyanaraman,78.0,1948.0,Male,India,Jewelry,Fashion & Retail,,,2026
tsai_cheng_chiu,Tsai Cheng-Chiu,Tsai,,,Male,Taiwan,Finance,Finance & Investments,,no-pic,2026
tsai_cheng_ta,Tsai Cheng-ta,Tsai,76.0,1950.0,Male,Taiwan,Finance,Finance & Investments,,no-pic,2026
tsai_chi_jui,Tsai Chi-jui,Tsai,86.0,1940.0,Male,Taiwan,shoes,Fashion & Retail,,,2026
tsai_eng_meng,Tsai Eng-meng,Tsai,69.0,1957.0,Male,Taiwan,"Food, beverages",Food & Beverage,,,2026
tsai_hong_tu,Tsai Hong-tu,Tsai,73.0,1953.0,Male,Taiwan,Finance,Finance & Investments,,,2026
tsai_ming_kai,Tsai Ming-kai,Tsai,76.0,1950.0,Male,Taiwan,Semiconductors,Technology,,,2026
tsai_wan_tsai,Tsai Wan-tsai,Tsai,105.0,1921.0,Male,Taiwan,finance,Finance and Investments,,,2014
tsao_ter_fung,Tsao Ter-fung,Tsao,79.0,1947.0,Male,Taiwan,Food,Food & Beverage,,no-pic,2026
tse_ping,Tse Ping,Tse,74.0,1952.0,Male,China,Pharmaceuticals,Healthcare,,,2026
tseng_cheng,Tseng Cheng,Tseng,64.0,1962.0,Male,Taiwan,Petrochemicals,Manufacturing,,no-pic,2026
tseng_shin_yi,Tseng Shin-yi,Tseng,103.0,1923.0,Male,Taiwan,petrochemicals,Manufacturing,,,2018
tseng_sing_ai,Tseng Sing-ai,Tseng,,,Female,Taiwan,Petrochemicals,Manufacturing,,no-pic-female,2026
tsuyoshi_matsushita,Tsuyoshi Matsushita,Matsushita,59.0,1967.0,Male,Japan,fitness products,Fashion & Retail,,no-pic,2019
tu_jianhua,Tu Jianhua,Tu,71.0,1955.0,Male,China,"motorcycles, real estate",Real Estate,,,2015
tulay_kazanci,Tulay Kazanci,Kazanci,70.0,1956.0,Female,Turkey,Diversified,Diversified,,no-pic-female,2026
tuncay_ozilhan,Tuncay Ozilhan,Ozilhan,88.0,1938.0,Male,Turkey,"beverages, diversified",Food and Beverage,,,2013
tung_chee_chen,Tung Chee Chen,Tung,83.0,1943.0,Male,Hong Kong,Shipping,Logistics,,,2026
tung_chee_hwa,Tung Chee Hwa,Tung,88.0,1938.0,Male,Hong Kong,Shipping,Logistics,,,2026
tung_ching_sai,Tung Ching Sai,Tung,61.0,1965.0,Male,China,Manufacturing,Manufacturing,,no-pic,2023
turgay_ciner,Turgay Ciner,Ciner,70.0,1956.0,Male,Turkey,Diversified,Diversified,,,2026
ty_tsai,T.Y. Tsai,Tsai,73.0,1953.0,Male,Taiwan,Finance,Finance & Investments,,,2026
ty_warner,Ty Warner,Warner,81.0,1945.0,Male,United States,"Plush toys, real estate",Real Estate,,,2026
tyler_perry,Tyler Perry,Perry,56.0,1970.0,Male,United States,"Movies, television",Media & Entertainment,"Director, Television",,2026
tyler_winklevoss,Tyler Winklevoss,Winklevoss,44.0,1982.0,Male,United States,Cryptocurrency,Finance & Investments,,no-pic,2026
uday_kotak,Uday Kotak,Kotak,67.0,1959.0,Male,India,Banking,Finance & Investments,,,2026
udo_harald_tschira,Udo & Harald Tschira,Tschira,,,Male,Germany,software,Technology,,no-pic,2022
udo_mueller,Udo Mueller,Mueller,65.0,1961.0,Male,Germany,advertising,Media & Entertainment,,no-pic,2022
udo_schutz,Udo Schütz,Schütz,89.0,1937.0,Male,Germany,packaging,Manufacturing,,no-pic,2026
udo_tschira,Udo Tschira,Tschira,56.0,1970.0,Male,Germany,Software,Technology,,no-pic,2026
ugo_gussalli_beretta,Ugo Gussalli Beretta,Gussalli Beretta,88.0,1938.0,Male,Italy,Firearms,Manufacturing,,no-pic,2026
ugur_sahin,Ugur Sahin,Sahin,60.0,1966.0,Male,Germany,Biotechnology,Healthcare,,no-pic,2026
ulrich_mommert,Ulrich Mommert,Mommert,85.0,1941.0,Male,Austria,Lighting,Automotive,,no-pic,2026
ulrike_baro,Ulrike Baro,Baro,76.0,1950.0,Female,Germany,Biopharmaceuticals,Healthcare,,no-pic-female,2026
ulrike_meister,Ulrike Meister,Meister,59.0,1967.0,Female,Germany,Appliances,Manufacturing,,no-pic-female,2026
ulrike_von_baumbach,Ulrike von Baumbach,von Baumbach,84.0,1942.0,Female,Germany,Pharma,Healthcare,,no-pic-female,2026
ural_rakhimov,Ural Rakhimov,Rakhimov,77.0,1949.0,Male,Russia,oil,,,no-pic,2010
urs_wietlisbach,Urs Wietlisbach,Wietlisbach,64.0,1962.0,Male,Switzerland,Private equity,Finance & Investments,,,2026
ursula_bechtolsheimer_kipp,Ursula Bechtolsheimer-Kipp,Bechtolsheimer-Kipp,77.0,1949.0,Female,Germany,retail,Real Estate,,no-pic-female,2020
ursula_engelhorn,Ursula Engelhorn,Engelhorn,,,Female,Germany,pharmaceuticals/medical equipment,Healthcare,,no-pic-female,2016
ursula_hutter_schleicher,Ursula Hutter-Schleicher,Hutter-Schleicher,69.0,1957.0,Female,Germany,"Cement, Copper",Manufacturing,,no-pic-female,2026
v_prem_watsa,V. Prem Watsa,Watsa,75.0,1951.0,Male,Canada,"Insurance, investments",Finance & Investments,,,2026
vadim_moshkovich,Vadim Moshkovich,Moshkovich,59.0,1967.0,Male,Russia,"Agriculture, land",Food & Beverage,,,2026
vadim_novinsky,Vadim Novinsky,Novinsky,62.0,1964.0,Male,Ukraine,Steel,Metals & Mining,,,2026
vadim_vikulov,Vadim Vikulov,Vikulov,62.0,1964.0,Male,Russia,"grain, vegetable oil",Food & Beverage,,no-pic,2026
vadim_yakunin,Vadim Yakunin,Yakunin,63.0,1963.0,Male,Russia,Pharmacy,Healthcare,,no-pic,2026
vagit_alekperov,Vagit Alekperov,Alekperov,75.0,1951.0,Male,Russia,Oil,Energy,,,2026
valentin_bukhtoyarov,Valentin Bukhtoyarov,Bukhtoyarov,83.0,1943.0,Male,Russia,coal,Energy,,no-pic,2011
valentin_gapontsev,Valentin Gapontsev,Gapontsev,89.0,1937.0,Male,United States,lasers,Manufacturing,,,2021
valentin_kipyatkov,Valentin Kipyatkov,Kipyatkov,49.0,1977.0,Male,Cyprus,Software,Technology,,no-pic,2026
valerie_mars,Valerie Mars,Mars,67.0,1959.0,Female,United States,"Candy, pet food",Food & Beverage,,no-pic-female,2026
valery_kogan,Valery Kogan,Kogan,84.0,1942.0,Male,Russia,airport,Service,,no-pic,2014
valery_kustov,Valery Kustov,Kustov,64.0,1962.0,Male,Russia,Food production,Food & Beverage,,no-pic,2026
vanich_chaiyawan,Vanich Chaiyawan,Chaiyawan,93.0,1933.0,Male,Thailand,"Insurance, beverages",Finance & Investments,,,2025
vardis_vardinoyannis_family,Vardis Vardinoyannis,Vardinoyannis & family,94.0,1932.0,Male,Greece,Oil and gas,Energy,,no-pic,2024
vasily_anisimov,Vasily Anisimov,Anisimov,74.0,1952.0,Male,Croatia,Real estate,Metals & Mining,,,2026
vasily_shikin,Vasily Shikin,Shikin,41.0,1985.0,Male,United States,Advertising technology,Technology,,no-pic,2026
venu_srinivasan_1,Venu Srinivasan,Srinivasan,73.0,1953.0,Male,India,Two-wheelers,Automotive,,no-pic,2026
venugopal_dhoot,Venugopal Dhoot,Dhoot,82.0,1944.0,Male,India,electronics,Manufacturing,,,2015
vera_rechulski_santo_domingo,Vera Rechulski Santo Domingo,Rechulski Santo Domingo,77.0,1949.0,Female,Brazil,Beer,Food & Beverage,,no-pic-female,2026
veronica_squinzi,Veronica Squinzi,Squinzi,54.0,1972.0,Female,Italy,Chemical products,Construction & Engineering,,no-pic-female,2026
vg_siddhartha,V.G. Siddhartha,Siddhartha,74.0,1952.0,Male,India,retail,Fashion & Retail,,,2015
viatcheslav_kantor,Viatcheslav Kantor,Kantor,72.0,1954.0,Male,Russia,"Fertilizer, real estate",Manufacturing,,,2026
vicente_boluda_fos,Vicente Boluda Fos,Boluda Fos,71.0,1955.0,Male,Spain,Shipping,Logistics,,no-pic,2026
vichai_srivaddhanaprabha,Vichai Srivaddhanaprabha,Srivaddhanaprabha,73.0,1953.0,Male,Thailand,duty-free,Fashion & Retail,,,2018
vicky_safra,Vicky Safra,Safra,73.0,1953.0,Female,Greece,Banking,Finance & Investments,,no-pic-female,2026
victor_civita_neto,Victor Civita Neto,Civita Neto,,,Male,Brazil,media,Media,,no-pic,2014
victor_fung,Victor Fung,Fung,80.0,1946.0,Male,United States,Sourcing,Logistics,,,2026
victor_gradin,Victor Gradin,Gradin,102.0,1924.0,Male,Brazil,construction,Construction & Engineering,,no-pic,2014
victor_jacobsson,Victor Jacobsson,Jacobsson,44.0,1982.0,Male,Sweden,fintech,Finance & Investments,,no-pic,2025
victor_linnik,Victor Linnik,Linnik,58.0,1968.0,Male,Russia,Agriculture,Food & Beverage,,no-pic,2026
victor_pinchuk,Victor Pinchuk,Pinchuk,65.0,1961.0,Male,Ukraine,"Steel pipes, diversified",Metals & Mining,,,2026
victoria_goh,Victoria Goh,Goh,30.0,1996.0,Female,Singapore,Paints,Manufacturing,,no-pic-female,2026
victoria_mars,Victoria Mars,Mars,69.0,1957.0,Female,United States,"Candy, pet food",Food & Beverage,,no-pic-female,2026
vijay_agarwal,Vijay Agarwal,Agarwal,77.0,1949.0,Male,India,Construction equipment,Automotive,,no-pic,2025
vijay_mallya,Vijay Mallya,Mallya,81.0,1945.0,Male,India,liquor,Food and Beverage,,,2012
vijay_shekhar_sharma,Vijay Shekhar Sharma,Sharma,47.0,1979.0,Male,India,financial technology,Service,,no-pic,2026
vikas_oberoi,Vikas Oberoi,Oberoi,55.0,1971.0,Male,India,Real estate,Real Estate,,,2026
vikram_lal,Vikram Lal,Lal,84.0,1942.0,Male,India,Motorcycles,Automotive,,,2026
vikram_punia,Vikram Punia,Punia,53.0,1973.0,Male,Russia,Pharmaceuticals,Healthcare,,no-pic,2026
viktor_kharitonin,Viktor Kharitonin,Kharitonin,53.0,1973.0,Male,Russia,Pharmaceuticals,Healthcare,,no-pic,2026
viktor_nusenkis,Viktor Nusenkis,Nusenkis,82.0,1944.0,Male,Russia,"coal, metallurgy",Metals & Mining,,,2013
viktor_rashnikov,Viktor Rashnikov,Rashnikov,77.0,1949.0,Male,Russia,Steel,Manufacturing,,,2026
viktor_vekselberg,Viktor Vekselberg,Vekselberg,69.0,1957.0,Male,Russia,"Metals, investments",Diversified,,,2026
vildan_gulcelik,Vildan Gulcelik,Gulcelik,92.0,1934.0,Female,Turkey,Engineering and construction,Construction & Engineering,,no-pic-female,2026
vincent_bollore,Vincent Bolloré,Bolloré,74.0,1952.0,Male,France,Investments,Finance & Investments,,,2026
vincent_lo,Vincent Lo,Lo,78.0,1948.0,Male,Hong Kong,Real estate,Real Estate,,,2026
vincent_mcmahon,Vincent McMahon,McMahon,80.0,1946.0,Male,United States,Entertainment,Sports,,,2026
vincent_tan,Vincent Tan,Tan,82.0,1944.0,Male,Malaysia,diversified,Diversified,,,2015
vincent_viola,Vincent Viola,Viola,70.0,1956.0,Male,United States,Electronic trading,Finance & Investments,,,2026
vinod_adani,Vinod Adani,Adani,77.0,1949.0,Male,Cyprus,"Infrastructure, commodities",Diversified,,no-pic,2026
vinod_goenka,Vinod Goenka,Goenka,80.0,1946.0,Male,India,real estate,,,no-pic,2010
vinod_khosla,Vinod Khosla,Khosla,71.0,1955.0,Male,United States,"Sun Microsystems, venture capital",Technology,"Founder, Khosla Ventures",,2026
vinod_rai_gupta,Vinod Rai Gupta,Gupta,80.0,1946.0,Female,India,Electrical equipment,Manufacturing,,no-pic-female,2026
vinod_saraf,Vinod Saraf,Saraf,73.0,1953.0,Male,India,Chemicals,Manufacturing,,no-pic,2026
viren_doshi,Viren Doshi,Doshi,57.0,1969.0,Male,India,Solar modules,Energy,,no-pic,2026
virendra_mhaiskar,Virendra Mhaiskar,Mhaiskar,55.0,1971.0,Male,India,Infrastructure,Construction & Engineering,,,2024
vitali_machitski,Vitali Machitski,Machitski,71.0,1955.0,Male,Russia,deversified,Diversified,,no-pic,2026
vitaly_orlov,Vitaly Orlov,Orlov,60.0,1966.0,Male,Russia,Fisheries,Food & Beverage,,no-pic,2026
vito_rodriguez_rodriguez,Vito Rodriguez Rodriguez,Rodriguez Rodriguez,89.0,1937.0,Male,Peru,processed milk,Diversified,,no-pic,2021
vivek_chaand_sehgal,Vivek Chaand Sehgal,Sehgal,69.0,1957.0,Male,Australia,Auto parts,Automotive,,,2026
vivek_chand_burman,Vivek Chand Burman,Burman,89.0,1937.0,Male,India,Consumer goods,Food & Beverage,,no-pic,2026
vivek_jain,Vivek Jain,Jain,70.0,1956.0,Male,India,Chemicals,Manufacturing,,no-pic,2026
vivek_ramaswamy,Vivek Ramaswamy,Ramaswamy,40.0,1986.0,Male,United States,investments,Healthcare,,,2026
vivien_chen,Vivien Chen,Chen,68.0,1958.0,Female,Hong Kong,real estate,Real Estate,,,2022
vlad_shmunis,Vlad Shmunis,Shmunis,67.0,1959.0,Male,United States,cloud technology,Technology,,no-pic,2021
vlad_tenev,Vlad Tenev,Tenev,39.0,1987.0,Male,United States,Stock trading app,Finance & Investments,"Cofounder(s), Robinhood",,2026
vlad_vendrow,Vlad Vendrow,Vendrow,60.0,1966.0,Male,United States,software,Technology,,no-pic,2021
vlad_yatsenko,Vlad Yatsenko,Yatsenko,42.0,1984.0,Male,Ukraine,fintech,Finance & Investments,,no-pic,2026
vladimir_bogdanov,Vladimir Bogdanov,Bogdanov,74.0,1952.0,Male,Russia,Oil,Energy,,,2026
vladimir_fartushnyak,Vladimir Fartushnyak,Fartushnyak,64.0,1962.0,Male,Russia,retail,Fashion & Retail,,no-pic,2026
vladimir_gridin,Vladimir Gridin,Gridin,80.0,1946.0,Male,Russia,"coal, railway transport",Energy,,,2013
vladimir_gruzdev,Vladimir Gruzdev,Gruzdev,67.0,1959.0,Male,Russia,investments,Retail,,,2015
vladimir_iorich,Vladimir Iorich,Iorich,76.0,1950.0,Male,Germany,"mining, steel",Metals & Mining,,,2014
vladimir_ivanov,Vladimir Ivanov,Ivanov,55.0,1971.0,Male,Russia,Yandex,Technology,,no-pic,2026
vladimir_kim,Vladimir Kim,Kim,65.0,1961.0,Male,Kazakhstan,Mining,Metals & Mining,,,2026
vladimir_kogan,Vladimir Kogan,Kogan,68.0,1958.0,Male,Russia,banking,Diversified,,no-pic,2018
vladimir_krupchak,Vladimir Krupchak,Krupchak,68.0,1958.0,Male,Cyprus,Manufacturing,Manufacturing,,no-pic,2026
vladimir_leschikov,Vladimir Leschikov,Leschikov,71.0,1955.0,Male,Russia,real estate,Real Estate,,no-pic,2021
vladimir_leshchikov,Vladimir Leshchikov,Leshchikov,69.0,1957.0,Male,Russia,real estate,Real Estate,,no-pic,2026
vladimir_lisin,Vladimir Lisin,Lisin,69.0,1957.0,Male,Russia,"Steel, transport",Metals & Mining,,,2026
vladimir_litvinenko,Vladimir Litvinenko,Litvinenko,70.0,1956.0,Male,Russia,Chemical industry,Manufacturing,,no-pic,2026
vladimir_melnichenko,Vladimir Melnichenko,Melnichenko,87.0,1939.0,Male,Russia,coal,Energy,,,2011
vladimir_melnikov,Vladimir Melnikov,Melnikov,78.0,1948.0,Male,Russia,Fast fashion,Fashion & Retail,,no-pic,2026
vladimir_potanin,Vladimir Potanin,Potanin,65.0,1961.0,Male,Russia,Metals,Metals & Mining,,,2026
vladimir_scherbakov,Vladimir Scherbakov,Scherbakov,85.0,1941.0,Male,Russia,autos,Automotive,,,2014
vladimir_voronin,Vladimir Voronin,Voronin,50.0,1976.0,Male,Russia,Real estate,Construction & Engineering,,no-pic,2026
vladimir_yevtushenkov,Vladimir Yevtushenkov,Yevtushenkov,77.0,1949.0,Male,Russia,"Telecom, investments",Telecom,,,2026
vladislav_filev,Vladislav Filev,Filev,62.0,1964.0,Male,Russia,Airlines,Service,,no-pic,2026
vladislav_sviblov,Vladislav Sviblov,Sviblov,47.0,1979.0,Male,Russia,Mining,Metals & Mining,,no-pic,2024
vonnarat_tangkaravakoon,Vonnarat Tangkaravakoon,Tangkaravakoon,54.0,1972.0,Male,Thailand,"Wire & cables, paints",Manufacturing,,no-pic,2023
vyacheslav_kim,Vyacheslav Kim,Kim,56.0,1970.0,Male,Kazakhstan,Fintech,Finance & Investments,,no-pic,2026
w_herbert_hunt,W. Herbert Hunt,Hunt,98.0,1928.0,Male,United States,Oil,Energy,,,2024
waldemar_munich,Waldemar Munich,Munich,68.0,1958.0,Male,Germany,Railway Construction,Construction & Engineering,,no-pic,2026
waleed_bin_ibrahim_al_ibrahim,Waleed bin Ibrahim Al Ibrahim,Al Ibrahim,65.0,1961.0,Male,Saudi Arabia,Broadcasting,Media & Entertainment,,no-pic,2025
waleed_mohammad_al_zaabi,Waleed Mohammad Al Zaabi,Al Zaabi,62.0,1964.0,Male,United Arab Emirates,Real estate,Real Estate,,no-pic,2026
wallace_mccain,Wallace McCain,McCain,108.0,1918.0,Male,Canada,food,Food and Beverage,,,2011
walter_faria,Walter Faria,Faria,71.0,1955.0,Male,Brazil,Beer,Food & Beverage,,,2023
walter_frey,Walter Frey,Frey,82.0,1944.0,Male,Switzerland,Car dealerships,Automotive,,,2026
walter_haefner,Walter Haefner,Haefner,126.0,1900.0,Male,Switzerland,software,Technology,,,2012
walter_kortschak,Walter Kortschak,Kortschak,67.0,1959.0,Male,United States,Venture capital,Finance & Investments,,no-pic,2026
walter_kurtz,Walter Kurtz,Kurtz,81.0,1945.0,Male,Germany,Appliances,Manufacturing,,no-pic,2026
walter_kwok,Walter Kwok,Kwok,80.0,1946.0,Male,Hong Kong,real estate,Real Estate,,,2018
walter_pj_droege,Walter P.J. Droege,Droege,73.0,1953.0,Male,Germany,Investing,Finance & Investments,,no-pic,2026
walter_scott_jr,"Walter Scott, Jr.",Scott,96.0,1930.0,Male,United States,"utilities, telecom",Energy,"Chairman, Level 3 Communications Inc.",,2021
walter_shorenstein,Walter Shorenstein,Shorenstein,124.0,1902.0,Male,United States,real estate,Real Estate,,,2010
walter_wang_1,Walter Wang,Wang,61.0,1965.0,Male,United States,Manufacturing,Manufacturing,,no-pic,2026
walther_moreira_salles_junior,Walther Moreira Salles Junior,Moreira Salles Junior,70.0,1956.0,Male,Brazil,"Banking, minerals",Finance & Investments,,,2026
wan_feng,Wan Feng,Wan,57.0,1969.0,Male,China,Medical equipment,Healthcare,,no-pic,2023
wan_lianbu,Wan Lianbu,Wan,65.0,1961.0,Male,China,fertilizers,Manufacturing,,no-pic,2018
wang_baoqing,Wang Baoqing,Wang,68.0,1958.0,Male,China,Industrial valves,Manufacturing,,no-pic,2026
wang_changtian,Wang Changtian,Wang,61.0,1965.0,Male,China,"TV, movie production",Media & Entertainment,,,2026
wang_chaobin,Wang Chaobin,Wang,70.0,1956.0,Male,China,Real estate,Real Estate,,,2026
wang_chou_hsiong,Wang Chou-hsiong,Wang,85.0,1941.0,Male,Taiwan,Footwear,Manufacturing,,no-pic,2026
wang_chuanfu,Wang Chuanfu,Wang,60.0,1966.0,Male,China,"Batteries, automobiles",Automotive,,,2026
wang_dong_1,Wang Dong,Wang,,,Male,China,Semiconductor,Manufacturing,,no-pic,2026
wang_fuji,Wang Fuji,Wang,,,Male,China,Pharmaceuticals,Healthcare,,no-pic,2023
wang_haipeng,Wang Haipeng,Wang,62.0,1964.0,Male,China,packaging products,Manufacturing,,no-pic,2015
wang_han,Wang Han,Wang,38.0,1988.0,Male,China,Airline,Diversified,,no-pic,2023
wang_huiwen_1,Wang Huiwen,Wang,50.0,1976.0,Male,China,e-commerce,Technology,,no-pic,2021
wang_jian_1,Wang Jian,Wang,73.0,1953.0,Male,China,healthcare services,Technology,,,2022
wang_jianfeng,Wang Jianfeng,Wang,,,Male,China,Auto parts,Automotive,,no-pic,2026
wang_jianguo_1,Wang Jianguo,Wang,66.0,1960.0,Male,China,Retail,Fashion & Retail,,no-pic,2025
wang_jianliang,Wang Jianliang,Wang,52.0,1974.0,Male,China,consumer technology,Technology,,no-pic,2021
wang_jianlin,Wang Jianlin,Wang,71.0,1955.0,Male,China,Real estate,Real Estate,"Chairman, Dalian Wanda Group",,2026
wang_jianyi,Wang Jianyi,Wang,64.0,1962.0,Male,China,Fiber optic cables,Technology,,,2024
wang_jilei,Wang Jilei,Wang,61.0,1965.0,Male,China,Logistics,Logistics,,no-pic,2026
wang_jing,Wang Jing,Wang,58.0,1968.0,Male,China,telecom services,Telecom,,,2018
wang_jinhua,Wang Jinhua,Wang,63.0,1963.0,Male,China,metals and mining,Metals & Mining,,no-pic,2026
wang_jinshu,Wang Jinshu,Wang,74.0,1952.0,Male,China,chemicals,Manufacturing,,no-pic,2018
wang_jiufang,Wang Jiufang,Wang,67.0,1959.0,Male,China,real estate,Real Estate,,no-pic,2018
wang_junhao,Wang Junhao,Wang,60.0,1966.0,Male,China,regional airline,Service,,,2016
wang_junlin,Wang Junlin,Wang,63.0,1963.0,Male,China,Liquor,Food & Beverage,,no-pic,2026
wang_junmin,Wang Junmin,Wang,57.0,1969.0,Male,China,Pharmaceuticals,Healthcare,,,2026
wang_junshi,Wang Junshi,Wang,77.0,1949.0,Male,China,Solar inverters,Manufacturing,,no-pic,2026
wang_kunxiao,Wang Kunxiao,Wang,56.0,1970.0,Male,China,oilfield equipment,Manufacturing,,no-pic,2026
wang_laichun,Wang Laichun,Wang,58.0,1968.0,Female,Hong Kong,Electronics components,Technology,"Co-Founder & Chairwoman, Luxshare-ICT",no-pic-female,2026
wang_laisheng,Wang Laisheng,Wang,61.0,1965.0,Male,Hong Kong,Electronics components,Technology,,no-pic,2026
wang_linpeng,Wang Linpeng,Wang,58.0,1968.0,Male,China,Furniture retailing,Construction & Engineering,,no-pic,2025
wang_linxiang,Wang Linxiang,Wang,74.0,1952.0,Male,China,cashmere,Fashion & Retail,,no-pic,2026
wang_liping,Wang Liping,Wang,60.0,1966.0,Male,China,Hydraulic machinery,Manufacturing,,no-pic,2026
wang_lizhan,Wang Lizhan,Wang,,,Male,China,sauce,Food & Beverage,,no-pic,2021
wang_miaotong,Wang Miaotong,Wang,71.0,1955.0,Male,China,auto parts,Automotive,,no-pic,2020
wang_mingwang,Wang Mingwang,Wang,58.0,1968.0,Male,China,Electronics components,Manufacturing,,no-pic,2026
wang_minwen,Wang Minwen,Wang,62.0,1964.0,Male,China,Semiconductor,Technology,,no-pic,2026
wang_muqing,Wang Muqing,Wang,79.0,1947.0,Male,China,auto distribution,Automotive,,no-pic,2019
wang_ning,Wang Ning,Wang,39.0,1987.0,Male,China,Toys,Media & Entertainment,,no-pic,2026
wang_qiangxiang,Wang Qiangxiang,Wang,54.0,1972.0,Male,China,artificial turf,Service,,no-pic,2026
wang_qinghua,Wang Qinghua,Wang,61.0,1965.0,Male,China,electric equipment,Manufacturing,,no-pic,2022
wang_qinghui,Wang Qinghui,Wang,65.0,1961.0,Male,China,telecom services,Telecom,,no-pic,2015
wang_qingtao,Wang Qingtao,Wang,69.0,1957.0,Male,China,steel smelting,Metals & Mining,,no-pic,2018
wang_qunbin,Wang Qunbin,Wang,58.0,1968.0,Male,China,conglomerate,Diversified,,no-pic,2021
wang_ren_sheng,Wang Ren-sheng,Wang,94.0,1932.0,Male,Taiwan,Retail,Fashion & Retail,,,2023
wang_roger,Wang Roger,Wang,80.0,1946.0,Male,United States,retail,Fashion & Retail,,no-pic,2020
wang_shih_chung,Wang Shih-Chung,Wang,64.0,1962.0,Male,Taiwan,Pneumatic equipments,Manufacturing,,no-pic,2026
wang_shuifu,Wang Shuifu,Wang,71.0,1955.0,Male,China,Manufacturing,Manufacturing,,no-pic,2026
wang_shumin,Wang Shumin,Wang,70.0,1956.0,Female,China,manufacturing,Manufacturing,,no-pic-female,2022
wang_wei,Wang Wei,Wang,55.0,1971.0,Male,China,Package delivery,Service,,,2026
wang_wei_3,Wang Wei,Wang,62.0,1964.0,Male,China,computer hardware,Technology,,no-pic,2015
wang_weixiu,Wang Weixiu,Wang,75.0,1951.0,Male,China,Machinery,Manufacturing,,no-pic,2026
wang_wenjian,Wang Wenjian,Wang,81.0,1945.0,Male,China,optical devices,Technology,,no-pic,2021
wang_wenjing,Wang Wenjing,Wang,61.0,1965.0,Male,China,Business software,Technology,,,2026
wang_wenliang,Wang Wenliang,Wang,77.0,1949.0,Male,China,shipping ports,Diversified,,,2017
wang_wenmo,Wang Wenmo,Wang,69.0,1957.0,Male,China,Sports apparel,Fashion & Retail,,no-pic,2026
wang_wenxue,Wang Wenxue,Wang,60.0,1966.0,Male,China,real estate,Real Estate,,,2021
wang_wenyin,Wang Wenyin,Wang,58.0,1968.0,Male,China,"Mining, copper products",Metals & Mining,,,2023
wang_xiancheng,Wang Xiancheng,Wang,67.0,1959.0,Male,China,metals,Metals & Mining,,no-pic,2026
wang_xiaoshen,Wang Xiaoshen,Wang,57.0,1969.0,Male,China,Lithium,Manufacturing,,no-pic,2026
wang_xicheng,Wang Xicheng,Wang,77.0,1949.0,Male,China,Tires,Manufacturing,,no-pic,2026
wang_xin,Wang Xin,Wang,53.0,1973.0,Male,China,Manufacturing,Manufacturing,,no-pic,2026
wang_xing,Wang Xing,Wang,47.0,1979.0,Male,China,Food delivery,Technology,,,2026
wang_xuechao,Wang Xuechao,Wang,,,Male,China,pharmaceuticals,Healthcare,,no-pic,2021
wang_yanqing,Wang Yanqing,Wang,60.0,1966.0,Male,China,Electrical equipment,Manufacturing,,no-pic,2026
wang_yanqing_1,Wang Yanqing,Wang,80.0,1946.0,Female,China,Carbon fiber products,Manufacturing,,no-pic-female,2025
wang_yaohai,Wang Yaohai,Wang,61.0,1965.0,Male,China,lighting,Technology,,no-pic,2021
wang_yiran,Wang Yiran,Wang,48.0,1978.0,Male,China,LCD main board,Technology,,no-pic,2021
wang_yiting,Wang Yiting,Wang,85.0,1941.0,Male,China,coal mining,Metals & Mining,,no-pic,2013
wang_yong,Wang Yong,Wang,80.0,1946.0,Male,China,food sweeteners,Food and Beverage,,,2018
wang_yongping,Wang Yongping,Wang,63.0,1963.0,Male,China,telecom services,Telecom,,no-pic,2015
wang_yue,Wang Yue,Wang,49.0,1977.0,Male,China,online games,Technology,,,2016
wang_yunan,Wang Yun'an,Wang,40.0,1986.0,Male,China,Milk tea,Food & Beverage,,no-pic,2026
wang_yung_tsai,Wang Yung-Tsai,Wang,114.0,1912.0,Male,Taiwan,plastics,Manufacturing,,,2014
wang_yusuo,Wang Yusuo,Wang,62.0,1964.0,Male,China,Natural gas distribution,Energy,,,2026
wang_zelong,Wang Zelong,Wang,29.0,1997.0,Male,China,Chemicals,Metals & Mining,,no-pic,2026
wang_zhendong,Wang Zhendong,Wang,51.0,1975.0,Male,China,education,Service,,no-pic,2021
wang_zhenggen,Wang Zhenggen,Wang,54.0,1972.0,Male,China,Solar power equipment,Technology,,no-pic,2026
wang_zhenghua,Wang Zhenghua,Wang,82.0,1944.0,Male,China,Budget airline,Service,,,2026
wang_zhenhua,Wang Zhenhua,Wang,64.0,1962.0,Male,China,Real estate,Real Estate,,no-pic,2026
wang_zhentao,Wang Zhentao,Wang,61.0,1965.0,Male,China,vaccine & shoes,Healthcare,,,2022
wang_zhongjun,Wang Zhongjun,Wang,74.0,1952.0,Male,China,film production,Media & Entertainment,,,2015
wanmao_xu,Wanmao Xu,Xu,81.0,1945.0,Male,China,Education,Service,,no-pic,2023
warren_buffett,Warren Buffett,Buffett,95.0,1931.0,Male,United States,Berkshire Hathaway,Finance & Investments,"CEO, Berkshire Hathaway Inc. (Cl A)",,2026
warren_chen,Warren Chen,Chen,75.0,1951.0,Male,Taiwan,Testing equipment,Manufacturing,,no-pic,2026
warren_kanders,Warren Kanders,Kanders,68.0,1958.0,Male,United States,Law enforcement and defense equipment,Manufacturing,,no-pic,2026
warren_stephens,Warren Stephens,Stephens,69.0,1957.0,Male,United States,Investment banking,Finance & Investments,,,2026
wayne_rothbaum,Wayne Rothbaum,Rothbaum,58.0,1968.0,Male,United States,Biotech investing,Healthcare,,no-pic,2026
wee_cho_yaw,Wee Cho Yaw,Wee,97.0,1929.0,Male,Singapore,Banking,Finance & Investments,,,2023
wee_ee_chao,Wee Ee Chao,Wee,70.0,1956.0,Male,Singapore,Banking,Finance & Investments,,no-pic,2026
wee_ee_cheong,Wee Ee Cheong,Wee,73.0,1953.0,Male,Singapore,Banking,Finance & Investments,,no-pic,2026
wee_ee_lim,Wee Ee Lim,Wee,64.0,1962.0,Male,Singapore,Banking,Finance & Investments,,no-pic,2026
wee_wei_chi,Wee Wei Chi,Wee,68.0,1958.0,Female,Singapore,Banking,Finance & Investments,,no-pic-female,2026
wee_wei_ling,Wee Wei Ling,Wee,75.0,1951.0,Female,Singapore,Banking,Finance & Investments,,no-pic-female,2026
wei_fang,Wei Fang,Fang,52.0,1974.0,Male,China,Steel,Manufacturing,,no-pic,2023
wei_gu_1,Wei Gu,Gu,61.0,1965.0,Male,China,Consumer electronics,Manufacturing,,no-pic,2023
wei_huang,Wei Huang,Huang,66.0,1960.0,Male,China,Real estate,Real Estate,,no-pic,2026
wei_ing_chou,Wei Ing-Chou,Wei,72.0,1954.0,Male,Taiwan,"Food, beverages",Food & Beverage,,,2026
wei_jianjun,Wei Jianjun,Wei,62.0,1964.0,Male,China,Automobiles,Automotive,,,2026
wei_lidong,Wei Lidong,Wei,50.0,1976.0,Male,China,Software,Technology,,no-pic,2026
wei_qi,Wei Qi,Wei,79.0,1947.0,Male,China,chemicals,Manufacturing,,,2015
wei_shaojun,Wei Shaojun,Wei,65.0,1961.0,Male,China,real estate,Real Estate,,,2021
wei_yin_chun,Wei Yin-Chun,Wei,69.0,1957.0,Male,Taiwan,"Food, beverages",Food & Beverage,,,2026
wei_yin_heng,Wei Yin-Heng,Wei,67.0,1959.0,Male,Taiwan,"Food, beverages",Food & Beverage,,,2026
wei_ying_chiao,Wei Ying-Chiao,Wei,71.0,1955.0,Male,Taiwan,"Food, beverages",Food & Beverage,,,2026
weiguo_zhao,Weiguo Zhao,Zhao,60.0,1966.0,Male,China,IT products,Technology,,no-pic,2022
weijian_shan,Weijian Shan,Shan,72.0,1954.0,Male,Hong Kong,Private equity,Finance & Investments,,no-pic,2026
weili_dai,Weili Dai,Dai,64.0,1962.0,Female,United States,Semiconductors,Technology,"Cofounder-President, Marvell Technology",,2026
weimin_du,Weimin Du,Du,62.0,1964.0,Male,China,Vaccines,Healthcare,,no-pic,2023
wen_jianping,Wen Jianping,Wen,69.0,1957.0,Male,China,sewage treatment,Service,,,2018
wen_pengcheng,Wen Pengcheng,Wen,63.0,1963.0,Male,China,Agribusiness,Food & Beverage,,no-pic,2026
wen_ta_hsieh,Wen-Ta Hsieh,Hsieh,,,Male,Taiwan,Semiconductors,Manufacturing,,no-pic,2026
wen_yibo,Wen Yibo,Wen,62.0,1964.0,Male,China,wastewater treatment,Service,,,2021
wen_yilong,Wen Yilong,Wen,39.0,1987.0,Male,China,e-cigarettes,Manufacturing,,no-pic,2021
wenaas_lars,Wenaas Lars,Lars,75.0,1951.0,Male,Norway,hotels,Service,,no-pic,2026
wenbiao_wang,Wenbiao Wang,Wang,70.0,1956.0,Male,China,"natural gas, fertilizers",Manufacturing,,no-pic,2022
wenbo_xiang,Wenbo Xiang,Xiang,63.0,1963.0,Male,China,Manufacturing,Manufacturing,,,2023
wendy_abrams,Wendy Abrams,Abrams,61.0,1965.0,Female,United States,Medical supplies,Healthcare,,no-pic-female,2026
weng_xianding,Weng Xianding,Weng,64.0,1962.0,Male,China,Medical devices,Healthcare,,no-pic,2026
wenjun_dai,Wenjun Dai,Dai,57.0,1969.0,Male,China,Food,Food & Beverage,,no-pic,2023
wenrong_shen,Wenrong Shen,Shen,81.0,1945.0,Male,China,Steel production,Metals & Mining,,,2024
wenyuan_wei,Wei Wenyuan,Wei,83.0,1943.0,Male,China,investments,Investments,,no-pic,2011
werner_o_weber,Werner O. Weber,Weber,88.0,1938.0,Male,Switzerland,Electronic components,Manufacturing,,no-pic,2024
werner_voigt,Werner Voigt,Voigt,105.0,1921.0,Male,Brazil,industrial machinery,Manufacturing,,no-pic,2014
wesley_batista,Wesley Batista,Batista,53.0,1973.0,Male,Brazil,Beef packing,Food & Beverage,,no-pic,2026
wesley_edens,Wesley Edens,Edens,64.0,1962.0,Male,United States,Investments,Finance & Investments,,no-pic,2026
whitney_macmillan,Whitney MacMillan,MacMillan,100.0,1926.0,Male,United States,Cargill,Food and Beverage,,,2019
whitney_wolfe_herd,Whitney Wolfe Herd,Wolfe Herd,38.0,1988.0,Female,United States,dating app,Technology,"Founder, Bumble",no-pic-female,2021
wichai_thongtang,Wichai Thongtang,Thongtang,79.0,1947.0,Male,Thailand,"Healthcare, Investments",Finance & Investments,,,2026
wijono_hermanto_tanoko_1,Wijono & Hermanto Tanoko,Tanoko,,,Male,Indonesia,paints,Manufacturing,,no-pic,2022
wijono_tanoko,Wijono Tanoko,Tanoko,74.0,1952.0,Male,Indonesia,Paints,Manufacturing,,no-pic,2024
wilbur_ed_bosarge_jr,"Wilbur  'Ed' Bosarge, Jr.",Bosarge,87.0,1939.0,Male,United States,high speed trading,Finance & Investments,,no-pic,2022
wilbur_ross_jr,"Wilbur Ross, Jr.",Ross,94.0,1932.0,Male,United States,investments,Finance and Investments,,,2017
wilhelm_beier,Wilhelm Beier,Beier,70.0,1956.0,Male,Germany,Pharmaceuticals,Healthcare,,no-pic,2026
will_adderley,Will Adderley,Adderley,54.0,1972.0,Male,United Kingdom,Home furnishings,Fashion & Retail,,no-pic,2026
will_wei_cheng,Will Wei Cheng,Cheng,45.0,1981.0,Male,China,ride-hailing service,Service,"Founder and CEO, Didi Chuxing",no-pic,2021
willi_isolde_liebherr,Willi & Isolde Liebherr,Liebherr,,,,Switzerland,Construction,Construction & Engineering,,,2018
william_ackman,William Ackman,Ackman,59.0,1967.0,Male,United States,Hedge funds,Finance & Investments,"Founder, CEO, Pershing Square Capital Management, L.P.",,2026
william_belo,William Belo,Belo,82.0,1944.0,Male,Philippines,home improvement stores,Fashion & Retail,,no-pic,2024
william_berkley,William Berkley,Berkley,79.0,1947.0,Male,United States,Insurance,Finance & Investments,"Chairman, W. R. Berkley",,2026
william_boyd,William Boyd,Boyd,94.0,1932.0,Male,United States,"Casinos, banking",Gambling & Casinos,,no-pic,2026
william_chisholm,William Chisholm,Chisholm,57.0,1969.0,Male,United States,Private equity,Finance & Investments,,no-pic,2026
william_connor_ii,William Connor II,Connor,87.0,1939.0,Male,United States,sourcing,Logistics,,,2012
william_conway_jr,"William Conway, Jr.",Conway,76.0,1950.0,Male,United States,Private equity,Finance & Investments,"Co-Chief Executive Officer and Co-founder, Carlyle Group",,2026
william_cook,William Cook,Cook,106.0,1920.0,Male,United States,medical devices,Health care,,,2011
william_ding,William Ding,Ding,54.0,1972.0,Male,China,Online games,Technology,,,2026
william_erbey,William Erbey,Erbey,85.0,1941.0,Male,United States,finance,Finance,,,2014
william_fisher,William Fisher,Fisher,69.0,1957.0,Male,United States,Gap,Fashion & Retail,"Director, Gap Inc.",,2026
william_foley_ii,"William Foley, II.",Foley,81.0,1945.0,Male,United States,Financial services,Finance & Investments,,no-pic,2026
william_ford_sr,"William Ford, Sr.",Ford,110.0,1916.0,Male,United States,Ford Motor Co,Manufacturing,,,2014
william_franke,William Franke,Franke,89.0,1937.0,Male,United States,Low-cost airlines,Diversified,,no-pic,2026
william_fung,William Fung,Fung,77.0,1949.0,Male,Hong Kong,Sourcing,Logistics,,,2026
william_goldring,William Goldring,Goldring,83.0,1943.0,Male,United States,Liquor,Food & Beverage,,no-pic,2026
william_heinecke,William Heinecke,Heinecke,76.0,1950.0,Male,Thailand,Hotels,Real Estate,,,2026
william_hilton,W. Barron Hilton,Hilton,110.0,1916.0,Male,United States,"hotels, casinos",Service,,,2011
william_hockey,William Hockey,Hockey,36.0,1990.0,Male,United States,fintech,Finance & Investments,"Cofounder, Plaid",no-pic,2026
william_kellogg,William Kellogg,Kellogg,93.0,1933.0,Male,United States,Kohl''s,Fashion and Retail,"Director and Member of Executive Committee, Kohl's",no-pic,2012
william_koch,William Koch,Koch,85.0,1941.0,Male,United States,"Oil, investments",Energy,,,2026
william_lauder,William Lauder,Lauder,66.0,1960.0,Male,United States,Estee Lauder,Fashion & Retail,,no-pic,2026
william_lei_ding,William Lei Ding,Ding,54.0,1972.0,Male,China,Online games,Technology,,no-pic,2023
william_li,William Li,Li,51.0,1975.0,Male,China,Electric vehicles,Automotive,,no-pic,2023
william_macaulay,William Macaulay,Macaulay,84.0,1942.0,Male,United States,energy investments,Energy,,,2019
william_macmillan,William MacMillan,MacMillan,71.0,1955.0,Male,United States,Cargill,Food & Beverage,,no-pic,2026
william_moncrief_jr,"William Moncrief, Jr.",Moncrief,115.0,1911.0,Male,United States,oil,Energy,,,2014
william_randolph_hearst,"William Randolph Hearst, III.",Hearst,87.0,1939.0,Male,United States,Hearst Corp,Media,,,2012
william_stone,William Stone,Stone,71.0,1955.0,Male,United States,Software,Technology,,,2026
william_teh_lee_pang,William Teh Lee Pang,William Teh,,,Male,Malaysia,Banking,Finance & Investments,,no-pic,2026
william_wrigley_jr,"William Wrigley, Jr.",Wrigley,62.0,1964.0,Male,United States,Chewing gum,Food & Beverage,"Chairman and CEO, Wrigley Management, Inc.",,2026
william_young,William Young,Young,85.0,1941.0,Male,United States,Plastics,Manufacturing,,no-pic,2026
willibert_krueger,Willibert Krueger,Krueger,89.0,1937.0,Male,Germany,food processing,Food and Beverage,,no-pic,2019
willis_johnson,Willis Johnson,Johnson,78.0,1948.0,Male,United States,Damaged cars,Automotive,,no-pic,2026
willy_michel,Willy Michel,Michel,79.0,1947.0,Male,Switzerland,Medical devices,Healthcare,,,2026
wilma_tisch,Wilma Tisch,Tisch,98.0,1928.0,Female,United States,Loews,Diversified,,,2026
wim_van_der_leegte,Wim van der Leegte,van der Leegte,79.0,1947.0,Male,Netherlands,Manufacturing,Manufacturing,,,2024
winai_teawsomboonkij,Winai Teawsomboonkij,Teawsomboonkij,63.0,1963.0,Male,Thailand,Food,Food & Beverage,,no-pic,2026
winarko_sulistyo,Winarko Sulistyo,Sulistyo,81.0,1945.0,Male,Indonesia,paper and pulp,Manufacturing,,no-pic,2022
winifred_j_marquart,Winifred J. Marquart,Marquart,67.0,1959.0,Female,United States,Cleaning products,Manufacturing,,no-pic-female,2026
wirastuty_fangiono,Wirastuty Fangiono,Fangiono,53.0,1973.0,Female,Indonesia,Palm oil,Manufacturing,,no-pic-female,2026
wolfgang_egger,Wolfgang Egger,Egger,61.0,1965.0,Male,Germany,real estate,Real Estate,,no-pic,2022
wolfgang_herz,Wolfgang Herz,Herz,75.0,1951.0,Male,Germany,Coffee,Fashion & Retail,,no-pic,2026
wolfgang_leitner,Wolfgang Leitner,Leitner,73.0,1953.0,Male,Austria,Engineering,Construction & Engineering,,,2026
wolfgang_marguerre,Wolfgang Marguerre,Marguerre,84.0,1942.0,Male,Germany,Pharmaceuticals,Healthcare,,,2026
wolfgang_reimann,Wolfgang Reimann,Reimann,73.0,1953.0,Male,Germany,Consumer goods,Fashion & Retail,,no-pic,2026
wong_chiu_yeung,Wong Chiu Yeung,Wong,62.0,1964.0,Male,China,real estate,Real Estate,,no-pic,2020
wong_chun_hong,Wong Chun Hong,Wong,75.0,1951.0,Male,United Kingdom,real estate,Real Estate,,no-pic,2019
wong_hei,Wong Hei,Wong,66.0,1960.0,Female,China,conglomerate,Diversified,,no-pic-female,2021
wong_hong_king,Wong Hong King,Wong,66.0,1960.0,Male,China,real estate,Real Estate,,no-pic,2021
wong_kwong_yu,Wong Kwong Yu,Wong,58.0,1968.0,Male,China,retail,Fashion & Retail,,,2021
wong_luen_hei,Wong Luen Hei,Wong,64.0,1962.0,Male,China,Building materials,Manufacturing,,,2026
wong_man_li,Wong Man Li,Wong,61.0,1965.0,Male,Hong Kong,Furniture,Manufacturing,,,2026
woods_staton,Woods Staton,Staton,86.0,1940.0,Male,Colombia,McDonald's restaurants,Food and Beverage,,,2013
wu_bo,Wu Bo,Wu,72.0,1954.0,Male,China,Machinery,Manufacturing,,no-pic,2026
wu_chaoqun,Wu Chaoqun,Wu,56.0,1970.0,Male,China,Chemicals,Manufacturing,,no-pic,2023
wu_cheng,Wu Cheng,Wu,41.0,1985.0,Male,China,Mining,Metals & Mining,,no-pic,2026
wu_chung_yi,Wu Chung-yi,Wu,70.0,1956.0,Male,Taiwan,Manufacturing,Manufacturing,,,2026
wu_daohong,Wu Daohong,Wu,65.0,1961.0,Male,China,energy services,Energy,,no-pic,2018
wu_eddie_yongming,Wu Eddie Yongming,Wu,53.0,1973.0,Male,China,e-commerce,Technology,,no-pic,2021
wu_gang,Wu Gang,Wu,56.0,1970.0,Male,China,money management,Finance and Investments,,no-pic,2016
wu_guangming,Wu Guangming,Wu,64.0,1962.0,Male,China,Medical equipment,Healthcare,,,2026
wu_guanjiang,Wu Guanjiang,Wu,57.0,1969.0,Male,China,Pharmaceuticals,Healthcare,,no-pic,2026
wu_jianbin,Wu Jianbin,Wu,46.0,1980.0,Male,China,auto parts,Manufacturing,,no-pic,2026
wu_jianshu,Wu Jianshu,Wu,62.0,1964.0,Male,Hong Kong,Auto parts,Automotive,,no-pic,2026
wu_jinzi,Wu Jinzi,Wu,63.0,1963.0,Male,United States,pharmaceutical,Healthcare,,no-pic,2026
wu_junbao,Wu Junbao,Wu,62.0,1964.0,Male,China,education,Service,,no-pic,2021
wu_kai,Wu Kai,Wu,58.0,1968.0,Male,China,Batteries,Energy,,no-pic,2026
wu_kaiting,Wu Kaiting,Wu,56.0,1970.0,Male,Hong Kong,Electronics,Telecom,,no-pic,2026
wu_lanlan,Wu Lanlan,Wu,52.0,1974.0,Female,China,Packaging,Manufacturing,,no-pic-female,2026
wu_li_gann,Wu Li-gann,Wu,86.0,1940.0,Male,Taiwan,Electronic components,Manufacturing,,no-pic,2024
wu_peifu,Wu Peifu,Wu,65.0,1961.0,Male,China,plastic,Manufacturing,,no-pic,2022
wu_po_sum,Wu Po Sum,Wu,77.0,1949.0,Male,China,real estate,Real Estate,,no-pic,2021
wu_shaoxun,Wu Shaoxun,Wu,70.0,1956.0,Male,China,Wine,Food & Beverage,,no-pic,2026
wu_wei,Wu Wei,Wu,60.0,1966.0,Male,China,education,Service,,no-pic,2021
wu_xiangdong,Wu Xiangdong,Wu,57.0,1969.0,Male,China,Liquor,Food & Beverage,,no-pic,2026
wu_xiaoge,Wu Xiaoge,Wu,53.0,1973.0,Female,China,Battery components,Manufacturing,,no-pic-female,2026
wu_xiong,Wu Xiong,Wu,,,Male,China,infant formula,Food and Beverage,,no-pic,2014
wu_xu,Wu Xu,Wu,65.0,1961.0,Male,St. Kitts and Nevis,real estate,Real Estate,,no-pic,2020
wu_xubo,Wu Xubo,Wu,42.0,1984.0,Male,China,AI,Technology,,no-pic,2024
wu_xushun,Wu Xushun,Wu,78.0,1948.0,Male,China,Internet,Diversified,,no-pic,2026
wu_yajun,Wu Yajun,Wu,62.0,1964.0,Female,China,Real estate,Real Estate,,,2026
wu_yiling,Wu Yiling,Wu,76.0,1950.0,Male,China,Pharmaceuticals,Healthcare,,,2026
wu_ying,Wu Ying,Wu,62.0,1964.0,Male,China,Materials,Manufacturing,,no-pic,2023
wu_yingming,Wu Yingming,Wu,59.0,1967.0,Male,China,Batteries,Energy,,no-pic,2026
wu_yonghua,Wu Yonghua,Wu,55.0,1971.0,Male,China,Apparel,Fashion & Retail,,no-pic,2026
wu_yulan,Wu Yulan,Wu,56.0,1970.0,Female,China,Pharmaceuticals,Healthcare,,no-pic-female,2025
wu_zhenxing,Wu Zhenxing,Wu,57.0,1969.0,Male,China,soy sauce,Food & Beverage,,no-pic,2022
wu_zhigang,Wu Zhigang,Wu,91.0,1935.0,Male,China,Bakery chain,Food & Beverage,,no-pic,2026
wu_zhongyi,Wu Zhongyi,Wu,52.0,1974.0,Male,China,electronics,Technology,,no-pic,2026
xavier_niel,Xavier Niel,Niel,58.0,1968.0,Male,France,"Internet, telecom",Telecom,,,2026
xavier_rubiralta,Xavier Rubiralta,Rubiralta,46.0,1980.0,Male,Spain,Diagnostics,Healthcare,,no-pic,2026
xi_chao,Xi Chao,Xi,67.0,1959.0,Male,China,Industrial valves,Manufacturing,,no-pic,2026
xia_dinghu,Xia Dinghu,Xia,87.0,1939.0,Male,China,auto parts,Automotive,,no-pic,2017
xia_shudong,Xia Shudong,Xia,55.0,1971.0,Male,China,IT service,Technology,,no-pic,2021
xia_xinde,Xia Xinde,Xia,61.0,1965.0,Male,China,Batteries,Manufacturing,,no-pic,2023
xia_zhisheng,Xia Zhisheng,Xia,86.0,1940.0,Male,China,home appliances,Technology,,no-pic,2021
xia_zuoquan,Xia Zuoquan,Xia,64.0,1962.0,Male,China,"Automobiles, batteries",Automotive,,,2026
xiang_guangda,Xiang Guangda,Xiang,68.0,1958.0,Male,China,Metals,Metals & Mining,,no-pic,2026
xiang_guangming,Xiang Guangming,Xiang,62.0,1964.0,Male,China,Waste disposal,Manufacturing,,no-pic,2026
xiang_wenbo,Xiang Wenbo,Xiang,63.0,1963.0,Male,China,Manufacturing,Manufacturing,,,2026
xiao_chunhong,Xiao Chunhong,Xiao,63.0,1963.0,Male,China,real estate,Real Estate,,no-pic,2018
xiao_fen,Xiao Fen,Xiao,72.0,1954.0,Male,China,consumer electronics,Manufacturing,,no-pic,2015
xiao_guoqing,Xiao Guoqing,Xiao,59.0,1967.0,Male,China,education,Service,,no-pic,2021
xiao_hongxing,Xiao Hongxing,Xiao,59.0,1967.0,Male,China,manufacturing,Manufacturing,,no-pic,2026
xiao_wenge,Xiao Wenge,Xiao,64.0,1962.0,Male,China,entertainment,Media & Entertainment,,,2018
xiao_yongming,Xiao Yongming,Xiao,61.0,1965.0,Male,China,Fertilizer,Diversified,,no-pic,2026
xicheng_wang,Xicheng Wang,Wang,77.0,1949.0,Male,China,Tires,Manufacturing,,no-pic,2023
xie_bingkun,Xie Bingkun,Xie,59.0,1967.0,Male,China,Pearlescent pigments,Fashion & Retail,,no-pic,2025
xie_bingzheng,Xie Bingzheng,Xie,57.0,1969.0,Male,China,Apparel,Fashion & Retail,,no-pic,2023
xie_juhua,Xie Juhua,Xie,75.0,1951.0,Female,China,Pharmaceuticals,Healthcare,,no-pic-female,2026
xie_ketao,Xie Ketao,Xie,64.0,1962.0,Male,China,education,Service,,no-pic,2021
xie_liangzhi,Xie Liangzhi,Xie,60.0,1966.0,Male,China,Biotech,Healthcare,,no-pic,2026
xie_weitong,Xie Weitong,Xie,69.0,1957.0,Male,Taiwan,Cobalt,Metals & Mining,,no-pic,2026
xie_yi,Xie Yi,Xie,41.0,1985.0,Male,China,Thermal products,Manufacturing,,no-pic,2026
xie_zhikun,Xie Zhikun,Xie,69.0,1957.0,Male,China,investments,Finance and Investments,,no-pic,2019
xinghai_zhang,Xinghai Zhang,Zhang,63.0,1963.0,Male,China,Machinery,Manufacturing,,no-pic,2023
xingjiang_gao,Xingjiang Gao,Gao,62.0,1964.0,Male,China,Steel,Manufacturing,,no-pic,2023
xiong_haitao,Xiong Haitao,Xiong,62.0,1964.0,Female,China,plastics/investment,Manufacturing,,no-pic-female,2026
xiong_jun,Xiong Jun,Xiong,53.0,1973.0,Male,China,pharmaceuticals,Healthcare,,no-pic,2022
xiong_shaoming,Xiong Shaoming,Xiong,56.0,1970.0,Male,China,e-cigarettes,Manufacturing,,no-pic,2022
xiong_wu,Xiong Wu,Xiong,50.0,1976.0,Male,China,Software,Technology,,no-pic,2026
xiong_xiaochuan,Xiong Xiaochuan,Xiong,60.0,1966.0,Male,China,Medical devices,Healthcare,,no-pic,2026
xiong_xuqiang,Xiong Xuqiang,Xiong,73.0,1953.0,Male,Hong Kong,real estate,Real Estate,,,2019
xiu_laigui,Xiu Laigui,Xiu,71.0,1955.0,Male,China,Pharmaceuticals,Healthcare,,,2026
xiu_li_hawken,Xiu Li Hawken,Hawken,72.0,1954.0,Female,United Kingdom,real estate,Real Estate,,,2014
xiuguo_tang,Xiuguo Tang,Tang,62.0,1964.0,Male,China,Manufacturing,Manufacturing,,,2023
xu_bingzhong,Xu Bingzhong,Xu,52.0,1974.0,Male,China,Bars,Food & Beverage,,no-pic,2023
xu_bo,Xu Bo,Xu,52.0,1974.0,Male,China,mobile games,Media & Entertainment,,no-pic,2019
xu_chuanhua,Xu Chuanhua,Xu,91.0,1935.0,Male,China,"Chemicals, logistics",Manufacturing,"Founder, Transfar Group",no-pic,2026
xu_gang,Xu Gang,Xu,64.0,1962.0,Male,China,Chemicals,Manufacturing,,no-pic,2024
xu_gaoming,Xu Gaoming,Xu,61.0,1965.0,Male,China,Gold and jewelry,Fashion & Retail,,no-pic,2026
xu_guangfu,Xu Guangfu,Xu,85.0,1941.0,Male,China,Daqo  Group,Energy,,no-pic,2021
xu_guifen,Xu Guifen,Xu,77.0,1949.0,Female,China,food,Food & Beverage,,no-pic-female,2021
xu_guozhong,Xu Guozhong,Xu,62.0,1964.0,Male,China,Motors,Manufacturing,,no-pic,2026
xu_hang,Xu Hang,Xu,63.0,1963.0,Male,Hong Kong,Medical devices,Healthcare,,no-pic,2026
xu_jiangnan,Xu Jiangnan,Xu,64.0,1962.0,Male,China,Vitamins,Healthcare,,no-pic,2026
xu_jin,Xu Jin,Xu,61.0,1965.0,Male,China,Wine,Food & Beverage,,no-pic,2023
xu_jinfu,Xu Jinfu,Xu,62.0,1964.0,Male,China,Chemicals,Manufacturing,,no-pic,2026
xu_jingren,Xu Jingren,Xu,83.0,1943.0,Male,China,pharmaceuticals,Healthcare,,,2021
xu_qiming,Xu Qiming,Xu,65.0,1961.0,Male,China,"food, art",Diversified,,,2020
xu_shaochun,Xu Shaochun,Xu,63.0,1963.0,Male,China,Software,Technology,,no-pic,2025
xu_shihui,Xu Shihui,Xu,68.0,1958.0,Male,China,"Snacks, beverages",Food & Beverage,,,2026
xu_shijun,Xu Shijun,Xu,63.0,1963.0,Male,China,Manufacturing,Manufacturing,,no-pic,2026
xu_shugen,Xu Shugen,Xu,60.0,1966.0,Male,China,"Construction, mining machinery",Manufacturing,,no-pic,2026
xu_wanmao,Xu Wanmao,Xu,81.0,1945.0,Male,China,Education,Service,,no-pic,2026
xu_xiong,Xu Xiong,Xu,59.0,1967.0,Male,China,driving schools,Service,,no-pic,2018
xu_xudong,Xu Xudong,Xu,56.0,1970.0,Male,China,Auto parts,Automotive,,no-pic,2026
xu_yi_2,Xu Yi,Xu,38.0,1988.0,Male,China,Internet,Media & Entertainment,,no-pic,2021
xu_yingzhuo,Xu Yingzhuo,Xu,58.0,1968.0,Male,China,Agribusiness,Food & Beverage,,no-pic,2026
xu_yuejuan,Xu Yuejuan,Xu,64.0,1962.0,Female,China,Petro Fibre,Manufacturing,,no-pic-female,2026
xu_zhenhua,Xu Zhenhua,Xu,47.0,1979.0,Male,China,Online games,Media & Entertainment,,no-pic,2026
xu_zhihan,Xu Zhihan,Xu,53.0,1973.0,Male,China,Electronics,Technology,,no-pic,2025
xu_ziquan,Xu Ziquan,Xu,72.0,1954.0,Male,China,software,Technology,,no-pic,2018
xuande_hua,Xuande Hua,Hua,82.0,1944.0,Male,China,Pharmaceuticals,Healthcare,,no-pic,2023
xue_hua,Xue Hua,Xue,,,Male,China,Agribusiness,Manufacturing,,no-pic,2026
xue_jiping,Xue Jiping,Xue,75.0,1951.0,Male,China,Cable,Telecom,,no-pic,2025
xue_min,Xue Min,Xue,69.0,1957.0,Male,China,Healthcare,Healthcare,,no-pic,2026
xue_xiangdong,Xue Xiangdong,Xue,67.0,1959.0,Male,China,Software,Technology,,,2026
xuechu_he,He Xuechu,He,75.0,1951.0,Male,Hong Kong,mining,Metals & Mining,,,2011
xuejing_liu,Xuejing Liu,Liu,76.0,1950.0,Male,China,"copper, poultry",Diversified,,no-pic,2022
xuhui_li,Xuhui Li,Li,57.0,1969.0,Female,China,Soy sauce,Food & Beverage,,no-pic-female,2023
yadu_hari_dalmia,Yadu Hari Dalmia,Dalmia,79.0,1947.0,Male,India,Cement,Manufacturing,,no-pic,2025
yair_hamburger,Yair Hamburger,Hamburger,79.0,1947.0,Male,Israel,Financial Services,Finance & Investments,,no-pic,2026
yakir_gabay,Yakir Gabay,Gabay,60.0,1966.0,Male,Cyprus,Real estate,Real Estate,,no-pic,2026
yan_jane,Yan Jane,Yan,56.0,1970.0,Female,China,Software,Technology,,no-pic-female,2023
yan_junjie,Yan Junjie,Yan,37.0,1989.0,Male,China,AI,Technology,,no-pic,2026
yan_junxu,Yan Junxu,Yan,56.0,1970.0,Male,China,Manufacturing,Manufacturing,,no-pic,2023
yan_yude,Yan Yude,Yan,69.0,1957.0,Male,China,private schools,Service,,no-pic,2019
yan_zhi,Yan Zhi,Yan,53.0,1973.0,Male,China,Real estate,Real Estate,,,2026
yan_zhou,Yan Zhou,Yan,38.0,1988.0,Male,China,Snacks,Food & Beverage,,no-pic,2026
yang_chang_chih,Yang Chang-Chih,Yang,79.0,1947.0,Male,Taiwan,Printed circuit board,Manufacturing,,no-pic,2026
yang_erzhu,Yang Erzhu,Yang,76.0,1950.0,Male,China,real estate,Real Estate,,no-pic,2022
yang_huiyan,Yang Huiyan,Yang,44.0,1982.0,Female,China,Real estate,Real Estate,,,2026
yang_jian,Yang Jian,Yang,55.0,1971.0,Male,China,real estate,Real Estate,,no-pic,2022
yang_jianliang,Yang Jianliang,Yang,56.0,1970.0,Male,China,Machinery,Manufacturing,,no-pic,2023
yang_jianxin,Yang Jianxin,Yang,61.0,1965.0,Male,China,apparel,Technology,,no-pic,2018
yang_kai,Yang Kai,Yang,75.0,1951.0,Male,China,dairy products,Food and Beverage,,,2017
yang_keng,Yang Keng,Yang,67.0,1959.0,Male,China,real estate,Real Estate,,,2021
yang_lijuan,Yang Lijuan,Yang,50.0,1976.0,Female,China,restaurants,Food & Beverage,,no-pic-female,2021
yang_meirong,Yang Meirong,Yang,,,Female,China,education,Service,,no-pic-female,2018
yang_min_1,Yang Min,Yang,71.0,1955.0,Female,China,mining,Metals & Mining,,no-pic-female,2026
yang_qiumei,Yang Qiumei,Yang,61.0,1965.0,Female,Hong Kong,Software,Technology,,no-pic-female,2026
yang_shaopeng,Yang Shaopeng,Yang,68.0,1958.0,Male,China,Shipping,Logistics,,no-pic,2026
yang_steven_meng,Yang Steven Meng,Yang,44.0,1982.0,Male,China,Electronics,Technology,,no-pic,2026
yang_tingdong,Yang Tingdong,Yang,67.0,1959.0,Male,China,Brewery,Food & Beverage,,no-pic,2024
yang_weidong_1,Yang Weidong,Yang,57.0,1969.0,Male,China,Chemicals,Manufacturing,,no-pic,2026
yang_xian,Xian Yang,Xian,64.0,1962.0,Male,China,coal,Energy,,no-pic,2011
yang_xuegang,Yang Xuegang,Yang,61.0,1965.0,Male,China,Coking,Manufacturing,,no-pic,2026
yang_ying,Yang Ying,Yang,63.0,1963.0,Female,China,pharmaceuticals,Healthcare,,no-pic-female,2026
yang_yuanqing,Yang Yuanqing,Yang,61.0,1965.0,Male,China,computers,Technology,,,2026
yang_yuanxi,Yang Yuanxi,Yang,,,Male,China,video streaming app,Media & Entertainment,,no-pic,2021
yang_yunchun,Yang Yunchun,Yang,56.0,1970.0,Male,China,electronic equipment,Manufacturing,,no-pic,2026
yang_yunyun,Yang Yunyun,Yang,49.0,1977.0,Female,China,Retail,Fashion & Retail,,no-pic-female,2023
yang_zhimao,Yang Zhimao,Yang,69.0,1957.0,Male,China,"utilities, real estate",Diversified,,no-pic,2017
yanqiao_ye,Yanqiao Ye,Ye,56.0,1970.0,Male,China,Soy sauce,Food & Beverage,,no-pic,2023
yao_hsiao_tung,Yao Hsiao Tung,Yao,86.0,1940.0,Male,Singapore,Manufacturing,Manufacturing,,,2026
yao_jinbo,Yao Jinbo,Yao,54.0,1972.0,Male,China,online marketplace,Technology,,,2019
yao_juhuo,Yao Juhuo,Yao,108.0,1918.0,Male,China,Coal,Energy,,no-pic,2010
yao_kuizhang,Yao Kuizhang,Yao,61.0,1965.0,Male,China,Beverages,Food & Beverage,,no-pic,2026
yao_liangbo,Yao Liangbo,Yao,58.0,1968.0,Male,China,furniture retailing,Fashion & Retail,,no-pic,2022
yao_liangsong,Yao Liangsong,Yao,61.0,1965.0,Male,China,Furniture,Manufacturing,,no-pic,2026
yao_lisheng,Yao Lisheng,Yao,58.0,1968.0,Male,China,electronics,Technology,,no-pic,2021
yao_runhao,Yao Runhao,Yao,38.0,1988.0,Male,China,Online games,Media & Entertainment,,no-pic,2026
yao_wenbin,Yao Wenbin,Yao,64.0,1962.0,Male,China,software,Technology,,no-pic,2014
yao_xinyi,Yao Xinyi,Yao,66.0,1960.0,Male,China,air conditioning,Diversified,,,2018
yao_yi_1,Yao Yi,Yao,60.0,1966.0,Male,China,Machine vision and fiber optics,Manufacturing,,no-pic,2026
yao_zhenhua,Yao Zhenhua,Yao,58.0,1968.0,Male,China,conglomerate,Diversified,"Chairman, Baoneng Group",,2021
yasemin_zeynep_keyman,Yasemin Zeynep Keyman,Zeynep Keyman,65.0,1961.0,Female,Turkey,Construction,Construction & Engineering,,no-pic-female,2026
yasseen_mansour,Yasseen Mansour,Mansour,64.0,1962.0,Male,Egypt,Diversified,Diversified,,,2026
yasuhide_uno,Yasuhide Uno,Uno,62.0,1964.0,Male,Japan,Payment services,Technology,,no-pic,2026
yasuhiro_fukushima,Yasuhiro Fukushima,Fukushima,78.0,1948.0,Male,Japan,Video games,Media & Entertainment,,,2026
yasuhisa_ito,Yasuhisa Ito,Ito,,,Male,Japan,Retail,Fashion & Retail,,no-pic,2026
yasumitsu_shigeta,Yasumitsu Shigeta,Shigeta,61.0,1965.0,Male,Japan,Mobile phone retailer,Telecom,,,2026
ye_cheng,Ye Cheng,Ye,66.0,1960.0,Male,China,conglomerate,Diversified,,no-pic,2021
ye_chenghai,Ye Chenghai,Ye,82.0,1944.0,Male,Hong Kong,Pharmaceuticals,Healthcare,,,2026
ye_fan,Ye Fan,Ye,55.0,1971.0,Male,China,Auto dealerships,Automotive,,no-pic,2023
ye_guofu,Ye Guofu,Ye,48.0,1978.0,Male,China,Retail,Fashion & Retail,,no-pic,2026
ye_qiongjiu,Ye Qiongjiu,Ye,71.0,1955.0,Female,China,Software,Technology,,no-pic-female,2026
ye_shanqun,Ye Shanqun,Ye,77.0,1949.0,Male,China,manufactured goods,Manufacturing,,no-pic,2025
ye_xiaoping,Ye Xiaoping,Ye,63.0,1963.0,Male,China,Pharmaceuticals,Healthcare,,no-pic,2026
ye_yuanxi,Ye Yuanxi,Ye,73.0,1953.0,Male,China,decorations,Service,,,2013
yeh_kuo_i,Yeh Kuo-I,Yeh,85.0,1941.0,Male,Taiwan,Computers,Manufacturing,,no-pic,2026
yeoh_tiong_lay,Yeoh Tiong Lay,Yeoh,102.0,1924.0,Male,Malaysia,"construction, property, power",Diversified,,,2017
yeung_kin_man,Yeung Kin-man,Yeung,73.0,1953.0,Male,Hong Kong,Electronics,Manufacturing,,,2026
yi_dasheng,Yi Dasheng,Yi,65.0,1961.0,Male,China,Conglomerate,Diversified,,no-pic,2026
yi_rubo,Yi Rubo,Yi,52.0,1974.0,Male,China,real estate,Real Estate,,no-pic,2020
yi_xianzhong,Yi Xianzhong,Yi,68.0,1958.0,Male,China,Pharmaceuticals,Healthcare,,,2024
yi_zheng,Yi Zheng,Yi,55.0,1971.0,Male,China,Software,Technology,,no-pic,2026
yigal_dimri,Yigal Dimri,Dimri,70.0,1956.0,Male,Israel,Construction,Construction & Engineering,,no-pic,2026
yildirim_ali_koc,Yildirim Ali Koc,Koc,69.0,1957.0,Male,Turkey,diversified,Diversified,,,2013
yin_xin,Yin Xin,Yin,43.0,1983.0,Male,China,video streaming app,Media & Entertainment,,no-pic,2021
yin_xingman,Yin Xingman,Yin,76.0,1950.0,Male,China,auto parts,Automotive,,no-pic,2016
yin_yee_lee,Yin Yee Lee,Lee,74.0,1952.0,Male,China,Glass,Manufacturing,,no-pic,2026
yinon_costica,Yinon Costica,Costica,43.0,1983.0,Male,Israel,Security startup,Technology,,no-pic,2026
yintai_jiang,Yintai Jiang,Jiang,75.0,1951.0,Male,China,Auto parts,Automotive,,no-pic,2023
yitzhak_tshuva,Yitzhak Tshuva,Tshuva,77.0,1949.0,Male,Israel,Real estate,Real Estate,,,2026
yogesh_kothari,Yogesh Kothari,Kothari,78.0,1948.0,Male,India,Specialty chemicals,Manufacturing,,no-pic,2024
yoichi_erikawa,Yoichi Erikawa,Erikawa,75.0,1951.0,Male,Japan,Video games,Media & Entertainment,,no-pic,2026
yoichi_keiko_erikawa,Yoichi & Keiko Erikawa,Erikawa,,,,Japan,videogames,Media & Entertainment,,no-pic,2022
yonghong_shi,Yonghong Shi,Shi,57.0,1969.0,Male,China,Restaurants,Food & Beverage,,no-pic,2023
yoni_nahmad,Yoni Nahmad,Nahmad,25.0,2001.0,Male,Italy,Art,Finance & Investments,,no-pic,2026
yoo_jung_hyun,Yoo Jung-hyun,Yoo,57.0,1969.0,Female,South Korea,Online games,Media & Entertainment,,no-pic-female,2026
yoon_dae_in,Yoon Dae-in,Yoon,76.0,1950.0,Male,South Korea,Biotech,Healthcare,,no-pic,2026
yoshiaki_yoshida,Yoshiaki Yoshida,Yoshida,85.0,1941.0,Male,Japan,Cosmetics,Fashion & Retail,,no-pic,2026
yoshikazu_tanaka,Yoshikazu Tanaka,Tanaka,50.0,1976.0,Male,Japan,social network,Technology,,,2022
yoshiko_mori,Yoshiko Mori,Mori,85.0,1941.0,Female,Japan,Real estate,Real Estate,,,2026
yoshiko_shinohara,Yoshiko Shinohara,Shinohara,96.0,1930.0,Female,Japan,staffing,Service,,,2018
yoshitaka_fukuda,Yoshitaka Fukuda,Fukuda,93.0,1933.0,Male,Japan,,,,,2008
yoshiyuki_sankai,Yoshiyuki Sankai,Sankai,72.0,1954.0,Male,Japan,robotics,Technology,,,2018
you_xiaoping,You Xiaoping,You,68.0,1958.0,Male,China,Polyurethanes,Manufacturing,,,2026
youssef_mansour,Youssef Mansour,Mansour,80.0,1946.0,Male,Egypt,Diversified,Diversified,,,2026
yousuf_mohammad_jamjoom,Yousuf Mohammad Jamjoom,Jamjoom,96.0,1930.0,Male,Saudi Arabia,Pharmaceuticals,Healthcare,,no-pic,2026
yu_awu,Yu Awu,Yu,92.0,1934.0,Male,China,jewelry,Manufacturing,,no-pic,2015
yu_bangping,Yu Bangping,Yu,60.0,1966.0,Male,China,coal mining,Metals & Mining,,no-pic,2021
yu_de_chao,Yu De-Chao,Yu,62.0,1964.0,Male,United States,pharmaceuticals,Healthcare,,no-pic,2026
yu_faxiang,Yu Faxiang,Yu,55.0,1971.0,Male,China,"Tourism, cultural industry",Media & Entertainment,,no-pic,2024
yu_guo,Yu Guo,Yu,66.0,1960.0,Male,China,education,Service,,no-pic,2021
yu_jinkun,Yu Jinkun,Yu,83.0,1943.0,Male,China,transportation equipment,Manufacturing,,no-pic,2026
yu_kai,Yu Kai,Yu,49.0,1977.0,Male,China,Autonomous driving,Technology,,no-pic,2026
yu_lili,Yu Lili,Yu,58.0,1968.0,Female,China,Electronic components,Manufacturing,,no-pic-female,2026
yu_peidi,Yu Peidi,Yu,66.0,1960.0,Male,Hong Kong,Real estate,Real Estate,,,2026
yu_qibing,Yu Qibing,Yu,60.0,1966.0,Male,China,Glass,Manufacturing,,no-pic,2026
yu_renrong,Yu Renrong,Yu,60.0,1966.0,Male,China,Semiconductors,Manufacturing,,no-pic,2026
yu_rong,Yu Rong,Yu,54.0,1972.0,Male,China,Health clinics,Healthcare,,no-pic,2026
yu_xuefeng,Yu Xuefeng,Yu,65.0,1961.0,Male,Canada,pharmaceuticals,Healthcare,,no-pic,2021
yu_yong,Yu Yong,Yu,65.0,1961.0,Male,China,Mining,Finance & Investments,,no-pic,2026
yu_yunxin,Yu Yunxin,Yu,69.0,1957.0,Male,China,costume jewelry,Fashion & Retail,,no-pic,2018
yu_zhuyun,Yu Zhuyun,Yu,52.0,1974.0,Male,China,Diversified,Construction & Engineering,,no-pic,2026
yuan_fugen,Yuan Fugen,Yuan,75.0,1951.0,Male,China,Metal processing,Manufacturing,,no-pic,2026
yuan_jiandong_1,Yuan Jiandong,Yuan,,,Male,China,pharmaceuticals,Healthcare,,no-pic,2026
yuan_jinhua,Yuan Jinhua,Yuan,69.0,1957.0,Male,China,Manufacturing,Manufacturing,,no-pic,2021
yuan_liping,Yuan Liping,Yuan,55.0,1971.0,Female,Canada,Pharmaceuticals,Healthcare,,no-pic-female,2023
yuan_yafei,Yuan Yafei,Yuan,67.0,1959.0,Male,China,"retail, investments",Fashion & Retail,,,2018
yuan_zhimin,Yuan Zhimin,Yuan,65.0,1961.0,Male,China,plastics,Manufacturing,,,2026
yuan_zhongxue,Yuan Zhongxue,Yuan,71.0,1955.0,Male,China,Tires,Manufacturing,,no-pic,2026
yuanlin_ren,Ren Yuanlin,Ren,85.0,1941.0,Male,China,Shipbuilding,Logistics,,,2011
yuantai_chen,Yuantai Chen,Chen,58.0,1968.0,Male,China,Batteries,Energy,,no-pic,2023
yubai_zhang,Yubai Zhang,Zhang,61.0,1965.0,Male,China,Wine,Food & Beverage,,no-pic,2023
yuequn_tao,Yuequn Tao,Tao,66.0,1960.0,Male,China,Contact Lens,Fashion & Retail,,no-pic,2023
yuji_otsuka_1,Yuji Otsuka,Otsuka,72.0,1954.0,Male,Japan,"Copy machines, software",Technology,,no-pic,2026
yupa_chiaravanond,Yupa Chiaravanond,Chiaravanond,,,Female,Thailand,diversified,Diversified,,no-pic-female,2019
yuri_gushchin,Yuri Gushchin,Gushchin,86.0,1940.0,Male,Russia,"candy, real estate",Food and Beverage,,no-pic,2018
yuri_karptsov,Yuri Karptsov,Karptsov,62.0,1964.0,Male,Russia,Retail,Fashion & Retail,,no-pic,2026
yuri_kovalchuk,Yuri Kovalchuk,Kovalchuk,74.0,1952.0,Male,Russia,"Banking, insurance, media",Finance & Investments,,,2026
yuri_milner,Yuri Milner,Milner,64.0,1962.0,Male,Israel,Tech investments,Finance & Investments,"Partner, DST Global",,2026
yuri_shefler,Yuri Shefler,Shefler,58.0,1968.0,Male,Russia,Alcohol,Food & Beverage,,,2026
yuriy_kosiuk,Yuriy Kosiuk,Kosiuk,60.0,1966.0,Male,Ukraine,agribusiness,Food & Beverage,,,2020
yusaku_maezawa,Yusaku Maezawa,Maezawa,50.0,1976.0,Male,Japan,Online retail,Technology,,,2026
yusuf_hamied,Yusuf Hamied,Hamied,89.0,1937.0,Male,India,Pharmaceuticals,Healthcare,,,2026
yuzhu_shi,Yuzhu Shi,Shi,63.0,1963.0,Male,China,"Online games, investments",Diversified,,,2023
yves_loic_martin,Yves-Loic Martin,Martin,60.0,1966.0,Male,France,Laboratory services,Healthcare,,no-pic,2026
yvon_chouinard,Yvon Chouinard,Chouinard,88.0,1938.0,Male,United States,Patagonia,Fashion & Retail,,no-pic,2022
yvonne_bauer,Yvonne Bauer,Bauer,49.0,1977.0,Female,Germany,"Magazines, media",Media & Entertainment,,,2026
yvonne_lo,Yvonne Lo,Lo,81.0,1945.0,Female,Hong Kong,Textile,Fashion & Retail,,no-pic-female,2026
zach_mcleroy,Zach McLeroy,McLeroy,63.0,1963.0,Male,United States,Fast food,Food & Beverage,,no-pic,2026
zach_perret,Zach Perret,Perret,39.0,1987.0,Male,United States,fintech,Finance & Investments,"Cofounder, Plaid",no-pic,2022
zachary_stern,Zachary Stern,Stern,44.0,1982.0,Male,United States,Liquor,Food & Beverage,,no-pic,2026
zadik_bino,Zadik Bino,Bino,82.0,1944.0,Male,Israel,"Banking, oil",Diversified,,,2026
zahan_mistry,Zahan Mistry,Mistry,27.0,1999.0,Male,Ireland,Diversified,Diversified,,no-pic,2026
zakhar_smushkin,Zakhar Smushkin,Smushkin,64.0,1962.0,Male,Russia,"Pulp and paper, diversified",Diversified,,no-pic,2026
zan_shengda,Zan Shengda,Zan,63.0,1963.0,Male,China,Diversified,Diversified,,,2026
zarakh_iliev,Zarakh Iliev,Iliev,59.0,1967.0,Male,Russia,Real estate,Real Estate,,,2026
zbigniew_juroszek,Zbigniew Juroszek,Juroszek,63.0,1963.0,Male,Poland,"Real estate, gambling",Diversified,,no-pic,2026
zdenek_bakala,Zdenek Bakala,Bakala,74.0,1952.0,Male,Czech Republic,coal,Energy,,,2014
zelimkhan_mutsoev,Zelimkhan Mutsoev,Mutsoev,74.0,1952.0,Male,Russia,"fertilizers, real estate",Real Estate,,,2015
zeng_chaolin_1,Zeng Chaolin,Zeng,43.0,1983.0,Male,China,Aluminium,Metals & Mining,,no-pic,2026
zeng_chaoyi,Zeng Chaoyi,Zeng,57.0,1969.0,Male,China,Aluminum products,Manufacturing,,no-pic,2026
zeng_fangqin,Zeng Fangqin,Zeng,60.0,1966.0,Female,Hong Kong,Smartphone components,Technology,,no-pic-female,2026
zeng_huansha,Zeng Huansha,Zeng,60.0,1966.0,Male,China,real estate,Real Estate,,no-pic,2021
zeng_kaitian,Zeng Kaitian,Zeng,51.0,1975.0,Male,China,Online games,Technology,,no-pic,2026
zeng_weixiong,Zeng Weixiong,Zeng,,,Male,China,healthcare,Healthcare,,no-pic,2022
zeng_xiaoshan,Zeng Xiaoshan,Zeng,84.0,1942.0,Male,China,aluminum,Metals & Mining,,no-pic,2020
zhai_meiqin_1,Zhai Meiqin,Zhai,69.0,1957.0,Female,Hong Kong,conglomerate,Diversified,,no-pic-female,2016
zhan_micree,Zhan Micree,Zhan,50.0,1976.0,Male,China,Cryptocurrency mining chips,Technology,,no-pic,2020
zhang_anqiang,Zhang Anqiang,Zhang,76.0,1950.0,Male,Hong Kong,software,Technology,,no-pic,2017
zhang_bangxin,Zhang Bangxin,Zhang,46.0,1980.0,Male,China,Education,Service,,no-pic,2026
zhang_changhong,Zhang Changhong,Zhang,68.0,1958.0,Male,China,financial information service,Technology,,,2026
zhang_cheng_fei,Zhang Cheng Fei,Zhang,58.0,1968.0,Male,China,paper & related products,Manufacturing,,no-pic,2026
zhang_chuanwei,Zhang Chuanwei,Zhang,63.0,1963.0,Male,China,Machinery,Manufacturing,,no-pic,2026
zhang_congyuan,Zhang Congyuan,Zhang,78.0,1948.0,Male,Taiwan,Shoes,Fashion & Retail,,no-pic,2026
zhang_daocai,Zhang Daocai,Zhang,76.0,1950.0,Male,China,Valves,Diversified,,no-pic,2026
zhang_desheng,Zhang Desheng,Zhang,82.0,1944.0,Male,China,manufacturing,Manufacturing,,no-pic,2017
zhang_fan,Zhang Fan,Zhang,60.0,1966.0,Male,China,Touch screens,Technology,,no-pic,2026
zhang_fangliang,Zhang Fangliang,Zhang,62.0,1964.0,Male,China,biotechnology,Healthcare,,no-pic,2022
zhang_feng,Zhang Feng,Zhang,62.0,1964.0,Male,China,Automotive components,Manufacturing,,no-pic,2026
zhang_gongyun,Zhang Gongyun,Zhang,63.0,1963.0,Male,China,Tyre manufacturing machinery,Manufacturing,,no-pic,2026
zhang_guiping,Zhang Guiping,Zhang,74.0,1952.0,Male,China,Real estate,Real Estate,,,2023
zhang_hejun,Zhang Hejun,Zhang,74.0,1952.0,Male,China,Electronics,Manufacturing,,no-pic,2026
zhang_hong,Zhang Hong,Zhang,,,Female,China,Solar,Energy,,no-pic-female,2024
zhang_hongchao,Zhang Hongchao,Zhang,50.0,1976.0,Male,China,Bubble tea,Food & Beverage,,no-pic,2026
zhang_hongfu,Zhang Hongfu,Zhang,42.0,1984.0,Male,China,Bubble tea,Food & Beverage,,no-pic,2026
zhang_hongwei,Zhang Hongwei,Zhang,71.0,1955.0,Male,China,"Oil, banking",Diversified,,,2026
zhang_jian,Zhang Jian,Zhang,57.0,1969.0,Male,China,"Electric bikes, scooters",Manufacturing,,no-pic,2026
zhang_jianguo_1,Zhang Jianguo,Zhang,63.0,1963.0,Male,China,energy,Energy,,no-pic,2026
zhang_jianhui,Zhang Jianhui,Zhang,48.0,1978.0,Male,China,Energy storage,Energy,,no-pic,2026
zhang_jianzhong,Zhang Jianzhong,Zhang,60.0,1966.0,Male,China,Semiconductor,Manufacturing,,no-pic,2026
zhang_jin,Zhang Jin,Zhang,56.0,1970.0,Male,China,commodities,Diversified,,no-pic,2021
zhang_jindong,Zhang Jindong,Zhang,65.0,1961.0,Male,China,appliance retailer,Fashion & Retail,,,2021
zhang_jingzhang,Zhang Jingzhang,Zhang,90.0,1936.0,Male,China,Precision machinery,Manufacturing,,no-pic,2026
zhang_kaiyuan,Zhang Kaiyuan,Zhang,78.0,1948.0,Male,China,gas desulfurization,Manufacturing,,no-pic,2016
zhang_keqiang,Zhang Keqiang,Zhang,66.0,1960.0,Male,China,Real estate,Real Estate,,,2026
zhang_lei,Zhang Lei,Zhang,53.0,1973.0,Male,Singapore,Investments,Finance & Investments,,,2026
zhang_lei_1,Zhang Lei,Zhang,74.0,1952.0,Male,China,investments,Finance & Investments,,,2001
zhang_li,Zhang Li,Zhang,73.0,1953.0,Male,China,Real estate,Real Estate,,,2026
zhang_liaoyuan,Zhang Liaoyuan,Zhang,53.0,1973.0,Male,China,food,Food & Beverage,,no-pic,2020
zhang_liguo,Zhang Liguo,Zhang,62.0,1964.0,Male,China,skincare,Manufacturing,,no-pic,2026
zhang_ning,Zhang Ning,Zhang,52.0,1974.0,Female,Canada,Chemicals,Manufacturing,,no-pic-female,2026
zhang_shengwei,Zhang Shengwei,Zhang,53.0,1973.0,Male,China,E-cigarettes,Manufacturing,,no-pic,2026
zhang_shilong,Zhang Shilong,Zhang,60.0,1966.0,Male,China,Semiconductor,Technology,,no-pic,2026
zhang_shiping,Zhang Shiping,Zhang,83.0,1943.0,Male,China,aluminum products,Metals & Mining,,,2019
zhang_tao,Zhang Tao,Zhang,53.0,1973.0,Male,China,E-commerce,Fashion & Retail,,no-pic,2026
zhang_tianyu,Zhang Tianyu,Zhang,58.0,1968.0,Male,China,telecommunications,Telecom,,no-pic,2026
zhang_wanzhen,Zhang Wanzhen,Zhang,76.0,1950.0,Male,China,Electronics components,Manufacturing,,no-pic,2026
zhang_wenzhong,Zhang Wenzhong,Zhang,64.0,1962.0,Male,China,Supermarkets,Fashion & Retail,,no-pic,2026
zhang_xi,Zhang Xi,Zhang,54.0,1972.0,Male,China,chemicals,Manufacturing,,no-pic,2021
zhang_xiaojuan,Zhang Xiaojuan,Zhang,56.0,1970.0,Female,China,Logistics,Logistics,,no-pic-female,2026
zhang_xin,Zhang Xin,Zhang,60.0,1966.0,Female,China,Real estate,Real Estate,"Cofounder, CEO, SOHO China",,2026
zhang_xinghai,Zhang Xinghai,Zhang,63.0,1963.0,Male,China,Machinery,Manufacturing,,no-pic,2026
zhang_xiugen,Zhang Xiugen,Zhang,69.0,1957.0,Male,China,automobiles,Automotive,,no-pic,2019
zhang_xuanning,Zhang Xuanning,Zhang,57.0,1969.0,Male,China,retail,Fashion & Retail,,no-pic,2021
zhang_xuansong,Zhang Xuansong,Zhang,54.0,1972.0,Male,China,Supermarkets,Fashion & Retail,,,2026
zhang_xuewu,Zhang Xuewu,Zhang,51.0,1975.0,Male,China,Snacks,Food & Beverage,,no-pic,2026
zhang_xuexin,Zhang Xuexin,Zhang,78.0,1948.0,Male,China,Aluminum,Metals & Mining,,no-pic,2026
zhang_xuezheng,Zhang Xuezheng,Zhang,50.0,1976.0,Male,China,Telecom,Technology,,no-pic,2023
zhang_yiming,Zhang Yiming,Zhang,42.0,1984.0,Male,China,TikTok,Technology,,no-pic,2026
zhang_yin,Zhang Yin,Zhang,69.0,1957.0,Female,China,Paper manufacturing,Manufacturing,,no-pic-female,2026
zhang_yong_1,Zhang Yong,Zhang,55.0,1971.0,Male,Singapore,Restaurants,Food & Beverage,,no-pic,2026
zhang_yuanlin,Zhang Yuanlin,Zhang,52.0,1974.0,Male,China,real estate,Real Estate,,no-pic,2021
zhang_yubai,Zhang Yubai,Zhang,61.0,1965.0,Male,China,Wine,Food & Beverage,,no-pic,2025
zhang_yubo,Zhang Yubo,Zhang,41.0,1985.0,Male,China,Semiconductor,Manufacturing,,no-pic,2026
zhang_yue_2,Zhang Yue,Zhang,72.0,1954.0,Male,China,air conditioning,Manufacturing,,no-pic,2017
zhang_yuqiang,Zhang Yuqiang,Zhang,70.0,1956.0,Male,China,Fiberglass,Manufacturing,,no-pic,2026
zhang_yuxiang,Zhang Yuxiang,Zhang,63.0,1963.0,Male,China,apparel,Fashion & Retail,,no-pic,2021
zhang_zhangsun,Zhang Zhangsun,Zhang,74.0,1952.0,Male,China,real estate,Real Estate,,,2018
zhang_zhidong,Zhang Zhidong,Zhang,54.0,1972.0,Male,China,Online games,Technology,,,2026
zhang_zhirong,Zhang Zhirong,Zhang,62.0,1964.0,Male,Hong Kong,"real estate, shipbuilding",Diversified,,,2018
zhang_zhixiang,Zhang Zhixiang,Zhang,61.0,1965.0,Male,China,steel,Metals & Mining,,,2021
zhang_zhongneng,Zhang Zhongneng,Zhang,70.0,1956.0,Male,China,aluminum,Manufacturing,,no-pic,2016
zhao_ding,Zhao Ding,Zhao,36.0,1990.0,Male,China,Snacks,Food & Beverage,,no-pic,2026
zhao_dongping,Zhao Dongping,Zhao,51.0,1975.0,Male,China,technology,Technology,,no-pic,2021
zhao_fenggang,Zhao Fenggang,Zhao,60.0,1966.0,Male,China,Batteries,Energy,,no-pic,2026
zhao_hongfei,Zhao Hongfei,Zhao,51.0,1975.0,Male,China,Software,Technology,,no-pic,2026
zhao_lixin,Zhao Lixin,Zhao,60.0,1966.0,Male,China,Electronics,Technology,,no-pic,2026
zhao_mantang,Zhao Mantang,Zhao,65.0,1961.0,Male,China,Silver mining,Metals & Mining,,no-pic,2026
zhao_meiguang,Zhao Meiguang,Zhao,65.0,1961.0,Male,China,gold mining,Metals & Mining,,no-pic,2021
zhao_tao,Zhao Tao,Zhao,60.0,1966.0,Male,Singapore,Pharmaceuticals,Healthcare,,,2026
zhao_tongtong_1,Zhao Tongtong,Zhao,59.0,1967.0,Female,Canada,Hotels,Service,,no-pic-female,2026
zhao_xiaoqiang,Zhao Xiaoqiang,Zhao,64.0,1962.0,Male,China,"fashion, entertainment",Fashion & Retail,,no-pic,2018
zhao_yan,Zhao Yan,Zhao,59.0,1967.0,Female,China,Biotech,Diversified,,no-pic-female,2026
zhaobai_jiang,Zhaobai Jiang,Jiang,62.0,1964.0,Male,China,Real estate,Real Estate,,no-pic,2023
zhaohui_li,Li Zhaohui,Li,58.0,1968.0,Male,China,Manufacturing,,,,2010
zhaoxi_lu,Zhaoxi Lu,Lu,58.0,1968.0,Male,China,e-commerce,Technology,,no-pic,2022
zhen_li,Zhen Li,Li,62.0,1964.0,Male,China,Lithium batteries,Manufacturing,,,2023
zhenda_huang,Zhenda Huang,Huang,78.0,1948.0,Male,China,Construction,Construction & Engineering,,no-pic,2023
zheng_fan,Zheng Fan,Fan,47.0,1979.0,Male,China,electric vehicles,Automotive,,no-pic,2025
zheng_hong_1,Zheng Hong,Zheng,76.0,1950.0,Male,China,electronics,Technology,,no-pic,2022
zheng_jianjiang,Zheng Jianjiang,Zheng,65.0,1961.0,Male,China,Electrical equipment,Manufacturing,,,2026
zheng_shuliang,Zheng Shuliang,Zheng,80.0,1946.0,Female,China,Aluminum products,Metals & Mining,,no-pic-female,2026
zheng_wei,Zheng Wei,Zheng,55.0,1971.0,Male,China,pharmaceuticals,Healthcare,,no-pic,2026
zheng_xiaodong,Zheng Xiaodong,Zheng,62.0,1964.0,Male,China,Manufacturing,Manufacturing,,no-pic,2026
zheng_yuewen,Zheng Yuewen,Zheng,67.0,1959.0,Male,China,investments,Diversified,,,2020
zheng_zhiguo,Zheng Zhiguo,Zheng,55.0,1971.0,Male,China,drugs,Healthcare,,no-pic,2022
zhong_huaijun,Zhong Huaijun,Zhong,61.0,1965.0,Male,China,Food,Food & Beverage,,no-pic,2026
zhong_huijuan,Zhong Huijuan,Zhong,65.0,1961.0,Female,China,Pharmaceuticals,Healthcare,,no-pic-female,2026
zhong_naixiong,Zhong Naixiong,Zhong,65.0,1961.0,Male,China,conglomerate,Diversified,,no-pic,2021
zhong_peifeng_1,Zhong Peifeng,Zhong,63.0,1963.0,Male,United States,semiconductor,Telecom,,no-pic,2026
zhong_ruonong,Zhong Ruonong,Zhong,63.0,1963.0,Female,China,Electronics,Manufacturing,,no-pic-female,2026
zhong_shanshan,Zhong Shanshan,Zhong,71.0,1955.0,Male,China,"Beverages, pharmaceuticals",Food & Beverage,,no-pic,2026
zhong_sheng_jian,Zhong Sheng Jian,Zhong,68.0,1958.0,Male,Singapore,Real estate,Real Estate,,,2026
zhongyi_wu,Zhongyi Wu,Wu,52.0,1974.0,Male,China,electronics,Technology,,no-pic,2023
zhou_bajin,Zhou Bajin,Zhou,91.0,1935.0,Male,China,Auto parts,Manufacturing,,no-pic,2025
zhou_chaonan,Zhou Chaonan,Zhou,65.0,1961.0,Female,China,Manufacturing,Manufacturing,,no-pic-female,2026
zhou_chengjian,Zhou Chengjian,Zhou,61.0,1965.0,Male,China,Fashion retail,Fashion & Retail,,,2026
zhou_guohui,Zhou Guohui,Zhou,67.0,1959.0,Male,China,logistics,Logistics,,,2017
zhou_hongyi,Zhou Hongyi,Zhou,55.0,1971.0,Male,China,Security software,Technology,,,2026
zhou_jian_1,Zhou Jian,Zhou,49.0,1977.0,Male,China,robotics,Technology,,no-pic,2026
zhou_jian_3,Zhou Jian,Zhou,49.0,1977.0,Male,China,Solar energy equipment,Energy,,no-pic,2026
zhou_jianping,Zhou Jianping,Zhou,65.0,1961.0,Male,China,Fashion retail,Fashion & Retail,,,2026
zhou_junjie,Zhou Junjie,Zhou,58.0,1968.0,Male,China,equipment,Manufacturing,,no-pic,2025
zhou_liangzhang,Zhou Liangzhang,Zhou,63.0,1963.0,Male,China,electrical equipment,Manufacturing,,no-pic,2026
zhou_minghua,Zhou Minghua,Zhou,63.0,1963.0,Male,China,pharmaceutical,Healthcare,,no-pic,2022
zhou_mingjie,Zhou Mingjie,Zhou,69.0,1957.0,Male,China,lighting installations,Technology,,no-pic,2022
zhou_ping,Zhou Ping,Zhou,65.0,1961.0,Male,China,utilities,Service,,no-pic,2021
zhou_qunfei,Zhou Qunfei,Zhou,,,Female,Hong Kong,Smartphone screens,Technology,,,2026
zhou_ruxin,Zhou Ruxin,Zhou,64.0,1962.0,Male,China,Navigation,Technology,,no-pic,2022
zhou_wei_1,Zhou Wei family,Zhou,61.0,1965.0,Male,China,Software,Technology,,no-pic,2021
zhou_wen,Zhou Wen,Zhou,61.0,1965.0,Male,China,Chemicals,Manufacturing,,no-pic,2026
zhou_wenyu,Zhou Wenyu,Zhou,66.0,1960.0,Male,China,real estate,Real Estate,,no-pic,2018
zhou_xiaoguang,Zhou Xiaoguang,Zhou,69.0,1957.0,Female,China,real estate,Real Estate,,,2018
zhou_xiaoping_1,Zhou Xiaoping,Xiaoping,64.0,1962.0,Female,China,Auto parts,Manufacturing,,no-pic-female,2026
zhou_xiayun,Zhou Xiayun,Zhou,73.0,1953.0,Male,China,Education,Service,,no-pic,2021
zhou_yahui,Zhou Yahui,Zhou,49.0,1977.0,Male,China,online games,Media & Entertainment,,no-pic,2026
zhou_yahui_1,Zhou Yahui,Zhou,51.0,1975.0,Male,China,online games,Technology,,,2021
zhou_yaoting,Zhou Yaoting,Zhou,88.0,1938.0,Male,China,"apparel, real estate",Diversified,,no-pic,2018
zhou_yifeng,Zhou Yifeng,Zhou,48.0,1978.0,Female,China,liquefied petroleum gas,Energy,,no-pic-female,2022
zhou_yifeng_1,Zhou Yifeng,Zhou,62.0,1964.0,Male,China,chemicals,Manufacturing,,no-pic,2018
zhou_yongli,Zhou Yongli,Zhou,74.0,1952.0,Male,China,conglomerate,Manufacturing,,no-pic,2020
zhou_yunjie,Zhou Yunjie,Zhou,70.0,1956.0,Male,China,packaging,Manufacturing,,,2017
zhou_zongwen,Zhou Zongwen,Zhou,69.0,1957.0,Male,China,Jewelry,Fashion & Retail,,no-pic,2026
zhu_baoguo,Zhu Baoguo,Zhu,64.0,1962.0,Male,China,Pharmaceuticals,Healthcare,,,2026
zhu_chongyun,Zhu Chongyun,Zhu,68.0,1958.0,Female,China,fashion retail,Fashion & Retail,,,2016
zhu_gongshan,Zhu Gongshan,Zhu,68.0,1958.0,Male,China,Solar panel materials,Manufacturing,,,2026
zhu_jiangming,Zhu Jiangming,Zhu,59.0,1967.0,Male,China,manufacturing,Manufacturing,,no-pic,2026
zhu_jiman,Zhu Jiman,Zhu,70.0,1956.0,Male,China,pharmaceuticals,Healthcare,,no-pic,2015
zhu_qingyi,Zhu Qingyi,Zhu,64.0,1962.0,Male,China,real estate,Real Estate,,no-pic,2016
zhu_tao,Zhu Tao,Zhu,55.0,1971.0,Male,China,pharmaceutical,Healthcare,,no-pic,2021
zhu_weisong,Zhu Weisong,Zhu,44.0,1982.0,Male,China,"Online games, toys",Media & Entertainment,,no-pic,2026
zhu_wenchen,Zhu Wenchen,Zhu,64.0,1962.0,Male,China,pharmaceuticals,Healthcare,,,2019
zhu_xingliang,Zhu Xingliang,Zhu,67.0,1959.0,Male,China,Construction,Construction & Engineering,,,2023
zhu_xingming,Zhu Xingming,Zhu,59.0,1967.0,Male,China,Electrical equipment,Manufacturing,,no-pic,2026
zhu_yan,Zhu Yan,Zhu,55.0,1971.0,Female,China,Real estate,Real Estate,,no-pic-female,2026
zhu_yi,Zhu Yi,Zhu,62.0,1964.0,Male,China,Pharmaceuticals,Healthcare,,no-pic,2026
zhu_yicai,Zhu Yicai,Zhu,70.0,1956.0,Male,China,"meat products, retailing",Diversified,,,2015
zhu_yiming,Zhu Yiming,Zhu,53.0,1973.0,Male,China,Semiconductors,Technology,,no-pic,2026
zhu_yiwen,Zhu Yiwen,Zhu,63.0,1963.0,Male,China,Healthcare,Healthcare,,no-pic,2024
zhu_zhaojiang,Zhu Zhaojiang,Zhu,52.0,1974.0,Male,China,Smartphones,Manufacturing,,no-pic,2026
zhuang_kuilong,Zhuang Kuilong,Zhuang,63.0,1963.0,Male,China,polyester,Manufacturing,,no-pic,2026
zhuang_min,Zhuang Min,Zhuang,64.0,1962.0,Male,China,surveillance equipment,Technology,,no-pic,2016
zhuo_jun_1,Zhuo Jun,Zhuo,60.0,1966.0,Female,Hong Kong,Printed circuit boards,Manufacturing,,no-pic-female,2026
zhusheng_he,He Zhusheng,He,91.0,1935.0,Male,China,Minerals,,,no-pic,2010
ziv_aviram,Ziv Aviram,Aviram,67.0,1959.0,Male,Israel,Automotive technology,Automotive,,,2026
ziyad_manasir,Ziyad Manasir,Manasir,68.0,1958.0,Male,Russia,construction,Construction & Engineering,,,2015
ziyavudin_magomedov,Ziyavudin Magomedov,Magomedov,62.0,1964.0,Male,Russia,"port, gas",Energy,,no-pic,2018
zong_fuli,Zong Fuli,Zong,44.0,1982.0,Female,China,Beverages,Food & Beverage,,no-pic-female,2026
zong_qinghou,Zong Qinghou,Zong,80.0,1946.0,Male,China,Beverages,Food & Beverage,"Chairman, Hangzhou Wahaha Group",,2023
zong_yanmin,Zong Yanmin,Zong,61.0,1965.0,Male,China,Semiconductor materials,Manufacturing,,no-pic,2025
zou_zhinong,Zou Zhinong,Zou,58.0,1968.0,Male,China,Telecom equipment,Manufacturing,,no-pic,2026
zsolt_felcsuti,Zsolt Felcsuti,Felcsuti,54.0,1972.0,Male,Hungary,Manufacturing,Manufacturing,,no-pic,2026
zugen_ni,Zugen Ni,Ni,69.0,1957.0,Male,China,Appliances,Manufacturing,,no-pic,2023
zuo_hui,Zuo Hui,Zuo,57.0,1969.0,Male,China,real estate services,Real Estate,,no-pic,2021
zuo_zongshen,Zuo Zongshen,Zuo,73.0,1953.0,Male,China,Motorcycle,Manufacturing,,no-pic,2026
zuowen_song,Zuowen Song,Song,79.0,1947.0,Male,China,"Aluminum, diversified",Diversified,,,2023
zygmunt_solorz,Zygmunt Solorz,Solorz,69.0,1957.0,Male,Poland,TV broadcasting,Media & Entertainment,,no-pic,2026
zygmunt_solorz_zak,Zygmunt Solorz-Zak,Solorz-Zak,69.0,1957.0,Male,Poland,TV broadcasting,Media & Entertainment,,,2023
